timestamp,solar_irradiance,wind_speed,temperature,cloud_cover,solar_kw,wind_kw,demand_kw,battery_soc_kwh,battery_soc_pct
2025-01-01 00:00:00,0.0,2.16,9.28,55.78,0.0,0.0,22.82146023339128,25.0,50.0
2025-01-01 01:00:00,0.0,2.17,8.68,60.96,0.0,0.0,22.507598923879886,15.0,30.0
2025-01-01 02:00:00,0.0,2.14,8.22,90.44,0.0,0.0,25.158055473235713,5.0,10.0
2025-01-01 03:00:00,0.0,2.02,8.01,98.48,0.0,0.0,27.27288009912544,0.0,0.0
2025-01-01 04:00:00,0.0,1.8,8.01,99.49,0.0,0.0,26.02966437841992,0.0,0.0
2025-01-01 05:00:00,0.0,1.61,8.01,99.54,0.0,0.0,26.702167179792962,0.0,0.0
2025-01-01 06:00:00,0.0,1.51,7.92,98.02,0.0,0.0,29.310154873455534,0.0,0.0
2025-01-01 07:00:00,42.95,1.3,8.91,99.55,6.872,0.0,38.38641538032698,0.0,0.0
2025-01-01 08:00:00,130.82,1.27,11.64,95.92,20.9312,0.0,43.27249485326162,0.0,0.0
2025-01-01 09:00:00,212.95,1.15,14.43,94.05,34.072,0.0,47.493918122402434,0.0,0.0
2025-01-01 10:00:00,281.73,1.0,18.34,92.11,45.076800000000006,0.0,56.962540606061836,0.0,0.0
2025-01-01 11:00:00,401.95,0.75,20.08,73.45,64.312,0.0,74.5199420556389,0.0,0.0
2025-01-01 12:00:00,493.65,0.46,21.3,54.0,78.984,0.0,72.16263952197995,6.82136047802004,13.64272095604008
2025-01-01 13:00:00,427.45,0.57,22.17,49.75,68.392,0.0,73.63198073238492,1.5813797456351182,3.162759491270237
2025-01-01 14:00:00,350.2,0.7,22.46,43.82,56.03200000000001,0.0,76.74209114957021,0.0,0.0
2025-01-01 15:00:00,226.27,0.76,21.79,37.83,36.2032,0.0,85.38770479970754,0.0,0.0
2025-01-01 16:00:00,85.68,0.77,19.94,27.78,13.708800000000004,0.0,75.50613008210988,0.0,0.0
2025-01-01 17:00:00,0.0,1.1,17.92,13.58,0.0,0.0,65.35624280806252,0.0,0.0
2025-01-01 18:00:00,0.0,1.55,16.45,4.52,0.0,0.0,60.86642132994944,0.0,0.0
2025-01-01 19:00:00,0.0,1.81,15.36,1.52,0.0,0.0,51.71597228528035,0.0,0.0
2025-01-01 20:00:00,0.0,2.03,14.14,1.01,0.0,0.0,42.94082979736301,0.0,0.0
2025-01-01 21:00:00,0.0,2.1,13.2,15.05,0.0,0.0,33.92918111377994,0.0,0.0
2025-01-01 22:00:00,0.0,1.99,12.62,83.42,0.0,0.0,29.60861654211991,0.0,0.0
2025-01-01 23:00:00,0.0,1.84,12.15,77.89,0.0,0.0,27.681605316804834,0.0,0.0
2025-01-02 00:00:00,0.0,1.67,11.73,58.4,0.0,0.0,23.628145606680082,0.0,0.0
2025-01-02 01:00:00,0.0,1.45,11.41,60.15,0.0,0.0,22.040891445061956,0.0,0.0
2025-01-02 02:00:00,0.0,1.28,11.59,87.63,0.0,0.0,24.29098024419187,0.0,0.0
2025-01-02 03:00:00,0.0,1.12,11.49,94.87,0.0,0.0,28.059223584666057,0.0,0.0
2025-01-02 04:00:00,0.0,0.98,11.36,91.6,0.0,0.0,27.237187139222264,0.0,0.0
2025-01-02 05:00:00,0.0,0.89,11.21,82.81,0.0,0.0,27.178230366491746,0.0,0.0
2025-01-02 06:00:00,0.0,0.9,10.99,67.93,0.0,0.0,34.10957769836131,0.0,0.0
2025-01-02 07:00:00,77.45,1.0,11.36,57.9,12.392,0.0,32.296141161654326,0.0,0.0
2025-01-02 08:00:00,239.12,1.18,13.07,50.06,38.2592,0.0,48.417682835069385,0.0,0.0
2025-01-02 09:00:00,395.35,1.03,14.67,40.38,63.25600000000001,0.0,47.18391854484763,10.0,20.0
2025-01-02 10:00:00,518.17,1.32,17.67,31.41,82.90719999999999,0.0,56.738257326196255,20.0,40.0
2025-01-02 11:00:00,657.0,1.57,20.04,11.95,105.12,0.0,64.63521114826013,30.0,60.0
2025-01-02 12:00:00,670.28,1.6,21.25,14.43,107.2448,0.0,68.50990890468395,40.0,80.0
2025-01-02 13:00:00,596.4,1.49,21.78,11.12,95.424,0.0,84.36435471610785,50.0,100.0
2025-01-02 14:00:00,454.42,1.29,21.99,29.58,72.7072,0.0,81.83090887725697,40.87629112274303,81.75258224548605
2025-01-02 15:00:00,278.38,0.94,21.6,48.26,44.5408,0.0,76.95646411224178,30.876291122743027,61.75258224548605
2025-01-02 16:00:00,98.05,0.58,20.13,68.06,15.688,0.0,74.78066775615936,20.876291122743027,41.75258224548605
2025-01-02 17:00:00,0.0,0.81,18.67,91.89,0.0,0.0,59.87514230428044,10.876291122743027,21.752582245486053
2025-01-02 18:00:00,0.0,1.65,16.96,85.5,0.0,0.0,63.12081082355623,0.8762911227430266,1.7525822454860531
2025-01-02 19:00:00,0.0,2.24,15.49,90.92,0.0,0.0,47.788059985873595,0.0,0.0
2025-01-02 20:00:00,0.0,2.57,14.31,83.54,0.0,0.0,45.18378776363776,0.0,0.0
2025-01-02 21:00:00,0.0,2.68,13.49,58.62,0.0,0.0,36.41443982958519,0.0,0.0
2025-01-02 22:00:00,0.0,2.67,12.93,28.56,0.0,0.0,30.224570278126194,0.0,0.0
2025-01-02 23:00:00,0.0,2.6,12.43,8.31,0.0,0.0,28.737781684199888,0.0,0.0
2025-01-03 00:00:00,0.0,2.56,11.8,13.0,0.0,0.0,25.700840558113317,0.0,0.0
2025-01-03 01:00:00,0.0,2.6,10.98,14.87,0.0,0.0,23.75136977658426,0.0,0.0
2025-01-03 02:00:00,0.0,2.59,10.24,6.53,0.0,0.0,25.435777152960682,0.0,0.0
2025-01-03 03:00:00,0.0,2.55,9.58,16.68,0.0,0.0,27.57195205933791,0.0,0.0
2025-01-03 04:00:00,0.0,2.41,9.21,12.57,0.0,0.0,28.24230540930139,0.0,0.0
2025-01-03 05:00:00,0.0,2.21,9.13,27.11,0.0,0.0,27.850710629433824,0.0,0.0
2025-01-03 06:00:00,0.0,1.97,9.32,27.39,0.0,0.0,32.59181746067596,0.0,0.0
2025-01-03 07:00:00,85.1,1.66,10.82,27.07,13.616,0.0,35.145238783026876,0.0,0.0
2025-01-03 08:00:00,258.1,1.77,14.07,27.07,41.296,0.0,40.21409780546472,1.0819021945352816,2.163804389070563
2025-01-03 09:00:00,421.2,1.51,16.39,26.2,67.392,0.0,51.23430479146671,11.081902194535282,22.163804389070563
2025-01-03 10:00:00,556.05,1.83,19.66,25.31,88.96799999999999,0.0,55.89251539304914,21.08190219453528,42.16380438907056
2025-01-03 11:00:00,682.72,2.24,22.49,8.69,109.23520000000002,0.0,64.70953708560326,31.08190219453528,62.16380438907056
2025-01-03 12:00:00,687.97,2.25,24.3,18.12,110.07520000000002,0.0,77.2274613331077,41.08190219453528,82.16380438907056
2025-01-03 13:00:00,625.85,2.18,25.26,3.74,100.136,0.0,70.84555687926893,50.0,100.0
2025-01-03 14:00:00,494.2,1.83,25.15,4.68,79.072,0.0,84.035552393633,45.036447606367005,90.07289521273401
2025-01-03 15:00:00,311.6,1.19,24.31,5.93,49.85600000000001,0.0,84.65697045363466,35.036447606367005,70.07289521273401
2025-01-03 16:00:00,115.22,0.96,21.87,6.95,18.4352,0.0,73.99101735138476,25.036447606367005,50.07289521273401
2025-01-03 17:00:00,0.0,1.55,19.39,7.48,0.0,0.0,65.30265722727185,15.036447606367005,30.072895212734014
2025-01-03 18:00:00,0.0,2.11,17.9,8.41,0.0,0.0,57.41475166573702,5.036447606367005,10.07289521273401
2025-01-03 19:00:00,0.0,2.45,16.48,9.34,0.0,0.0,49.630248295858934,0.0,0.0
2025-01-03 20:00:00,0.0,2.56,15.46,10.27,0.0,0.0,40.1165402686857,0.0,0.0
2025-01-03 21:00:00,0.0,2.53,14.78,11.2,0.0,0.0,36.38568372979516,0.0,0.0
2025-01-03 22:00:00,0.0,2.47,14.19,12.14,0.0,0.0,31.292476797773034,0.0,0.0
2025-01-03 23:00:00,0.0,2.32,13.75,13.07,0.0,0.0,30.15166399088211,0.0,0.0
2025-01-04 00:00:00,0.0,2.25,13.15,13.99,0.0,0.0,15.615747083173012,0.0,0.0
2025-01-04 01:00:00,0.0,2.23,12.45,14.21,0.0,0.0,14.714667651427096,0.0,0.0
2025-01-04 02:00:00,0.0,2.27,11.64,14.42,0.0,0.0,15.292805578015457,0.0,0.0
2025-01-04 03:00:00,0.0,2.4,10.77,12.99,0.0,0.0,15.869988002999621,0.0,0.0
2025-01-04 04:00:00,0.0,2.52,10.05,11.55,0.0,0.0,15.558595317840952,0.0,0.0
2025-01-04 05:00:00,0.0,2.66,9.43,10.11,0.0,0.0,15.626237077698612,0.0,0.0
2025-01-04 06:00:00,0.0,2.79,8.88,8.67,0.0,0.0,19.922756523163613,0.0,0.0
2025-01-04 07:00:00,93.62,2.58,10.61,6.69,14.9792,0.0,20.9389772831932,0.0,0.0
2025-01-04 08:00:00,291.33,3.35,14.25,5.34,46.6128,0.8702633101851853,25.98522325772113,10.0,20.0
2025-01-04 09:00:00,475.62,2.61,17.14,4.34,76.0992,0.0,31.14343528902918,20.0,40.0
2025-01-04 10:00:00,613.08,3.25,20.94,2.9,98.0928,0.7946325231481481,38.56564585688314,30.0,60.0
2025-01-04 11:00:00,685.97,3.81,23.99,1.46,109.75520000000002,1.2802393750000003,38.90260428682746,40.0,80.0
2025-01-04 12:00:00,692.47,3.87,26.15,0.02,110.7952,1.3416806250000002,47.02165237308953,50.0,100.0
2025-01-04 13:00:00,627.8,3.58,27.02,0.0,100.448,1.0620998148148149,46.4987382443858,50.0,100.0
2025-01-04 14:00:00,496.95,3.3,26.84,0.46,79.512,0.8318749999999999,52.28978139803443,50.0,100.0
2025-01-04 15:00:00,314.83,2.71,25.54,0.92,50.372800000000005,0.0,49.02132086394445,50.0,100.0
2025-01-04 16:00:00,118.0,2.46,21.06,1.38,18.88,0.0,43.8727267475552,40.0,80.0
2025-01-04 17:00:00,0.0,3.2,17.09,1.84,0.0,0.7585185185185186,41.03173063754076,30.0,60.0
2025-01-04 18:00:00,0.0,3.42,15.64,2.3,0.0,0.9259649999999998,37.38821582655039,20.0,40.0
2025-01-04 19:00:00,0.0,3.49,14.57,2.76,0.0,0.9839941898148152,28.6920463895517,10.0,20.0
2025-01-04 20:00:00,0.0,3.52,13.71,3.21,0.0,1.009588148148148,25.240914773348866,0.0,0.0
2025-01-04 21:00:00,0.0,3.52,12.99,3.67,0.0,1.009588148148148,22.469159269193955,0.0,0.0
2025-01-04 22:00:00,0.0,3.41,12.24,4.13,0.0,0.917866226851852,20.086252527153142,0.0,0.0
2025-01-04 23:00:00,0.0,3.25,11.45,4.59,0.0,0.7946325231481481,17.39676317641048,0.0,0.0
2025-01-05 00:00:00,0.0,3.07,10.7,5.05,0.0,0.669778773148148,15.006219550891599,0.0,0.0
2025-01-05 01:00:00,0.0,2.92,10.08,5.51,0.0,0.0,15.713568289775806,0.0,0.0
2025-01-05 02:00:00,0.0,2.79,9.59,5.97,0.0,0.0,15.295646374468829,0.0,0.0
2025-01-05 03:00:00,0.0,2.7,9.2,3.52,0.0,0.0,14.340353039819592,0.0,0.0
2025-01-05 04:00:00,0.0,2.74,8.78,4.52,0.0,0.0,15.470045048780037,0.0,0.0
2025-01-05 05:00:00,0.0,2.89,8.35,12.05,0.0,0.0,17.920590549491227,0.0,0.0
2025-01-05 06:00:00,0.0,3.03,8.0,13.57,0.0,0.6439381249999998,19.365102548899237,0.0,0.0
2025-01-05 07:00:00,75.62,3.55,10.17,23.03,12.099200000000002,1.0356221064814817,19.909998762745875,0.0,0.0
2025-01-05 08:00:00,230.85,4.04,12.8,29.04,36.936,1.526371851851852,24.874419158217922,10.0,20.0
2025-01-05 09:00:00,375.77,3.46,16.04,32.26,60.1232,0.9588364814814814,29.44911600781173,20.0,40.0
2025-01-05 10:00:00,483.08,4.29,19.68,35.67,77.2928,1.8276293750000003,34.50270003177947,30.0,60.0
2025-01-05 11:00:00,532.83,4.65,22.48,33.82,85.25280000000001,2.3274218750000006,41.50203450272845,40.0,80.0
2025-01-05 12:00:00,583.1,5.11,24.63,29.09,93.29600000000002,3.088722939814815,42.72823945542892,50.0,100.0
2025-01-05 13:00:00,578.62,4.92,25.29,2.93,92.5792,2.75684,41.88538430696068,50.0,100.0
2025-01-05 14:00:00,453.5,4.33,25.06,2.77,72.56,1.879230023148148,46.02872000790471,50.0,100.0
2025-01-05 15:00:00,283.1,3.03,24.02,2.62,45.29600000000001,0.6439381249999998,50.967864638977865,44.97207348602214,89.94414697204428
2025-01-05 16:00:00,104.62,1.96,20.91,2.47,16.7392,0.0,46.1914674830087,34.97207348602214,69.94414697204428
2025-01-05 17:00:00,0.0,2.19,18.67,2.32,0.0,0.0,38.06804216169087,24.97207348602214,49.94414697204428
2025-01-05 18:00:00,0.0,2.52,17.35,2.16,0.0,0.0,33.17371237504907,14.97207348602214,29.944146972044276
2025-01-05 19:00:00,0.0,2.76,16.27,2.01,0.0,0.0,31.88639048216337,4.97207348602214,9.94414697204428
2025-01-05 20:00:00,0.0,2.65,15.63,2.85,0.0,0.0,25.32841292808828,0.0,0.0
2025-01-05 21:00:00,0.0,2.24,14.93,3.69,0.0,0.0,22.08809137200737,0.0,0.0
2025-01-05 22:00:00,0.0,1.6,13.85,4.52,0.0,0.0,20.502619835986582,0.0,0.0
2025-01-05 23:00:00,0.0,1.09,12.33,18.44,0.0,0.0,17.195960812403467,0.0,0.0
2025-01-06 00:00:00,0.0,1.0,11.23,22.43,0.0,0.0,23.78747587645828,0.0,0.0
2025-01-06 01:00:00,0.0,1.53,10.52,19.46,0.0,0.0,23.728012683350123,0.0,0.0
2025-01-06 02:00:00,0.0,2.21,9.71,15.01,0.0,0.0,22.76182602131189,0.0,0.0
2025-01-06 03:00:00,0.0,2.64,9.2,24.05,0.0,0.0,23.976743001579244,0.0,0.0
2025-01-06 04:00:00,0.0,2.79,8.89,26.05,0.0,0.0,26.3456810678796,0.0,0.0
2025-01-06 05:00:00,0.0,2.84,8.64,43.11,0.0,0.0,28.23424840485904,0.0,0.0
2025-01-06 06:00:00,0.0,2.83,8.42,49.17,0.0,0.0,31.365854920061707,0.0,0.0
2025-01-06 07:00:00,61.7,2.81,10.32,48.57,9.872000000000002,0.0,38.22530475633577,0.0,0.0
2025-01-06 08:00:00,199.35,3.2,13.0,45.07,31.896,0.7585185185185186,44.598002822355184,0.0,0.0
2025-01-06 09:00:00,340.4,2.55,16.43,41.63,54.464,0.0,45.26439194352307,9.199608056476926,18.39921611295385
2025-01-06 10:00:00,452.15,2.41,19.5,38.29,72.344,0.0,59.72993199604421,19.199608056476926,38.39921611295385
2025-01-06 11:00:00,480.6,1.62,20.97,31.92,76.89600000000002,0.0,64.22073998990362,29.199608056476926,58.39921611295386
2025-01-06 12:00:00,514.1,1.15,21.87,31.34,82.256,0.0,71.63184495440399,39.199608056476926,78.39921611295385
2025-01-06 13:00:00,478.75,1.5,22.35,26.15,76.60000000000001,0.0,75.30167143925652,40.49793661722041,80.99587323444082
2025-01-06 14:00:00,365.42,2.19,22.22,25.38,58.467200000000005,0.0,80.36879414719495,30.49793661722041,60.99587323444082
2025-01-06 15:00:00,222.35,2.85,21.41,23.02,35.576,0.0,77.84241806106878,20.49793661722041,40.99587323444082
2025-01-06 16:00:00,83.35,2.5,18.34,16.8,13.336,0.0,73.47436349332,10.497936617220411,20.995873234440822
2025-01-06 17:00:00,0.0,3.25,15.1,13.91,0.0,0.7946325231481481,68.33295829849835,0.49793661722041094,0.9958732344408219
2025-01-06 18:00:00,0.0,3.82,13.98,11.11,0.0,1.2903464814814811,59.51675150906908,0.0,0.0
2025-01-06 19:00:00,0.0,4.1,13.04,8.32,0.0,1.595393518518518,51.445795636218655,0.0,0.0
2025-01-06 20:00:00,0.0,4.35,12.14,5.46,0.0,1.9053906249999997,44.95173884893534,0.0,0.0
2025-01-06 21:00:00,0.0,4.43,11.34,18.01,0.0,2.0124608101851846,38.836372842622225,0.0,0.0
2025-01-06 22:00:00,0.0,4.13,10.5,22.03,0.0,1.630671226851852,32.44273568831249,0.0,0.0
2025-01-06 23:00:00,0.0,3.79,9.71,21.04,0.0,1.2601837731481482,26.70536483992654,0.0,0.0
2025-01-07 00:00:00,0.0,3.64,9.07,16.52,0.0,1.1164014814814818,22.597798571157085,0.0,0.0
2025-01-07 01:00:00,0.0,3.53,8.45,19.11,0.0,1.018217060185185,24.079863840623844,0.0,0.0
2025-01-07 02:00:00,0.0,3.43,7.83,10.48,0.0,0.9341112731481482,25.02568286992824,0.0,0.0
2025-01-07 03:00:00,0.0,3.36,7.24,8.46,0.0,0.8780799999999999,23.35455767764434,0.0,0.0
2025-01-07 04:00:00,0.0,3.28,6.68,6.45,0.0,0.8168414814814813,29.033905048364133,0.0,0.0
2025-01-07 05:00:00,0.0,3.22,6.19,14.52,0.0,0.772829814814815,27.375299419365984,0.0,0.0
2025-01-07 06:00:00,0.0,3.19,5.77,28.58,0.0,0.7514296064814816,30.258615616459508,0.0,0.0
2025-01-07 07:00:00,69.8,2.88,7.73,33.5,11.168,0.0,38.07533399734201,0.0,0.0
2025-01-07 08:00:00,228.15,3.78,11.17,35.52,36.504000000000005,1.2502349999999998,42.155571243231364,0.0,0.0
2025-01-07 09:00:00,382.48,3.03,14.04,38.44,61.19680000000001,0.6439381249999998,53.05004212615016,8.790695998849849,17.581391997699697
2025-01-07 10:00:00,506.05,3.61,16.89,40.49,80.968,1.089025023148148,57.546654299078824,18.79069599884985,37.5813919976997
2025-01-07 11:00:00,634.12,3.48,18.25,18.27,101.4592,0.97556,63.37580263671705,28.79069599884985,57.5813919976997
2025-01-07 12:00:00,683.25,3.45,19.25,0.0,109.32,0.9505468750000002,76.41802577397537,38.79069599884985,77.5813919976997
2025-01-07 13:00:00,616.53,3.66,19.77,2.01,98.64480000000002,1.134905,79.3863280204404,48.79069599884985,97.5813919976997
2025-01-07 14:00:00,486.73,3.74,19.75,1.63,77.8768,1.2109635185185188,83.1451074132089,44.73335210415947,89.46670420831894
2025-01-07 15:00:00,305.92,3.56,18.96,1.26,48.94720000000001,1.0443985185185187,75.8461444172763,34.73335210415947,69.46670420831894
2025-01-07 16:00:00,118.38,2.47,15.54,0.88,18.9408,0.0,79.03595326720499,24.733352104159472,49.466704208318944
2025-01-07 17:00:00,0.0,3.02,12.05,0.5,0.0,0.6375835185185185,75.54634472081543,14.733352104159472,29.466704208318944
2025-01-07 18:00:00,0.0,3.16,10.79,0.5,0.0,0.7304281481481483,63.427948518027556,4.733352104159472,9.466704208318944
2025-01-07 19:00:00,0.0,3.12,9.81,0.5,0.0,0.7030400000000001,49.751176488891765,0.0,0.0
2025-01-07 20:00:00,0.0,3.14,8.96,0.5,0.0,0.716646851851852,43.396887606573785,0.0,0.0
2025-01-07 21:00:00,0.0,3.26,8.18,0.46,0.0,0.8019901851851851,37.01475386558469,0.0,0.0
2025-01-07 22:00:00,0.0,3.35,7.55,0.41,0.0,0.8702633101851853,29.923384372757717,0.0,0.0
2025-01-07 23:00:00,0.0,3.25,7.11,0.36,0.0,0.7946325231481481,28.960509515115668,0.0,0.0
2025-01-08 00:00:00,0.0,2.95,6.98,0.32,0.0,0.0,25.33789950858927,0.0,0.0
2025-01-08 01:00:00,0.0,2.68,7.03,0.27,0.0,0.0,23.74283613320527,0.0,0.0
2025-01-08 02:00:00,0.0,2.69,6.68,0.33,0.0,0.0,27.23772817488926,0.0,0.0
2025-01-08 03:00:00,0.0,2.92,5.96,0.39,0.0,0.0,24.456085761031726,0.0,0.0
2025-01-08 04:00:00,0.0,3.08,5.42,0.44,0.0,0.6763451851851853,27.40182649294206,0.0,0.0
2025-01-08 05:00:00,0.0,3.13,5.05,0.5,0.0,0.7098216898148147,31.328136347687863,0.0,0.0
2025-01-08 06:00:00,0.0,3.14,4.77,0.43,0.0,0.716646851851852,31.367258057623882,0.0,0.0
2025-01-08 07:00:00,87.38,2.85,6.81,0.36,13.9808,0.0,38.25897007960351,0.0,0.0
2025-01-08 08:00:00,282.25,3.65,11.3,0.29,45.16,1.1256278935185184,43.23775233979044,3.047875553728076,6.095751107456152
2025-01-08 09:00:00,469.65,2.84,14.3,0.22,75.14399999999999,0.0,51.73484465697171,13.047875553728076,26.09575110745615
2025-01-08 10:00:00,610.33,3.56,18.55,0.14,97.6528,1.0443985185185187,57.117288764106966,23.047875553728076,46.09575110745615
2025-01-08 11:00:00,701.25,4.02,20.85,0.07,112.2,1.5038149999999997,61.73107649057415,33.047875553728076,66.09575110745615
2025-01-08 12:00:00,707.8,4.13,22.01,0.0,113.248,1.630671226851852,68.49151290019502,43.047875553728076,86.09575110745615
2025-01-08 13:00:00,643.22,4.14,22.58,0.4,102.9152,1.6425449999999997,78.9385189868979,50.0,100.0
2025-01-08 14:00:00,513.25,3.91,22.44,0.81,82.12,1.3837146064814818,76.06541632385708,50.0,100.0
2025-01-08 15:00:00,331.05,2.98,21.38,1.21,52.96800000000001,0.0,73.9176501853488,40.0,80.0
2025-01-08 16:00:00,133.9,2.04,17.81,1.62,21.424000000000007,0.0,66.23127803832793,30.0,60.0
2025-01-08 17:00:00,0.0,1.93,16.11,2.02,0.0,0.0,60.982826987821404,20.0,40.0
2025-01-08 18:00:00,0.0,1.5,15.72,1.01,0.0,0.0,56.826037826212385,10.0,20.0
2025-01-08 19:00:00,0.0,1.07,15.7,1.51,0.0,0.0,47.47647659880529,0.0,0.0
2025-01-08 20:00:00,0.0,0.87,15.48,1.01,0.0,0.0,39.25617851108612,0.0,0.0
2025-01-08 21:00:00,0.0,0.74,14.86,1.01,0.0,0.0,32.96341600401669,0.0,0.0
2025-01-08 22:00:00,0.0,0.6,14.25,2.01,0.0,0.0,32.58438366709563,0.0,0.0
2025-01-08 23:00:00,0.0,0.5,13.65,0.5,0.0,0.0,30.74972849659607,0.0,0.0
2025-01-09 00:00:00,0.0,0.53,12.88,1.51,0.0,0.0,22.810943222491456,0.0,0.0
2025-01-09 01:00:00,0.0,0.64,12.08,2.66,0.0,0.0,23.030566794394936,0.0,0.0
2025-01-09 02:00:00,0.0,0.8,11.46,0.5,0.0,0.0,26.229097196648112,0.0,0.0
2025-01-09 03:00:00,0.0,1.04,10.98,1.01,0.0,0.0,25.205489459632535,0.0,0.0
2025-01-09 04:00:00,0.0,1.25,10.32,1.01,0.0,0.0,25.872497677568386,0.0,0.0
2025-01-09 05:00:00,0.0,1.44,9.73,1.01,0.0,0.0,27.870125498922093,0.0,0.0
2025-01-09 06:00:00,0.0,1.64,8.87,0.92,0.0,0.0,31.938493175537914,0.0,0.0
2025-01-09 07:00:00,93.75,1.8,9.39,0.84,15.0,0.0,38.0289923904211,0.0,0.0
2025-01-09 08:00:00,296.05,2.36,12.59,0.75,47.36800000000001,0.0,42.49873503677975,4.86926496322026,9.73852992644052
2025-01-09 09:00:00,482.85,2.38,15.28,0.67,77.256,0.0,51.32142263453673,14.86926496322026,29.73852992644052
2025-01-09 10:00:00,621.4,3.02,19.04,0.59,99.424,0.6375835185185185,58.42523976782486,24.86926496322026,49.73852992644052
2025-01-09 11:00:00,692.25,2.93,21.59,0.5,110.76000000000002,0.0,67.55864372810653,34.86926496322026,69.73852992644052
2025-01-09 12:00:00,698.67,2.59,22.71,0.03,111.7872,0.0,70.75512043448276,44.86926496322026,89.73852992644052
2025-01-09 13:00:00,634.5,2.24,23.16,0.0,101.52,0.0,74.06690054472516,50.0,100.0
2025-01-09 14:00:00,504.33,1.88,22.99,0.27,80.69279999999999,0.0,81.64492741523003,49.04787258476996,98.09574516953992
2025-01-09 15:00:00,323.38,1.6,22.09,0.55,51.74080000000001,0.0,78.69617252016502,39.04787258476996,78.09574516953992
2025-01-09 16:00:00,120.82,1.65,19.0,0.82,19.3312,0.0,70.60620938707696,29.047872584769962,58.095745169539924
2025-01-09 17:00:00,3.97,2.28,15.89,1.1,0.6352000000000001,0.0,71.73596036270321,19.047872584769962,38.095745169539924
2025-01-09 18:00:00,0.0,2.69,14.14,1.37,0.0,0.0,51.11833652567213,9.047872584769962,18.095745169539924
2025-01-09 19:00:00,0.0,3.0,12.72,1.65,0.0,0.625,53.16604656171574,0.0,0.0
2025-01-09 20:00:00,0.0,3.22,11.57,1.92,0.0,0.772829814814815,40.48456555497369,0.0,0.0
2025-01-09 21:00:00,0.0,3.4,10.64,2.2,0.0,0.9098148148148146,35.66749303630067,0.0,0.0
2025-01-09 22:00:00,0.0,3.54,9.86,2.47,0.0,1.026895,33.307896636890746,0.0,0.0
2025-01-09 23:00:00,0.0,3.59,9.16,2.75,0.0,1.0710249768518516,29.070855740979503,0.0,0.0
2025-01-10 00:00:00,0.0,3.56,8.49,3.02,0.0,1.0443985185185187,24.329295258779727,0.0,0.0
2025-01-10 01:00:00,0.0,3.47,7.82,3.29,0.0,0.9671741435185188,24.645652117845707,0.0,0.0
2025-01-10 02:00:00,0.0,3.39,7.19,3.57,0.0,0.9018106250000002,24.273515304574573,0.0,0.0
2025-01-10 03:00:00,0.0,3.35,6.64,3.25,0.0,0.8702633101851853,23.10059704918874,0.0,0.0
2025-01-10 04:00:00,0.0,3.32,6.18,2.93,0.0,0.8470918518518518,25.560466709449127,0.0,0.0
2025-01-10 05:00:00,0.0,3.31,5.79,2.61,0.0,0.8394604398148148,27.951989442089403,0.0,0.0
2025-01-10 06:00:00,0.0,3.31,5.49,2.29,0.0,0.8394604398148148,29.884675204486715,0.0,0.0
2025-01-10 07:00:00,88.85,3.7,7.82,1.97,14.216,1.1725231481481482,30.574749818433904,0.0,0.0
2025-01-10 08:00:00,285.62,4.29,10.82,1.65,45.6992,1.8276293750000003,38.32277745635505,9.20405191864495,18.4081038372899
2025-01-10 09:00:00,470.2,4.27,14.37,1.33,75.23200000000001,1.802187106481481,44.034566823618256,19.20405191864495,38.4081038372899
2025-01-10 10:00:00,606.95,5.63,18.14,1.01,97.11200000000002,4.130869143518518,57.48927121896265,29.20405191864495,58.40810383728991
2025-01-10 11:00:00,670.4,5.78,20.7,1.01,107.264,4.4699201851851855,63.61442502058384,39.20405191864495,78.4081038372899
2025-01-10 12:00:00,676.97,5.31,22.06,0.5,108.3152,3.465770625,71.01743023370952,49.20405191864495,98.4081038372899
2025-01-10 13:00:00,611.4,4.86,22.66,0.0,97.824,2.6572050000000003,77.1071347344355,50.0,100.0
2025-01-10 14:00:00,479.65,4.34,22.54,0.14,76.744,1.8922801851851847,81.43781919887019,47.198460986315,94.39692197263
2025-01-10 15:00:00,298.73,3.56,21.58,0.29,47.796800000000005,1.0443985185185187,80.39220284611478,37.198460986315,74.39692197263
2025-01-10 16:00:00,107.05,2.47,17.8,0.43,17.128,0.0,68.31259124292674,27.198460986315,54.39692197263
2025-01-10 17:00:00,3.8,3.13,14.3,0.57,0.6080000000000001,0.7098216898148147,61.46977213928412,17.198460986315,34.39692197263
2025-01-10 18:00:00,0.0,3.57,13.13,0.72,0.0,1.053224375,59.01236600458101,7.198460986314998,14.396921972629997
2025-01-10 19:00:00,0.0,3.88,12.53,0.86,0.0,1.352108148148148,52.723841240909316,0.0,0.0
2025-01-10 20:00:00,0.0,4.31,12.06,1.01,0.0,1.8533099768518515,40.91470169980666,0.0,0.0
2025-01-10 21:00:00,0.0,4.82,11.44,1.01,0.0,2.5921335185185197,39.72541776878998,0.0,0.0
2025-01-10 22:00:00,0.0,4.91,10.54,0.5,0.0,2.7400641435185187,31.83770898002777,0.0,0.0
2025-01-10 23:00:00,0.0,4.48,9.5,4.04,0.0,2.0813748148148155,27.164926735764123,0.0,0.0
2025-01-11 00:00:00,0.0,4.05,8.6,9.9,0.0,1.5377343749999997,13.876942768363797,0.0,0.0
2025-01-11 01:00:00,0.0,3.71,7.88,20.41,0.0,1.182055810185185,14.5886392083133,0.0,0.0
2025-01-11 02:00:00,0.0,3.42,7.32,28.67,0.0,0.9259649999999998,13.82485566545785,0.0,0.0
2025-01-11 03:00:00,0.0,3.22,6.83,7.0,0.0,0.772829814814815,14.925243181035832,0.0,0.0
2025-01-11 04:00:00,0.0,3.23,6.49,23.04,0.0,0.7800524768518519,14.112395372590752,0.0,0.0
2025-01-11 05:00:00,0.0,3.39,6.26,52.16,0.0,0.9018106250000002,18.722920511608187,0.0,0.0
2025-01-11 06:00:00,0.0,3.51,6.11,71.89,0.0,1.0010081249999998,19.324716440970914,0.0,0.0
2025-01-11 07:00:00,32.28,4.24,7.42,78.86,5.1648000000000005,1.7644681481481483,20.47409581172968,0.0,0.0
2025-01-11 08:00:00,104.4,3.02,9.04,80.05,16.704000000000004,0.6375835185185185,25.564706906689082,0.0,0.0
2025-01-11 09:00:00,155.88,2.23,11.42,82.5,24.9408,0.0,28.81666965862696,0.0,0.0
2025-01-11 10:00:00,207.75,1.52,13.3,83.15,33.24,0.0,34.57304139030304,0.0,0.0
2025-01-11 11:00:00,301.8,0.88,15.37,70.86,48.288,0.0,39.92942941778918,8.358570582210817,16.717141164421633
2025-01-11 12:00:00,315.7,0.83,17.13,84.04,50.512,0.0,44.17660856270875,14.693962019502067,29.387924039004133
2025-01-11 13:00:00,243.55,1.33,17.8,83.87,38.968,0.0,44.591479134796245,9.070482884705825,18.14096576941165
2025-01-11 14:00:00,166.35,1.19,17.78,81.65,26.616,0.0,46.31331287461534,0.0,0.0
2025-01-11 15:00:00,108.12,0.72,17.31,71.64,17.299200000000003,0.0,50.88832721607071,0.0,0.0
2025-01-11 16:00:00,42.12,1.0,15.76,60.47,6.7392,0.0,42.79798338688841,0.0,0.0
2025-01-11 17:00:00,2.4,2.02,13.51,44.53,0.384,0.0,39.56132054480961,0.0,0.0
2025-01-11 18:00:00,0.0,2.58,12.63,29.34,0.0,0.0,34.155505721643316,0.0,0.0
2025-01-11 19:00:00,0.0,2.75,12.31,18.44,0.0,0.0,30.8545136975652,0.0,0.0
2025-01-11 20:00:00,0.0,2.75,11.91,19.53,0.0,0.0,23.51153295679204,0.0,0.0
2025-01-11 21:00:00,0.0,2.65,11.43,24.07,0.0,0.0,20.420945336388446,0.0,0.0
2025-01-11 22:00:00,0.0,2.58,10.65,48.66,0.0,0.0,18.292088663506284,0.0,0.0
2025-01-11 23:00:00,0.0,2.45,10.03,79.32,0.0,0.0,17.491327663324203,0.0,0.0
2025-01-12 00:00:00,0.0,2.28,9.58,96.42,0.0,0.0,13.733944528405276,0.0,0.0
2025-01-12 01:00:00,0.0,2.04,9.25,99.87,0.0,0.0,13.426981101081198,0.0,0.0
2025-01-12 02:00:00,0.0,1.73,9.21,99.95,0.0,0.0,14.460530026575546,0.0,0.0
2025-01-12 03:00:00,0.0,1.49,9.07,99.97,0.0,0.0,16.06228763053787,0.0,0.0
2025-01-12 04:00:00,0.0,1.25,8.95,99.98,0.0,0.0,15.678266375942247,0.0,0.0
2025-01-12 05:00:00,0.0,1.12,8.73,99.99,0.0,0.0,17.73130653044371,0.0,0.0
2025-01-12 06:00:00,0.0,1.06,8.32,100.0,0.0,0.0,19.006305988930702,0.0,0.0
2025-01-12 07:00:00,22.35,1.0,9.13,97.49,3.5760000000000005,0.0,20.429071499185227,0.0,0.0
2025-01-12 08:00:00,86.95,1.21,10.96,96.2,13.912,0.0,25.251077693569137,0.0,0.0
2025-01-12 09:00:00,150.62,0.46,14.12,94.0,24.099200000000003,0.0,25.578306721518917,0.0,0.0
2025-01-12 10:00:00,219.77,1.38,18.27,90.47,35.16320000000001,0.0,31.333733912652246,3.8294660873477646,7.658932174695529
2025-01-12 11:00:00,319.08,2.19,19.74,88.6,51.0528,0.0,40.895768490872925,13.829466087347765,27.65893217469553
2025-01-12 12:00:00,341.35,2.87,20.37,75.82,54.616000000000014,0.0,45.291458425230104,23.154007662117674,46.30801532423535
2025-01-12 13:00:00,383.98,3.38,20.47,68.68,61.436800000000005,0.8938535185185186,45.3120124868585,33.15400766211768,66.30801532423536
2025-01-12 14:00:00,332.98,3.67,19.99,49.48,53.27680000000001,1.1442329398148148,51.30233360380151,36.27270699813099,72.54541399626198
2025-01-12 15:00:00,225.73,3.85,18.97,43.88,36.116800000000005,1.3209866898148148,50.83703689165581,26.272706998130992,52.54541399626198
2025-01-12 16:00:00,92.07,2.76,16.13,35.04,14.7312,0.0,41.970212182454866,16.272706998130992,32.545413996261985
2025-01-12 17:00:00,4.22,3.18,12.77,22.68,0.6752,0.7443850000000002,42.055677611382116,6.272706998130992,12.545413996261983
2025-01-12 18:00:00,0.0,3.53,11.78,15.09,0.0,1.018217060185185,36.0049642027307,0.0,0.0
2025-01-12 19:00:00,0.0,3.86,10.94,5.55,0.0,1.3313068518518518,26.82811425281132,0.0,0.0
2025-01-12 20:00:00,0.0,3.92,10.06,3.02,0.0,1.3943585185185183,25.311255200351326,0.0,0.0
2025-01-12 21:00:00,0.0,3.54,9.16,12.59,0.0,1.026895,22.08543526854844,0.0,0.0
2025-01-12 22:00:00,0.0,3.17,8.35,21.64,0.0,0.7373845601851852,19.85936377012244,0.0,0.0
2025-01-12 23:00:00,0.0,2.93,7.65,15.61,0.0,0.0,18.295242164566808,0.0,0.0
2025-01-13 00:00:00,0.0,2.82,7.07,18.6,0.0,0.0,22.79781693461558,0.0,0.0
2025-01-13 01:00:00,0.0,2.81,6.58,29.21,0.0,0.0,24.893022370722193,0.0,0.0
2025-01-13 02:00:00,0.0,2.86,6.18,46.19,0.0,0.0,24.855517761700423,0.0,0.0
2025-01-13 03:00:00,0.0,2.89,5.79,60.74,0.0,0.0,25.62547519316407,0.0,0.0
2025-01-13 04:00:00,0.0,2.89,5.4,77.84,0.0,0.0,27.22995812967888,0.0,0.0
2025-01-13 05:00:00,0.0,2.86,5.05,84.41,0.0,0.0,30.243417655350544,0.0,0.0
2025-01-13 06:00:00,0.0,2.83,4.75,88.4,0.0,0.0,33.4146068173383,0.0,0.0
2025-01-13 07:00:00,44.28,2.97,6.88,81.52,7.0848,0.0,34.06567632603056,0.0,0.0
2025-01-13 08:00:00,152.02,2.78,9.62,72.4,24.323200000000003,0.0,41.729135269459846,0.0,0.0
2025-01-13 09:00:00,275.67,1.97,13.38,64.09,44.107200000000006,0.0,49.60233919015209,0.0,0.0
2025-01-13 10:00:00,408.05,2.0,16.13,54.45,65.288,0.0,62.14346442395448,3.14453557604552,6.28907115209104
2025-01-13 11:00:00,530.38,1.89,17.61,19.09,84.8608,0.0,65.69417604111538,13.14453557604552,26.289071152091044
2025-01-13 12:00:00,560.03,1.79,18.71,13.79,89.60480000000001,0.0,77.19059530960892,23.14453557604552,46.28907115209104
2025-01-13 13:00:00,503.42,1.68,19.33,13.26,80.5472,0.0,83.36546193175562,20.326273644289905,40.65254728857981
2025-01-13 14:00:00,385.2,1.6,19.47,18.45,61.632,0.0,82.41589674153641,10.326273644289905,20.65254728857981
2025-01-13 15:00:00,246.55,1.48,18.99,10.52,39.44800000000001,0.0,83.33484347915348,0.32627364428990546,0.6525472885798109
2025-01-13 16:00:00,84.85,0.94,17.33,8.63,13.576,0.0,70.38197836644503,0.0,0.0
2025-01-13 17:00:00,3.97,0.8,16.08,7.05,0.6352000000000001,0.0,67.86753711656092,0.0,0.0
2025-01-13 18:00:00,0.0,1.2,14.87,4.02,0.0,0.0,55.907989666092675,0.0,0.0
2025-01-13 19:00:00,0.0,1.86,13.17,3.6,0.0,0.0,45.52983654790366,0.0,0.0
2025-01-13 20:00:00,0.0,2.47,11.45,3.18,0.0,0.0,43.234880302548284,0.0,0.0
2025-01-13 21:00:00,0.0,2.88,10.04,2.76,0.0,0.0,35.02818332094817,0.0,0.0
2025-01-13 22:00:00,0.0,3.07,9.23,2.35,0.0,0.669778773148148,30.89134528035002,0.0,0.0
2025-01-13 23:00:00,0.0,3.11,8.65,1.93,0.0,0.6963016435185185,28.74043588852949,0.0,0.0
2025-01-14 00:00:00,0.0,3.08,8.17,1.51,0.0,0.6763451851851853,24.039540722647743,0.0,0.0
2025-01-14 01:00:00,0.0,3.03,7.75,1.17,0.0,0.6439381249999998,24.470387149410357,0.0,0.0
2025-01-14 02:00:00,0.0,2.96,7.39,16.06,0.0,0.0,23.156492980653187,0.0,0.0
2025-01-14 03:00:00,0.0,2.85,7.11,31.12,0.0,0.0,24.532802731259842,0.0,0.0
2025-01-14 04:00:00,0.0,2.68,6.94,47.7,0.0,0.0,26.548471419904278,0.0,0.0
2025-01-14 05:00:00,0.0,2.45,6.98,69.8,0.0,0.0,28.781236453118144,0.0,0.0
2025-01-14 06:00:00,0.0,2.19,7.21,73.33,0.0,0.0,30.61510526552853,0.0,0.0
2025-01-14 07:00:00,45.6,1.74,8.98,70.46,7.296000000000001,0.0,34.407486970593496,0.0,0.0
2025-01-14 08:00:00,149.95,1.98,12.09,65.94,23.992,0.0,42.30180211318831,0.0,0.0
2025-01-14 09:00:00,272.95,2.14,15.26,61.29,43.672,0.0,51.01453133487117,0.0,0.0
2025-01-14 10:00:00,416.75,3.15,18.31,54.49,66.68,0.7235156249999999,56.239204228923995,10.0,20.0
2025-01-14 11:00:00,589.53,3.11,19.52,4.57,94.3248,0.6963016435185185,65.24796542620474,20.0,40.0
2025-01-14 12:00:00,607.7,3.02,20.32,3.31,97.232,0.6375835185185185,66.29999085958299,30.0,60.0
2025-01-14 13:00:00,552.62,2.99,20.72,8.46,88.4192,0.0,78.22822542520399,40.0,80.0
2025-01-14 14:00:00,431.2,2.93,20.69,8.76,68.992,0.0,77.99895606010853,30.99304393989148,61.98608787978296
2025-01-14 15:00:00,266.0,2.91,19.97,7.98,42.56,0.0,81.9853326124038,20.99304393989148,41.98608787978296
2025-01-14 16:00:00,97.85,2.13,16.97,4.96,15.656,0.0,71.34130300842659,10.993043939891479,21.986087879782957
2025-01-14 17:00:00,4.72,2.55,13.77,4.69,0.7551999999999999,0.0,64.53752076379104,0.9930439398914785,1.986087879782957
2025-01-14 18:00:00,0.0,2.69,12.54,4.08,0.0,0.0,64.87481300903964,0.0,0.0
2025-01-14 19:00:00,0.0,2.73,11.58,3.46,0.0,0.0,49.47467329221796,0.0,0.0
2025-01-14 20:00:00,0.0,2.77,10.74,2.85,0.0,0.0,40.386881964693494,0.0,0.0
2025-01-14 21:00:00,0.0,2.8,10.01,2.23,0.0,0.0,35.42556651795008,0.0,0.0
2025-01-14 22:00:00,0.0,2.77,9.41,1.62,0.0,0.0,30.734460117373814,0.0,0.0
2025-01-14 23:00:00,0.0,2.75,8.87,1.01,0.0,0.0,32.8493698769929,0.0,0.0
2025-01-15 00:00:00,0.0,2.75,8.37,1.14,0.0,0.0,26.2097737795515,0.0,0.0
2025-01-15 01:00:00,0.0,2.79,7.89,1.07,0.0,0.0,24.820862082893907,0.0,0.0
2025-01-15 02:00:00,0.0,2.85,7.47,1.0,0.0,0.0,23.47402617467592,0.0,0.0
2025-01-15 03:00:00,0.0,2.94,7.03,9.15,0.0,0.0,26.438088824306398,0.0,0.0
2025-01-15 04:00:00,0.0,3.04,6.64,17.29,0.0,0.6503348148148148,28.011162492236593,0.0,0.0
2025-01-15 05:00:00,0.0,3.06,6.31,25.43,0.0,0.6632550000000001,29.992947332643485,0.0,0.0
2025-01-15 06:00:00,0.0,3.07,5.97,33.57,0.0,0.669778773148148,31.954678719314234,0.0,0.0
2025-01-15 07:00:00,46.53,3.13,8.22,44.2,7.444800000000001,0.7098216898148147,37.70949219147596,0.0,0.0
2025-01-15 08:00:00,166.4,4.1,11.24,48.48,26.624,1.595393518518518,40.76340952734927,0.0,0.0
2025-01-15 09:00:00,263.33,4.47,14.62,57.07,42.1328,2.0674681249999995,48.222756762472855,0.0,0.0
2025-01-15 10:00:00,316.02,5.32,17.48,66.87,50.5632,3.485388148148149,55.19819786517187,0.0,0.0
2025-01-15 11:00:00,239.3,4.63,18.94,67.02,38.288,2.2975196064814813,65.01310581585166,0.0,0.0
2025-01-15 12:00:00,150.23,3.98,19.89,85.96,24.0368,1.459370185185185,71.64107474278318,0.0,0.0
2025-01-15 13:00:00,78.7,3.58,20.35,99.49,12.592000000000002,1.0620998148148149,81.1239551608147,0.0,0.0
2025-01-15 14:00:00,46.3,3.3,19.86,97.18,7.407999999999999,0.8318749999999999,79.80935783081644,0.0,0.0
2025-01-15 15:00:00,32.88,3.01,18.81,96.69,5.2608,0.6312708564814813,77.08239091498716,0.0,0.0
2025-01-15 16:00:00,16.75,2.22,16.44,94.83,2.68,0.0,70.64773567176061,0.0,0.0
2025-01-15 17:00:00,1.62,2.57,14.42,90.69,0.2592,0.0,69.72867760217007,0.0,0.0
2025-01-15 18:00:00,0.0,2.6,13.71,87.9,0.0,0.0,58.41554046773752,0.0,0.0
2025-01-15 19:00:00,0.0,2.5,13.11,67.18,0.0,0.0,47.088841962121116,0.0,0.0
2025-01-15 20:00:00,0.0,2.42,12.65,66.11,0.0,0.0,43.66958224548077,0.0,0.0
2025-01-15 21:00:00,0.0,2.33,12.18,54.83,0.0,0.0,33.36097235409471,0.0,0.0
2025-01-15 22:00:00,0.0,2.26,11.63,59.27,0.0,0.0,31.020500172386953,0.0,0.0
2025-01-15 23:00:00,0.0,2.1,11.42,56.18,0.0,0.0,27.286945707652517,0.0,0.0
2025-01-16 00:00:00,0.0,1.96,11.14,60.22,0.0,0.0,25.557515092019482,0.0,0.0
2025-01-16 01:00:00,0.0,1.83,10.86,54.2,0.0,0.0,28.079118151418022,0.0,0.0
2025-01-16 02:00:00,0.0,1.55,10.65,70.99,0.0,0.0,23.984228128044627,0.0,0.0
2025-01-16 03:00:00,0.0,1.17,10.56,25.05,0.0,0.0,23.48112012145561,0.0,0.0
2025-01-16 04:00:00,0.0,0.82,10.55,20.04,0.0,0.0,26.075621571135454,0.0,0.0
2025-01-16 05:00:00,0.0,0.51,10.41,17.03,0.0,0.0,29.87458401976928,0.0,0.0
2025-01-16 06:00:00,0.0,0.4,9.85,19.53,0.0,0.0,32.19828956475079,0.0,0.0
2025-01-16 07:00:00,47.47,0.53,10.16,22.76,7.5952,0.0,36.299660194781374,0.0,0.0
2025-01-16 08:00:00,182.48,0.88,11.69,23.88,29.196800000000003,0.0,41.29806162611289,0.0,0.0
2025-01-16 09:00:00,312.42,1.73,15.02,30.41,49.98720000000001,0.0,46.69332389976621,3.2938761002337955,6.587752200467591
2025-01-16 10:00:00,443.98,2.5,17.69,33.08,71.03680000000001,0.0,61.3870653189165,12.943610781317311,25.887221562634622
2025-01-16 11:00:00,577.72,2.86,19.43,26.77,92.4352,0.0,61.52165928883949,22.94361078131731,45.88722156263462
2025-01-16 12:00:00,628.65,3.24,20.6,20.41,100.584,0.7873200000000001,72.27998475424249,32.94361078131731,65.88722156263462
2025-01-16 13:00:00,574.53,3.59,21.22,8.55,91.9248,1.0710249768518516,73.55114825790731,42.94361078131731,85.88722156263462
2025-01-16 14:00:00,474.15,3.82,21.17,2.01,75.864,1.2903464814814811,81.97202001752862,38.12593724527017,76.25187449054035
2025-01-16 15:00:00,303.42,3.8,20.32,1.79,48.5472,1.270185185185185,76.39497073332319,28.125937245270173,56.251874490540345
2025-01-16 16:00:00,119.78,2.63,17.11,1.58,19.1648,0.0,75.2020117036717,18.125937245270173,36.251874490540345
2025-01-16 17:00:00,6.03,3.2,13.55,1.36,0.9648000000000002,0.7585185185185186,61.36944627036512,8.125937245270173,16.251874490540345
2025-01-16 18:00:00,0.0,3.42,12.45,1.15,0.0,0.9259649999999998,58.439250319549345,0.0,0.0
2025-01-16 19:00:00,0.0,3.46,11.65,0.93,0.0,0.9588364814814814,52.020259135860236,0.0,0.0
2025-01-16 20:00:00,0.0,3.45,10.91,0.72,0.0,0.9505468750000002,42.98622502301513,0.0,0.0
2025-01-16 21:00:00,0.0,3.38,10.17,0.5,0.0,0.8938535185185186,37.73158322619275,0.0,0.0
2025-01-16 22:00:00,0.0,3.3,9.44,7.0,0.0,0.8318749999999999,33.655071393293255,0.0,0.0
2025-01-16 23:00:00,0.0,3.09,8.69,33.61,0.0,0.6829543749999999,27.06367007173697,0.0,0.0
2025-01-17 00:00:00,0.0,2.84,7.99,59.73,0.0,0.0,25.079590708540348,0.0,0.0
2025-01-17 01:00:00,0.0,2.7,7.51,84.43,0.0,0.0,24.898757294537198,0.0,0.0
2025-01-17 02:00:00,0.0,2.64,7.14,90.92,0.0,0.0,26.816811540204714,0.0,0.0
2025-01-17 03:00:00,0.0,2.63,6.79,97.44,0.0,0.0,27.15197380858657,0.0,0.0
2025-01-17 04:00:00,0.0,2.79,6.38,96.44,0.0,0.0,26.818098858088632,0.0,0.0
2025-01-17 05:00:00,0.0,2.97,6.0,97.41,0.0,0.0,31.4818922829598,0.0,0.0
2025-01-17 06:00:00,0.0,3.12,5.71,94.91,0.0,0.7030400000000001,29.38374494280212,0.0,0.0
2025-01-17 07:00:00,41.65,3.28,8.4,91.05,6.664000000000001,0.8168414814814813,36.68947078906595,0.0,0.0
2025-01-17 08:00:00,125.47,3.73,11.52,84.96,20.0752,1.2012758564814814,43.53403016278248,0.0,0.0
2025-01-17 09:00:00,210.88,4.14,14.87,79.61,33.7408,1.6425449999999997,53.08879152332011,0.0,0.0
2025-01-17 10:00:00,312.88,3.65,17.0,72.11,50.0608,1.1256278935185184,58.36045073733291,0.0,0.0
2025-01-17 11:00:00,461.02,2.96,18.43,59.66,73.7632,0.0,65.9097893924188,7.853410607581196,15.706821215162392
2025-01-17 12:00:00,542.35,2.34,19.4,43.97,86.77600000000001,0.0,75.13428547604141,17.853410607581196,35.70682121516239
2025-01-17 13:00:00,457.02,1.95,19.88,49.26,73.1232,0.0,80.62453077052061,10.352079837060586,20.704159674121172
2025-01-17 14:00:00,463.55,1.77,19.81,20.71,74.168,0.0,81.15154762397025,3.3685322130903472,6.7370644261806945
2025-01-17 15:00:00,299.65,1.59,19.16,18.51,47.944,0.0,76.63679093155132,0.0,0.0
2025-01-17 16:00:00,119.35,1.13,16.99,14.27,19.096,0.0,76.47676376478654,0.0,0.0
2025-01-17 17:00:00,6.5,1.51,14.62,11.62,1.04,0.0,73.65153992767358,0.0,0.0
2025-01-17 18:00:00,0.0,2.01,13.05,8.97,0.0,0.0,54.316029364669156,0.0,0.0
2025-01-17 19:00:00,0.0,2.28,11.68,6.32,0.0,0.0,51.79192605775518,0.0,0.0
2025-01-17 20:00:00,0.0,2.48,10.39,3.66,0.0,0.0,41.5777461798231,0.0,0.0
2025-01-17 21:00:00,0.0,2.73,9.19,1.01,0.0,0.0,36.4858608260459,0.0,0.0
2025-01-17 22:00:00,0.0,2.94,8.31,8.93,0.0,0.0,30.658934185570413,0.0,0.0
2025-01-17 23:00:00,0.0,2.99,7.7,18.87,0.0,0.0,31.536321068300563,0.0,0.0
2025-01-18 00:00:00,0.0,2.86,7.32,31.55,0.0,0.0,14.830157491898007,0.0,0.0
2025-01-18 01:00:00,0.0,2.64,7.0,14.18,0.0,0.0,16.03127886371022,0.0,0.0
2025-01-18 02:00:00,0.0,2.45,6.56,46.13,0.0,0.0,15.549826590017345,0.0,0.0
2025-01-18 03:00:00,0.0,2.13,6.57,65.74,0.0,0.0,17.09827241056005,0.0,0.0
2025-01-18 04:00:00,0.0,1.86,6.74,85.26,0.0,0.0,15.62208180908897,0.0,0.0
2025-01-18 05:00:00,0.0,1.68,6.78,98.21,0.0,0.0,16.955252349092834,0.0,0.0
2025-01-18 06:00:00,0.0,1.74,6.48,89.02,0.0,0.0,18.73402997394039,0.0,0.0
2025-01-18 07:00:00,44.95,1.71,7.69,90.68,7.192,0.0,21.57681479302645,0.0,0.0
2025-01-18 08:00:00,134.65,2.44,10.79,90.03,21.544,0.0,25.1509187722775,0.0,0.0
2025-01-18 09:00:00,226.73,2.69,14.02,88.95,36.2768,0.0,30.612924129981533,5.663875870018469,11.327751740036938
2025-01-18 10:00:00,308.05,2.96,17.03,87.79,49.288,0.0,36.868583727815476,15.663875870018469,31.327751740036934
2025-01-18 11:00:00,556.78,2.66,18.67,27.87,89.0848,0.0,38.40673542871776,25.66387587001847,51.327751740036945
2025-01-18 12:00:00,613.53,2.24,19.88,1.58,98.1648,0.0,43.778618427890095,35.66387587001847,71.32775174003694
2025-01-18 13:00:00,553.22,2.13,20.75,4.02,88.51520000000001,0.0,46.34555442161934,45.66387587001847,91.32775174003694
2025-01-18 14:00:00,431.02,1.93,21.1,4.02,68.9632,0.0,46.32398260118988,50.0,100.0
2025-01-18 15:00:00,266.58,1.7,20.7,3.8,42.6528,0.0,48.881745609991725,43.771054390008274,87.54210878001655
2025-01-18 16:00:00,103.28,1.48,18.2,3.57,16.5248,0.0,45.219686363280104,33.771054390008274,67.54210878001655
2025-01-18 17:00:00,5.82,2.11,15.61,3.35,0.9312,0.0,35.60695923217207,23.771054390008274,47.54210878001655
2025-01-18 18:00:00,0.0,2.62,13.99,3.13,0.0,0.0,34.98243316788234,13.771054390008274,27.542108780016548
2025-01-18 19:00:00,0.0,2.93,12.87,2.9,0.0,0.0,27.33282013505729,3.771054390008274,7.542108780016549
2025-01-18 20:00:00,0.0,3.09,12.13,2.68,0.0,0.6829543749999999,25.925113649898346,0.0,0.0
2025-01-18 21:00:00,0.0,3.17,11.55,2.45,0.0,0.7373845601851852,22.783030579074545,0.0,0.0
2025-01-18 22:00:00,0.0,3.19,11.06,2.23,0.0,0.7514296064814816,19.284305018387684,0.0,0.0
2025-01-18 23:00:00,0.0,3.11,10.63,2.01,0.0,0.6963016435185185,16.353473439492813,0.0,0.0
2025-01-19 00:00:00,0.0,2.96,10.34,1.78,0.0,0.0,16.02683129793022,0.0,0.0
2025-01-19 01:00:00,0.0,2.81,10.1,1.56,0.0,0.0,15.581746933222352,0.0,0.0
2025-01-19 02:00:00,0.0,2.72,9.79,13.2,0.0,0.0,14.689876768771684,0.0,0.0
2025-01-19 03:00:00,0.0,2.72,9.37,24.86,0.0,0.0,15.497586819109259,0.0,0.0
2025-01-19 04:00:00,0.0,2.68,9.18,23.46,0.0,0.0,15.815697095721585,0.0,0.0
2025-01-19 05:00:00,0.0,2.6,9.24,23.24,0.0,0.0,16.69368969361501,0.0,0.0
2025-01-19 06:00:00,0.0,2.63,8.96,20.01,0.0,0.0,19.391028733482365,0.0,0.0
2025-01-19 07:00:00,59.85,2.77,11.05,16.54,9.576,0.0,21.621770721033236,0.0,0.0
2025-01-19 08:00:00,209.15,3.41,13.84,13.79,33.464,0.917866226851852,25.09811461152194,9.283751615329908,18.567503230659817
2025-01-19 09:00:00,376.55,2.8,16.84,10.64,60.248000000000005,0.0,30.021885687728236,19.28375161532991,38.56750323065982
2025-01-19 10:00:00,512.67,3.64,20.7,7.36,82.0272,1.1164014814814818,36.50582410782533,29.28375161532991,58.56750323065981
2025-01-19 11:00:00,603.47,4.75,24.2,3.68,96.5552,2.480830439814815,37.57422878499711,39.283751615329905,78.56750323065981
2025-01-19 12:00:00,614.15,4.68,25.77,0.41,98.264,2.3727599999999995,43.754500041197275,49.283751615329905,98.56750323065981
2025-01-19 13:00:00,553.88,4.19,26.19,3.52,88.62080000000002,1.7027791435185191,56.95103643348945,50.0,100.0
2025-01-19 14:00:00,431.88,3.64,26.05,4.52,69.10079999999999,1.1164014814814818,47.46767471837046,50.0,100.0
2025-01-19 15:00:00,270.15,2.74,25.16,3.72,43.224,0.0,46.30495590422156,46.91904409577844,93.83808819155688
2025-01-19 16:00:00,104.4,1.76,22.4,2.91,16.704000000000004,0.0,46.71278872115385,36.91904409577844,73.83808819155688
2025-01-19 17:00:00,6.12,1.65,20.66,2.11,0.9792000000000002,0.0,39.40643238693036,26.91904409577844,53.83808819155688
2025-01-19 18:00:00,0.0,1.82,19.44,1.31,0.0,0.0,34.015495877539976,16.91904409577844,33.83808819155688
2025-01-19 19:00:00,0.0,2.17,18.17,0.5,0.0,0.0,32.34833116857817,6.919044095778439,13.838088191556878
2025-01-19 20:00:00,0.0,2.54,16.68,0.5,0.0,0.0,27.536310199381884,0.0,0.0
2025-01-19 21:00:00,0.0,2.83,15.38,0.5,0.0,0.0,21.28204338065709,0.0,0.0
2025-01-19 22:00:00,0.0,3.04,14.31,0.5,0.0,0.6503348148148148,18.511828794556607,0.0,0.0
2025-01-19 23:00:00,0.0,3.15,13.5,0.5,0.0,0.7235156249999999,17.246594066169706,0.0,0.0
2025-01-20 00:00:00,0.0,3.14,12.84,12.38,0.0,0.716646851851852,24.57413080173523,0.0,0.0
2025-01-20 01:00:00,0.0,3.1,12.3,26.08,0.0,0.6896064814814816,24.418064747508765,0.0,0.0
2025-01-20 02:00:00,0.0,2.94,11.85,39.8,0.0,0.0,27.045788025478668,0.0,0.0
2025-01-20 03:00:00,0.0,2.71,11.69,1.01,0.0,0.0,23.706143713630624,0.0,0.0
2025-01-20 04:00:00,0.0,2.61,11.24,2.51,0.0,0.0,28.064837377029487,0.0,0.0
2025-01-20 05:00:00,0.0,2.56,10.76,6.51,0.0,0.0,28.26863613941641,0.0,0.0
2025-01-20 06:00:00,0.0,2.41,10.59,11.54,0.0,0.0,31.83524048722985,0.0,0.0
2025-01-20 07:00:00,63.55,1.78,12.46,9.93,10.168,0.0,37.20901662739125,0.0,0.0
2025-01-20 08:00:00,223.73,1.81,15.48,8.75,35.7968,0.0,41.12683385446056,0.0,0.0
2025-01-20 09:00:00,391.9,1.16,18.22,3.64,62.704,0.0,49.02499421367857,10.0,20.0
2025-01-20 10:00:00,535.6,1.58,22.82,1.01,85.69600000000003,0.0,57.7692154399985,20.0,40.0
2025-01-20 11:00:00,616.2,3.45,25.12,0.72,98.592,0.9505468750000002,65.29113225086195,30.0,60.0
2025-01-20 12:00:00,632.12,3.98,25.94,0.44,101.13920000000002,1.459370185185185,70.1422118891086,40.0,80.0
2025-01-20 13:00:00,573.85,4.09,26.18,1.09,91.816,1.5837483564814812,77.06527222974086,50.0,100.0
2025-01-20 14:00:00,450.38,3.98,25.82,2.51,72.0608,1.459370185185185,84.82051466084825,40.0,80.0
2025-01-20 15:00:00,283.65,3.26,24.65,2.31,45.38399999999999,0.8019901851851851,80.44557913184265,30.0,60.0
2025-01-20 16:00:00,114.53,2.32,20.98,2.11,18.324800000000003,0.0,71.09406487340861,20.0,40.0
2025-01-20 17:00:00,6.95,2.66,17.96,1.91,1.112,0.0,69.4522653694921,10.0,20.0
2025-01-20 18:00:00,0.0,2.8,16.61,1.71,0.0,0.0,54.86049566181159,0.0,0.0
2025-01-20 19:00:00,0.0,2.87,15.52,1.51,0.0,0.0,48.79495304643789,0.0,0.0
2025-01-20 20:00:00,0.0,2.85,14.66,1.31,0.0,0.0,40.55740033021076,0.0,0.0
2025-01-20 21:00:00,0.0,2.78,13.96,1.11,0.0,0.0,34.828640747404464,0.0,0.0
2025-01-20 22:00:00,0.0,2.8,13.26,0.9,0.0,0.0,32.616998038889264,0.0,0.0
2025-01-20 23:00:00,0.0,2.88,12.55,0.7,0.0,0.0,26.56042194826607,0.0,0.0
2025-01-21 00:00:00,0.0,2.91,11.96,0.5,0.0,0.0,21.774801771478696,0.0,0.0
2025-01-21 01:00:00,0.0,2.97,11.43,0.5,0.0,0.0,24.56140074649139,0.0,0.0
2025-01-21 02:00:00,0.0,3.04,10.94,11.61,0.0,0.6503348148148148,28.2506064471665,0.0,0.0
2025-01-21 03:00:00,0.0,3.08,10.53,6.0,0.0,0.6763451851851853,23.966182811442184,0.0,0.0
2025-01-21 04:00:00,0.0,3.01,10.18,5.5,0.0,0.6312708564814813,23.756628277065754,0.0,0.0
2025-01-21 05:00:00,0.0,2.93,9.89,7.52,0.0,0.0,29.679645913902014,0.0,0.0
2025-01-21 06:00:00,0.0,2.81,9.75,7.02,0.0,0.0,33.58410925971185,0.0,0.0
2025-01-21 07:00:00,69.88,2.3,11.72,7.64,11.1808,0.0,36.24849339669611,0.0,0.0
2025-01-21 08:00:00,233.45,2.76,15.45,4.86,37.352,0.0,40.46173662984795,0.0,0.0
2025-01-21 09:00:00,414.9,2.08,18.29,3.77,66.384,0.0,53.41297638998425,10.0,20.0
2025-01-21 10:00:00,563.53,0.98,22.5,2.68,90.1648,0.0,59.77505516642279,20.0,40.0
2025-01-21 11:00:00,594.25,0.98,24.54,1.59,95.08,0.0,69.52246283870862,30.0,60.0
2025-01-21 12:00:00,609.72,1.8,25.49,0.5,97.5552,0.0,70.72566440802899,40.0,80.0
2025-01-21 13:00:00,561.0,2.15,25.77,0.0,89.76000000000002,0.0,73.85754972893459,50.0,100.0
2025-01-21 14:00:00,436.62,2.28,25.41,2.51,69.8592,0.0,81.81299606740254,40.0,80.0
2025-01-21 15:00:00,278.95,2.09,24.45,2.3,44.632,0.0,79.46305106320516,30.0,60.0
2025-01-21 16:00:00,112.57,1.33,21.9,2.08,18.0112,0.0,69.25686185128848,20.0,40.0
2025-01-21 17:00:00,7.12,1.53,19.4,1.86,1.1392000000000002,0.0,66.23749854493352,10.0,20.0
2025-01-21 18:00:00,0.0,2.03,17.79,1.64,0.0,0.0,56.12400895479136,0.0,0.0
2025-01-21 19:00:00,0.0,2.51,15.98,1.43,0.0,0.0,51.875572032897594,0.0,0.0
2025-01-21 20:00:00,0.0,2.85,14.49,1.21,0.0,0.0,44.10130136881461,0.0,0.0
2025-01-21 21:00:00,0.0,3.02,13.47,0.99,0.0,0.6375835185185185,38.313522441915744,0.0,0.0
2025-01-21 22:00:00,0.0,3.09,12.68,0.78,0.0,0.6829543749999999,32.29677368623299,0.0,0.0
2025-01-21 23:00:00,0.0,3.13,12.03,0.56,0.0,0.7098216898148147,28.47454133217785,0.0,0.0
2025-01-22 00:00:00,0.0,3.14,11.49,0.34,0.0,0.716646851851852,24.38192225921016,0.0,0.0
2025-01-22 01:00:00,0.0,3.16,11.08,0.13,0.0,0.7304281481481483,23.168923170460776,0.0,0.0
2025-01-22 02:00:00,0.0,3.12,10.71,0.5,0.0,0.7030400000000001,24.236601664769037,0.0,0.0
2025-01-22 03:00:00,0.0,3.05,10.39,2.01,0.0,0.6567737268518516,25.67480927474233,0.0,0.0
2025-01-22 04:00:00,0.0,2.96,10.14,15.06,0.0,0.0,26.35686249803465,0.0,0.0
2025-01-22 05:00:00,0.0,2.83,10.0,11.54,0.0,0.0,27.847603283054113,0.0,0.0
2025-01-22 06:00:00,0.0,2.7,9.99,9.99,0.0,0.0,30.818493752449736,0.0,0.0
2025-01-22 07:00:00,70.28,2.36,12.21,10.74,11.2448,0.0,33.80624951767276,0.0,0.0
2025-01-22 08:00:00,238.43,3.14,15.27,11.84,38.1488,0.716646851851852,41.970592963938145,0.0,0.0
2025-01-22 09:00:00,417.1,3.34,18.48,10.22,66.736,0.8624931481481479,45.251457292279305,10.0,20.0
2025-01-22 10:00:00,558.33,4.32,21.78,4.02,89.3328,1.86624,56.27862259099778,20.0,40.0
2025-01-22 11:00:00,572.67,4.15,23.22,3.78,91.62720000000002,1.6544762731481486,64.61744170261065,30.0,60.0
2025-01-22 12:00:00,591.33,4.05,24.1,3.54,94.6128,1.5377343749999997,79.86966373580141,40.0,80.0
2025-01-22 13:00:00,544.5,3.83,24.43,3.38,87.12,1.3005066435185186,73.73511654469307,50.0,100.0
2025-01-22 14:00:00,427.33,3.48,24.1,12.64,68.3728,0.97556,77.5603451298354,41.7880148701646,83.5760297403292
2025-01-22 15:00:00,265.15,2.65,23.26,14.56,42.42400000000001,0.0,73.91627783571317,31.788014870164602,63.57602974032921
2025-01-22 16:00:00,105.5,1.24,21.28,12.97,16.88,0.0,68.00405637479092,21.788014870164602,43.576029740329204
2025-01-22 17:00:00,7.18,1.05,19.76,17.24,1.1488,0.0,64.18038211345639,11.788014870164602,23.576029740329204
2025-01-22 18:00:00,0.0,1.4,18.66,19.87,0.0,0.0,57.79584523258049,1.7880148701646021,3.5760297403292043
2025-01-22 19:00:00,0.0,1.75,17.58,25.33,0.0,0.0,45.03208312194217,0.0,0.0
2025-01-22 20:00:00,0.0,1.79,16.83,26.89,0.0,0.0,42.808050706287645,0.0,0.0
2025-01-22 21:00:00,0.0,1.75,16.17,21.77,0.0,0.0,35.343764297627594,0.0,0.0
2025-01-22 22:00:00,0.0,1.85,15.31,25.79,0.0,0.0,33.339197915392575,0.0,0.0
2025-01-22 23:00:00,0.0,2.1,14.31,25.28,0.0,0.0,29.349170481899844,0.0,0.0
2025-01-23 00:00:00,0.0,2.34,13.36,19.76,0.0,0.0,23.002020827860694,0.0,0.0
2025-01-23 01:00:00,0.0,2.57,12.51,25.12,0.0,0.0,24.102254178536814,0.0,0.0
2025-01-23 02:00:00,0.0,2.76,11.86,17.78,0.0,0.0,22.08900701798214,0.0,0.0
2025-01-23 03:00:00,0.0,2.89,11.36,16.81,0.0,0.0,25.09787300069687,0.0,0.0
2025-01-23 04:00:00,0.0,2.99,10.93,11.87,0.0,0.0,27.18418013247197,0.0,0.0
2025-01-23 05:00:00,0.0,3.07,10.52,5.45,0.0,0.669778773148148,30.482443918345634,0.0,0.0
2025-01-23 06:00:00,0.0,3.05,10.19,3.52,0.0,0.6567737268518516,30.817461214136326,0.0,0.0
2025-01-23 07:00:00,74.78,3.36,12.32,5.86,11.9648,0.8780799999999999,36.344841207563675,0.0,0.0
2025-01-23 08:00:00,243.55,3.57,14.98,12.01,38.968,1.053224375,41.80939994963704,0.0,0.0
2025-01-23 09:00:00,418.17,3.24,18.7,14.59,66.90720000000002,0.7873200000000001,45.937513027288794,10.0,20.0
2025-01-23 10:00:00,565.38,2.95,21.55,17.24,90.4608,0.0,57.783079848727134,20.0,40.0
2025-01-23 11:00:00,584.25,2.7,22.98,15.91,93.48000000000002,0.0,63.053841086924095,30.0,60.0
2025-01-23 12:00:00,600.95,2.66,23.69,9.06,96.15200000000004,0.0,70.20460988465777,40.0,80.0
2025-01-23 13:00:00,551.55,2.91,23.92,11.35,88.248,0.0,78.65866677427466,49.58933322572534,99.17866645145068
2025-01-23 14:00:00,436.8,3.22,23.72,1.51,69.888,0.772829814814815,76.53331221817837,43.71685082236179,87.43370164472358
2025-01-23 15:00:00,278.85,3.57,22.88,1.57,44.616000000000014,1.053224375,74.23827029535009,33.71685082236179,67.43370164472358
2025-01-23 16:00:00,124.43,2.63,20.15,1.63,19.908800000000003,0.0,71.7637002638532,23.716850822361792,47.433701644723584
2025-01-23 17:00:00,8.48,3.25,16.27,1.69,1.3568,0.7946325231481481,63.161306228452275,13.716850822361792,27.433701644723584
2025-01-23 18:00:00,0.0,3.64,14.76,1.76,0.0,1.1164014814814818,54.887679961543554,3.716850822361792,7.433701644723584
2025-01-23 19:00:00,0.0,3.92,13.74,1.82,0.0,1.3943585185185183,45.9449624878042,0.0,0.0
2025-01-23 20:00:00,0.0,4.03,12.84,1.88,0.0,1.5150654398148151,41.34245220901013,0.0,0.0
2025-01-23 21:00:00,0.0,3.96,12.03,1.94,0.0,1.43748,36.108469865528605,0.0,0.0
2025-01-23 22:00:00,0.0,3.79,11.34,2.01,0.0,1.2601837731481482,31.875031666040627,0.0,0.0
2025-01-23 23:00:00,0.0,3.66,10.79,2.07,0.0,1.134905,26.831127506377964,0.0,0.0
2025-01-24 00:00:00,0.0,3.58,10.31,2.13,0.0,1.0620998148148149,22.403853265448536,0.0,0.0
2025-01-24 01:00:00,0.0,3.54,9.82,2.19,0.0,1.026895,24.326057194116427,0.0,0.0
2025-01-24 02:00:00,0.0,3.51,9.31,2.02,0.0,1.0010081249999998,25.456002073522892,0.0,0.0
2025-01-24 03:00:00,0.0,3.47,8.81,1.86,0.0,0.9671741435185188,26.338846299580144,0.0,0.0
2025-01-24 04:00:00,0.0,3.43,8.34,1.69,0.0,0.9341112731481482,27.883951670090752,0.0,0.0
2025-01-24 05:00:00,0.0,3.37,7.94,1.52,0.0,0.8859433564814816,29.111735519214676,0.0,0.0
2025-01-24 06:00:00,0.0,3.27,7.7,1.35,0.0,0.8093931249999999,31.075383631136322,0.0,0.0
2025-01-24 07:00:00,99.9,2.77,10.65,1.18,15.984000000000002,0.0,37.167585511252184,0.0,0.0
2025-01-24 08:00:00,309.08,3.49,14.63,1.01,49.4528,0.9839941898148152,44.56778407015859,5.869010119656231,11.738020239312462
2025-01-24 09:00:00,507.08,3.0,18.32,0.84,81.1328,0.625,46.57949426204422,15.869010119656231,31.738020239312466
2025-01-24 10:00:00,657.22,3.24,21.38,0.67,105.15520000000002,0.7873200000000001,62.00727105984161,25.86901011965623,51.73802023931246
2025-01-24 11:00:00,744.5,3.21,22.51,0.5,119.12,0.7656518749999999,63.57064568962324,35.86901011965623,71.73802023931246
2025-01-24 12:00:00,757.62,3.35,23.22,0.0,121.2192,0.8702633101851853,71.20629437037839,45.86901011965623,91.73802023931246
2025-01-24 13:00:00,697.4,3.66,23.53,0.5,111.58400000000002,1.134905,74.5255562154502,50.0,100.0
2025-01-24 14:00:00,568.1,3.96,23.3,2.01,90.89600000000002,1.43748,83.6282955299199,50.0,100.0
2025-01-24 15:00:00,385.33,4.05,22.4,2.08,61.652800000000006,1.5377343749999997,73.9235540820814,40.0,80.0
2025-01-24 16:00:00,171.3,2.71,19.26,2.15,27.408000000000005,0.0,64.2376926511301,30.0,60.0
2025-01-24 17:00:00,12.4,3.23,14.82,2.22,1.984,0.7800524768518519,63.9247697165682,20.0,40.0
2025-01-24 18:00:00,0.0,3.4,13.37,2.29,0.0,0.9098148148148146,51.111960232234075,10.0,20.0
2025-01-24 19:00:00,0.0,3.36,12.32,2.36,0.0,0.8780799999999999,51.63299860742869,0.0,0.0
2025-01-24 20:00:00,0.0,3.23,11.47,2.42,0.0,0.7800524768518519,43.15907985190101,0.0,0.0
2025-01-24 21:00:00,0.0,3.05,10.86,2.49,0.0,0.6567737268518516,35.09425312734952,0.0,0.0
2025-01-24 22:00:00,0.0,2.83,10.48,2.56,0.0,0.0,31.332768264644592,0.0,0.0
2025-01-24 23:00:00,0.0,2.63,10.31,2.63,0.0,0.0,29.35184492104208,0.0,0.0
2025-01-25 00:00:00,0.0,2.47,10.17,2.7,0.0,0.0,14.557882392488114,0.0,0.0
2025-01-25 01:00:00,0.0,2.43,9.81,2.77,0.0,0.0,13.914320410690943,0.0,0.0
2025-01-25 02:00:00,0.0,2.56,9.16,2.01,0.0,0.0,15.436982139895944,0.0,0.0
2025-01-25 03:00:00,0.0,2.71,8.44,1.26,0.0,0.0,14.204434348597228,0.0,0.0
2025-01-25 04:00:00,0.0,2.86,7.75,0.5,0.0,0.0,15.954426236247235,0.0,0.0
2025-01-25 05:00:00,0.0,3.06,7.06,0.5,0.0,0.6632550000000001,19.31022759518716,0.0,0.0
2025-01-25 06:00:00,0.0,3.22,6.54,0.5,0.0,0.772829814814815,18.23812832633682,0.0,0.0
2025-01-25 07:00:00,111.95,2.85,9.37,0.42,17.912000000000003,0.0,21.613599613325334,0.0,0.0
2025-01-25 08:00:00,328.67,3.66,13.78,0.34,52.58720000000001,1.134905,25.681011571024715,10.0,20.0
2025-01-25 09:00:00,527.88,2.81,16.96,0.25,84.4608,0.0,29.788442103497648,20.0,40.0
2025-01-25 10:00:00,677.6,3.38,21.1,0.17,108.416,0.8938535185185186,35.9018124493773,30.0,60.0
2025-01-25 11:00:00,765.92,3.43,22.78,0.08,122.5472,0.9341112731481482,37.65144705139649,40.0,80.0
2025-01-25 12:00:00,778.85,3.47,23.71,0.0,124.616,0.9671741435185188,43.59655203236056,50.0,100.0
2025-01-25 13:00:00,719.47,3.5,24.09,0.0,115.11520000000002,0.992476851851852,47.54262738405487,50.0,100.0
2025-01-25 14:00:00,590.75,3.45,23.88,0.3,94.52,0.9505468750000002,46.85589583221543,50.0,100.0
2025-01-25 15:00:00,405.65,3.06,22.88,0.6,64.904,0.6632550000000001,43.54227764691234,50.0,100.0
2025-01-25 16:00:00,185.02,2.1,19.29,0.9,29.603200000000005,0.0,46.6328079158858,40.0,80.0
2025-01-25 17:00:00,14.18,2.4,16.01,1.21,2.2688,0.0,40.02463327619398,30.0,60.0
2025-01-25 18:00:00,0.0,2.47,14.69,1.51,0.0,0.0,37.903243227693125,20.0,40.0
2025-01-25 19:00:00,0.0,2.56,13.48,1.34,0.0,0.0,26.33914157308243,10.0,20.0
2025-01-25 20:00:00,0.0,2.65,12.35,1.17,0.0,0.0,24.43009181527895,0.0,0.0
2025-01-25 21:00:00,0.0,2.74,11.37,1.01,0.0,0.0,22.387629476303175,0.0,0.0
2025-01-25 22:00:00,0.0,2.87,10.42,0.84,0.0,0.0,18.19047906451649,0.0,0.0
2025-01-25 23:00:00,0.0,3.03,9.55,0.67,0.0,0.6439381249999998,17.39115725973695,0.0,0.0
2025-01-26 00:00:00,0.0,3.07,8.98,0.5,0.0,0.669778773148148,15.311973879518009,0.0,0.0
2025-01-26 01:00:00,0.0,2.89,8.9,1.01,0.0,0.0,14.597534709859584,0.0,0.0
2025-01-26 02:00:00,0.0,2.67,9.02,1.38,0.0,0.0,14.532124475423936,0.0,0.0
2025-01-26 03:00:00,0.0,2.57,8.93,1.19,0.0,0.0,14.638317693813738,0.0,0.0
2025-01-26 04:00:00,0.0,2.47,8.83,1.01,0.0,0.0,15.78542774652823,0.0,0.0
2025-01-26 05:00:00,0.0,2.29,8.93,1.01,0.0,0.0,16.95942438769504,0.0,0.0
2025-01-26 06:00:00,0.0,2.15,8.97,1.01,0.0,0.0,19.265416447026922,0.0,0.0
2025-01-26 07:00:00,117.65,1.97,10.59,0.86,18.824,0.0,21.760542483252706,0.0,0.0
2025-01-26 08:00:00,337.7,2.12,14.59,0.72,54.03200000000001,0.0,27.43173292093064,10.0,20.0
2025-01-26 09:00:00,538.38,1.65,17.45,0.57,86.1408,0.0,30.164318265238013,20.0,40.0
2025-01-26 10:00:00,688.65,1.85,21.74,0.43,110.184,0.0,36.60130446945413,30.0,60.0
2025-01-26 11:00:00,769.3,2.24,23.73,0.29,123.088,0.0,42.730720492424744,40.0,80.0
2025-01-26 12:00:00,783.0,2.39,24.63,0.14,125.28,0.0,42.22963850534158,50.0,100.0
2025-01-26 13:00:00,723.05,2.45,25.01,0.0,115.688,0.0,43.606775325126854,50.0,100.0
2025-01-26 14:00:00,594.38,2.46,24.85,0.14,95.1008,0.0,45.202470816203075,50.0,100.0
2025-01-26 15:00:00,408.92,2.26,23.97,0.29,65.42720000000001,0.0,45.78808830496858,50.0,100.0
2025-01-26 16:00:00,187.35,1.8,20.66,0.43,29.976,0.0,39.172223540307435,40.803776459692564,81.60755291938513
2025-01-26 17:00:00,14.88,2.2,17.59,0.57,2.3808,0.0,38.93161442023655,30.803776459692564,61.607552919385135
2025-01-26 18:00:00,0.0,2.54,15.72,0.72,0.0,0.0,33.76211032519109,20.803776459692564,41.60755291938513
2025-01-26 19:00:00,0.0,2.83,14.05,0.86,0.0,0.0,30.27496419266173,10.803776459692564,21.607552919385128
2025-01-26 20:00:00,0.0,2.94,12.77,1.01,0.0,0.0,26.905365318265115,0.8037764596925641,1.6075529193851281
2025-01-26 21:00:00,0.0,2.94,11.8,1.16,0.0,0.0,22.28760103094625,0.0,0.0
2025-01-26 22:00:00,0.0,2.92,11.04,1.32,0.0,0.0,19.259720987433504,0.0,0.0
2025-01-26 23:00:00,0.0,2.92,10.35,1.48,0.0,0.0,15.50277237836418,0.0,0.0
2025-01-27 00:00:00,0.0,2.93,9.79,1.63,0.0,0.0,25.551770588876607,0.0,0.0
2025-01-27 01:00:00,0.0,2.85,9.51,1.79,0.0,0.0,24.999318778333944,0.0,0.0
2025-01-27 02:00:00,0.0,2.67,9.56,1.95,0.0,0.0,24.9046236272621,0.0,0.0
2025-01-27 03:00:00,0.0,2.33,9.96,2.01,0.0,0.0,25.606011858101844,0.0,0.0
2025-01-27 04:00:00,0.0,1.93,10.79,1.51,0.0,0.0,27.28328471363118,0.0,0.0
2025-01-27 05:00:00,0.0,1.48,11.11,1.01,0.0,0.0,30.498438374767012,0.0,0.0
2025-01-27 06:00:00,0.0,1.05,11.3,0.88,0.0,0.0,31.313359523095507,0.0,0.0
2025-01-27 07:00:00,118.0,0.65,13.01,0.75,18.88,0.0,36.66958184893068,0.0,0.0
2025-01-27 08:00:00,337.1,0.49,15.24,0.63,53.93600000000001,0.0,44.35189118818405,9.584108811815959,19.168217623631918
2025-01-27 09:00:00,537.72,0.58,17.17,0.5,86.0352,0.0,47.501960641581924,19.58410881181596,39.16821762363192
2025-01-27 10:00:00,688.4,0.93,21.71,0.38,110.144,0.0,56.73535303882426,29.58410881181596,59.16821762363191
2025-01-27 11:00:00,771.5,1.48,24.12,0.25,123.44,0.0,66.41669485761919,39.58410881181596,79.16821762363192
2025-01-27 12:00:00,785.7,1.77,25.06,0.13,125.71200000000002,0.0,69.09237776291286,49.58410881181596,99.16821762363192
2025-01-27 13:00:00,726.08,1.96,25.48,0.0,116.1728,0.0,76.46840201125667,50.0,100.0
2025-01-27 14:00:00,597.65,2.13,25.35,0.1,95.624,0.0,81.80876068811864,50.0,100.0
2025-01-27 15:00:00,412.48,2.03,24.54,0.2,65.99680000000001,0.0,73.5967019494956,42.40009805050441,84.80019610100882
2025-01-27 16:00:00,191.35,1.69,21.39,0.3,30.616,0.0,69.26229043988597,32.40009805050441,64.80019610100882
2025-01-27 17:00:00,15.95,2.03,18.55,0.4,2.552,0.0,69.1871280022477,22.40009805050441,44.80019610100882
2025-01-27 18:00:00,0.0,2.33,16.85,0.5,0.0,0.0,58.69865922605413,12.400098050504411,24.800196101008822
2025-01-27 19:00:00,0.0,2.64,15.14,0.5,0.0,0.0,49.8340440503434,2.400098050504411,4.800196101008822
2025-01-27 20:00:00,0.0,2.81,13.72,0.5,0.0,0.0,38.28665515624147,0.0,0.0
2025-01-27 21:00:00,0.0,2.76,12.8,0.5,0.0,0.0,38.52504373648668,0.0,0.0
2025-01-27 22:00:00,0.0,2.59,12.28,0.5,0.0,0.0,30.013133901607937,0.0,0.0
2025-01-27 23:00:00,0.0,2.35,11.96,0.5,0.0,0.0,26.66069706908773,0.0,0.0
2025-01-28 00:00:00,0.0,2.1,11.72,0.5,0.0,0.0,24.613580186014513,0.0,0.0
2025-01-28 01:00:00,0.0,1.87,11.52,1.71,0.0,0.0,25.934398802516636,0.0,0.0
2025-01-28 02:00:00,0.0,1.6,11.58,1.86,0.0,0.0,26.670997913489828,0.0,0.0
2025-01-28 03:00:00,0.0,1.24,11.35,2.01,0.0,0.0,24.89233779745054,0.0,0.0
2025-01-28 04:00:00,0.0,0.84,11.8,2.51,0.0,0.0,25.441867043077956,0.0,0.0
2025-01-28 05:00:00,0.0,0.36,12.13,1.51,0.0,0.0,28.61795787419724,0.0,0.0
2025-01-28 06:00:00,0.0,0.31,11.9,1.29,0.0,0.0,31.728522598819367,0.0,0.0
2025-01-28 07:00:00,116.55,0.83,12.48,1.08,18.648,0.0,38.40301525316401,0.0,0.0
2025-01-28 08:00:00,332.23,1.33,14.96,0.86,53.1568,0.0,44.08320341345602,9.073596586543978,18.147193173087956
2025-01-28 09:00:00,530.7,1.39,17.72,0.65,84.91200000000002,0.0,46.86704131149623,19.073596586543978,38.147193173087956
2025-01-28 10:00:00,679.38,1.82,22.45,0.43,108.70080000000002,0.0,60.071170311828055,29.073596586543978,58.14719317308795
2025-01-28 11:00:00,762.75,1.78,24.75,0.22,122.04000000000002,0.0,65.01289721502499,39.07359658654398,78.14719317308796
2025-01-28 12:00:00,776.3,1.59,25.91,0.0,124.208,0.0,72.63423844254467,49.07359658654398,98.14719317308796
2025-01-28 13:00:00,717.58,1.31,26.43,0.0,114.8128,0.0,82.10477470397052,50.0,100.0
2025-01-28 14:00:00,566.03,1.1,26.34,13.23,90.5648,0.0,83.72590001783995,50.0,100.0
2025-01-28 15:00:00,378.17,0.84,25.54,23.96,60.507200000000005,0.0,76.2521924070403,40.0,80.0
2025-01-28 16:00:00,170.0,1.11,22.96,35.41,27.200000000000003,0.0,75.89396668166904,30.0,60.0
2025-01-28 17:00:00,13.68,2.08,19.14,55.59,2.1888,0.0,63.26786303497605,20.0,40.0
2025-01-28 18:00:00,0.0,2.78,16.72,69.85,0.0,0.0,58.73690230901997,10.0,20.0
2025-01-28 19:00:00,0.0,3.22,15.13,30.64,0.0,0.772829814814815,50.633263385419966,0.0,0.0
2025-01-28 20:00:00,0.0,3.49,14.01,3.03,0.0,0.9839941898148152,36.931586086786,0.0,0.0
2025-01-28 21:00:00,0.0,3.59,13.06,5.49,0.0,1.0710249768518516,34.82086780077789,0.0,0.0
2025-01-28 22:00:00,0.0,3.62,12.17,22.52,0.0,1.0981001851851853,30.72688825752155,0.0,0.0
2025-01-28 23:00:00,0.0,3.59,11.48,31.89,0.0,1.0710249768518516,29.14998860511842,0.0,0.0
2025-01-29 00:00:00,0.0,3.46,10.91,34.94,0.0,0.9588364814814814,24.76420732541602,0.0,0.0
2025-01-29 01:00:00,0.0,3.23,10.48,33.29,0.0,0.7800524768518519,25.366450600911513,0.0,0.0
2025-01-29 02:00:00,0.0,2.89,10.69,53.12,0.0,0.0,25.53224083140922,0.0,0.0
2025-01-29 03:00:00,0.0,2.73,10.38,43.58,0.0,0.0,26.970772307999884,0.0,0.0
2025-01-29 04:00:00,0.0,2.75,9.62,28.06,0.0,0.0,26.621842598342,0.0,0.0
2025-01-29 05:00:00,0.0,2.87,8.98,18.57,0.0,0.0,28.42876864604948,0.0,0.0
2025-01-29 06:00:00,0.0,3.0,8.53,3.52,0.0,0.625,29.10270619099298,0.0,0.0
2025-01-29 07:00:00,106.0,3.0,11.51,2.93,16.96,0.625,37.26023698554261,0.0,0.0
2025-01-29 08:00:00,311.73,3.81,14.85,2.35,49.8768,1.2802393750000003,44.86214917599941,6.294890199000591,12.589780398001182
2025-01-29 09:00:00,507.85,3.78,18.47,1.76,81.25600000000001,1.2502349999999998,50.18125508643551,16.29489019900059,32.58978039800118
2025-01-29 10:00:00,656.85,4.25,22.04,1.18,105.096,1.7769820601851851,56.986156064704744,26.29489019900059,52.58978039800118
2025-01-29 11:00:00,740.67,4.11,25.2,0.59,118.5072,1.607095625,68.90201254262954,36.29489019900059,72.58978039800118
2025-01-29 12:00:00,757.5,3.86,26.98,0.01,121.2,1.3313068518518518,75.6019738650571,46.29489019900059,92.58978039800118
2025-01-29 13:00:00,700.8,3.51,27.53,1.29,112.128,1.0010081249999998,89.16886599078983,50.0,100.0
2025-01-29 14:00:00,575.38,2.97,27.4,2.57,92.0608,0.0,80.59335283457818,50.0,100.0
2025-01-29 15:00:00,394.15,2.1,26.61,3.85,63.064,0.0,73.9928384422805,40.0,80.0
2025-01-29 16:00:00,181.27,1.56,23.5,5.0,29.003200000000007,0.0,76.82058120840013,30.0,60.0
2025-01-29 17:00:00,15.7,2.41,19.65,6.35,2.512,0.0,60.46423606663471,20.0,40.0
2025-01-29 18:00:00,0.0,2.94,17.47,7.69,0.0,0.0,57.98707805532023,10.0,20.0
2025-01-29 19:00:00,0.0,3.17,16.11,9.19,0.0,0.7373845601851852,44.23838970463031,0.0,0.0
2025-01-29 20:00:00,0.0,3.06,15.21,6.29,0.0,0.6632550000000001,43.6380501695093,0.0,0.0
2025-01-29 21:00:00,0.0,2.87,14.28,3.4,0.0,0.0,36.47740220747896,0.0,0.0
2025-01-29 22:00:00,0.0,2.9,12.98,0.5,0.0,0.0,33.09054894357359,0.0,0.0
2025-01-29 23:00:00,0.0,2.94,11.73,2.34,0.0,0.0,29.72676540689592,0.0,0.0
2025-01-30 00:00:00,0.0,2.91,10.67,4.18,0.0,0.0,23.407219012779297,0.0,0.0
2025-01-30 01:00:00,0.0,2.78,9.82,6.02,0.0,0.0,26.56825486912732,0.0,0.0
2025-01-30 02:00:00,0.0,2.64,9.26,3.02,0.0,0.0,23.972319214597064,0.0,0.0
2025-01-30 03:00:00,0.0,2.54,8.93,1.76,0.0,0.0,23.09581778466345,0.0,0.0
2025-01-30 04:00:00,0.0,2.47,8.7,0.5,0.0,0.0,26.313382016790342,0.0,0.0
2025-01-30 05:00:00,0.0,2.4,8.55,1.02,0.0,0.0,28.799203710568932,0.0,0.0
2025-01-30 06:00:00,0.0,2.29,8.53,6.6,0.0,0.0,31.306614754800272,0.0,0.0
2025-01-30 07:00:00,105.1,2.07,11.05,5.12,16.816,0.0,33.97842328343892,0.0,0.0
2025-01-30 08:00:00,311.1,2.37,14.24,4.4,49.77600000000001,0.0,46.235562656150805,3.540437343849206,7.080874687698412
2025-01-30 09:00:00,509.05,1.99,17.66,3.3,81.44800000000001,0.0,49.096799595013714,13.540437343849206,27.080874687698415
2025-01-30 10:00:00,659.8,2.87,22.36,2.2,105.56799999999998,0.0,58.980051640849204,23.540437343849206,47.08087468769841
2025-01-30 11:00:00,756.05,3.78,26.07,1.1,120.96800000000002,1.2502349999999998,69.54324212425557,33.540437343849206,67.08087468769841
2025-01-30 12:00:00,773.3,4.07,27.13,0.0,123.728,1.5606283101851857,75.85292831299178,43.540437343849206,87.08087468769841
2025-01-30 13:00:00,714.55,4.41,27.33,0.72,114.32799999999996,1.985326875,81.07925688008267,50.0,100.0
2025-01-30 14:00:00,586.5,4.6,26.96,1.45,93.84000000000002,2.253148148148148,82.6141465039842,50.0,100.0
2025-01-30 15:00:00,402.5,4.29,25.88,2.17,64.4,1.8276293750000003,85.11644738907499,40.0,80.0
2025-01-30 16:00:00,186.12,2.66,21.99,2.89,29.779200000000003,0.0,74.68156834845729,30.0,60.0
2025-01-30 17:00:00,16.73,3.0,17.78,3.62,2.6768000000000005,0.625,64.95822123677353,20.0,40.0
2025-01-30 18:00:00,0.0,2.97,16.59,4.34,0.0,0.0,57.54963196743209,10.0,20.0
2025-01-30 19:00:00,0.0,2.92,15.66,5.05,0.0,0.0,48.82220388456438,0.0,0.0
2025-01-30 20:00:00,0.0,3.02,14.51,5.77,0.0,0.6375835185185185,44.9906374616798,0.0,0.0
2025-01-30 21:00:00,0.0,3.22,13.26,6.5,0.0,0.772829814814815,38.07105816786029,0.0,0.0
2025-01-30 22:00:00,0.0,3.42,12.22,7.22,0.0,0.9259649999999998,31.96293594940372,0.0,0.0
2025-01-30 23:00:00,0.0,3.54,11.44,7.95,0.0,1.026895,30.917008401536364,0.0,0.0
2025-01-31 00:00:00,0.0,3.51,10.84,8.68,0.0,1.0010081249999998,24.7123867385577,0.0,0.0
2025-01-31 01:00:00,0.0,3.4,10.4,6.77,0.0,0.9098148148148146,24.972051113433377,0.0,0.0
2025-01-31 02:00:00,0.0,3.18,10.24,4.87,0.0,0.7443850000000002,25.35661828219312,0.0,0.0
2025-01-31 03:00:00,0.0,2.86,10.46,2.69,0.0,0.0,25.514395231529978,0.0,0.0
2025-01-31 04:00:00,0.0,2.38,11.14,0.5,0.0,0.0,27.665226992831958,0.0,0.0
2025-01-31 05:00:00,0.0,1.76,12.05,0.51,0.0,0.0,30.60911280060957,0.0,0.0
2025-01-31 06:00:00,0.0,1.31,12.52,0.5,0.0,0.0,31.62409864961297,0.0,0.0
2025-01-31 07:00:00,104.97,1.26,13.46,0.5,16.7952,0.0,37.780584058877025,0.0,0.0
2025-01-31 08:00:00,307.1,1.79,16.14,0.5,49.13600000000001,0.0,43.04139110509499,6.094608894905022,12.189217789810044
2025-01-31 09:00:00,502.67,1.86,19.12,0.5,80.42720000000001,0.0,50.16690389824,16.094608894905022,32.189217789810044
2025-01-31 10:00:00,649.95,2.79,23.56,0.5,103.99200000000002,0.0,59.1345878969608,26.094608894905022,52.18921778981005
2025-01-31 11:00:00,748.9,3.58,25.23,0.5,119.824,1.0620998148148149,66.6664821031872,36.09460889490502,72.18921778981004
2025-01-31 12:00:00,762.55,3.72,25.86,0.5,122.008,1.1916400000000005,73.13624184683647,46.09460889490502,92.18921778981004
2025-01-31 13:00:00,704.4,3.61,25.99,0.0,112.704,1.089025023148148,75.47380676933115,50.0,100.0
2025-01-31 14:00:00,577.3,3.35,25.65,0.01,92.368,0.8702633101851853,82.82636784767038,50.0,100.0
2025-01-31 15:00:00,393.62,2.85,24.81,0.02,62.979200000000006,0.0,81.69828291679111,40.0,80.0
2025-01-31 16:00:00,180.57,1.58,22.15,0.03,28.8912,0.0,68.25830943906736,30.0,60.0
2025-01-31 17:00:00,16.4,1.42,20.04,0.04,2.624,0.0,65.92524648105068,20.0,40.0
2025-01-31 18:00:00,0.0,1.51,18.76,0.06,0.0,0.0,56.85551738431327,10.0,20.0
2025-01-31 19:00:00,0.0,1.68,17.53,0.07,0.0,0.0,48.98475910842415,0.0,0.0
2025-01-31 20:00:00,0.0,1.57,16.97,0.08,0.0,0.0,42.39868608890665,0.0,0.0
2025-01-31 21:00:00,0.0,1.17,16.59,0.09,0.0,0.0,35.75507071214313,0.0,0.0
2025-01-31 22:00:00,0.0,0.89,15.93,0.1,0.0,0.0,28.94522882284683,0.0,0.0
2025-01-31 23:00:00,0.0,0.97,14.95,0.11,0.0,0.0,27.879431821889934,0.0,0.0
2025-02-01 00:00:00,0.0,1.28,14.01,0.12,0.0,0.0,13.516035539606973,0.0,0.0
2025-02-01 01:00:00,0.0,1.56,12.98,0.13,0.0,0.0,14.773136049061725,0.0,0.0
2025-02-01 02:00:00,0.0,1.86,11.95,0.14,0.0,0.0,13.978534736178503,0.0,0.0
2025-02-01 03:00:00,0.0,2.15,10.99,0.14,0.0,0.0,15.25750815693077,0.0,0.0
2025-02-01 04:00:00,0.0,2.38,10.11,0.14,0.0,0.0,16.227277489386406,0.0,0.0
2025-02-01 05:00:00,0.0,2.54,9.59,1.01,0.0,0.0,18.17127458662506,0.0,0.0
2025-02-01 06:00:00,0.0,2.63,9.27,1.01,0.0,0.0,20.137448008392376,0.0,0.0
2025-02-01 07:00:00,103.15,2.41,11.8,1.01,16.504,0.0,22.675986483275363,0.0,0.0
2025-02-01 08:00:00,304.08,2.69,15.32,1.01,48.6528,0.0,24.728579802158848,10.0,20.0
2025-02-01 09:00:00,500.1,1.59,19.22,1.01,80.016,0.0,29.963712669002824,20.0,40.0
2025-02-01 10:00:00,650.58,0.88,23.27,1.34,104.0928,0.0,32.73573594186988,30.0,60.0
2025-02-01 11:00:00,722.17,1.6,24.59,1.68,115.5472,0.0,43.3885685049131,40.0,80.0
2025-02-01 12:00:00,743.15,2.13,25.22,2.01,118.904,0.0,42.20819433059762,50.0,100.0
2025-02-01 13:00:00,691.45,2.66,25.38,0.24,110.632,0.0,49.99017791526641,50.0,100.0
2025-02-01 14:00:00,537.4,2.71,24.89,19.32,85.98400000000001,0.0,51.264188788110715,50.0,100.0
2025-02-01 15:00:00,369.75,2.24,23.94,15.31,59.16,0.0,44.248674530334206,50.0,100.0
2025-02-01 16:00:00,173.85,1.42,21.3,9.34,27.816000000000003,0.0,44.15874732890957,40.0,80.0
2025-02-01 17:00:00,16.65,1.63,19.06,5.23,2.664,0.0,38.257458539459975,30.0,60.0
2025-02-01 18:00:00,0.0,2.09,17.48,0.5,0.0,0.0,31.962045456594147,20.0,40.0
2025-02-01 19:00:00,0.0,2.6,15.91,1.51,0.0,0.0,26.18855108788267,10.0,20.0
2025-02-01 20:00:00,0.0,2.97,14.58,1.01,0.0,0.0,25.163054606622747,0.0,0.0
2025-02-01 21:00:00,0.0,3.19,13.48,0.5,0.0,0.7514296064814816,22.557494194475634,0.0,0.0
2025-02-01 22:00:00,0.0,3.34,12.59,0.5,0.0,0.8624931481481479,17.471949190564324,0.0,0.0
2025-02-01 23:00:00,0.0,3.43,11.85,0.5,0.0,0.9341112731481482,16.24579724409179,0.0,0.0
2025-02-02 00:00:00,0.0,3.49,11.25,0.5,0.0,0.9839941898148152,14.368904897040245,0.0,0.0
2025-02-02 01:00:00,0.0,3.46,10.72,0.0,0.0,0.9588364814814814,13.661771731579416,0.0,0.0
2025-02-02 02:00:00,0.0,3.39,10.24,1.76,0.0,0.9018106250000002,15.06391939527626,0.0,0.0
2025-02-02 03:00:00,0.0,3.33,9.79,3.52,0.0,0.854769375,16.608953552478553,0.0,0.0
2025-02-02 04:00:00,0.0,3.3,9.38,10.52,0.0,0.8318749999999999,15.24043387147943,0.0,0.0
2025-02-02 05:00:00,0.0,3.26,8.99,22.57,0.0,0.8019901851851851,16.72687914591075,0.0,0.0
2025-02-02 06:00:00,0.0,3.18,8.76,21.07,0.0,0.7443850000000002,17.063982156580778,0.0,0.0
2025-02-02 07:00:00,103.18,3.09,11.67,17.77,16.508800000000004,0.6829543749999999,21.48409442256758,0.0,0.0
2025-02-02 08:00:00,303.23,3.43,14.78,14.66,48.5168,0.9341112731481482,26.335522654404905,10.0,20.0
2025-02-02 09:00:00,511.33,2.59,18.84,10.51,81.8128,0.0,27.62833777806148,20.0,40.0
2025-02-02 10:00:00,666.97,1.91,22.74,6.45,106.7152,0.0,35.475243726700036,30.0,60.0
2025-02-02 11:00:00,708.17,1.18,24.07,4.36,113.3072,0.0,41.49386213419353,40.0,80.0
2025-02-02 12:00:00,729.03,0.74,24.76,3.02,116.6448,0.0,43.02502604430511,50.0,100.0
2025-02-02 13:00:00,671.75,0.59,25.05,2.17,107.48,0.0,46.94749497472681,50.0,100.0
2025-02-02 14:00:00,550.5,0.92,24.85,3.02,88.08,0.0,46.749392710814156,50.0,100.0
2025-02-02 15:00:00,373.02,1.26,24.11,2.77,59.6832,0.0,44.48636052581426,50.0,100.0
2025-02-02 16:00:00,171.12,1.17,21.91,2.52,27.3792,0.0,44.103578511844574,40.0,80.0
2025-02-02 17:00:00,16.52,1.72,19.03,2.27,2.6432,0.0,40.83141550735895,30.0,60.0
2025-02-02 18:00:00,0.0,2.26,17.33,2.03,0.0,0.0,38.27703270676929,20.0,40.0
2025-02-02 19:00:00,0.0,2.73,15.65,1.78,0.0,0.0,29.242685089315614,10.0,20.0
2025-02-02 20:00:00,0.0,2.99,14.22,1.53,0.0,0.0,24.209231784758376,0.0,0.0
2025-02-02 21:00:00,0.0,3.11,13.1,1.29,0.0,0.6963016435185185,21.442409334373263,0.0,0.0
2025-02-02 22:00:00,0.0,3.18,12.19,1.04,0.0,0.7443850000000002,19.25544473014605,0.0,0.0
2025-02-02 23:00:00,0.0,3.17,11.45,0.79,0.0,0.7373845601851852,18.2024555614512,0.0,0.0
2025-02-03 00:00:00,0.0,3.14,10.86,0.55,0.0,0.716646851851852,25.09675737552742,0.0,0.0
2025-02-03 01:00:00,0.0,3.11,10.35,0.3,0.0,0.6963016435185185,24.518440781915096,0.0,0.0
2025-02-03 02:00:00,0.0,3.09,9.95,0.35,0.0,0.6829543749999999,23.87896955884495,0.0,0.0
2025-02-03 03:00:00,0.0,3.03,9.63,0.4,0.0,0.6439381249999998,23.539124055020626,0.0,0.0
2025-02-03 04:00:00,0.0,2.95,9.41,0.45,0.0,0.0,23.76434306499639,0.0,0.0
2025-02-03 05:00:00,0.0,2.88,9.27,0.5,0.0,0.0,30.49154382121197,0.0,0.0
2025-02-03 06:00:00,0.0,2.8,9.29,1.65,0.0,0.0,34.95658665274371,0.0,0.0
2025-02-03 07:00:00,103.6,2.44,12.22,2.8,16.576,0.0,30.89785226309849,0.0,0.0
2025-02-03 08:00:00,298.02,3.3,15.87,3.95,47.6832,0.8318749999999999,44.56216629944711,3.9529087005528893,7.905817401105779
2025-02-03 09:00:00,489.58,3.58,19.92,5.54,78.3328,1.0620998148148149,48.94416775003152,13.95290870055289,27.905817401105782
2025-02-03 10:00:00,634.8,4.21,23.14,6.65,101.56799999999998,1.7272791898148143,56.07031233831675,23.95290870055289,47.90581740110578
2025-02-03 11:00:00,695.53,4.17,24.81,7.75,111.2848,1.678511875,64.20614340623906,33.95290870055289,67.90581740110578
2025-02-03 12:00:00,711.2,4.21,25.9,8.79,113.79200000000002,1.7272791898148143,75.75661384123615,43.95290870055289,87.90581740110578
2025-02-03 13:00:00,664.67,4.28,26.49,4.71,106.3472,1.8148785185185188,71.55002009460641,50.0,100.0
2025-02-03 14:00:00,513.75,3.93,26.45,18.1,82.20000000000002,1.405056875,83.98943873850192,49.6156181364981,99.2312362729962
2025-02-03 15:00:00,335.08,3.11,25.73,33.19,53.61279999999999,0.6963016435185185,78.93883350644737,39.6156181364981,79.2312362729962
2025-02-03 16:00:00,150.23,1.6,23.07,49.04,24.0368,0.0,73.60596812388687,29.6156181364981,59.2312362729962
2025-02-03 17:00:00,15.52,2.36,19.55,72.15,2.4832,0.0,74.88380619816061,19.6156181364981,39.2312362729962
2025-02-03 18:00:00,0.0,2.99,18.01,90.43,0.0,0.0,60.380423669135524,9.6156181364981,19.2312362729962
2025-02-03 19:00:00,0.0,3.18,17.36,87.89,0.0,0.7443850000000002,49.80131773221281,0.0,0.0
2025-02-03 20:00:00,0.0,3.15,16.79,95.17,0.0,0.7235156249999999,44.6480902572352,0.0,0.0
2025-02-03 21:00:00,0.0,3.08,16.16,97.97,0.0,0.6763451851851853,37.039762139428305,0.0,0.0
2025-02-03 22:00:00,0.0,3.0,15.61,82.11,0.0,0.625,31.820157919798795,0.0,0.0
2025-02-03 23:00:00,0.0,2.88,15.25,84.88,0.0,0.0,27.297779782043705,0.0,0.0
2025-02-04 00:00:00,0.0,2.82,14.99,55.79,0.0,0.0,24.21159633927327,0.0,0.0
2025-02-04 01:00:00,0.0,2.63,14.59,58.32,0.0,0.0,25.528086944960243,0.0,0.0
2025-02-04 02:00:00,0.0,2.29,14.26,99.88,0.0,0.0,25.670574213205445,0.0,0.0
2025-02-04 03:00:00,0.0,1.89,13.98,83.34,0.0,0.0,25.464829287852567,0.0,0.0
2025-02-04 04:00:00,0.0,1.61,13.79,80.18,0.0,0.0,29.76355149111829,0.0,0.0
2025-02-04 05:00:00,0.0,1.57,13.58,92.59,0.0,0.0,28.944626238771512,0.0,0.0
2025-02-04 06:00:00,0.0,1.65,13.34,76.27,0.0,0.0,32.97753864984382,0.0,0.0
2025-02-04 07:00:00,65.38,2.08,14.41,82.36,10.4608,0.0,35.035563157278666,0.0,0.0
2025-02-04 08:00:00,174.18,2.24,15.51,85.9,27.8688,0.0,40.211065788932515,0.0,0.0
2025-02-04 09:00:00,284.6,1.86,17.67,89.74,45.536,0.0,47.59325513826048,0.0,0.0
2025-02-04 10:00:00,420.48,1.47,20.67,91.21,67.27680000000001,0.0,53.18646064989967,10.0,20.0
2025-02-04 11:00:00,403.6,2.77,23.55,89.3,64.57600000000001,0.0,72.37402515204857,2.2019748479514334,4.403949695902867
2025-02-04 12:00:00,435.42,3.71,24.69,87.34,69.66720000000001,1.182055810185185,71.59467816031143,1.4565524978252,2.9131049956504
2025-02-04 13:00:00,440.23,4.33,24.88,75.73,70.4368,1.879230023148148,82.4021296508804,0.0,0.0
2025-02-04 14:00:00,401.98,4.42,24.51,64.16,64.3168,1.998863148148148,77.95800904157292,0.0,0.0
2025-02-04 15:00:00,259.48,4.1,23.8,49.52,41.51680000000001,1.595393518518518,81.86969729465001,0.0,0.0
2025-02-04 16:00:00,130.85,2.96,21.42,34.0,20.936,0.0,70.89564788804071,0.0,0.0
2025-02-04 17:00:00,15.25,2.93,17.7,17.28,2.44,0.0,66.44359623803163,0.0,0.0
2025-02-04 18:00:00,0.0,2.98,16.33,1.02,0.0,0.0,59.43314435534194,0.0,0.0
2025-02-04 19:00:00,0.0,3.12,15.2,1.49,0.0,0.7030400000000001,46.16965824044568,0.0,0.0
2025-02-04 20:00:00,0.0,3.26,14.19,1.96,0.0,0.8019901851851851,42.3157674386015,0.0,0.0
2025-02-04 21:00:00,0.0,3.45,13.17,2.43,0.0,0.9505468750000002,38.0927069532861,0.0,0.0
2025-02-04 22:00:00,0.0,3.73,12.29,2.9,0.0,1.2012758564814814,31.02692542211003,0.0,0.0
2025-02-04 23:00:00,0.0,4.05,11.55,3.37,0.0,1.5377343749999997,29.477701672732305,0.0,0.0
2025-02-05 00:00:00,0.0,4.42,10.85,3.84,0.0,1.998863148148148,23.46256364173329,0.0,0.0
2025-02-05 01:00:00,0.0,4.53,10.16,5.16,0.0,2.151844375,22.874040997013857,0.0,0.0
2025-02-05 02:00:00,0.0,4.29,9.47,6.46,0.0,1.8276293750000003,23.977844109228187,0.0,0.0
2025-02-05 03:00:00,0.0,4.12,8.91,5.09,0.0,1.618854814814815,24.361966517132085,0.0,0.0
2025-02-05 04:00:00,0.0,4.08,8.46,3.73,0.0,1.5721600000000002,24.48271956028237,0.0,0.0
2025-02-05 05:00:00,0.0,4.03,8.05,2.37,0.0,1.5150654398148151,26.8048623995821,0.0,0.0
2025-02-05 06:00:00,0.0,3.98,7.88,1.01,0.0,1.459370185185185,29.737470734322176,0.0,0.0
2025-02-05 07:00:00,120.28,4.8,11.18,0.9,19.2448,2.56,37.944996062052766,0.0,0.0
2025-02-05 08:00:00,331.05,4.45,14.57,0.8,52.96800000000001,2.0398408564814816,40.11987284646575,10.0,20.0
2025-02-05 09:00:00,535.25,4.46,18.69,0.7,85.64,2.0536235185185188,48.08294515697613,20.0,40.0
2025-02-05 10:00:00,691.15,4.99,21.04,0.6,110.584,2.876192106481481,56.02722185765411,30.0,60.0
2025-02-05 11:00:00,780.85,4.75,22.28,0.5,124.93600000000002,2.480830439814815,62.77320373234734,40.0,80.0
2025-02-05 12:00:00,798.2,4.56,23.1,0.0,127.71200000000002,2.1948799999999995,81.91697462687853,50.0,100.0
2025-02-05 13:00:00,740.97,4.4,23.48,0.0,118.5552,1.9718518518518524,72.67772104885837,50.0,100.0
2025-02-05 14:00:00,613.05,4.14,23.28,0.42,98.088,1.6425449999999997,81.34673666600285,50.0,100.0
2025-02-05 15:00:00,427.92,3.67,22.41,0.85,68.4672,1.1442329398148148,74.15394652998027,45.457486409834544,90.91497281966909
2025-02-05 16:00:00,208.48,2.14,19.76,1.27,33.3568,0.0,75.33104221970316,35.457486409834544,70.91497281966909
2025-02-05 17:00:00,23.08,2.23,16.38,1.7,3.6928,0.0,67.08516619405276,25.457486409834544,50.91497281966909
2025-02-05 18:00:00,0.0,2.19,15.46,2.12,0.0,0.0,55.68630093400785,15.457486409834544,30.91497281966909
2025-02-05 19:00:00,0.0,2.23,14.66,2.55,0.0,0.0,49.33035450828699,5.457486409834544,10.914972819669089
2025-02-05 20:00:00,0.0,2.41,13.63,2.97,0.0,0.0,39.830661733653265,0.0,0.0
2025-02-05 21:00:00,0.0,2.64,12.48,3.39,0.0,0.0,34.819842073471506,0.0,0.0
2025-02-05 22:00:00,0.0,2.9,11.32,3.82,0.0,0.0,29.93268092819266,0.0,0.0
2025-02-05 23:00:00,0.0,3.06,10.4,4.24,0.0,0.6632550000000001,25.83686963839955,0.0,0.0
2025-02-06 00:00:00,0.0,3.13,9.73,4.67,0.0,0.7098216898148147,22.759235580144857,0.0,0.0
2025-02-06 01:00:00,0.0,3.16,9.18,5.09,0.0,0.7304281481481483,24.054617260919255,0.0,0.0
2025-02-06 02:00:00,0.0,3.18,8.73,5.51,0.0,0.7443850000000002,24.192312038893704,0.0,0.0
2025-02-06 03:00:00,0.0,3.15,8.35,4.51,0.0,0.7235156249999999,25.89797582441665,0.0,0.0
2025-02-06 04:00:00,0.0,3.08,8.04,3.51,0.0,0.6763451851851853,25.20451078306356,0.0,0.0
2025-02-06 05:00:00,0.0,2.95,7.86,2.51,0.0,0.0,29.43503755129557,0.0,0.0
2025-02-06 06:00:00,0.0,2.72,8.03,1.51,0.0,0.0,31.13572770090333,0.0,0.0
2025-02-06 07:00:00,129.68,2.08,11.11,1.29,20.748800000000003,0.0,35.10434233672714,0.0,0.0
2025-02-06 08:00:00,344.08,2.16,14.96,1.08,55.052800000000005,0.0,41.86230361779497,10.0,20.0
2025-02-06 09:00:00,548.03,1.77,18.78,0.86,87.68480000000001,0.0,50.560249683671145,20.0,40.0
2025-02-06 10:00:00,702.55,2.0,21.89,0.65,112.408,0.0,57.6031916600158,30.0,60.0
2025-02-06 11:00:00,791.78,2.32,23.25,0.43,126.6848,0.0,74.1624997839363,40.0,80.0
2025-02-06 12:00:00,808.1,2.64,24.03,0.22,129.29600000000002,0.0,82.06696777394313,50.0,100.0
2025-02-06 13:00:00,749.67,3.0,24.34,0.0,119.9472,0.625,76.6856278183026,50.0,100.0
2025-02-06 14:00:00,619.03,3.47,24.09,3.7,99.0448,0.9671741435185188,81.07164639867143,50.0,100.0
2025-02-06 15:00:00,431.58,3.49,23.2,7.42,69.05279999999999,0.9839941898148152,80.47855272673507,40.0,80.0
2025-02-06 16:00:00,210.3,2.26,20.18,10.87,33.648,0.0,73.69815339202277,30.0,60.0
2025-02-06 17:00:00,24.08,2.97,15.4,14.69,3.8528,0.0,67.82886771899997,20.0,40.0
2025-02-06 18:00:00,0.0,3.4,13.42,18.49,0.0,0.9098148148148146,56.491987923374744,10.0,20.0
2025-02-06 19:00:00,0.0,3.56,12.17,22.18,0.0,1.0443985185185187,53.50895208171112,0.0,0.0
2025-02-06 20:00:00,0.0,3.64,11.19,25.98,0.0,1.1164014814814818,42.89932562493004,0.0,0.0
2025-02-06 21:00:00,0.0,3.68,10.44,12.45,0.0,1.153611851851852,37.624973326338385,0.0,0.0
2025-02-06 22:00:00,0.0,3.7,9.76,49.54,0.0,1.1725231481481482,30.163359443792494,0.0,0.0
2025-02-06 23:00:00,0.0,3.74,9.22,3.52,0.0,1.2109635185185188,27.25871699654333,0.0,0.0
2025-02-07 00:00:00,0.0,3.78,8.77,1.01,0.0,1.2502349999999998,24.11721880617402,0.0,0.0
2025-02-07 01:00:00,0.0,3.79,8.31,15.58,0.0,1.2601837731481482,24.796007630343983,0.0,0.0
2025-02-07 02:00:00,0.0,3.77,7.84,14.6,0.0,1.240338726851852,24.803981778292563,0.0,0.0
2025-02-07 03:00:00,0.0,3.72,7.34,13.68,0.0,1.1916400000000005,23.122057800859793,0.0,0.0
2025-02-07 04:00:00,0.0,3.65,6.89,3.02,0.0,1.1256278935185184,27.44213660117638,0.0,0.0
2025-02-07 05:00:00,0.0,3.55,6.48,2.51,0.0,1.0356221064814817,27.132683196896735,0.0,0.0
2025-02-07 06:00:00,0.0,3.35,6.4,2.01,0.0,0.8702633101851853,29.402620776900918,0.0,0.0
2025-02-07 07:00:00,129.45,2.69,10.2,1.71,20.712,0.0,36.947892064098234,0.0,0.0
2025-02-07 08:00:00,341.4,2.91,14.32,1.41,54.624,0.0,42.33192674813177,10.0,20.0
2025-02-07 09:00:00,544.83,2.31,18.22,1.11,87.17280000000001,0.0,50.463148842089396,20.0,40.0
2025-02-07 10:00:00,699.4,3.28,21.85,0.81,111.904,0.8168414814814813,59.108490644188905,30.0,60.0
2025-02-07 11:00:00,795.2,3.58,23.31,0.51,127.232,1.0620998148148149,71.64267762791425,40.0,80.0
2025-02-07 12:00:00,810.97,4.07,24.15,0.26,129.75520000000003,1.5606283101851857,73.6282285399359,50.0,100.0
2025-02-07 13:00:00,753.65,4.53,24.42,0.01,120.584,2.151844375,81.05045589865794,50.0,100.0
2025-02-07 14:00:00,620.95,4.7,24.2,4.92,99.352,2.403310185185185,79.37175564760422,50.0,100.0
2025-02-07 15:00:00,430.38,4.58,23.34,15.09,68.8608,2.2238868518518515,83.61279389364284,40.0,80.0
2025-02-07 16:00:00,209.8,2.91,20.27,25.72,33.568000000000005,0.0,76.63820480850978,30.0,60.0
2025-02-07 17:00:00,24.1,3.29,15.22,35.64,3.856,0.8243353935185185,70.23145922422067,20.0,40.0
2025-02-07 18:00:00,0.0,3.46,13.57,45.78,0.0,0.9588364814814814,56.29368160666825,10.0,20.0
2025-02-07 19:00:00,0.0,3.44,12.68,6.01,0.0,0.942305185185185,51.05414407384751,0.0,0.0
2025-02-07 20:00:00,0.0,3.36,12.23,24.17,0.0,0.8780799999999999,41.87738713744754,0.0,0.0
2025-02-07 21:00:00,0.0,3.19,12.27,41.56,0.0,0.7514296064814816,38.671687459598786,0.0,0.0
2025-02-07 22:00:00,0.0,3.14,11.9,90.13,0.0,0.716646851851852,33.185083492683454,0.0,0.0
2025-02-07 23:00:00,0.0,3.12,11.47,81.88,0.0,0.7030400000000001,25.856957605376568,0.0,0.0
2025-02-08 00:00:00,0.0,3.26,10.27,54.92,0.0,0.8019901851851851,14.884310484299013,0.0,0.0
2025-02-08 01:00:00,0.0,3.27,9.62,27.8,0.0,0.8093931249999999,13.656843644293046,0.0,0.0
2025-02-08 02:00:00,0.0,3.26,9.15,72.5,0.0,0.8019901851851851,13.914629768320154,0.0,0.0
2025-02-08 03:00:00,0.0,3.26,8.84,50.13,0.0,0.8019901851851851,15.761861054878528,0.0,0.0
2025-02-08 04:00:00,0.0,3.2,8.61,46.73,0.0,0.7585185185185186,16.133320252360612,0.0,0.0
2025-02-08 05:00:00,0.0,3.03,8.66,52.83,0.0,0.6439381249999998,16.79158532954143,0.0,0.0
2025-02-08 06:00:00,0.0,2.89,8.83,71.61,0.0,0.0,18.937676020200705,0.0,0.0
2025-02-08 07:00:00,116.68,2.39,12.13,49.41,18.6688,0.0,21.70687530871979,0.0,0.0
2025-02-08 08:00:00,311.67,2.88,16.47,33.79,49.8672,0.0,27.182869021004144,10.0,20.0
2025-02-08 09:00:00,511.02,2.34,20.17,18.26,81.76320000000001,0.0,32.016241962624576,20.0,40.0
2025-02-08 10:00:00,678.65,2.49,24.08,1.61,108.584,0.0,37.11691798561762,30.0,60.0
2025-02-08 11:00:00,744.33,2.11,25.8,24.3,119.0928,0.0,42.48630150019776,40.0,80.0
2025-02-08 12:00:00,764.88,1.69,26.14,63.18,122.3808,0.0,45.59753216014195,50.0,100.0
2025-02-08 13:00:00,704.5,1.75,26.26,40.63,112.72,0.0,49.21372545877041,50.0,100.0
2025-02-08 14:00:00,572.72,1.95,26.31,39.21,91.6352,0.0,50.50494941225938,50.0,100.0
2025-02-08 15:00:00,399.95,2.05,25.77,37.66,63.992,0.0,43.87869956333073,50.0,100.0
2025-02-08 16:00:00,198.77,1.61,22.83,35.49,31.8032,0.0,46.520362170829124,40.0,80.0
2025-02-08 17:00:00,25.3,2.19,19.39,34.15,4.048,0.0,41.73170475079457,30.0,60.0
2025-02-08 18:00:00,0.0,2.52,17.5,30.92,0.0,0.0,37.976909982050365,20.0,40.0
2025-02-08 19:00:00,0.0,2.74,15.94,26.66,0.0,0.0,29.768378721184753,10.0,20.0
2025-02-08 20:00:00,0.0,2.83,14.84,17.03,0.0,0.0,25.745180723045475,0.0,0.0
2025-02-08 21:00:00,0.0,2.82,14.12,9.58,0.0,0.0,19.12485949096513,0.0,0.0
2025-02-08 22:00:00,0.0,2.84,13.38,5.53,0.0,0.0,18.34877777501054,0.0,0.0
2025-02-08 23:00:00,0.0,2.85,12.74,1.51,0.0,0.0,18.77087165091072,0.0,0.0
2025-02-09 00:00:00,0.0,2.81,12.3,28.01,0.0,0.0,14.650019663876154,0.0,0.0
2025-02-09 01:00:00,0.0,2.74,11.98,37.43,0.0,0.0,14.800069564568966,0.0,0.0
2025-02-09 02:00:00,0.0,2.63,11.75,35.71,0.0,0.0,15.240639022626059,0.0,0.0
2025-02-09 03:00:00,0.0,2.46,11.65,30.04,0.0,0.0,13.237278817953873,0.0,0.0
2025-02-09 04:00:00,0.0,2.24,11.59,15.32,0.0,0.0,15.500374647043552,0.0,0.0
2025-02-09 05:00:00,0.0,2.07,11.69,0.5,0.0,0.0,16.573937700925395,0.0,0.0
2025-02-09 06:00:00,0.0,1.94,11.75,12.09,0.0,0.0,19.454088540581502,0.0,0.0
2025-02-09 07:00:00,138.3,1.66,13.85,9.47,22.128,0.0,22.389353837723355,0.0,0.0
2025-02-09 08:00:00,350.23,2.07,17.12,6.63,56.03680000000001,0.0,25.19636741397113,10.0,20.0
2025-02-09 09:00:00,553.2,2.23,20.99,3.41,88.512,0.0,27.401470398619164,20.0,40.0
2025-02-09 10:00:00,707.22,2.7,24.71,0.5,113.15520000000002,0.0,31.57188262020503,30.0,60.0
2025-02-09 11:00:00,788.3,2.88,26.33,7.67,126.128,0.0,40.29303191902516,40.0,80.0
2025-02-09 12:00:00,797.35,3.04,27.24,9.04,127.576,0.6503348148148148,46.54150566884249,50.0,100.0
2025-02-09 13:00:00,700.12,3.02,27.6,30.1,112.0192,0.6375835185185185,47.168396121261054,50.0,100.0
2025-02-09 14:00:00,531.62,2.79,27.39,50.85,85.0592,0.0,50.3968298428159,50.0,100.0
2025-02-09 15:00:00,363.98,2.43,26.54,46.87,58.23680000000001,0.0,46.108519291146926,50.0,100.0
2025-02-09 16:00:00,187.57,1.54,23.73,41.84,30.0112,0.0,43.61540851455655,40.0,80.0
2025-02-09 17:00:00,25.85,2.01,19.86,35.4,4.136,0.0,42.69944355627858,30.0,60.0
2025-02-09 18:00:00,0.0,2.48,17.85,29.11,0.0,0.0,32.54898371581247,20.0,40.0
2025-02-09 19:00:00,0.0,2.74,16.66,18.72,0.0,0.0,28.208518898155283,10.0,20.0
2025-02-09 20:00:00,0.0,2.67,16.08,27.72,0.0,0.0,25.971208167297654,0.0,0.0
2025-02-09 21:00:00,0.0,2.41,15.83,8.62,0.0,0.0,21.326072040020538,0.0,0.0
2025-02-09 22:00:00,0.0,2.2,15.77,4.52,0.0,0.0,18.795328867549234,0.0,0.0
2025-02-09 23:00:00,0.0,2.11,15.33,15.38,0.0,0.0,16.571501475842712,0.0,0.0
2025-02-10 00:00:00,0.0,1.96,14.85,24.89,0.0,0.0,24.289690807102055,0.0,0.0
2025-02-10 01:00:00,0.0,1.8,14.32,27.2,0.0,0.0,24.55399028262561,0.0,0.0
2025-02-10 02:00:00,0.0,1.95,13.27,1.51,0.0,0.0,23.935959225188263,0.0,0.0
2025-02-10 03:00:00,0.0,2.16,12.28,8.87,0.0,0.0,24.454928747543292,0.0,0.0
2025-02-10 04:00:00,0.0,2.26,11.5,70.3,0.0,0.0,25.612405307443613,0.0,0.0
2025-02-10 05:00:00,0.0,2.29,10.93,64.52,0.0,0.0,28.45028400017972,0.0,0.0
2025-02-10 06:00:00,3.53,2.26,10.72,67.67,0.5648,0.0,28.883871001666257,0.0,0.0
2025-02-10 07:00:00,94.28,1.95,13.59,70.58,15.0848,0.0,35.19164315598685,0.0,0.0
2025-02-10 08:00:00,263.45,2.04,16.99,73.01,42.152,0.0,41.5095105109785,0.6424894890215,1.284978978043
2025-02-10 09:00:00,422.08,1.83,20.82,75.09,67.5328,0.0,48.0657740227768,10.6424894890215,21.284978978043
2025-02-10 10:00:00,555.0,2.16,25.4,89.7,88.80000000000001,0.0,62.01974596365674,20.6424894890215,41.284978978043
2025-02-10 11:00:00,685.1,2.52,28.32,50.09,109.616,0.0,62.512845480916276,30.6424894890215,61.284978978043
2025-02-10 12:00:00,760.17,2.65,29.28,62.33,121.6272,0.0,72.63675265196147,40.6424894890215,81.284978978043
2025-02-10 13:00:00,705.25,2.81,29.62,68.07,112.84000000000002,0.0,88.34028966663435,50.0,100.0
2025-02-10 14:00:00,546.72,2.93,29.35,53.53,87.4752,0.0,77.52228193629075,50.0,100.0
2025-02-10 15:00:00,384.65,2.79,28.57,41.61,61.544,0.0,85.2073642095729,40.0,80.0
2025-02-10 16:00:00,194.98,1.79,25.7,29.67,31.1968,0.0,75.1429045624032,30.0,60.0
2025-02-10 17:00:00,26.23,1.69,23.35,16.9,4.1968,0.0,64.83141833258465,20.0,40.0
2025-02-10 18:00:00,0.0,1.48,22.33,4.02,0.0,0.0,59.781325073266245,10.0,20.0
2025-02-10 19:00:00,0.0,1.47,21.5,1.01,0.0,0.0,51.58900076423139,0.0,0.0
2025-02-10 20:00:00,0.0,1.52,20.81,1.51,0.0,0.0,39.30357662721653,0.0,0.0
2025-02-10 21:00:00,0.0,1.45,19.88,1.17,0.0,0.0,36.234666375811756,0.0,0.0
2025-02-10 22:00:00,0.0,1.34,18.81,0.84,0.0,0.0,31.31213633269394,0.0,0.0
2025-02-10 23:00:00,0.0,1.09,18.36,0.5,0.0,0.0,30.722016154230708,0.0,0.0
2025-02-11 00:00:00,0.0,0.64,18.36,7.31,0.0,0.0,23.51570634226502,0.0,0.0
2025-02-11 01:00:00,0.0,0.2,17.81,5.18,0.0,0.0,23.27389363624973,0.0,0.0
2025-02-11 02:00:00,0.0,0.28,17.08,32.26,0.0,0.0,27.94316216274934,0.0,0.0
2025-02-11 03:00:00,0.0,0.75,15.94,5.71,0.0,0.0,25.795771050801257,0.0,0.0
2025-02-11 04:00:00,0.0,1.18,15.09,2.01,0.0,0.0,25.511255963637286,0.0,0.0
2025-02-11 05:00:00,0.0,1.54,14.17,13.93,0.0,0.0,28.852235484580067,0.0,0.0
2025-02-11 06:00:00,4.07,1.88,13.34,12.39,0.6512000000000002,0.0,31.935002208373717,0.0,0.0
2025-02-11 07:00:00,120.68,1.93,15.11,9.14,19.308800000000005,0.0,33.605121519729884,0.0,0.0
2025-02-11 08:00:00,332.4,2.21,18.22,8.64,53.184,0.0,41.082239078224795,10.0,20.0
2025-02-11 09:00:00,531.8,2.0,21.84,7.0,85.088,0.0,53.42797594923257,20.0,40.0
2025-02-11 10:00:00,684.38,2.56,26.03,5.29,109.5008,0.0,54.90627763920924,30.0,60.0
2025-02-11 11:00:00,767.28,3.31,28.86,3.44,122.7648,0.8394604398148148,69.04009118896454,40.0,80.0
2025-02-11 12:00:00,786.97,3.71,29.82,1.72,125.9152,1.182055810185185,78.20176677222767,50.0,100.0
2025-02-11 13:00:00,733.78,4.13,30.07,0.0,117.4048,1.630671226851852,78.99735376300501,50.0,100.0
2025-02-11 14:00:00,607.72,4.28,29.66,1.18,97.23520000000002,1.8148785185185188,87.33953963585697,50.0,100.0
2025-02-11 15:00:00,423.92,4.0,28.7,2.36,67.8272,1.4814814814814814,83.59030086124741,40.0,80.0
2025-02-11 16:00:00,209.55,2.41,25.53,3.54,33.528000000000006,0.0,74.3535211718345,30.0,60.0
2025-02-11 17:00:00,27.0,2.56,21.67,4.71,4.32,0.0,68.26098999277188,20.0,40.0
2025-02-11 18:00:00,0.0,2.51,20.57,5.89,0.0,0.0,57.80837860220063,10.0,20.0
2025-02-11 19:00:00,0.0,2.5,19.66,7.11,0.0,0.0,51.16750977161884,0.0,0.0
2025-02-11 20:00:00,0.0,2.6,18.55,6.15,0.0,0.0,40.76867205506609,0.0,0.0
2025-02-11 21:00:00,0.0,2.75,17.39,2.51,0.0,0.0,33.03624741811646,0.0,0.0
2025-02-11 22:00:00,0.0,2.81,16.43,2.01,0.0,0.0,33.80148732420237,0.0,0.0
2025-02-11 23:00:00,0.0,2.79,15.63,2.26,0.0,0.0,26.794838913418232,0.0,0.0
2025-02-12 00:00:00,0.0,2.68,14.79,2.51,0.0,0.0,24.10975393468501,0.0,0.0
2025-02-12 01:00:00,0.0,2.61,13.98,13.89,0.0,0.0,23.374652723741203,0.0,0.0
2025-02-12 02:00:00,0.0,2.73,13.16,17.83,0.0,0.0,24.847953646161418,0.0,0.0
2025-02-12 03:00:00,0.0,2.97,12.32,16.23,0.0,0.0,27.380452404149594,0.0,0.0
2025-02-12 04:00:00,0.0,3.2,11.64,14.6,0.0,0.7585185185185186,27.212830456035164,0.0,0.0
2025-02-12 05:00:00,0.0,3.32,11.12,12.98,0.0,0.8470918518518518,29.180443398696546,0.0,0.0
2025-02-12 06:00:00,4.32,3.35,10.99,11.39,0.6912,0.8702633101851853,32.226263542257115,0.0,0.0
2025-02-12 07:00:00,122.68,4.06,14.5,9.23,19.6288,1.5491531481481478,35.10230863066664,0.0,0.0
2025-02-12 08:00:00,338.48,3.93,17.7,8.05,54.1568,1.405056875,41.36408105077147,10.0,20.0
2025-02-12 09:00:00,542.15,3.84,22.23,6.58,86.74400000000001,1.3107199999999997,49.568537323541946,20.0,40.0
2025-02-12 10:00:00,698.67,4.68,25.69,4.87,111.7872,2.3727599999999995,60.73200510016115,30.0,60.0
2025-02-12 11:00:00,802.47,4.77,26.81,3.25,128.39520000000002,2.512299375,65.50533203090163,40.0,80.0
2025-02-12 12:00:00,820.45,5.01,27.35,1.62,131.27200000000002,2.910914375,73.89675268556037,50.0,100.0
2025-02-12 13:00:00,763.53,5.34,27.42,0.0,122.1648,3.524845,77.271139681847,50.0,100.0
2025-02-12 14:00:00,633.55,5.47,27.05,0.73,101.368,3.7885954398148143,86.88357082322744,50.0,100.0
2025-02-12 15:00:00,445.5,5.17,26.12,1.47,71.28,3.1988058564814814,72.55527095548712,50.0,100.0
2025-02-12 16:00:00,223.05,3.48,23.71,2.2,35.688,0.97556,78.0092928018613,40.0,80.0
2025-02-12 17:00:00,29.67,3.16,18.57,2.93,4.7472,0.7304281481481483,63.508364506236504,30.0,60.0
2025-02-12 18:00:00,0.0,3.38,16.74,3.67,0.0,0.8938535185185186,61.63335233239098,20.0,40.0
2025-02-12 19:00:00,0.0,3.37,15.74,4.4,0.0,0.8859433564814816,52.809053431134615,10.0,20.0
2025-02-12 20:00:00,0.0,3.32,14.84,5.13,0.0,0.8470918518518518,41.300559813979056,0.0,0.0
2025-02-12 21:00:00,0.0,3.33,14.01,5.86,0.0,0.854769375,38.7753707303475,0.0,0.0
2025-02-12 22:00:00,0.0,3.38,13.28,6.6,0.0,0.8938535185185186,31.946426917715403,0.0,0.0
2025-02-12 23:00:00,0.0,3.48,12.6,7.33,0.0,0.97556,28.191381408454937,0.0,0.0
2025-02-13 00:00:00,0.0,3.58,12.02,8.06,0.0,1.0620998148148149,24.51849761689952,0.0,0.0
2025-02-13 01:00:00,0.0,3.61,11.47,8.8,0.0,1.089025023148148,23.463074510696103,0.0,0.0
2025-02-13 02:00:00,0.0,3.62,10.95,8.0,0.0,1.0981001851851853,23.049176884460724,0.0,0.0
2025-02-13 03:00:00,0.0,3.57,10.44,7.21,0.0,1.053224375,23.903510619850525,0.0,0.0
2025-02-13 04:00:00,0.0,3.52,9.94,6.41,0.0,1.009588148148148,24.585916480321224,0.0,0.0
2025-02-13 05:00:00,0.0,3.44,9.52,5.62,0.0,0.942305185185185,28.920613185854585,0.0,0.0
2025-02-13 06:00:00,4.72,3.25,9.48,4.82,0.7551999999999999,0.7946325231481481,30.175810022801727,0.0,0.0
2025-02-13 07:00:00,125.55,2.84,13.59,4.03,20.088,0.0,37.34757399922571,0.0,0.0
2025-02-13 08:00:00,339.77,2.7,17.4,3.23,54.3632,0.0,39.623355341398415,10.0,20.0
2025-02-13 09:00:00,543.42,2.34,21.84,2.43,86.94720000000001,0.0,51.951633847584304,20.0,40.0
2025-02-13 10:00:00,699.62,2.87,25.31,1.64,111.9392,0.0,60.75617013209834,30.0,60.0
2025-02-13 11:00:00,814.1,3.3,26.94,0.84,130.25600000000003,0.8318749999999999,70.70488087456852,40.0,80.0
2025-02-13 12:00:00,829.7,3.99,27.84,0.05,132.752,1.4703981250000004,79.45282039571971,50.0,100.0
2025-02-13 13:00:00,771.75,4.52,28.12,0.24,123.48000000000002,2.1376251851851844,87.36284466243009,50.0,100.0
2025-02-13 14:00:00,642.3,4.85,27.71,0.7,102.768,2.640836226851851,84.22875546203628,50.0,100.0
2025-02-13 15:00:00,454.73,4.72,26.71,1.16,72.7568,2.434121481481481,78.9260027189597,46.26491876252179,92.52983752504358
2025-02-13 16:00:00,230.52,2.85,24.1,1.62,36.8832,0.0,75.33482164136959,36.26491876252179,72.52983752504358
2025-02-13 17:00:00,31.88,2.69,19.11,2.08,5.1008,0.0,68.10212958069413,26.264918762521788,52.529837525043575
2025-02-13 18:00:00,0.0,3.02,17.07,2.54,0.0,0.6375835185185185,59.794421195401384,16.264918762521788,32.529837525043575
2025-02-13 19:00:00,0.0,3.11,15.91,3.48,0.0,0.6963016435185185,47.575969163435275,6.264918762521788,12.529837525043575
2025-02-13 20:00:00,0.0,2.91,15.23,4.43,0.0,0.0,41.00586743239313,0.0,0.0
2025-02-13 21:00:00,0.0,2.44,15.25,5.37,0.0,0.0,39.923371823684285,0.0,0.0
2025-02-13 22:00:00,0.0,1.94,15.55,6.31,0.0,0.0,29.79926701605032,0.0,0.0
2025-02-13 23:00:00,0.0,1.35,15.83,7.26,0.0,0.0,27.161508901617125,0.0,0.0
2025-02-14 00:00:00,0.0,0.65,16.16,8.2,0.0,0.0,26.371933436757008,0.0,0.0
2025-02-14 01:00:00,0.0,0.55,16.12,9.15,0.0,0.0,24.686936129897227,0.0,0.0
2025-02-14 02:00:00,0.0,1.31,14.69,8.68,0.0,0.0,22.74716432096195,0.0,0.0
2025-02-14 03:00:00,0.0,1.76,13.64,8.2,0.0,0.0,25.714161618690436,0.0,0.0
2025-02-14 04:00:00,0.0,2.01,12.72,7.73,0.0,0.0,24.087111202715903,0.0,0.0
2025-02-14 05:00:00,0.0,2.18,11.92,7.26,0.0,0.0,28.700664848533116,0.0,0.0
2025-02-14 06:00:00,4.93,2.24,11.49,6.78,0.7888,0.0,32.46476476092907,0.0,0.0
2025-02-14 07:00:00,122.75,2.24,14.41,5.9,19.64,0.0,34.38405310335872,0.0,0.0
2025-02-14 08:00:00,330.92,2.53,17.78,5.87,52.9472,0.0,44.06718169969114,8.880018300308862,17.760036600617724
2025-02-14 09:00:00,526.97,2.46,22.21,5.51,84.3152,0.0,51.03685726084473,18.880018300308862,37.760036600617724
2025-02-14 10:00:00,677.78,3.44,26.91,4.89,108.4448,0.942305185185185,60.557039100194544,28.880018300308862,57.760036600617724
2025-02-14 11:00:00,780.83,4.04,28.88,4.42,124.9328,1.526371851851852,63.00113408609027,38.88001830030886,77.76003660061772
2025-02-14 12:00:00,797.83,4.37,29.8,3.94,127.6528,1.931792893518519,79.22147082250751,48.88001830030886,97.76003660061772
2025-02-14 13:00:00,727.47,4.57,30.1,17.25,116.3952,2.2093516898148158,86.95095913567386,50.0,100.0
2025-02-14 14:00:00,614.3,4.62,29.78,6.95,98.288,2.282665,81.37476916976922,50.0,100.0
2025-02-14 15:00:00,433.1,4.36,28.89,5.67,69.296,1.918561481481482,84.39946993802228,40.0,80.0
2025-02-14 16:00:00,219.23,2.64,26.22,4.22,35.0768,0.0,70.49306231691664,30.0,60.0
2025-02-14 17:00:00,30.9,2.44,22.22,2.98,4.944,0.0,59.79803636395221,20.0,40.0
2025-02-14 18:00:00,0.0,2.16,21.53,1.74,0.0,0.0,57.17251051541612,10.0,20.0
2025-02-14 19:00:00,0.0,1.9,21.08,0.5,0.0,0.0,49.43758077562843,0.0,0.0
2025-02-14 20:00:00,0.0,1.65,20.53,1.86,0.0,0.0,41.72229552912864,0.0,0.0
2025-02-14 21:00:00,0.0,1.23,20.0,3.23,0.0,0.0,33.63284743507944,0.0,0.0
2025-02-14 22:00:00,0.0,0.83,20.0,4.59,0.0,0.0,33.12874380520144,0.0,0.0
2025-02-14 23:00:00,0.0,0.7,19.39,5.95,0.0,0.0,26.514659666902304,0.0,0.0
2025-02-15 00:00:00,0.0,0.92,18.55,7.31,0.0,0.0,15.150601127227814,0.0,0.0
2025-02-15 01:00:00,0.0,1.22,17.7,8.67,0.0,0.0,14.374261745905093,0.0,0.0
2025-02-15 02:00:00,0.0,1.44,16.69,5.34,0.0,0.0,14.93228311876769,0.0,0.0
2025-02-15 03:00:00,0.0,1.73,15.9,2.01,0.0,0.0,16.1357918185396,0.0,0.0
2025-02-15 04:00:00,0.0,2.05,15.2,28.58,0.0,0.0,15.107792850255377,0.0,0.0
2025-02-15 05:00:00,0.0,2.4,14.1,73.3,0.0,0.0,16.8964049272076,0.0,0.0
2025-02-15 06:00:00,5.28,2.61,13.38,55.82,0.8448000000000001,0.0,18.790729197995002,0.0,0.0
2025-02-15 07:00:00,111.47,3.01,16.63,36.36,17.8352,0.6312708564814813,22.08515611516699,0.0,0.0
2025-02-15 08:00:00,304.45,3.14,19.76,22.39,48.712,0.716646851851852,25.288506624316717,10.0,20.0
2025-02-15 09:00:00,507.8,3.92,24.27,6.73,81.248,1.3943585185185183,30.709882404970127,20.0,40.0
2025-02-15 10:00:00,659.65,6.23,28.58,3.45,105.54399999999998,5.597323310185186,37.93753586001075,30.0,60.0
2025-02-15 11:00:00,797.45,6.94,30.34,1.72,127.592,7.73739314814815,42.96613408181112,40.0,80.0
2025-02-15 12:00:00,812.53,7.04,31.14,0.0,130.00480000000002,8.076705185185185,46.35931298481813,50.0,100.0
2025-02-15 13:00:00,759.72,6.82,31.38,1.01,121.5552,7.342929814814816,49.55766317877258,50.0,100.0
2025-02-15 14:00:00,636.2,5.94,31.27,0.5,101.79200000000004,4.851495000000001,50.25109658859702,50.0,100.0
2025-02-15 15:00:00,452.08,4.95,30.59,1.45,72.3328,2.8075781250000005,48.267110690702886,50.0,100.0
2025-02-15 16:00:00,232.15,3.02,27.96,2.4,37.144,0.6375835185185185,44.12222334004336,43.659360178475154,87.31872035695031
2025-02-15 17:00:00,34.55,2.94,23.25,3.35,5.528,0.0,37.20331517873449,33.659360178475154,67.31872035695031
2025-02-15 18:00:00,0.0,2.9,21.76,4.29,0.0,0.0,39.56754803931998,23.659360178475154,47.31872035695031
2025-02-15 19:00:00,0.0,2.78,20.88,5.24,0.0,0.0,28.454195897392363,13.659360178475154,27.31872035695031
2025-02-15 20:00:00,0.0,2.77,19.77,6.19,0.0,0.0,27.871757336510857,3.659360178475154,7.318720356950309
2025-02-15 21:00:00,0.0,2.77,18.61,7.14,0.0,0.0,21.042587151079417,0.0,0.0
2025-02-15 22:00:00,0.0,2.7,17.62,8.09,0.0,0.0,19.211731573669002,0.0,0.0
2025-02-15 23:00:00,0.0,2.65,16.66,9.03,0.0,0.0,18.072160809678188,0.0,0.0
2025-02-16 00:00:00,0.0,2.6,15.55,9.98,0.0,0.0,14.756745101552783,0.0,0.0
2025-02-16 01:00:00,0.0,2.55,14.56,8.64,0.0,0.0,14.0434945714178,0.0,0.0
2025-02-16 02:00:00,0.0,2.61,13.75,7.29,0.0,0.0,14.762561515083629,0.0,0.0
2025-02-16 03:00:00,0.0,2.71,13.06,6.96,0.0,0.0,15.309533878561066,0.0,0.0
2025-02-16 04:00:00,0.0,2.69,12.42,6.62,0.0,0.0,15.069494073533896,0.0,0.0
2025-02-16 05:00:00,0.0,2.67,11.88,6.29,0.0,0.0,18.29793673921189,0.0,0.0
2025-02-16 06:00:00,6.12,2.59,11.77,6.17,0.9792000000000002,0.0,17.67195354654624,0.0,0.0
2025-02-16 07:00:00,140.07,3.19,14.94,5.18,22.4112,0.7514296064814816,23.33798657266583,0.0,0.0
2025-02-16 08:00:00,357.73,2.67,17.99,5.41,57.2368,0.0,26.12305167081387,10.0,20.0
2025-02-16 09:00:00,557.97,2.07,22.78,4.94,89.27520000000003,0.0,30.087309278615955,20.0,40.0
2025-02-16 10:00:00,710.08,0.69,27.02,4.6,113.61280000000002,0.0,38.04745139563552,30.0,60.0
2025-02-16 11:00:00,796.6,1.17,28.9,4.26,127.456,0.0,42.81513682409071,40.0,80.0
2025-02-16 12:00:00,814.33,1.7,29.74,3.93,130.2928,0.0,46.189445897112314,50.0,100.0
2025-02-16 13:00:00,759.08,2.16,30.1,3.59,121.45280000000002,0.0,50.711085991739324,50.0,100.0
2025-02-16 14:00:00,618.7,2.44,29.86,8.7,98.99200000000002,0.0,50.91288603122033,50.0,100.0
2025-02-16 15:00:00,420.12,2.69,29.09,15.8,67.2192,0.0,54.13233552146103,50.0,100.0
2025-02-16 16:00:00,211.68,1.83,26.68,23.19,33.8688,0.0,46.09921938412676,40.0,80.0
2025-02-16 17:00:00,29.7,2.1,23.2,37.84,4.752000000000001,0.0,40.09855128023272,30.0,60.0
2025-02-16 18:00:00,0.0,2.66,21.03,48.83,0.0,0.0,33.94822508684518,20.0,40.0
2025-02-16 19:00:00,0.0,3.24,19.28,74.71,0.0,0.7873200000000001,29.93808674475079,10.0,20.0
2025-02-16 20:00:00,0.0,3.59,18.24,66.89,0.0,1.0710249768518516,25.70718957457439,0.0,0.0
2025-02-16 21:00:00,0.0,3.69,17.6,66.4,0.0,1.163041875,21.59557808595622,0.0,0.0
2025-02-16 22:00:00,0.0,3.76,17.03,68.97,0.0,1.2304948148148147,18.06681910410547,0.0,0.0
2025-02-16 23:00:00,0.0,3.83,16.36,10.31,0.0,1.3005066435185186,16.51091792853291,0.0,0.0
2025-02-17 00:00:00,0.0,3.77,15.68,24.87,0.0,1.240338726851852,24.291244919705136,0.0,0.0
2025-02-17 01:00:00,0.0,3.71,15.21,44.92,0.0,1.182055810185185,23.10498294789412,0.0,0.0
2025-02-17 02:00:00,0.0,3.57,14.86,43.39,0.0,1.053224375,24.680869855153468,0.0,0.0
2025-02-17 03:00:00,0.0,3.56,14.61,23.35,0.0,1.0443985185185187,24.54345064225437,0.0,0.0
2025-02-17 04:00:00,0.0,3.75,14.53,26.82,0.0,1.220703125,23.952979158180252,0.0,0.0
2025-02-17 05:00:00,0.0,3.69,14.42,19.92,0.0,1.163041875,27.731982869865536,0.0,0.0
2025-02-17 06:00:00,6.07,4.02,14.53,17.52,0.9712,1.5038149999999997,34.20257894841403,0.0,0.0
2025-02-17 07:00:00,127.6,5.13,16.39,10.12,20.416,3.125131875,35.58911390075532,0.0,0.0
2025-02-17 08:00:00,335.05,5.12,19.44,10.27,53.608,3.106891851851852,45.37073883958146,10.0,20.0
2025-02-17 09:00:00,530.97,6.15,23.68,9.64,84.95520000000002,5.384453125000002,51.650652209862194,20.0,40.0
2025-02-17 10:00:00,684.12,5.64,26.22,7.39,109.4592,4.152919999999999,59.38637281586741,30.0,60.0
2025-02-17 11:00:00,773.05,4.74,27.8,5.05,123.688,2.4651950000000005,66.87516445593366,40.0,80.0
2025-02-17 12:00:00,795.33,3.9,28.86,2.53,127.25280000000004,1.3731249999999997,75.19971435843112,50.0,100.0
2025-02-17 13:00:00,743.88,3.16,29.38,0.02,119.0208,0.7304281481481483,86.01987833564331,50.0,100.0
2025-02-17 14:00:00,612.42,2.61,29.39,6.03,97.9872,0.0,93.61933712201866,50.0,100.0
2025-02-17 15:00:00,429.5,2.4,28.77,4.52,68.72000000000001,0.0,83.15024370921485,40.0,80.0
2025-02-17 16:00:00,219.52,1.86,26.83,3.52,35.123200000000004,0.0,70.36429742228732,30.0,60.0
2025-02-17 17:00:00,33.1,2.51,22.72,2.51,5.296000000000001,0.0,64.13163694395777,20.0,40.0
2025-02-17 18:00:00,0.0,3.07,21.07,1.51,0.0,0.669778773148148,62.82725706617646,10.0,20.0
2025-02-17 19:00:00,0.0,3.35,20.4,0.5,0.0,0.8702633101851853,55.44086862390061,0.0,0.0
2025-02-17 20:00:00,0.0,3.57,19.55,18.57,0.0,1.053224375,39.78968453874635,0.0,0.0
2025-02-17 21:00:00,0.0,3.67,18.87,67.01,0.0,1.1442329398148148,35.02554740746347,0.0,0.0
2025-02-17 22:00:00,0.0,3.65,18.08,69.91,0.0,1.1256278935185184,31.99074582994076,0.0,0.0
2025-02-17 23:00:00,0.0,3.66,17.96,74.97,0.0,1.134905,28.26407447174152,0.0,0.0
2025-02-18 00:00:00,0.0,3.51,17.3,80.78,0.0,1.0010081249999998,23.722994927394303,0.0,0.0
2025-02-18 01:00:00,0.0,3.46,16.58,90.47,0.0,0.9588364814814814,25.146866125155107,0.0,0.0
2025-02-18 02:00:00,0.0,3.53,15.98,94.24,0.0,1.018217060185185,25.9770183861307,0.0,0.0
2025-02-18 03:00:00,0.0,3.53,15.4,99.54,0.0,1.018217060185185,24.425964156405296,0.0,0.0
2025-02-18 04:00:00,0.0,3.54,14.82,100.0,0.0,1.026895,27.217709192189787,0.0,0.0
2025-02-18 05:00:00,0.0,3.38,14.03,100.0,0.0,0.8938535185185186,26.646418586986577,0.0,0.0
2025-02-18 06:00:00,4.62,3.32,13.85,88.96,0.7392000000000001,0.8470918518518518,31.318049803631126,0.0,0.0
2025-02-18 07:00:00,99.05,4.43,16.24,76.02,15.848,2.0124608101851846,32.9647535018819,0.0,0.0
2025-02-18 08:00:00,264.85,3.81,19.24,67.88,42.376000000000005,1.2802393750000003,44.65806641104814,0.0,0.0
2025-02-18 09:00:00,446.5,4.2,24.27,59.64,71.44,1.715,54.05972317862198,10.0,20.0
2025-02-18 10:00:00,685.92,3.9,27.23,16.55,109.7472,1.3731249999999997,59.47340063793205,20.0,40.0
2025-02-18 11:00:00,741.35,2.88,28.84,11.28,118.616,0.0,61.11437353760393,30.0,60.0
2025-02-18 12:00:00,781.17,1.99,29.8,4.55,124.9872,0.0,77.84188220385492,40.0,80.0
2025-02-18 13:00:00,729.67,1.7,30.16,0.12,116.7472,0.0,82.65899519854509,50.0,100.0
2025-02-18 14:00:00,604.45,1.73,29.96,1.07,96.71200000000002,0.0,82.93643457025716,50.0,100.0
2025-02-18 15:00:00,423.17,1.67,29.15,2.02,67.7072,0.0,84.61671714001785,40.0,80.0
2025-02-18 16:00:00,214.68,1.23,27.49,2.97,34.348800000000004,0.0,81.84171801682258,30.0,60.0
2025-02-18 17:00:00,33.03,1.16,25.0,3.92,5.284800000000001,0.0,58.9474995060803,20.0,40.0
2025-02-18 18:00:00,0.0,1.35,23.81,4.87,0.0,0.0,54.51903778116214,10.0,20.0
2025-02-18 19:00:00,0.0,1.56,22.4,5.8,0.0,0.0,51.48870534203289,0.0,0.0
2025-02-18 20:00:00,0.0,1.81,21.33,6.75,0.0,0.0,39.93490163811913,0.0,0.0
2025-02-18 21:00:00,0.0,2.15,20.01,7.71,0.0,0.0,35.72431904237267,0.0,0.0
2025-02-18 22:00:00,0.0,2.5,18.6,8.66,0.0,0.0,30.48605033272776,0.0,0.0
2025-02-18 23:00:00,0.0,2.75,17.36,9.61,0.0,0.0,28.772780971556386,0.0,0.0
2025-02-19 00:00:00,0.0,2.79,16.43,10.56,0.0,0.0,23.553399699903363,0.0,0.0
2025-02-19 01:00:00,0.0,2.69,16.2,11.51,0.0,0.0,23.504508798465572,0.0,0.0
2025-02-19 02:00:00,0.0,2.61,16.24,1.01,0.0,0.0,22.087704927238835,0.0,0.0
2025-02-19 03:00:00,0.0,2.6,16.11,11.62,0.0,0.0,27.526717363164707,0.0,0.0
2025-02-19 04:00:00,0.0,2.56,15.93,2.02,0.0,0.0,27.47980706377021,0.0,0.0
2025-02-19 05:00:00,0.0,2.52,15.73,3.52,0.0,0.0,28.236157078705197,0.0,0.0
2025-02-19 06:00:00,7.28,2.49,15.74,2.9,1.1648,0.0,30.331216583216136,0.0,0.0
2025-02-19 07:00:00,134.7,3.38,17.83,2.29,21.552,0.8938535185185186,33.2638359913705,0.0,0.0
2025-02-19 08:00:00,342.38,3.07,20.67,1.68,54.7808,0.669778773148148,41.0023458531215,10.0,20.0
2025-02-19 09:00:00,540.15,2.84,24.23,1.06,86.424,0.0,49.484929607461474,20.0,40.0
2025-02-19 10:00:00,644.8,2.62,26.49,27.33,103.168,0.0,56.0025769032556,30.0,60.0
2025-02-19 11:00:00,689.3,2.59,27.76,38.72,110.288,0.0,66.7350843727397,40.0,80.0
2025-02-19 12:00:00,680.58,2.64,28.63,73.42,108.89280000000002,0.0,69.13054786919338,50.0,100.0
2025-02-19 13:00:00,650.42,2.72,28.39,56.96,104.0672,0.0,78.3341156802503,50.0,100.0
2025-02-19 14:00:00,560.62,2.72,28.65,17.55,89.6992,0.0,85.0116658284157,50.0,100.0
2025-02-19 15:00:00,373.1,2.4,28.33,28.15,59.696000000000005,0.0,78.89126093553746,40.0,80.0
2025-02-19 16:00:00,183.25,1.62,26.88,36.88,29.32,0.0,81.33063298990801,30.0,60.0
2025-02-19 17:00:00,27.77,1.67,23.88,50.0,4.4432,0.0,67.3747205894888,20.0,40.0
2025-02-19 18:00:00,0.0,2.3,22.26,60.76,0.0,0.0,57.50680027396933,10.0,20.0
2025-02-19 19:00:00,0.0,2.52,21.79,36.34,0.0,0.0,51.112313065072826,0.0,0.0
2025-02-19 20:00:00,0.0,2.57,21.35,10.21,0.0,0.0,43.52239445429691,0.0,0.0
2025-02-19 21:00:00,0.0,2.62,20.67,7.74,0.0,0.0,35.94823579699352,0.0,0.0
2025-02-19 22:00:00,0.0,2.67,19.96,9.85,0.0,0.0,29.84873352076316,0.0,0.0
2025-02-19 23:00:00,0.0,2.74,19.23,28.45,0.0,0.0,28.76757621156763,0.0,0.0
2025-02-20 00:00:00,0.0,2.95,18.48,33.14,0.0,0.0,23.506082935771488,0.0,0.0
2025-02-20 01:00:00,0.0,3.12,17.54,24.79,0.0,0.7030400000000001,24.59109753104886,0.0,0.0
2025-02-20 02:00:00,0.0,3.24,16.69,19.9,0.0,0.7873200000000001,23.8050437807269,0.0,0.0
2025-02-20 03:00:00,0.0,3.29,15.68,0.5,0.0,0.8243353935185185,24.390630344732813,0.0,0.0
2025-02-20 04:00:00,0.0,3.54,14.91,13.44,0.0,1.026895,28.27507367731796,0.0,0.0
2025-02-20 05:00:00,0.0,3.93,14.45,18.02,0.0,1.405056875,29.02822159578822,0.0,0.0
2025-02-20 06:00:00,7.8,4.53,14.37,15.22,1.248,2.151844375,33.06703566509816,0.0,0.0
2025-02-20 07:00:00,141.07,5.44,16.08,9.41,22.5712,3.726601481481482,34.40102763072941,0.0,0.0
2025-02-20 08:00:00,351.6,5.38,19.55,9.6,56.25600000000001,3.604649814814814,40.58370549455605,10.0,20.0
2025-02-20 09:00:00,549.45,5.2,23.26,7.36,87.912,3.254814814814815,49.07117655616381,20.0,40.0
2025-02-20 10:00:00,702.33,4.68,26.79,5.09,112.3728,2.3727599999999995,58.752295957738646,30.0,60.0
2025-02-20 11:00:00,805.88,4.48,28.96,2.65,128.94080000000002,2.0813748148148155,62.87832468476818,40.0,80.0
2025-02-20 12:00:00,827.45,4.53,30.25,0.07,132.39200000000002,2.151844375,80.77353730111378,50.0,100.0
2025-02-20 13:00:00,764.28,4.84,30.92,4.1,122.2848,2.6245348148148144,87.18752026657363,50.0,100.0
2025-02-20 14:00:00,632.72,5.09,30.87,4.74,101.23520000000002,3.052597893518518,86.08737510529646,50.0,100.0
2025-02-20 15:00:00,447.5,5.13,30.17,4.43,71.60000000000001,3.125131875,79.3930075399181,45.3321243350819,90.6642486701638
2025-02-20 16:00:00,231.88,3.99,28.27,4.13,37.1008,1.4703981250000004,76.93249941771586,35.3321243350819,70.6642486701638
2025-02-20 17:00:00,37.7,3.08,23.37,3.82,6.032000000000001,0.6763451851851853,74.89707532329624,25.3321243350819,50.6642486701638
2025-02-20 18:00:00,0.0,3.29,21.26,3.52,0.0,0.8243353935185185,57.24746982201722,15.3321243350819,30.6642486701638
2025-02-20 19:00:00,0.0,3.3,20.08,2.53,0.0,0.8318749999999999,52.18234360245352,5.3321243350819,10.6642486701638
2025-02-20 20:00:00,0.0,3.35,19.01,1.51,0.0,0.8702633101851853,44.03527377819762,0.0,0.0
2025-02-20 21:00:00,0.0,3.56,18.05,1.01,0.0,1.0443985185185187,39.6730732170702,0.0,0.0
2025-02-20 22:00:00,0.0,4.35,17.33,0.5,0.0,1.9053906249999997,31.42071108507051,0.0,0.0
2025-02-20 23:00:00,0.0,5.42,16.5,8.52,0.0,3.685650185185185,27.42866903601046,0.0,0.0
2025-02-21 00:00:00,0.0,5.51,15.37,17.51,0.0,3.872318310185185,24.27737034043109,0.0,0.0
2025-02-21 01:00:00,0.0,5.18,14.49,17.31,0.0,3.2174035185185184,24.769854024592547,0.0,0.0
2025-02-21 02:00:00,0.0,4.88,13.88,17.11,0.0,2.6901451851851848,24.748440252497687,0.0,0.0
2025-02-21 03:00:00,0.0,4.73,13.45,15.41,0.0,2.4496253935185197,24.72714747633342,0.0,0.0
2025-02-21 04:00:00,0.0,4.61,13.06,13.7,0.0,2.2678745601851857,29.82925387317127,0.0,0.0
2025-02-21 05:00:00,0.0,4.4,12.65,12.0,0.0,1.9718518518518524,28.402329080540827,0.0,0.0
2025-02-21 06:00:00,8.02,4.4,12.59,10.28,1.2832,1.9718518518518524,31.03243827080226,0.0,0.0
2025-02-21 07:00:00,135.88,5.08,14.81,5.54,21.740800000000004,3.034641481481482,32.55936733799388,0.0,0.0
2025-02-21 08:00:00,347.83,4.54,18.78,6.65,55.65279999999999,2.1661264814814816,42.28441440921523,10.0,20.0
2025-02-21 09:00:00,553.45,3.84,22.65,5.23,88.552,1.3107199999999997,52.13950880915228,20.0,40.0
2025-02-21 10:00:00,712.15,2.44,24.99,3.47,113.944,0.0,61.19858685887759,30.0,60.0
2025-02-21 11:00:00,808.17,1.91,26.63,1.76,129.3072,0.0,72.65698185825876,40.0,80.0
2025-02-21 12:00:00,827.12,2.54,27.65,0.05,132.3392,0.0,78.30572250837298,50.0,100.0
2025-02-21 13:00:00,768.75,3.52,28.09,0.0,123.0,1.009588148148148,84.60742224181784,50.0,100.0
2025-02-21 14:00:00,637.35,4.47,27.9,1.01,101.976,2.0674681249999995,78.92416663381981,50.0,100.0
2025-02-21 15:00:00,447.65,4.95,26.92,1.26,71.62400000000001,2.8075781250000005,79.63747570105353,44.794102423946484,89.58820484789297
2025-02-21 16:00:00,230.05,4.38,25.06,1.51,36.808,1.945085,73.326727903284,34.794102423946484,69.58820484789297
2025-02-21 17:00:00,38.1,3.25,20.52,1.77,6.096,0.7946325231481481,70.00297535976534,24.794102423946484,49.58820484789297
2025-02-21 18:00:00,0.0,3.57,18.31,2.02,0.0,1.053224375,62.08358684416262,14.794102423946484,29.588204847892968
2025-02-21 19:00:00,0.0,3.73,17.39,16.02,0.0,1.2012758564814814,47.636111191610496,4.794102423946484,9.588204847892968
2025-02-21 20:00:00,0.0,3.73,16.48,38.28,0.0,1.2012758564814814,40.362627095660464,0.0,0.0
2025-02-21 21:00:00,0.0,3.68,15.89,0.5,0.0,1.153611851851852,34.32474838832645,0.0,0.0
2025-02-21 22:00:00,0.0,3.65,15.39,2.67,0.0,1.1256278935185184,32.13830106272115,0.0,0.0
2025-02-21 23:00:00,0.0,3.48,14.38,4.83,0.0,0.97556,29.194232069995394,0.0,0.0
2025-02-22 00:00:00,0.0,3.43,13.61,6.99,0.0,0.9341112731481482,14.003289563210775,0.0,0.0
2025-02-22 01:00:00,0.0,3.39,13.06,9.16,0.0,0.9018106250000002,15.8120185796675,0.0,0.0
2025-02-22 02:00:00,0.0,3.15,12.59,11.33,0.0,0.7235156249999999,15.511007213714734,0.0,0.0
2025-02-22 03:00:00,0.0,2.93,12.08,7.89,0.0,0.0,15.25245571610271,0.0,0.0
2025-02-22 04:00:00,0.0,2.79,11.48,4.45,0.0,0.0,16.223133346819367,0.0,0.0
2025-02-22 05:00:00,0.0,2.71,11.03,1.01,0.0,0.0,17.787922610487268,0.0,0.0
2025-02-22 06:00:00,8.8,2.58,11.21,1.08,1.408,0.0,18.86463715239168,0.0,0.0
2025-02-22 07:00:00,145.38,3.37,14.74,1.15,23.260800000000003,0.8859433564814816,21.37328754574041,2.7734558107410727,5.5469116214821454
2025-02-22 08:00:00,351.5,3.2,18.28,1.22,56.24,0.7585185185185186,25.7686134286277,12.773455810741073,25.546911621482142
2025-02-22 09:00:00,556.65,4.12,22.4,1.29,89.06400000000001,1.618854814814815,30.59864888543809,22.773455810741073,45.546911621482145
2025-02-22 10:00:00,714.2,4.38,24.67,1.36,114.272,1.945085,33.98182055446364,32.77345581074107,65.54691162148214
2025-02-22 11:00:00,826.67,4.68,26.11,1.44,132.26719999999997,2.3727599999999995,39.942691406623645,42.77345581074107,85.54691162148214
2025-02-22 12:00:00,843.95,5.11,26.95,1.51,135.032,3.088722939814815,47.48496307016126,50.0,100.0
2025-02-22 13:00:00,786.7,5.6,27.21,0.0,125.872,4.065185185185184,48.692719664653474,50.0,100.0
2025-02-22 14:00:00,655.67,5.75,26.87,4.02,104.9072,4.400679976851852,51.98349051183861,50.0,100.0
2025-02-22 15:00:00,467.62,5.51,26.13,3.27,74.81920000000001,3.872318310185185,47.103408528754365,50.0,100.0
2025-02-22 16:00:00,247.25,4.65,24.66,2.51,39.56,2.3274218750000006,44.51394797561246,47.37347389938754,94.74694779877508
2025-02-22 17:00:00,43.4,2.81,20.52,1.76,6.944,0.0,38.417250513468275,37.37347389938754,74.74694779877508
2025-02-22 18:00:00,0.0,2.92,18.43,1.01,0.0,0.0,34.92368658731448,27.37347389938754,54.74694779877508
2025-02-22 19:00:00,0.0,2.94,17.55,1.01,0.0,0.0,28.068052293552448,17.37347389938754,34.74694779877508
2025-02-22 20:00:00,0.0,2.99,16.76,1.51,0.0,0.0,25.42050563169917,7.373473899387541,14.746947798775082
2025-02-22 21:00:00,0.0,3.03,16.04,2.01,0.0,0.6439381249999998,24.21049542533753,0.0,0.0
2025-02-22 22:00:00,0.0,3.02,15.37,0.5,0.0,0.6375835185185185,18.060920920900813,0.0,0.0
2025-02-22 23:00:00,0.0,2.97,14.73,0.5,0.0,0.0,16.876090060986304,0.0,0.0
2025-02-23 00:00:00,0.0,2.89,14.12,5.76,0.0,0.0,12.678759223084787,0.0,0.0
2025-02-23 01:00:00,0.0,2.79,13.57,11.03,0.0,0.0,15.166440100532668,0.0,0.0
2025-02-23 02:00:00,0.0,2.59,13.17,10.11,0.0,0.0,15.810701111585622,0.0,0.0
2025-02-23 03:00:00,0.0,2.27,13.05,9.19,0.0,0.0,15.108932532507653,0.0,0.0
2025-02-23 04:00:00,0.0,1.91,13.22,8.27,0.0,0.0,15.828158473825251,0.0,0.0
2025-02-23 05:00:00,0.0,1.52,13.45,7.35,0.0,0.0,17.9365661097907,0.0,0.0
2025-02-23 06:00:00,10.48,1.09,13.76,6.42,1.6768,0.0,17.999650642652604,0.0,0.0
2025-02-23 07:00:00,164.02,0.93,16.2,4.97,26.2432,0.0,21.645166858439573,4.598033141560428,9.196066283120857
2025-02-23 08:00:00,388.88,0.86,19.63,4.6,62.2208,0.0,22.90171740757945,14.598033141560428,29.196066283120857
2025-02-23 09:00:00,593.55,0.62,24.27,3.68,94.968,0.0,30.333964736701663,24.59803314156043,49.19606628312086
2025-02-23 10:00:00,748.12,1.76,26.45,2.76,119.6992,0.0,34.128869683117316,34.59803314156043,69.19606628312086
2025-02-23 11:00:00,833.38,2.36,27.76,1.84,133.3408,0.0,42.93914465455406,44.59803314156043,89.19606628312086
2025-02-23 12:00:00,851.2,2.75,28.51,0.92,136.192,0.0,45.98692333775247,50.0,100.0
2025-02-23 13:00:00,794.03,2.92,28.8,0.0,127.0448,0.0,44.986916291661515,50.0,100.0
2025-02-23 14:00:00,664.33,2.86,28.59,0.5,106.2928,0.0,47.51675391496773,50.0,100.0
2025-02-23 15:00:00,474.98,2.69,27.85,2.83,75.99680000000001,0.0,44.718035475340734,50.0,100.0
2025-02-23 16:00:00,250.65,2.15,26.31,5.11,40.104,0.0,46.313572026897475,43.790427973102524,87.58085594620505
2025-02-23 17:00:00,44.4,2.01,22.12,7.18,7.104000000000001,0.0,40.92654341633242,33.790427973102524,67.58085594620505
2025-02-23 18:00:00,0.0,2.67,19.69,9.78,0.0,0.0,35.984338954211985,23.790427973102524,47.58085594620505
2025-02-23 19:00:00,0.0,3.08,18.43,2.55,0.0,0.6763451851851853,28.295354499512648,13.790427973102524,27.580855946205045
2025-02-23 20:00:00,0.0,3.22,17.48,6.32,0.0,0.772829814814815,24.400923407210918,3.790427973102524,7.580855946205048
2025-02-23 21:00:00,0.0,3.26,16.59,10.12,0.0,0.8019901851851851,23.72784825584478,0.0,0.0
2025-02-23 22:00:00,0.0,3.26,15.74,13.28,0.0,0.8019901851851851,18.733718269717986,0.0,0.0
2025-02-23 23:00:00,0.0,3.29,14.99,19.08,0.0,0.8243353935185185,18.8781595128996,0.0,0.0
2025-02-24 00:00:00,0.0,3.37,14.36,1.01,0.0,0.8859433564814816,24.41680629570035,0.0,0.0
2025-02-24 01:00:00,0.0,3.43,13.79,17.67,0.0,0.9341112731481482,25.1328329828229,0.0,0.0
2025-02-24 02:00:00,0.0,3.25,13.15,51.26,0.0,0.7946325231481481,25.033063838911314,0.0,0.0
2025-02-24 03:00:00,0.0,3.02,12.55,17.77,0.0,0.6375835185185185,24.97820068063936,0.0,0.0
2025-02-24 04:00:00,0.0,2.89,12.1,15.63,0.0,0.0,23.656381388405897,0.0,0.0
2025-02-24 05:00:00,0.0,2.77,11.79,13.68,0.0,0.0,27.98234450927104,0.0,0.0
2025-02-24 06:00:00,11.27,2.53,12.12,11.95,1.8032,0.0,28.156009792274634,0.0,0.0
2025-02-24 07:00:00,165.93,2.69,15.9,9.39,26.5488,0.0,34.55098336591795,0.0,0.0
2025-02-24 08:00:00,390.88,2.22,19.46,7.83,62.5408,0.0,41.38415778223186,10.0,20.0
2025-02-24 09:00:00,595.33,1.79,24.08,5.91,95.2528,0.0,52.84613657504567,20.0,40.0
2025-02-24 10:00:00,750.05,0.72,26.32,3.91,120.008,0.0,55.735947932121235,30.0,60.0
2025-02-24 11:00:00,844.75,0.78,27.65,1.95,135.16,0.0,72.4755376709789,40.0,80.0
2025-02-24 12:00:00,860.92,1.28,28.44,0.0,137.7472,0.0,69.13301259185982,50.0,100.0
2025-02-24 13:00:00,800.88,1.56,28.77,0.5,128.1408,0.0,79.83119372444419,50.0,100.0
2025-02-24 14:00:00,669.97,1.8,28.63,2.01,107.1952,0.0,80.89567944052895,50.0,100.0
2025-02-24 15:00:00,480.9,1.98,28.02,1.63,76.944,0.0,81.06185526103275,45.882144738967256,91.76428947793451
2025-02-24 16:00:00,257.4,1.9,26.68,1.26,41.184,0.0,80.65832853127878,35.882144738967256,71.76428947793451
2025-02-24 17:00:00,47.72,1.65,23.32,0.88,7.635200000000001,0.0,67.72964153855013,25.882144738967256,51.76428947793451
2025-02-24 18:00:00,0.0,1.94,21.63,0.5,0.0,0.0,57.02811509780826,15.882144738967256,31.76428947793451
2025-02-24 19:00:00,0.0,2.04,20.63,0.76,0.0,0.0,49.75714474664408,5.882144738967256,11.764289477934511
2025-02-24 20:00:00,0.0,1.91,19.87,1.01,0.0,0.0,36.80839806901267,0.0,0.0
2025-02-24 21:00:00,0.0,2.1,18.74,1.26,0.0,0.0,36.24927458206473,0.0,0.0
2025-02-24 22:00:00,0.0,2.27,17.58,1.52,0.0,0.0,32.51509183380171,0.0,0.0
2025-02-24 23:00:00,0.0,2.51,16.35,14.12,0.0,0.0,27.43036078890268,0.0,0.0
2025-02-25 00:00:00,0.0,2.66,15.44,0.5,0.0,0.0,24.585785915847687,0.0,0.0
2025-02-25 01:00:00,0.0,2.72,14.95,15.76,0.0,0.0,23.463800302635953,0.0,0.0
2025-02-25 02:00:00,0.0,2.72,15.35,7.53,0.0,0.0,24.360243406371808,0.0,0.0
2025-02-25 03:00:00,0.0,2.66,15.33,20.54,0.0,0.0,26.22922287692895,0.0,0.0
2025-02-25 04:00:00,0.0,2.62,14.44,1.52,0.0,0.0,27.209280192087775,0.0,0.0
2025-02-25 05:00:00,0.0,2.59,14.21,1.52,0.0,0.0,29.803814518289194,0.0,0.0
2025-02-25 06:00:00,10.75,2.46,14.43,5.29,1.72,0.0,32.89169382654972,0.0,0.0
2025-02-25 07:00:00,147.48,3.18,16.93,9.73,23.5968,0.7443850000000002,36.38198830156938,0.0,0.0
2025-02-25 08:00:00,346.9,3.11,19.53,16.15,55.504,0.6963016435185185,37.48894518533377,10.0,20.0
2025-02-25 09:00:00,531.72,3.49,24.55,18.99,85.07520000000002,0.9839941898148152,47.74323582000827,20.0,40.0
2025-02-25 10:00:00,687.83,3.12,27.75,14.69,110.0528,0.7030400000000001,60.66758478610786,30.0,60.0
2025-02-25 11:00:00,636.28,2.66,29.44,97.87,101.8048,0.0,67.47393014579417,40.0,80.0
2025-02-25 12:00:00,634.58,2.17,30.34,100.0,101.5328,0.0,72.20728631779978,50.0,100.0
2025-02-25 13:00:00,469.55,2.09,30.89,99.47,75.12800000000001,0.0,79.40193525927744,45.72606474072258,91.45212948144516
2025-02-25 14:00:00,325.4,2.24,31.03,99.14,52.064,0.0,79.78653214244329,35.72606474072258,71.45212948144516
2025-02-25 15:00:00,218.27,2.26,30.51,99.96,34.9232,0.0,83.78512118959743,25.726064740722578,51.452129481445155
2025-02-25 16:00:00,106.62,1.79,29.03,99.28,17.0592,0.0,75.5452387564042,15.726064740722578,31.452129481445155
2025-02-25 17:00:00,22.9,1.67,25.55,99.77,3.664,0.0,64.40844384791919,5.7260647407225775,11.452129481445155
2025-02-25 18:00:00,0.0,2.13,23.41,99.66,0.0,0.0,57.674375302304355,0.0,0.0
2025-02-25 19:00:00,0.0,2.77,21.38,99.77,0.0,0.0,45.861306075255115,0.0,0.0
2025-02-25 20:00:00,0.0,3.15,20.28,99.4,0.0,0.7235156249999999,42.9673592693289,0.0,0.0
2025-02-25 21:00:00,0.0,3.23,19.8,99.13,0.0,0.7800524768518519,35.42920474387474,0.0,0.0
2025-02-25 22:00:00,0.0,3.17,19.43,99.18,0.0,0.7373845601851852,31.843758516732976,0.0,0.0
2025-02-25 23:00:00,0.0,3.08,18.79,99.38,0.0,0.6763451851851853,28.929820934574416,0.0,0.0
2025-02-26 00:00:00,0.0,3.11,17.86,98.71,0.0,0.6963016435185185,24.071159548311034,0.0,0.0
2025-02-26 01:00:00,0.0,3.21,16.86,99.97,0.0,0.7656518749999999,23.54001077852793,0.0,0.0
2025-02-26 02:00:00,0.0,3.05,16.81,100.0,0.0,0.6567737268518516,26.107914092375584,0.0,0.0
2025-02-26 03:00:00,0.0,2.81,16.64,99.36,0.0,0.0,24.928538557454576,0.0,0.0
2025-02-26 04:00:00,0.0,2.49,16.46,97.67,0.0,0.0,25.992993752108383,0.0,0.0
2025-02-26 05:00:00,0.0,2.25,16.35,98.22,0.0,0.0,29.26449988614188,0.0,0.0
2025-02-26 06:00:00,11.2,1.69,16.92,91.02,1.7919999999999998,0.0,29.436858648245064,0.0,0.0
2025-02-26 07:00:00,130.55,0.42,19.38,83.59,20.888,0.0,38.07942712078968,0.0,0.0
2025-02-26 08:00:00,304.45,1.03,22.48,77.2,48.712,0.0,43.19313474907694,5.518865250923064,11.037730501846127
2025-02-26 09:00:00,494.58,2.21,26.54,70.86,79.1328,0.0,50.17887125068247,15.518865250923064,31.037730501846127
2025-02-26 10:00:00,632.53,3.34,28.51,55.29,101.2048,0.8624931481481479,60.833003547894066,25.518865250923064,51.03773050184613
2025-02-26 11:00:00,727.12,4.22,30.29,56.61,116.3392,1.7396168518518516,72.78890917465813,35.518865250923064,71.03773050184613
2025-02-26 12:00:00,822.1,4.61,31.3,32.27,131.53600000000003,2.2678745601851857,81.05135450542865,45.518865250923064,91.03773050184613
2025-02-26 13:00:00,776.65,4.59,32.03,15.18,124.264,2.238485625,80.53668216987973,50.0,100.0
2025-02-26 14:00:00,646.0,4.06,31.99,9.92,103.36,1.5491531481481478,73.47504519269053,50.0,100.0
2025-02-26 15:00:00,460.05,2.9,31.06,9.2,73.608,0.0,91.02941325188434,40.0,80.0
2025-02-26 16:00:00,238.38,1.48,29.27,14.07,38.140800000000006,0.0,74.88299343084084,30.0,60.0
2025-02-26 17:00:00,43.88,1.11,26.96,18.76,7.0208,0.0,62.46855176209573,20.0,40.0
2025-02-26 18:00:00,0.0,1.25,25.87,26.96,0.0,0.0,62.88484627276025,10.0,20.0
2025-02-26 19:00:00,0.0,1.68,24.7,32.91,0.0,0.0,49.85211451084798,0.0,0.0
2025-02-26 20:00:00,0.0,2.64,22.63,38.86,0.0,0.0,43.207022085933275,0.0,0.0
2025-02-26 21:00:00,0.0,3.43,20.74,44.8,0.0,0.9341112731481482,35.60755956792435,0.0,0.0
2025-02-26 22:00:00,0.0,3.66,19.91,50.75,0.0,1.134905,32.043667936540295,0.0,0.0
2025-02-26 23:00:00,0.0,3.6,19.03,56.72,0.0,1.08,26.24750329595235,0.0,0.0
2025-02-27 00:00:00,0.0,3.4,18.09,62.58,0.0,0.9098148148148146,25.019153983830197,0.0,0.0
2025-02-27 01:00:00,0.0,3.2,17.26,99.65,0.0,0.7585185185185186,25.720162449046654,0.0,0.0
2025-02-27 02:00:00,0.0,2.95,16.68,86.25,0.0,0.0,25.869151275662034,0.0,0.0
2025-02-27 03:00:00,0.0,2.66,16.23,98.86,0.0,0.0,25.593447266101816,0.0,0.0
2025-02-27 04:00:00,0.0,2.46,16.16,97.36,0.0,0.0,25.3022274095174,0.0,0.0
2025-02-27 05:00:00,0.0,2.48,15.81,99.35,0.0,0.0,28.919320658718917,0.0,0.0
2025-02-27 06:00:00,11.88,2.57,16.08,91.21,1.9008,0.0,30.466399684943298,0.0,0.0
2025-02-27 07:00:00,123.03,4.29,18.56,84.44,19.684800000000003,1.8276293750000003,35.62555315065017,0.0,0.0
2025-02-27 08:00:00,281.92,3.81,19.9,78.07,45.107200000000006,1.2802393750000003,45.671589496701316,0.7158498782986911,1.4316997565973821
2025-02-27 09:00:00,455.02,2.58,21.35,70.25,72.80319999999999,0.0,49.36782728019093,10.715849878298691,21.431699756597382
2025-02-27 10:00:00,571.78,2.73,23.98,94.42,91.4848,0.0,60.30756916884844,20.71584987829869,41.43169975659738
2025-02-27 11:00:00,596.12,3.19,26.81,93.27,95.3792,0.7514296064814816,63.98733694173927,30.71584987829869,61.43169975659738
2025-02-27 12:00:00,613.33,4.35,28.25,87.31,98.13280000000002,1.9053906249999997,79.99377365842372,40.71584987829869,81.43169975659738
2025-02-27 13:00:00,587.58,5.05,28.56,99.89,94.0128,2.9811950231481483,87.23545121312938,50.0,100.0
2025-02-27 14:00:00,366.15,5.31,28.44,99.95,58.584,3.465770625,83.69361879358028,40.0,80.0
2025-02-27 15:00:00,246.23,4.83,27.89,99.05,39.3968,2.608300625,77.14939600780973,30.0,60.0
2025-02-27 16:00:00,126.75,2.84,25.99,99.69,20.28,0.0,75.09795836480684,20.0,40.0
2025-02-27 17:00:00,26.1,2.38,23.16,98.97,4.176000000000001,0.0,65.8171378772123,10.0,20.0
2025-02-27 18:00:00,0.0,2.17,22.17,98.69,0.0,0.0,54.584851380484004,0.0,0.0
2025-02-27 19:00:00,0.0,1.9,21.35,98.88,0.0,0.0,50.876755855329655,0.0,0.0
2025-02-27 20:00:00,0.0,1.94,21.01,98.46,0.0,0.0,42.69456708561182,0.0,0.0
2025-02-27 21:00:00,0.0,2.25,20.4,98.83,0.0,0.0,35.02610185572839,0.0,0.0
2025-02-27 22:00:00,0.0,2.19,19.97,99.02,0.0,0.0,31.380018257996582,0.0,0.0
2025-02-27 23:00:00,0.0,2.18,19.19,99.96,0.0,0.0,26.781476133122048,0.0,0.0
2025-02-28 00:00:00,0.0,2.23,18.34,99.11,0.0,0.0,24.755573007125594,0.0,0.0
2025-02-28 01:00:00,0.0,2.09,18.0,99.08,0.0,0.0,25.48978682107211,0.0,0.0
2025-02-28 02:00:00,0.0,1.8,18.01,99.83,0.0,0.0,24.918634718376357,0.0,0.0
2025-02-28 03:00:00,0.0,1.65,17.54,99.64,0.0,0.0,24.82845693924279,0.0,0.0
2025-02-28 04:00:00,0.0,1.73,17.03,100.0,0.0,0.0,28.65402760760892,0.0,0.0
2025-02-28 05:00:00,0.0,1.62,16.91,99.91,0.0,0.0,32.357737984910116,0.0,0.0
2025-02-28 06:00:00,8.02,1.46,16.96,100.0,1.2832,0.0,33.3576618990996,0.0,0.0
2025-02-28 07:00:00,82.85,1.59,17.94,100.0,13.256,0.0,36.83607682301438,0.0,0.0
2025-02-28 08:00:00,183.18,2.22,19.52,100.0,29.308800000000005,0.0,42.40087915289513,0.0,0.0
2025-02-28 09:00:00,290.9,2.62,22.48,100.0,46.544,0.0,47.6484322240435,0.0,0.0
2025-02-28 10:00:00,422.17,3.56,25.29,100.0,67.5472,1.0443985185185187,54.984554449616944,10.0,20.0
2025-02-28 11:00:00,503.55,3.78,26.98,99.32,80.56800000000001,1.2502349999999998,70.86714213391575,20.0,40.0
2025-02-28 12:00:00,526.28,3.02,27.62,84.61,84.2048,0.6375835185185185,77.30660678251414,27.535776736004394,55.07155347200878
2025-02-28 13:00:00,386.45,2.43,28.43,90.87,61.83200000000001,0.0,83.65160154682809,17.535776736004394,35.07155347200879
2025-02-28 14:00:00,258.38,3.7,29.24,95.67,41.3408,1.1725231481481482,83.74256614979548,7.535776736004394,15.071553472008786
2025-02-28 15:00:00,211.85,4.61,29.08,89.96,33.896,2.2678745601851857,84.15998555361652,0.0,0.0
2025-02-28 16:00:00,150.1,4.1,28.21,66.35,24.016,1.595393518518518,78.53150619779043,0.0,0.0
2025-02-28 17:00:00,38.7,2.74,24.56,40.67,6.192000000000001,0.0,66.65227933079196,0.0,0.0
2025-02-28 18:00:00,0.0,2.99,22.85,11.72,0.0,0.0,55.81736289606555,0.0,0.0
2025-02-28 19:00:00,0.0,3.09,22.2,12.84,0.0,0.6829543749999999,49.28249842325675,0.0,0.0
2025-02-28 20:00:00,0.0,3.24,21.6,6.83,0.0,0.7873200000000001,45.296290499056724,0.0,0.0
2025-02-28 21:00:00,0.0,3.4,20.97,5.54,0.0,0.9098148148148146,39.38973997672031,0.0,0.0
2025-02-28 22:00:00,0.0,3.38,20.05,4.08,0.0,0.8938535185185186,30.22150171675835,0.0,0.0
2025-02-28 23:00:00,0.0,3.27,19.14,71.9,0.0,0.8093931249999999,27.50253361282357,0.0,0.0
2025-03-01 00:00:00,0.0,2.98,18.05,96.58,0.0,0.0,15.828171089170425,0.0,0.0
2025-03-01 01:00:00,0.0,2.7,17.09,71.68,0.0,0.0,15.775621110899275,0.0,0.0
2025-03-01 02:00:00,0.0,2.44,16.4,49.9,0.0,0.0,14.670621049541595,0.0,0.0
2025-03-01 03:00:00,0.0,2.12,16.0,39.1,0.0,0.0,14.47096797884807,0.0,0.0
2025-03-01 04:00:00,0.0,1.72,15.87,67.65,0.0,0.0,15.938828760723275,0.0,0.0
2025-03-01 05:00:00,0.0,1.17,15.89,99.38,0.0,0.0,17.31433640821769,0.0,0.0
2025-03-01 06:00:00,13.2,0.74,16.01,81.43,2.112,0.0,18.477211401037867,0.0,0.0
2025-03-01 07:00:00,146.07,1.37,18.08,60.68,23.3712,0.0,22.676401684262,0.6947983157380015,1.389596631476003
2025-03-01 08:00:00,340.6,1.91,21.67,44.11,54.49600000000001,0.0,25.852472964140382,10.694798315738002,21.389596631476003
2025-03-01 09:00:00,535.53,3.05,25.94,28.25,85.6848,0.6567737268518516,30.434509865792304,20.694798315738,41.389596631476
2025-03-01 10:00:00,698.08,4.38,28.32,12.84,111.69280000000002,1.945085,35.13509438134367,30.694798315738,61.38959663147601
2025-03-01 11:00:00,771.1,5.47,29.68,39.62,123.376,3.7885954398148143,40.69157511905792,40.694798315738,81.389596631476
2025-03-01 12:00:00,826.45,6.15,30.47,55.91,132.232,5.384453125000002,49.539711932800515,50.0,100.0
2025-03-01 13:00:00,758.6,6.44,30.68,34.79,121.376,6.18263851851852,49.37975528922668,50.0,100.0
2025-03-01 14:00:00,624.25,6.24,30.36,52.27,99.88,5.624320000000001,46.56384179403952,50.0,100.0
2025-03-01 15:00:00,448.23,5.72,29.49,42.02,71.7168,4.332158518518518,50.38738016701903,50.0,100.0
2025-03-01 16:00:00,223.02,4.8,28.01,59.64,35.68320000000001,2.56,46.871610864780195,41.371589135219814,82.74317827043963
2025-03-01 17:00:00,43.5,2.96,24.22,80.02,6.96,0.0,42.16313046332241,31.371589135219814,62.74317827043963
2025-03-01 18:00:00,0.0,3.4,22.26,99.89,0.0,0.9098148148148146,35.71245203170206,21.371589135219814,42.74317827043963
2025-03-01 19:00:00,0.0,4.39,21.68,99.95,0.0,1.9584379398148144,27.350247944000273,11.371589135219814,22.74317827043963
2025-03-01 20:00:00,0.0,5.22,20.86,99.86,0.0,3.292514999999999,24.531689201949252,1.3715891352198142,2.7431782704396284
2025-03-01 21:00:00,0.0,5.23,19.87,99.45,0.0,3.3114737731481485,22.96233115136403,0.0,0.0
2025-03-01 22:00:00,0.0,5.06,19.11,99.98,0.0,2.998940185185184,19.81479971555071,0.0,0.0
2025-03-01 23:00:00,0.0,4.84,18.46,98.94,0.0,2.6245348148148144,15.172785283130658,0.0,0.0
2025-03-02 00:00:00,0.0,4.72,17.92,99.95,0.0,2.434121481481481,13.44285153588281,0.0,0.0
2025-03-02 01:00:00,0.0,4.58,17.37,14.98,0.0,2.2238868518518515,14.032709871057078,0.0,0.0
2025-03-02 02:00:00,0.0,4.6,16.96,98.43,0.0,2.253148148148148,14.090934000509364,0.0,0.0
2025-03-02 03:00:00,0.0,4.32,16.36,97.44,0.0,1.86624,14.951919228692914,0.0,0.0
2025-03-02 04:00:00,0.0,3.87,15.65,99.47,0.0,1.3416806250000002,15.551163817403983,0.0,0.0
2025-03-02 05:00:00,0.0,3.48,14.96,95.96,0.0,0.97556,18.421747800840656,0.0,0.0
2025-03-02 06:00:00,13.05,3.63,15.07,72.1,2.0880000000000005,1.107225625,18.317728322004754,0.0,0.0
2025-03-02 07:00:00,156.43,4.32,17.21,44.82,25.028800000000004,1.86624,19.859188793425425,7.035851206574581,14.071702413149161
2025-03-02 08:00:00,374.4,3.78,21.23,24.82,59.904,1.2502349999999998,29.043864000347092,17.03585120657458,34.07170241314916
2025-03-02 09:00:00,607.8,2.89,24.79,1.04,97.248,0.0,29.23903375222363,27.03585120657458,54.07170241314916
2025-03-02 10:00:00,763.83,1.74,26.9,0.51,122.2128,0.0,34.11376273488281,37.03585120657458,74.07170241314915
2025-03-02 11:00:00,793.72,1.01,28.3,18.82,126.9952,0.0,42.226268973779646,47.03585120657458,94.07170241314915
2025-03-02 12:00:00,757.8,1.38,29.22,38.32,121.248,0.0,45.484925882554236,50.0,100.0
2025-03-02 13:00:00,654.88,2.09,29.66,55.44,104.7808,0.0,46.8086743785638,50.0,100.0
2025-03-02 14:00:00,594.45,2.59,29.56,30.31,95.112,0.0,51.514334777211126,50.0,100.0
2025-03-02 15:00:00,418.2,3.02,28.85,24.38,66.912,0.6375835185185185,44.09764377172821,50.0,100.0
2025-03-02 16:00:00,206.38,3.21,27.45,47.29,33.0208,0.7656518749999999,45.16333649737831,40.0,80.0
2025-03-02 17:00:00,39.3,2.45,23.58,73.82,6.287999999999999,0.0,38.62917612094931,30.0,60.0
2025-03-02 18:00:00,0.0,2.92,21.09,98.85,0.0,0.0,35.793567802339965,20.0,40.0
2025-03-02 19:00:00,0.0,3.07,19.98,98.84,0.0,0.669778773148148,30.782265829887542,10.0,20.0
2025-03-02 20:00:00,0.0,3.1,18.89,99.38,0.0,0.6896064814814816,24.05505860126873,0.0,0.0
2025-03-02 21:00:00,0.0,3.03,17.84,98.19,0.0,0.6439381249999998,22.59109806727515,0.0,0.0
2025-03-02 22:00:00,0.0,2.91,16.92,98.82,0.0,0.0,19.145410019753033,0.0,0.0
2025-03-02 23:00:00,0.0,2.79,16.16,99.43,0.0,0.0,17.68715961735676,0.0,0.0
2025-03-03 00:00:00,0.0,2.65,15.57,97.81,0.0,0.0,25.260729063615887,0.0,0.0
2025-03-03 01:00:00,0.0,2.47,15.16,14.28,0.0,0.0,24.005674884632345,0.0,0.0
2025-03-03 02:00:00,0.0,2.22,14.95,95.83,0.0,0.0,25.76997142765709,0.0,0.0
2025-03-03 03:00:00,0.0,1.99,14.78,93.72,0.0,0.0,26.61378663443659,0.0,0.0
2025-03-03 04:00:00,0.0,1.83,14.57,91.9,0.0,0.0,25.33725812909673,0.0,0.0
2025-03-03 05:00:00,0.0,1.82,14.29,93.57,0.0,0.0,28.298651947857536,0.0,0.0
2025-03-03 06:00:00,14.82,2.02,14.34,80.12,2.3712,0.0,34.727227155038115,0.0,0.0
2025-03-03 07:00:00,153.27,3.15,17.56,65.35,24.523200000000003,0.7235156249999999,37.54111754138072,0.0,0.0
2025-03-03 08:00:00,355.85,3.7,20.87,52.27,56.93600000000001,1.1725231481481482,42.569487894899105,10.0,20.0
2025-03-03 09:00:00,555.2,4.84,24.8,39.25,88.83200000000001,2.6245348148148144,50.10097393158893,20.0,40.0
2025-03-03 10:00:00,713.4,5.56,28.2,26.44,114.144,3.9786948148148142,62.241362216701845,30.0,60.0
2025-03-03 11:00:00,823.28,5.95,30.38,13.39,131.72480000000002,4.8760387731481485,74.21819797729893,40.0,80.0
2025-03-03 12:00:00,853.65,6.36,31.77,0.16,136.58400000000003,5.9550800000000015,72.5039140651066,50.0,100.0
2025-03-03 13:00:00,794.45,6.93,32.52,2.54,127.11200000000002,7.703994375,91.39781587553604,50.0,100.0
2025-03-03 14:00:00,664.78,7.49,32.49,3.06,106.3648,9.726614560185189,88.92337798738477,50.0,100.0
2025-03-03 15:00:00,477.38,7.74,31.72,2.04,76.38080000000001,10.733445,83.90634947367577,50.0,100.0
2025-03-03 16:00:00,245.4,7.0,30.07,31.45,39.264,7.939814814814815,79.15382245043645,40.0,80.0
2025-03-03 17:00:00,47.92,4.56,25.99,66.82,7.667200000000001,2.1948799999999995,69.302679560434,30.0,60.0
2025-03-03 18:00:00,0.0,4.16,23.24,99.99,0.0,1.6664651851851853,55.894092590489095,20.0,40.0
2025-03-03 19:00:00,0.0,4.12,22.19,99.97,0.0,1.618854814814815,44.71751250173176,10.0,20.0
2025-03-03 20:00:00,0.0,4.38,21.51,99.99,0.0,1.945085,41.782413229722124,0.0,0.0
2025-03-03 21:00:00,0.0,5.02,21.1,99.98,0.0,2.928379814814814,35.160451872868414,0.0,0.0
2025-03-03 22:00:00,0.0,5.59,20.62,99.97,0.0,4.043446273148148,30.272876227762804,0.0,0.0
2025-03-03 23:00:00,0.0,5.84,19.9,99.98,0.0,4.610571851851852,28.270720577616324,0.0,0.0
2025-03-04 00:00:00,0.0,5.92,19.05,81.52,0.0,4.802654814814814,25.572486873649602,0.0,0.0
2025-03-04 01:00:00,0.0,6.03,18.17,99.99,0.0,5.075375625,24.197763449494072,0.0,0.0
2025-03-04 02:00:00,0.0,6.06,17.33,87.89,0.0,5.1515049999999984,26.067807768806727,0.0,0.0
2025-03-04 03:00:00,0.0,6.02,16.62,100.0,0.0,5.05016685185185,24.936891321420102,0.0,0.0
2025-03-04 04:00:00,0.0,5.63,15.8,100.0,0.0,4.130869143518518,25.660377666886887,0.0,0.0
2025-03-04 05:00:00,0.0,4.96,14.83,100.0,0.0,2.824628148148148,27.732648010411825,0.0,0.0
2025-03-04 06:00:00,13.2,4.83,14.61,87.45,2.112,2.608300625,29.699946598959844,0.0,0.0
2025-03-04 07:00:00,136.6,5.82,17.13,73.82,21.856,4.563365000000001,37.3315598688943,0.0,0.0
2025-03-04 08:00:00,340.1,6.55,21.17,59.95,54.416,6.504892939814814,44.62027062611789,10.0,20.0
2025-03-04 09:00:00,530.05,7.82,24.02,49.09,84.80799999999999,11.069716851851854,51.951210727322334,20.0,40.0
2025-03-04 10:00:00,707.15,8.04,25.14,37.04,113.144,12.030519999999996,53.22825757218329,30.0,60.0
2025-03-04 11:00:00,843.8,7.96,25.78,24.86,135.008,11.67496148148148,59.82937735622503,40.0,80.0
2025-03-04 12:00:00,895.72,7.9,26.16,12.55,143.3152,11.412939814814816,73.1724872196632,50.0,100.0
2025-03-04 13:00:00,868.7,7.94,26.26,0.01,138.99200000000002,11.587180185185186,78.54477759382446,50.0,100.0
2025-03-04 14:00:00,729.25,7.83,25.87,0.5,116.68,11.112238125,86.34188881197923,50.0,100.0
2025-03-04 15:00:00,532.35,7.45,24.94,0.5,85.176,9.571611689814816,76.65968872565792,50.0,100.0
2025-03-04 16:00:00,273.02,6.71,23.43,31.47,43.6832,6.993326643518519,73.48494872968789,40.0,80.0
2025-03-04 17:00:00,50.42,4.22,19.89,64.37,8.0672,1.7396168518518516,70.50344193004446,30.0,60.0
2025-03-04 18:00:00,0.0,3.7,16.9,99.46,0.0,1.1725231481481482,62.30955046766045,20.0,40.0
2025-03-04 19:00:00,0.0,3.72,15.59,98.98,0.0,1.1916400000000005,45.815749194849396,10.0,20.0
2025-03-04 20:00:00,0.0,3.7,14.26,99.47,0.0,1.1725231481481482,49.94423815828548,0.0,0.0
2025-03-04 21:00:00,0.0,3.64,12.95,99.47,0.0,1.1164014814814818,31.83123304671054,0.0,0.0
2025-03-04 22:00:00,0.0,4.07,12.14,97.24,0.0,1.5606283101851857,32.656631960983844,0.0,0.0
2025-03-04 23:00:00,0.0,4.42,11.48,96.02,0.0,1.998863148148148,28.86855814536792,0.0,0.0
2025-03-05 00:00:00,0.0,4.3,10.57,94.91,0.0,1.840439814814815,24.465489469179563,0.0,0.0
2025-03-05 01:00:00,0.0,4.54,10.0,89.0,0.0,2.1661264814814816,24.306375259353604,0.0,0.0
2025-03-05 02:00:00,0.0,4.51,9.48,29.06,0.0,2.123468773148148,23.62564283256414,0.0,0.0
2025-03-05 03:00:00,0.0,4.0,8.66,83.12,0.0,1.4814814814814814,26.097772496446755,0.0,0.0
2025-03-05 04:00:00,0.0,3.95,8.15,76.52,0.0,1.426617476851852,25.13897934340018,0.0,0.0
2025-03-05 05:00:00,0.0,3.89,7.74,96.39,0.0,1.3625895601851854,27.807283127208375,0.0,0.0
2025-03-05 06:00:00,18.52,4.22,8.45,84.06,2.9632,1.7396168518518516,32.88202034062623,0.0,0.0
2025-03-05 07:00:00,187.2,4.99,11.9,70.33,29.952,2.876192106481481,36.042655177089216,0.0,0.0
2025-03-05 08:00:00,423.12,4.85,16.11,58.3,67.6992,2.640836226851851,40.19516230669482,10.0,20.0
2025-03-05 09:00:00,642.25,6.14,20.19,46.86,102.76,5.358230185185184,49.79452575177818,20.0,40.0
2025-03-05 10:00:00,807.38,6.17,23.11,35.21,129.1808,5.437155393518518,60.06101702493005,30.0,60.0
2025-03-05 11:00:00,901.6,6.64,25.5,23.57,144.25600000000003,6.776734814814814,67.83656133900318,40.0,80.0
2025-03-05 12:00:00,927.42,7.28,26.94,11.85,148.38719999999998,8.931211851851854,76.31659195191972,50.0,100.0
2025-03-05 13:00:00,879.7,7.7,27.3,0.01,140.752,10.56789351851852,80.14330166547064,50.0,100.0
2025-03-05 14:00:00,683.12,7.89,26.93,18.96,109.2992,11.369654374999998,82.79671810983245,50.0,100.0
2025-03-05 15:00:00,459.12,7.81,26.1,37.81,73.45920000000001,11.027304189814814,81.91153574923467,50.0,100.0
2025-03-05 16:00:00,233.05,7.13,24.52,57.02,37.288,8.390442060185185,77.07544710096109,40.0,80.0
2025-03-05 17:00:00,46.78,4.25,20.04,76.87,7.4848,1.7769820601851851,63.25746744414889,30.0,60.0
2025-03-05 18:00:00,0.0,3.77,16.6,97.86,0.0,1.240338726851852,58.3762063365982,20.0,40.0
2025-03-05 19:00:00,0.0,3.75,15.45,98.97,0.0,1.220703125,49.16624733806815,10.0,20.0
2025-03-05 20:00:00,0.0,3.98,14.72,99.98,0.0,1.459370185185185,41.869698480826074,0.0,0.0
2025-03-05 21:00:00,0.0,4.49,14.38,99.99,0.0,2.095343726851852,35.58671378736657,0.0,0.0
2025-03-05 22:00:00,0.0,4.94,13.99,99.47,0.0,2.7905968518518525,32.56106038248698,0.0,0.0
2025-03-05 23:00:00,0.0,4.79,13.14,98.93,0.0,2.5440333101851853,27.574674600796108,0.0,0.0
2025-03-06 00:00:00,0.0,4.41,12.2,99.43,0.0,1.985326875,23.23821989173258,0.0,0.0
2025-03-06 01:00:00,0.0,4.12,11.49,67.45,0.0,1.618854814814815,24.359817397987047,0.0,0.0
2025-03-06 02:00:00,0.0,3.79,10.72,99.47,0.0,1.2601837731481482,25.601082373649586,0.0,0.0
2025-03-06 03:00:00,0.0,3.6,10.14,95.69,0.0,1.08,26.665679727492964,0.0,0.0
2025-03-06 04:00:00,0.0,3.44,9.7,90.89,0.0,0.942305185185185,26.68193984688623,0.0,0.0
2025-03-06 05:00:00,0.0,3.32,9.41,95.79,0.0,0.8470918518518518,29.152205138964977,0.0,0.0
2025-03-06 06:00:00,16.4,3.13,10.34,83.73,2.624,0.7098216898148147,30.58158689404378,0.0,0.0
2025-03-06 07:00:00,156.85,4.0,15.28,70.39,25.096,1.4814814814814814,33.42159851161441,0.0,0.0
2025-03-06 08:00:00,362.65,3.29,18.93,57.03,58.024,0.8243353935185185,38.93548299262424,10.0,20.0
2025-03-06 09:00:00,544.3,5.57,24.51,47.01,87.08800000000001,4.0002012268518525,53.99367527518062,20.0,40.0
2025-03-06 10:00:00,706.53,6.12,27.26,35.4,113.0448,5.306040000000001,61.2088713493748,30.0,60.0
2025-03-06 11:00:00,840.4,5.95,28.91,23.63,134.464,4.8760387731481485,73.77289640343567,40.0,80.0
2025-03-06 12:00:00,888.62,5.69,29.99,11.87,142.1792,4.264352060185185,75.59295635402817,50.0,100.0
2025-03-06 13:00:00,867.45,5.6,30.52,0.03,138.792,4.065185185185184,82.52969683475646,50.0,100.0
2025-03-06 14:00:00,680.05,5.42,30.51,19.12,108.808,3.685650185185185,84.46922331952793,50.0,100.0
2025-03-06 15:00:00,461.3,4.97,29.94,38.02,73.80799999999999,2.8417470601851846,81.86087589592364,44.788871164261536,89.57774232852307
2025-03-06 16:00:00,239.8,3.5,28.13,57.28,38.368,0.992476851851852,82.23103823796615,34.788871164261536,69.57774232852307
2025-03-06 17:00:00,50.9,2.51,23.22,77.13,8.144,0.0,66.12678186654338,24.788871164261536,49.57774232852307
2025-03-06 18:00:00,0.0,2.15,22.21,97.91,0.0,0.0,53.835125295013015,14.788871164261536,29.577742328523073
2025-03-06 19:00:00,0.0,1.68,21.95,97.91,0.0,0.0,49.15325727823461,4.788871164261536,9.577742328523073
2025-03-06 20:00:00,0.0,1.84,20.76,98.42,0.0,0.0,44.09958865871641,0.0,0.0
2025-03-06 21:00:00,0.0,2.24,19.19,98.93,0.0,0.0,39.47423759549098,0.0,0.0
2025-03-06 22:00:00,0.0,2.48,17.78,97.92,0.0,0.0,29.84438758344578,0.0,0.0
2025-03-06 23:00:00,0.0,2.65,16.52,99.43,0.0,0.0,28.9113826243043,0.0,0.0
2025-03-07 00:00:00,0.0,2.72,15.61,97.92,0.0,0.0,25.12690065879371,0.0,0.0
2025-03-07 01:00:00,0.0,2.58,15.17,28.73,0.0,0.0,23.85346004606235,0.0,0.0
2025-03-07 02:00:00,0.0,2.51,14.74,98.42,0.0,0.0,25.465335453942384,0.0,0.0
2025-03-07 03:00:00,0.0,2.56,14.19,92.85,0.0,0.0,24.48142934246406,0.0,0.0
2025-03-07 04:00:00,0.0,2.57,13.76,92.92,0.0,0.0,27.26336867339978,0.0,0.0
2025-03-07 05:00:00,0.0,2.56,13.44,98.89,0.0,0.0,28.980289897368827,0.0,0.0
2025-03-07 06:00:00,20.45,2.24,14.19,84.46,3.272,0.0,29.157077849964004,0.0,0.0
2025-03-07 07:00:00,194.0,1.61,18.43,68.65,31.040000000000006,0.0,32.74950336314464,0.0,0.0
2025-03-07 08:00:00,436.48,0.69,21.94,52.64,69.83680000000001,0.0,42.2875711077083,10.0,20.0
2025-03-07 09:00:00,637.58,1.86,27.45,41.12,102.0128,0.0,47.05113729369264,20.0,40.0
2025-03-07 10:00:00,796.53,3.26,30.36,27.56,127.4448,0.8019901851851851,59.75517063495781,30.0,60.0
2025-03-07 11:00:00,900.78,4.27,31.82,13.84,144.12480000000002,1.802187106481481,65.88478024512101,40.0,80.0
2025-03-07 12:00:00,919.38,5.3,32.7,0.0,147.10080000000002,3.4462268518518515,85.19645227655991,50.0,100.0
2025-03-07 13:00:00,833.7,5.76,33.07,16.18,133.39200000000002,4.42368,84.12812083354177,50.0,100.0
2025-03-07 14:00:00,682.17,5.9,32.98,32.2,109.1472,4.75414351851852,89.90343847043302,50.0,100.0
2025-03-07 15:00:00,480.83,5.89,32.39,48.4,76.9328,4.7300108564814805,90.42887859163375,41.23393226484774,82.46786452969548
2025-03-07 16:00:00,256.2,4.37,30.71,64.96,40.992,1.931792893518519,76.01669457090553,31.233932264847738,62.46786452969547
2025-03-07 17:00:00,55.78,2.93,25.31,82.19,8.924800000000001,0.0,65.22084967534849,21.233932264847738,42.467864529695476
2025-03-07 18:00:00,0.0,3.07,22.63,99.97,0.0,0.669778773148148,56.50770230558248,11.233932264847738,22.467864529695476
2025-03-07 19:00:00,0.0,3.22,21.3,99.45,0.0,0.772829814814815,47.97438036056489,1.2339322648477378,2.4678645296954755
2025-03-07 20:00:00,0.0,3.26,20.13,99.96,0.0,0.8019901851851851,40.990701111022446,0.0,0.0
2025-03-07 21:00:00,0.0,3.25,19.08,99.42,0.0,0.7946325231481481,36.80101879635087,0.0,0.0
2025-03-07 22:00:00,0.0,3.1,18.18,98.36,0.0,0.6896064814814816,31.009296619233904,0.0,0.0
2025-03-07 23:00:00,0.0,2.85,17.49,98.38,0.0,0.0,27.816180210146037,0.0,0.0
2025-03-08 00:00:00,0.0,2.8,16.71,99.99,0.0,0.0,14.430128618507245,0.0,0.0
2025-03-08 01:00:00,0.0,3.02,15.72,59.4,0.0,0.6375835185185185,14.300692530494658,0.0,0.0
2025-03-08 02:00:00,0.0,3.2,14.91,98.94,0.0,0.7585185185185186,14.624548470635238,0.0,0.0
2025-03-08 03:00:00,0.0,3.18,14.37,98.94,0.0,0.7443850000000002,14.980332171528229,0.0,0.0
2025-03-08 04:00:00,0.0,2.96,14.17,99.47,0.0,0.0,16.263398490322974,0.0,0.0
2025-03-08 05:00:00,0.0,2.61,14.38,100.0,0.0,0.0,16.811189810603423,0.0,0.0
2025-03-08 06:00:00,20.62,2.21,15.39,85.37,3.2992,0.0,19.319541947597454,0.0,0.0
2025-03-08 07:00:00,187.0,1.97,19.57,69.3,29.92,0.0,21.199048311704797,8.720951688295205,17.44190337659041
2025-03-08 08:00:00,414.52,1.49,23.14,55.31,66.3232,0.0,24.5657548250751,18.720951688295205,37.44190337659041
2025-03-08 09:00:00,627.22,2.48,28.37,41.35,100.3552,0.0,28.70178858695865,28.720951688295205,57.44190337659041
2025-03-08 10:00:00,792.8,2.81,30.77,27.54,126.848,0.0,36.790577290585965,38.7209516882952,77.4419033765904
2025-03-08 11:00:00,907.95,2.77,32.1,13.73,145.27200000000002,0.0,43.66138516124569,48.7209516882952,97.4419033765904
2025-03-08 12:00:00,941.15,3.0,32.88,0.03,150.584,0.625,47.22869839401567,50.0,100.0
2025-03-08 13:00:00,842.75,3.64,33.18,15.5,134.84,1.1164014814814818,51.10767349263302,50.0,100.0
2025-03-08 14:00:00,683.6,4.1,32.87,30.62,109.376,1.595393518518518,53.11158038189753,50.0,100.0
2025-03-08 15:00:00,477.23,4.03,32.06,45.92,76.3568,1.5150654398148151,53.241227366022265,50.0,100.0
2025-03-08 16:00:00,265.65,3.13,30.35,57.49,42.504000000000005,0.7098216898148147,51.1174666085243,42.09635508129052,84.19271016258104
2025-03-08 17:00:00,51.4,2.48,25.38,79.75,8.224000000000002,0.0,38.720975604776584,32.09635508129052,64.19271016258104
2025-03-08 18:00:00,0.0,2.73,22.89,99.9,0.0,0.0,33.81510670798133,22.09635508129052,44.19271016258104
2025-03-08 19:00:00,0.0,2.76,21.86,99.95,0.0,0.0,30.64500807613689,12.096355081290518,24.192710162581037
2025-03-08 20:00:00,0.0,2.86,20.97,99.95,0.0,0.0,25.38601856032979,2.0963550812905183,4.192710162581037
2025-03-08 21:00:00,0.0,2.96,20.18,99.97,0.0,0.0,22.2615616306487,0.0,0.0
2025-03-08 22:00:00,0.0,3.08,19.39,99.98,0.0,0.6763451851851853,19.20888801290071,0.0,0.0
2025-03-08 23:00:00,0.0,3.17,18.62,99.48,0.0,0.7373845601851852,16.502058118492084,0.0,0.0
2025-03-09 00:00:00,0.0,3.22,17.78,61.66,0.0,0.772829814814815,14.760977483061621,0.0,0.0
2025-03-09 01:00:00,0.0,3.26,16.83,97.93,0.0,0.8019901851851851,15.10444372274347,0.0,0.0
2025-03-09 02:00:00,0.0,3.26,15.89,31.28,0.0,0.8019901851851851,15.022258371261092,0.0,0.0
2025-03-09 03:00:00,0.0,3.2,15.04,96.47,0.0,0.7585185185185186,14.999363829694943,0.0,0.0
2025-03-09 04:00:00,0.0,3.17,14.37,95.43,0.0,0.7373845601851852,14.289957019387261,0.0,0.0
2025-03-09 05:00:00,0.0,3.11,13.82,95.41,0.0,0.6963016435185185,15.64941057964477,0.0,0.0
2025-03-09 06:00:00,24.38,2.85,14.49,81.75,3.9008,0.0,18.464126026126895,0.0,0.0
2025-03-09 07:00:00,197.18,3.88,18.79,67.04,31.5488,1.352108148148148,21.46496098688489,10.0,20.0
2025-03-09 08:00:00,413.42,4.18,22.63,54.01,66.1472,1.6906164814814812,26.03661122026353,20.0,40.0
2025-03-09 09:00:00,617.08,5.14,27.41,41.04,98.7328,3.1434431481481475,31.649300102267066,30.0,60.0
2025-03-09 10:00:00,777.67,5.91,31.01,28.06,124.4272,4.7783581250000005,34.124124226465256,40.0,80.0
2025-03-09 11:00:00,883.7,5.76,32.86,14.92,141.39200000000002,4.42368,42.83537285430738,50.0,100.0
2025-03-09 12:00:00,912.17,5.27,33.93,1.59,145.9472,3.3880366435185176,52.94575784149351,50.0,100.0
2025-03-09 13:00:00,848.62,4.64,34.51,2.06,135.77920000000003,2.3124385185185177,52.408287448249155,50.0,100.0
2025-03-09 14:00:00,707.67,3.86,34.46,9.79,113.2272,1.3313068518518518,46.99448422519686,50.0,100.0
2025-03-09 15:00:00,503.4,3.14,33.94,20.14,80.544,0.716646851851852,54.97742955964005,50.0,100.0
2025-03-09 16:00:00,268.58,2.17,32.32,44.92,42.9728,0.0,53.62881940163963,40.0,80.0
2025-03-09 17:00:00,58.55,2.43,27.56,72.24,9.368,0.0,43.06224659481079,30.0,60.0
2025-03-09 18:00:00,0.0,3.27,24.61,99.99,0.0,0.8093931249999999,33.12435971297382,20.0,40.0
2025-03-09 19:00:00,0.0,3.66,23.43,99.99,0.0,1.134905,28.820708166692206,10.0,20.0
2025-03-09 20:00:00,0.0,3.83,22.59,99.99,0.0,1.3005066435185186,24.816434739971537,0.0,0.0
2025-03-09 21:00:00,0.0,3.74,21.54,99.99,0.0,1.2109635185185188,21.97728853669888,0.0,0.0
2025-03-09 22:00:00,0.0,3.6,20.15,99.92,0.0,1.08,18.452136725583777,0.0,0.0
2025-03-09 23:00:00,0.0,3.47,19.07,99.42,0.0,0.9671741435185188,18.474149384351836,0.0,0.0
2025-03-10 00:00:00,0.0,3.13,18.58,99.74,0.0,0.7098216898148147,23.236062683056087,0.0,0.0
2025-03-10 01:00:00,0.0,2.86,17.81,99.97,0.0,0.0,20.704358812804813,0.0,0.0
2025-03-10 02:00:00,0.0,2.82,16.71,65.17,0.0,0.0,24.234648017492646,0.0,0.0
2025-03-10 03:00:00,0.0,2.8,15.58,96.15,0.0,0.0,24.274884570083692,0.0,0.0
2025-03-10 04:00:00,0.0,2.81,14.98,95.71,0.0,0.0,26.75684619370548,0.0,0.0
2025-03-10 05:00:00,0.0,2.86,14.51,97.71,0.0,0.0,28.725504422217227,0.0,0.0
2025-03-10 06:00:00,24.42,2.97,15.39,78.97,3.907200000000001,0.0,33.052242383970274,0.0,0.0
2025-03-10 07:00:00,195.25,4.16,18.91,58.82,31.24000000000001,1.6664651851851853,39.062084708848936,0.0,0.0
2025-03-10 08:00:00,415.15,4.22,22.77,41.74,66.42399999999999,1.7396168518518516,42.74762482398367,10.0,20.0
2025-03-10 09:00:00,622.88,4.9,26.81,23.39,99.6608,2.723356481481482,47.61647308316349,20.0,40.0
2025-03-10 10:00:00,764.62,5.01,30.32,21.49,122.3392,2.910914375,61.570307875006506,30.0,60.0
2025-03-10 11:00:00,838.33,3.97,33.01,36.02,134.1328,1.4483975231481483,72.8488843904336,40.0,80.0
2025-03-10 12:00:00,901.75,2.71,34.61,4.12,144.28000000000003,0.0,81.49160621990335,50.0,100.0
2025-03-10 13:00:00,842.7,2.07,35.6,2.37,134.832,0.0,83.96215509658978,50.0,100.0
2025-03-10 14:00:00,708.88,2.15,35.76,3.02,113.4208,0.0,88.78948789550073,50.0,100.0
2025-03-10 15:00:00,519.3,2.61,35.19,1.51,83.08800000000001,0.0,91.03387023806685,42.054129761933154,84.10825952386631
2025-03-10 16:00:00,277.2,2.5,33.58,32.2,44.352,0.0,80.62428859861865,32.054129761933154,64.10825952386631
2025-03-10 17:00:00,59.2,2.33,28.74,65.43,9.472,0.0,67.18736187421487,22.054129761933154,44.10825952386631
2025-03-10 18:00:00,0.0,2.71,26.2,99.67,0.0,0.0,53.16993433089583,12.054129761933154,24.10825952386631
2025-03-10 19:00:00,0.0,2.9,24.87,99.85,0.0,0.0,49.68790224217738,2.0541297619331544,4.108259523866309
2025-03-10 20:00:00,0.0,3.07,23.76,99.98,0.0,0.669778773148148,42.21424892929561,0.0,0.0
2025-03-10 21:00:00,0.0,3.22,22.53,99.98,0.0,0.772829814814815,32.93103571508135,0.0,0.0
2025-03-10 22:00:00,0.0,3.27,21.57,99.98,0.0,0.8093931249999999,32.555847788862074,0.0,0.0
2025-03-10 23:00:00,0.0,3.18,20.96,99.99,0.0,0.7443850000000002,29.52655670584352,0.0,0.0
2025-03-11 00:00:00,0.0,2.97,20.62,100.0,0.0,0.0,26.066215047263036,0.0,0.0
2025-03-11 01:00:00,0.0,2.73,20.3,78.37,0.0,0.0,21.223689872261303,0.0,0.0
2025-03-11 02:00:00,0.0,2.63,19.61,99.73,0.0,0.0,26.390497166752823,0.0,0.0
2025-03-11 03:00:00,0.0,2.62,18.78,99.73,0.0,0.0,24.05852079353834,0.0,0.0
2025-03-11 04:00:00,0.0,2.74,18.18,99.62,0.0,0.0,27.161590780399003,0.0,0.0
2025-03-11 05:00:00,0.0,2.92,18.04,99.68,0.0,0.0,29.502185635228237,0.0,0.0
2025-03-11 06:00:00,24.08,2.85,18.28,80.83,3.8528,0.0,29.898169913627232,0.0,0.0
2025-03-11 07:00:00,196.48,3.74,22.38,59.78,31.4368,1.2109635185185188,38.81078051182313,0.0,0.0
2025-03-11 08:00:00,418.52,3.37,25.98,41.55,66.96320000000001,0.8859433564814816,44.45717612220892,10.0,20.0
2025-03-11 09:00:00,620.47,4.62,30.76,25.86,99.27520000000004,2.282665,52.94798488762006,20.0,40.0
2025-03-11 10:00:00,771.78,4.66,33.6,17.27,123.4848,2.342469814814815,64.41721280306935,30.0,60.0
2025-03-11 11:00:00,806.85,4.18,34.84,49.26,129.096,1.6906164814814812,71.28869973486823,40.0,80.0
2025-03-11 12:00:00,906.45,3.74,36.14,7.67,145.032,1.2109635185185188,76.93853911420068,50.0,100.0
2025-03-11 13:00:00,843.92,3.57,37.0,8.18,135.0272,1.053224375,85.51506834494688,50.0,100.0
2025-03-11 14:00:00,710.42,3.58,37.2,9.23,113.66719999999998,1.0620998148148149,86.95938234053071,50.0,100.0
2025-03-11 15:00:00,480.58,3.9,36.58,52.76,76.89280000000001,1.3731249999999997,88.73178223251227,40.0,80.0
2025-03-11 16:00:00,254.6,3.43,34.82,67.85,40.736,0.9341112731481482,77.98958856190897,30.0,60.0
2025-03-11 17:00:00,57.75,2.83,29.46,83.18,9.24,0.0,63.45066799976713,20.0,40.0
2025-03-11 18:00:00,0.0,3.38,26.36,99.5,0.0,0.8938535185185186,57.172756146471315,10.0,20.0
2025-03-11 19:00:00,0.0,3.55,25.05,99.28,0.0,1.0356221064814817,46.291383081859315,0.0,0.0
2025-03-11 20:00:00,0.0,3.42,24.63,99.74,0.0,0.9259649999999998,40.741058724620764,0.0,0.0
2025-03-11 21:00:00,0.0,3.33,23.77,99.95,0.0,0.854769375,36.11849345222954,0.0,0.0
2025-03-11 22:00:00,0.0,3.25,22.65,99.96,0.0,0.7946325231481481,28.46743702198219,0.0,0.0
2025-03-11 23:00:00,0.0,3.19,21.41,99.99,0.0,0.7514296064814816,30.008538032688243,0.0,0.0
2025-03-12 00:00:00,0.0,3.17,20.53,99.19,0.0,0.7373845601851852,22.45359793425393,0.0,0.0
2025-03-12 01:00:00,0.0,3.12,20.3,82.8,0.0,0.7030400000000001,25.45936459535482,0.0,0.0
2025-03-12 02:00:00,0.0,3.05,20.16,99.26,0.0,0.6567737268518516,24.806401436494983,0.0,0.0
2025-03-12 03:00:00,0.0,2.94,19.79,99.35,0.0,0.0,25.12807516747857,0.0,0.0
2025-03-12 04:00:00,0.0,2.77,19.31,99.77,0.0,0.0,24.756595510231847,0.0,0.0
2025-03-12 05:00:00,0.0,2.5,19.02,99.94,0.0,0.0,26.957720539126953,0.0,0.0
2025-03-12 06:00:00,26.2,1.93,19.83,79.74,4.191999999999999,0.0,31.333600045767295,0.0,0.0
2025-03-12 07:00:00,199.18,1.61,23.09,58.21,31.8688,0.0,36.096338440893796,0.0,0.0
2025-03-12 08:00:00,412.4,1.19,26.66,40.98,65.98400000000001,0.0,40.89267962925692,10.0,20.0
2025-03-12 09:00:00,621.15,3.23,32.29,22.0,99.384,0.7800524768518519,51.18685247881437,20.0,40.0
2025-03-12 10:00:00,781.17,4.39,34.31,2.53,124.9872,1.9584379398148144,61.93763503995275,30.0,60.0
2025-03-12 11:00:00,890.62,5.24,35.39,4.92,142.4992,3.330505185185185,77.53988327572202,40.0,80.0
2025-03-12 12:00:00,898.17,5.85,35.92,10.08,143.7072,4.634296874999999,88.59409296385785,50.0,100.0
2025-03-12 13:00:00,816.83,6.18,35.83,16.79,130.6928,5.463634999999999,87.5449240856405,50.0,100.0
2025-03-12 14:00:00,700.8,6.15,35.5,7.51,112.128,5.384453125000002,85.61098969325496,50.0,100.0
2025-03-12 15:00:00,515.72,5.8,34.81,2.03,82.51520000000002,4.516481481481481,82.59675800733679,50.0,100.0
2025-03-12 16:00:00,273.23,4.98,33.48,33.65,43.716800000000006,2.8589350000000007,76.60962359805181,40.0,80.0
2025-03-12 17:00:00,60.72,2.99,29.33,66.94,9.7152,0.0,73.77837649131496,30.0,60.0
2025-03-12 18:00:00,0.0,3.14,26.31,99.99,0.0,0.716646851851852,55.85544608856587,20.0,40.0
2025-03-12 19:00:00,0.0,3.14,25.27,99.97,0.0,0.716646851851852,53.14840780832666,10.0,20.0
2025-03-12 20:00:00,0.0,3.23,24.72,99.79,0.0,0.7800524768518519,43.303751382427954,0.0,0.0
2025-03-12 21:00:00,0.0,3.44,24.48,99.75,0.0,0.942305185185185,35.004258928337045,0.0,0.0
2025-03-12 22:00:00,0.0,3.41,24.07,99.3,0.0,0.917866226851852,28.2859992207518,0.0,0.0
2025-03-12 23:00:00,0.0,3.1,23.42,99.44,0.0,0.6896064814814816,27.12495755859814,0.0,0.0
2025-03-13 00:00:00,0.0,2.78,22.63,99.34,0.0,0.0,25.716798135340838,0.0,0.0
2025-03-13 01:00:00,0.0,2.51,21.95,99.17,0.0,0.0,23.378364171672995,0.0,0.0
2025-03-13 02:00:00,0.0,2.03,21.74,99.28,0.0,0.0,25.741722643741905,0.0,0.0
2025-03-13 03:00:00,0.0,1.54,21.94,99.54,0.0,0.0,25.143023673631568,0.0,0.0
2025-03-13 04:00:00,0.0,1.57,21.31,99.42,0.0,0.0,26.573858665139504,0.0,0.0
2025-03-13 05:00:00,0.0,1.87,20.3,99.32,0.0,0.0,30.78794379963097,0.0,0.0
2025-03-13 06:00:00,27.88,1.92,20.41,81.32,4.4608,0.0,31.17467157919267,0.0,0.0
2025-03-13 07:00:00,199.68,2.6,23.45,62.83,31.9488,0.0,35.56472929550119,0.0,0.0
2025-03-13 08:00:00,414.58,2.5,27.45,47.78,66.3328,0.0,41.54753936363941,10.0,20.0
2025-03-13 09:00:00,618.22,3.31,31.88,33.46,98.9152,0.8394604398148148,56.3951469021523,20.0,40.0
2025-03-13 10:00:00,785.33,3.62,33.92,17.41,125.65280000000004,1.0981001851851853,60.148537140501546,30.0,60.0
2025-03-13 11:00:00,893.05,4.13,35.29,0.61,142.888,1.630671226851852,71.93632054081668,40.0,80.0
2025-03-13 12:00:00,903.3,4.56,36.09,0.31,144.528,2.1948799999999995,75.02988825052269,50.0,100.0
2025-03-13 13:00:00,840.9,4.9,36.3,2.51,134.544,2.723356481481482,86.27356019424569,50.0,100.0
2025-03-13 14:00:00,696.47,5.18,35.43,11.97,111.4352,3.2174035185185184,87.5710623134588,50.0,100.0
2025-03-13 15:00:00,491.77,5.3,34.45,16.1,78.6832,3.4462268518518515,86.90398181230888,45.22544503954296,90.45089007908592
2025-03-13 16:00:00,248.8,4.53,33.11,42.86,39.80800000000001,2.151844375,77.9182750944101,35.22544503954296,70.45089007908592
2025-03-13 17:00:00,54.03,2.58,29.56,70.69,8.644800000000002,0.0,71.25188752902386,25.22544503954296,50.45089007908592
2025-03-13 18:00:00,0.0,2.53,27.29,99.41,0.0,0.0,60.77934219658871,15.225445039542961,30.450890079085923
2025-03-13 19:00:00,0.0,2.46,26.68,99.54,0.0,0.0,48.94251249882796,5.2254450395429615,10.450890079085923
2025-03-13 20:00:00,0.0,2.5,25.72,99.99,0.0,0.0,46.478127282729254,0.0,0.0
2025-03-13 21:00:00,0.0,2.48,24.79,99.99,0.0,0.0,35.44847473532859,0.0,0.0
2025-03-13 22:00:00,0.0,2.42,24.04,99.96,0.0,0.0,32.52352105871281,0.0,0.0
2025-03-13 23:00:00,0.0,2.36,23.39,99.9,0.0,0.0,28.974330568862936,0.0,0.0
2025-03-14 00:00:00,0.0,2.34,22.65,99.92,0.0,0.0,23.052299980194988,0.0,0.0
2025-03-14 01:00:00,0.0,2.34,21.78,85.71,0.0,0.0,23.44467890454071,0.0,0.0
2025-03-14 02:00:00,0.0,2.44,20.88,99.69,0.0,0.0,25.952103391230764,0.0,0.0
2025-03-14 03:00:00,0.0,2.64,20.25,99.72,0.0,0.0,27.16709727601296,0.0,0.0
2025-03-14 04:00:00,0.0,2.79,19.71,99.73,0.0,0.0,27.039989141362845,0.0,0.0
2025-03-14 05:00:00,0.0,2.91,18.98,99.77,0.0,0.0,26.1164074347898,0.0,0.0
2025-03-14 06:00:00,26.9,2.86,19.6,66.81,4.304,0.0,30.22277456344834,0.0,0.0
2025-03-14 07:00:00,193.6,4.09,22.79,34.56,30.976,1.5837483564814812,34.72652657516252,0.0,0.0
2025-03-14 08:00:00,429.48,3.71,27.35,2.53,68.7168,1.182055810185185,42.08222100801525,10.0,20.0
2025-03-14 09:00:00,622.22,2.95,31.54,14.43,99.5552,0.0,49.12032430436002,20.0,40.0
2025-03-14 10:00:00,740.72,2.13,33.63,31.59,118.5152,0.0,62.455331802217685,30.0,60.0
2025-03-14 11:00:00,833.33,1.96,35.02,37.99,133.3328,0.0,79.80151095297644,40.0,80.0
2025-03-14 12:00:00,870.6,2.3,35.84,43.19,139.29600000000002,0.0,83.36513945120227,50.0,100.0
2025-03-14 13:00:00,673.3,2.84,36.12,53.34,107.728,0.0,89.82897125475161,50.0,100.0
2025-03-14 14:00:00,533.15,3.37,35.66,74.94,85.304,0.8859433564814816,92.42693575725615,43.76300759922533,87.52601519845066
2025-03-14 15:00:00,286.27,3.63,34.89,96.22,45.8032,1.107225625,91.15664304776602,33.76300759922533,67.52601519845066
2025-03-14 16:00:00,154.55,3.13,33.63,98.5,24.728000000000005,0.7098216898148147,77.82838018521224,23.763007599225332,47.526015198450665
2025-03-14 17:00:00,39.45,2.12,30.46,99.98,6.312000000000001,0.0,73.47564136972282,13.763007599225332,27.526015198450665
2025-03-14 18:00:00,0.0,2.08,28.98,98.98,0.0,0.0,60.69517465604925,3.7630075992253325,7.526015198450666
2025-03-14 19:00:00,0.0,2.38,27.73,99.07,0.0,0.0,51.408339558954395,0.0,0.0
2025-03-14 20:00:00,0.0,3.23,26.39,99.2,0.0,0.7800524768518519,43.12732611998857,0.0,0.0
2025-03-14 21:00:00,0.0,3.79,25.27,99.33,0.0,1.2601837731481482,33.65594352647513,0.0,0.0
2025-03-14 22:00:00,0.0,3.84,24.38,98.68,0.0,1.3107199999999997,33.46715550564141,0.0,0.0
2025-03-14 23:00:00,0.0,3.58,23.35,99.95,0.0,1.0620998148148149,27.162092545984823,0.0,0.0
2025-03-15 00:00:00,0.0,3.26,22.18,99.97,0.0,0.8019901851851851,13.879351007611145,0.0,0.0
2025-03-15 01:00:00,0.0,2.9,20.88,99.99,0.0,0.0,14.396963179192987,0.0,0.0
2025-03-15 02:00:00,0.0,2.53,19.79,54.97,0.0,0.0,13.367528068836695,0.0,0.0
2025-03-15 03:00:00,0.0,1.94,19.35,98.43,0.0,0.0,16.318920494385708,0.0,0.0
2025-03-15 04:00:00,0.0,1.07,19.27,99.55,0.0,0.0,16.301631476421086,0.0,0.0
2025-03-15 05:00:00,0.0,0.18,18.76,99.5,0.0,0.0,16.07799181472477,0.0,0.0
2025-03-15 06:00:00,30.27,0.58,18.86,95.98,4.8432,0.0,17.74907711690693,0.0,0.0
2025-03-15 07:00:00,185.85,1.39,20.59,92.34,29.736,0.0,21.623774832805122,8.112225167194879,16.224450334389758
2025-03-15 08:00:00,378.17,2.13,24.26,88.39,60.507200000000005,0.0,26.256285812016124,18.11222516719488,36.22445033438976
2025-03-15 09:00:00,588.35,3.74,28.84,69.63,94.136,1.2109635185185188,30.094120755394673,28.11222516719488,56.22445033438975
2025-03-15 10:00:00,670.88,5.17,31.26,87.03,107.34080000000002,3.1988058564814814,36.02906202625143,38.11222516719488,76.22445033438976
2025-03-15 11:00:00,775.92,6.52,32.97,78.11,124.1472,6.41592148148148,43.16177314921087,48.11222516719488,96.22445033438976
2025-03-15 12:00:00,744.03,7.46,33.97,96.76,119.0448,9.610206851851853,46.26013950307018,50.0,100.0
2025-03-15 13:00:00,739.22,7.93,34.37,93.05,118.2752,11.543455023148146,50.414893578152764,50.0,100.0
2025-03-15 14:00:00,603.1,7.78,34.17,74.8,96.496,10.900716481481483,49.0088151029134,50.0,100.0
2025-03-15 15:00:00,377.4,7.08,33.47,81.77,60.38399999999999,8.215160000000001,55.156034566082724,50.0,100.0
2025-03-15 16:00:00,205.3,5.82,32.07,87.23,32.848000000000006,4.563365000000001,46.09121518170121,41.320149818298795,82.64029963659759
2025-03-15 17:00:00,50.3,3.08,27.94,93.99,8.048,0.6763451851851853,39.31515399461397,31.320149818298795,62.64029963659758
2025-03-15 18:00:00,0.0,2.86,24.71,99.34,0.0,0.0,33.89315503382387,21.320149818298795,42.64029963659759
2025-03-15 19:00:00,0.0,2.75,23.64,99.23,0.0,0.0,29.605781094071826,11.320149818298795,22.64029963659759
2025-03-15 20:00:00,0.0,3.02,22.61,96.87,0.0,0.6375835185185185,26.315875013671747,1.3201498182987947,2.6402996365975895
2025-03-15 21:00:00,0.0,3.39,21.75,93.55,0.0,0.9018106250000002,21.38149952287914,0.0,0.0
2025-03-15 22:00:00,0.0,3.9,20.98,90.63,0.0,1.3731249999999997,19.903046225178063,0.0,0.0
2025-03-15 23:00:00,0.0,4.4,20.28,89.75,0.0,1.9718518518518524,18.02761447500939,0.0,0.0
2025-03-16 00:00:00,0.0,4.77,19.64,96.27,0.0,2.512299375,14.650589487506021,0.0,0.0
2025-03-16 01:00:00,0.0,4.73,19.01,99.43,0.0,2.4496253935185197,15.6783935492666,0.0,0.0
2025-03-16 02:00:00,0.0,4.46,18.48,28.5,0.0,2.0536235185185188,15.494490045860775,0.0,0.0
2025-03-16 03:00:00,0.0,4.09,17.96,99.11,0.0,1.5837483564814812,14.054492346430866,0.0,0.0
2025-03-16 04:00:00,0.0,3.77,17.53,99.69,0.0,1.240338726851852,16.2271109343576,0.0,0.0
2025-03-16 05:00:00,0.0,3.48,17.14,99.87,0.0,0.97556,17.392941857950685,0.0,0.0
2025-03-16 06:00:00,28.38,4.02,17.99,72.52,4.5408,1.5038149999999997,18.63918316593895,0.0,0.0
2025-03-16 07:00:00,189.43,4.28,20.78,45.71,30.308800000000005,1.8148785185185188,23.02104102138525,9.102637497133273,18.205274994266546
2025-03-16 08:00:00,429.02,4.23,25.34,20.93,68.6432,1.7520131250000006,23.626647720939935,19.102637497133273,38.205274994266546
2025-03-16 09:00:00,655.7,3.95,28.44,1.51,104.91200000000002,1.426617476851852,32.29433231887946,29.102637497133273,58.205274994266546
2025-03-16 10:00:00,804.67,3.68,30.34,2.17,128.7472,1.153611851851852,36.473125641882575,39.10263749713327,78.20527499426655
2025-03-16 11:00:00,875.75,4.0,31.59,2.84,140.12,1.4814814814814814,38.475866310190234,49.10263749713327,98.20527499426655
2025-03-16 12:00:00,854.97,4.65,32.26,22.57,136.7952,2.3274218750000006,46.91497690206292,50.0,100.0
2025-03-16 13:00:00,761.62,5.24,32.35,30.32,121.8592,3.330505185185185,47.725037074650096,50.0,100.0
2025-03-16 14:00:00,572.72,5.53,31.92,60.71,91.6352,3.9146383564814817,50.29262368651276,50.0,100.0
2025-03-16 15:00:00,408.45,5.53,31.01,54.97,65.352,3.9146383564814817,45.28853839138247,50.0,100.0
2025-03-16 16:00:00,195.18,5.4,29.63,67.84,31.228800000000003,3.645000000000001,45.92249926508543,40.0,80.0
2025-03-16 17:00:00,47.58,4.04,27.1,81.12,7.6128,1.526371851851852,40.28115381117584,30.0,60.0
2025-03-16 18:00:00,0.0,3.87,24.44,92.85,0.0,1.3416806250000002,35.45857929603632,20.0,40.0
2025-03-16 19:00:00,0.0,4.55,23.68,99.15,0.0,2.1804716435185183,31.453616587783266,10.0,20.0
2025-03-16 20:00:00,0.0,4.71,22.85,99.59,0.0,2.418683125,24.12832259832918,0.0,0.0
2025-03-16 21:00:00,0.0,4.6,22.04,99.86,0.0,2.253148148148148,21.946415241078565,0.0,0.0
2025-03-16 22:00:00,0.0,4.41,21.26,99.63,0.0,1.985326875,18.171360415555938,0.0,0.0
2025-03-16 23:00:00,0.0,4.32,20.71,99.37,0.0,1.86624,18.021122596420927,0.0,0.0
2025-03-17 00:00:00,0.0,4.21,20.3,99.27,0.0,1.7272791898148143,25.469138107195484,0.0,0.0
2025-03-17 01:00:00,0.0,4.1,19.9,89.18,0.0,1.595393518518518,25.59780550437881,0.0,0.0
2025-03-17 02:00:00,0.0,3.75,19.33,99.76,0.0,1.220703125,23.669199750465392,0.0,0.0
2025-03-17 03:00:00,0.0,3.34,18.69,99.73,0.0,0.8624931481481479,26.23205580595894,0.0,0.0
2025-03-17 04:00:00,0.0,2.97,18.15,99.63,0.0,0.0,23.99129565848174,0.0,0.0
2025-03-17 05:00:00,0.0,2.69,17.31,99.75,0.0,0.0,28.061942487214473,0.0,0.0
2025-03-17 06:00:00,28.92,2.52,18.04,63.1,4.627200000000001,0.0,32.43705053469181,0.0,0.0
2025-03-17 07:00:00,218.43,2.84,21.4,24.35,34.9488,0.0,36.515177745270194,0.0,0.0
2025-03-17 08:00:00,482.23,3.35,25.78,0.5,77.1568,0.8702633101851853,41.00984491033811,10.0,20.0
2025-03-17 09:00:00,686.55,4.77,28.43,1.18,109.848,2.512299375,50.517985372356016,20.0,40.0
2025-03-17 10:00:00,836.28,5.03,29.72,1.86,133.8048,2.945914976851852,58.775376254787155,30.0,60.0
2025-03-17 11:00:00,920.83,5.14,30.68,2.54,147.3328,3.1434431481481475,62.91122805375624,40.0,80.0
2025-03-17 12:00:00,933.15,5.25,31.28,3.22,149.304,3.349609375,83.99652634908222,50.0,100.0
2025-03-17 13:00:00,878.95,5.32,31.45,0.5,140.632,3.485388148148149,74.08028227692068,50.0,100.0
2025-03-17 14:00:00,743.33,5.26,31.15,0.51,118.9328,3.368786481481481,82.93765895590538,50.0,100.0
2025-03-17 15:00:00,549.5,5.06,30.44,0.51,87.92,2.998940185185184,76.47468202199671,50.0,100.0
2025-03-17 16:00:00,298.17,4.72,29.17,33.21,47.7072,2.434121481481481,83.79784697043262,40.0,80.0
2025-03-17 17:00:00,73.72,2.96,25.8,66.12,11.7952,0.0,71.19097174321496,30.0,60.0
2025-03-17 18:00:00,0.0,3.1,22.4,100.0,0.0,0.6896064814814816,57.25334172418287,20.0,40.0
2025-03-17 19:00:00,0.0,3.16,21.42,100.0,0.0,0.7304281481481483,49.69187294257578,10.0,20.0
2025-03-17 20:00:00,0.0,3.15,20.5,99.99,0.0,0.7235156249999999,39.89774023863833,0.0,0.0
2025-03-17 21:00:00,0.0,3.16,19.64,99.98,0.0,0.7304281481481483,34.95441271513714,0.0,0.0
2025-03-17 22:00:00,0.0,3.22,18.88,99.97,0.0,0.772829814814815,32.39562233747595,0.0,0.0
2025-03-17 23:00:00,0.0,3.26,18.19,99.89,0.0,0.8019901851851851,30.334081290293916,0.0,0.0
2025-03-18 00:00:00,0.0,3.14,18.06,99.98,0.0,0.716646851851852,24.219234921730884,0.0,0.0
2025-03-18 01:00:00,0.0,3.09,17.09,69.06,0.0,0.6829543749999999,25.708121528234894,0.0,0.0
2025-03-18 02:00:00,0.0,2.88,17.22,99.43,0.0,0.0,25.36491760580274,0.0,0.0
2025-03-18 03:00:00,0.0,2.73,16.52,99.98,0.0,0.0,27.827186807850715,0.0,0.0
2025-03-18 04:00:00,0.0,2.44,16.33,99.94,0.0,0.0,24.669892982256034,0.0,0.0
2025-03-18 05:00:00,0.0,2.15,16.4,99.81,0.0,0.0,26.648784153640463,0.0,0.0
2025-03-18 06:00:00,37.67,1.73,17.5,67.41,6.027200000000001,0.0,33.33486349818102,0.0,0.0
2025-03-18 07:00:00,243.77,1.65,21.22,35.42,39.00320000000001,0.0,35.531909578008104,3.4712904219919025,6.942580843983805
2025-03-18 08:00:00,503.45,1.51,25.37,7.71,80.552,0.0,39.170139932918346,13.471290421991903,26.942580843983805
2025-03-18 09:00:00,708.67,2.72,28.62,7.53,113.3872,0.0,47.728950384924445,23.471290421991903,46.942580843983805
2025-03-18 10:00:00,863.62,2.93,30.24,4.36,138.1792,0.0,61.82534356642739,33.4712904219919,66.9425808439838
2025-03-18 11:00:00,955.5,3.0,31.5,2.18,152.88,0.625,70.24511736625121,43.4712904219919,86.9425808439838
2025-03-18 12:00:00,965.15,3.06,32.34,0.0,154.424,0.6632550000000001,82.93184840792281,50.0,100.0
2025-03-18 13:00:00,866.2,3.21,32.73,15.7,138.592,0.7656518749999999,81.7375308389648,50.0,100.0
2025-03-18 14:00:00,706.38,3.38,32.52,31.39,113.0208,0.8938535185185186,94.10282551889233,50.0,100.0
2025-03-18 15:00:00,498.52,3.44,31.8,47.62,79.7632,0.942305185185185,78.42572365692995,50.0,100.0
2025-03-18 16:00:00,267.8,3.46,30.48,64.06,42.84800000000001,0.9588364814814814,86.53278834872359,40.0,80.0
2025-03-18 17:00:00,66.4,2.53,26.4,81.06,10.624,0.0,64.07715780174951,30.0,60.0
2025-03-18 18:00:00,0.0,3.11,22.84,99.93,0.0,0.6963016435185185,54.60265350997077,20.0,40.0
2025-03-18 19:00:00,0.0,3.32,21.69,99.98,0.0,0.8470918518518518,49.603216549364475,10.0,20.0
2025-03-18 20:00:00,0.0,3.41,20.74,99.97,0.0,0.917866226851852,43.59763193019275,0.0,0.0
2025-03-18 21:00:00,0.0,3.43,19.85,99.96,0.0,0.9341112731481482,35.708128424307304,0.0,0.0
2025-03-18 22:00:00,0.0,3.41,19.07,99.96,0.0,0.917866226851852,30.876337502918087,0.0,0.0
2025-03-18 23:00:00,0.0,3.41,18.38,99.97,0.0,0.917866226851852,28.506975201537013,0.0,0.0
2025-03-19 00:00:00,0.0,3.39,17.77,99.75,0.0,0.9018106250000002,26.226694088296114,0.0,0.0
2025-03-19 01:00:00,0.0,3.36,17.21,73.73,0.0,0.8780799999999999,23.348534636029413,0.0,0.0
2025-03-19 02:00:00,0.0,3.31,16.72,99.23,0.0,0.8394604398148148,25.388549317768394,0.0,0.0
2025-03-19 03:00:00,0.0,3.24,16.28,99.83,0.0,0.7873200000000001,24.953195646617004,0.0,0.0
2025-03-19 04:00:00,0.0,3.16,15.93,99.98,0.0,0.7304281481481483,27.073269511146705,0.0,0.0
2025-03-19 05:00:00,0.0,3.13,15.61,99.95,0.0,0.7098216898148147,29.053531576032594,0.0,0.0
2025-03-19 06:00:00,37.83,2.86,16.89,83.3,6.0528,0.0,33.96778086471858,0.0,0.0
2025-03-19 07:00:00,222.75,3.74,21.5,69.1,35.64,1.2109635185185188,34.158466243304446,2.6924972752140732,5.3849945504281465
2025-03-19 08:00:00,454.2,3.76,25.74,55.44,72.67200000000001,1.2304948148148147,43.1635076341061,12.692497275214073,25.384994550428146
2025-03-19 09:00:00,667.55,3.59,29.65,41.57,106.808,1.0710249768518516,48.44306975576477,22.692497275214073,45.38499455042815
2025-03-19 10:00:00,829.3,2.66,31.75,27.79,132.688,0.0,66.78201677995901,32.69249727521407,65.38499455042815
2025-03-19 11:00:00,918.08,2.05,33.1,14.1,146.89280000000002,0.0,69.48591317435378,42.69249727521407,85.38499455042815
2025-03-19 12:00:00,943.2,1.71,33.86,0.01,150.912,0.0,78.3205837469435,50.0,100.0
2025-03-19 13:00:00,850.65,1.52,34.13,16.42,136.104,0.0,90.29242944159333,50.0,100.0
2025-03-19 14:00:00,694.38,1.35,33.9,32.63,111.1008,0.0,84.87064661904911,50.0,100.0
2025-03-19 15:00:00,489.83,1.27,33.23,48.94,78.3728,0.0,89.59099203279753,40.0,80.0
2025-03-19 16:00:00,262.77,1.47,32.05,65.56,42.043200000000006,0.0,72.64537942357097,30.0,60.0
2025-03-19 17:00:00,67.5,1.79,28.39,82.57,10.8,0.0,71.58848644855088,20.0,40.0
2025-03-19 18:00:00,0.0,2.88,24.81,99.97,0.0,0.0,57.801347813565826,10.0,20.0
2025-03-19 19:00:00,0.0,3.53,23.56,99.95,0.0,1.018217060185185,47.19288621464299,0.0,0.0
2025-03-19 20:00:00,0.0,3.91,22.94,99.92,0.0,1.3837146064814818,44.30437087741766,0.0,0.0
2025-03-19 21:00:00,0.0,4.21,22.27,99.92,0.0,1.7272791898148143,35.37313274892033,0.0,0.0
2025-03-19 22:00:00,0.0,4.27,21.47,99.93,0.0,1.802187106481481,34.86777971042927,0.0,0.0
2025-03-19 23:00:00,0.0,4.14,20.64,98.77,0.0,1.6425449999999997,26.241327446232084,0.0,0.0
2025-03-20 00:00:00,0.0,3.95,19.92,84.51,0.0,1.426617476851852,22.031245013641414,0.0,0.0
2025-03-20 01:00:00,0.0,3.82,19.72,99.5,0.0,1.2903464814814811,22.882613348042664,0.0,0.0
2025-03-20 02:00:00,0.0,3.7,19.29,88.72,0.0,1.1725231481481482,26.57525992617076,0.0,0.0
2025-03-20 03:00:00,0.0,3.65,18.83,99.51,0.0,1.1256278935185184,22.241200289107738,0.0,0.0
2025-03-20 04:00:00,0.0,3.67,18.4,99.61,0.0,1.1442329398148148,27.18096217658251,0.0,0.0
2025-03-20 05:00:00,0.0,3.6,17.95,99.63,0.0,1.08,25.52374356871819,0.0,0.0
2025-03-20 06:00:00,31.5,4.09,18.79,94.94,5.04,1.5837483564814812,31.952135165337104,0.0,0.0
2025-03-20 07:00:00,166.45,4.78,21.36,91.3,26.632,2.5281331481481484,35.766231390581424,0.0,0.0
2025-03-20 08:00:00,332.85,4.6,25.53,87.92,53.25600000000001,2.253148148148148,43.25894689702418,10.0,20.0
2025-03-20 09:00:00,577.85,5.31,29.91,50.11,92.456,3.465770625,44.547951517026476,20.0,40.0
2025-03-20 10:00:00,738.7,4.75,32.05,43.22,118.192,2.480830439814815,59.05843793930156,30.0,60.0
2025-03-20 11:00:00,752.15,4.13,33.35,60.51,120.344,1.630671226851852,76.25310575319308,40.0,80.0
2025-03-20 12:00:00,771.9,3.54,33.98,57.86,123.504,1.026895,77.01952969197959,50.0,100.0
2025-03-20 13:00:00,530.25,3.02,34.11,75.79,84.84,0.6375835185185185,82.57313569815012,50.0,100.0
2025-03-20 14:00:00,525.85,2.67,33.68,71.73,84.13600000000001,0.0,92.7294528007389,41.40654719926111,82.81309439852222
2025-03-20 15:00:00,329.75,2.57,32.89,78.12,52.760000000000005,0.0,80.80563712924172,31.406547199261112,62.81309439852223
2025-03-20 16:00:00,175.05,2.62,31.7,84.13,28.008000000000006,0.0,79.21924586635328,21.406547199261112,42.813094398522225
2025-03-20 17:00:00,41.95,2.13,28.43,92.44,6.712000000000001,0.0,72.41323555892673,11.406547199261112,22.813094398522225
2025-03-20 18:00:00,0.0,2.82,25.75,99.41,0.0,0.0,56.60058005774613,1.4065471992611123,2.8130943985222245
2025-03-20 19:00:00,0.0,3.19,25.13,99.24,0.0,0.7514296064814816,48.324326375854035,0.0,0.0
2025-03-20 20:00:00,0.0,3.55,24.67,99.28,0.0,1.0356221064814817,40.49748020710763,0.0,0.0
2025-03-20 21:00:00,0.0,3.87,23.73,98.49,0.0,1.3416806250000002,39.63036328986908,0.0,0.0
2025-03-20 22:00:00,0.0,4.09,22.62,98.47,0.0,1.5837483564814812,33.30801730704965,0.0,0.0
2025-03-20 23:00:00,0.0,4.17,21.71,99.54,0.0,1.678511875,27.734311682680744,0.0,0.0
2025-03-21 00:00:00,0.0,4.1,20.96,99.1,0.0,1.595393518518518,22.49998683810452,0.0,0.0
2025-03-21 01:00:00,0.0,3.97,20.35,99.4,0.0,1.4483975231481483,24.126923889314416,0.0,0.0
2025-03-21 02:00:00,0.0,3.75,19.81,86.08,0.0,1.220703125,24.449346570587824,0.0,0.0
2025-03-21 03:00:00,0.0,3.45,19.19,99.55,0.0,0.9505468750000002,21.91924053946431,0.0,0.0
2025-03-21 04:00:00,0.0,3.25,18.67,99.64,0.0,0.7946325231481481,26.486136809076452,0.0,0.0
2025-03-21 05:00:00,0.0,3.23,18.76,99.49,0.0,0.7800524768518519,28.106472153666125,0.0,0.0
2025-03-21 06:00:00,32.62,3.72,19.86,65.81,5.2192,1.1916400000000005,33.36662986122004,0.0,0.0
2025-03-21 07:00:00,190.52,4.02,22.42,35.52,30.483200000000007,1.5038149999999997,34.68477828503773,0.0,0.0
2025-03-21 08:00:00,420.55,3.2,25.96,4.08,67.28800000000001,0.7585185185185186,41.83507282465325,10.0,20.0
2025-03-21 09:00:00,619.7,2.66,28.75,13.21,99.15200000000002,0.0,52.53486158656675,20.0,40.0
2025-03-21 10:00:00,765.12,2.14,30.44,6.65,122.4192,0.0,56.255599465389174,30.0,60.0
2025-03-21 11:00:00,881.03,1.8,31.83,4.02,140.9648,0.0,68.67941911101032,40.0,80.0
2025-03-21 12:00:00,895.22,1.97,33.03,1.01,143.23520000000002,0.0,81.77689693474233,50.0,100.0
2025-03-21 13:00:00,826.17,2.44,33.82,0.77,132.1872,0.0,91.63909372680261,50.0,100.0
2025-03-21 14:00:00,684.7,2.88,33.94,4.2,109.55200000000002,0.0,91.56809536885523,50.0,100.0
2025-03-21 15:00:00,489.95,3.34,33.4,8.09,78.392,0.8624931481481479,80.95902082035725,48.29547232779089,96.59094465558178
2025-03-21 16:00:00,239.68,3.73,32.22,36.31,38.3488,1.2012758564814814,75.24825751118264,38.29547232779089,76.59094465558178
2025-03-21 17:00:00,55.5,2.74,28.55,67.36,8.88,0.0,62.49901007033031,28.29547232779089,56.59094465558178
2025-03-21 18:00:00,0.0,3.16,25.01,99.85,0.0,0.7304281481481483,61.53074552728074,18.29547232779089,36.59094465558178
2025-03-21 19:00:00,0.0,3.43,23.88,99.94,0.0,0.9341112731481482,50.605084233729684,8.29547232779089,16.59094465558178
2025-03-21 20:00:00,0.0,3.53,22.98,99.84,0.0,1.018217060185185,40.87355473348049,0.0,0.0
2025-03-21 21:00:00,0.0,3.42,22.12,99.85,0.0,0.9259649999999998,37.50552427573388,0.0,0.0
2025-03-21 22:00:00,0.0,3.16,21.36,99.93,0.0,0.7304281481481483,30.95417611106364,0.0,0.0
2025-03-21 23:00:00,0.0,2.88,20.89,99.92,0.0,0.0,29.534250410728507,0.0,0.0
2025-03-22 00:00:00,0.0,2.5,20.79,99.94,0.0,0.0,13.301630464254245,0.0,0.0
2025-03-22 01:00:00,0.0,2.09,20.97,77.66,0.0,0.0,16.015651266169225,0.0,0.0
2025-03-22 02:00:00,0.0,1.69,21.09,86.89,0.0,0.0,13.904676676082559,0.0,0.0
2025-03-22 03:00:00,0.0,1.35,20.79,99.97,0.0,0.0,14.29701011896199,0.0,0.0
2025-03-22 04:00:00,0.0,1.24,20.5,99.99,0.0,0.0,15.029824860000454,0.0,0.0
2025-03-22 05:00:00,0.0,1.32,19.61,99.97,0.0,0.0,15.361816519242083,0.0,0.0
2025-03-22 06:00:00,41.67,1.61,19.47,84.59,6.6672,0.0,17.767598857384307,0.0,0.0
2025-03-22 07:00:00,240.98,2.45,22.51,68.55,38.5568,0.0,22.284860124057367,10.0,20.0
2025-03-22 08:00:00,463.48,2.74,26.67,56.55,74.1568,0.0,25.90486377405264,20.0,40.0
2025-03-22 09:00:00,676.53,3.84,31.16,43.08,108.2448,1.3107199999999997,30.527217746733147,30.0,60.0
2025-03-22 10:00:00,838.92,4.64,33.04,29.6,134.2272,2.3124385185185177,39.78444247499971,40.0,80.0
2025-03-22 11:00:00,936.7,5.6,34.18,15.89,149.87200000000004,4.065185185185184,44.82855308065536,50.0,100.0
2025-03-22 12:00:00,956.55,6.63,34.75,2.01,153.04799999999997,6.746163125,49.82204269655452,50.0,100.0
2025-03-22 13:00:00,885.0,7.41,34.77,3.96,141.6,9.418264375,53.90856503270243,50.0,100.0
2025-03-22 14:00:00,753.67,7.55,34.3,1.01,120.5872,9.96224247685185,48.088012867010484,50.0,100.0
2025-03-22 15:00:00,537.92,7.12,33.46,25.0,86.0672,8.35518814814815,47.40427910511448,50.0,100.0
2025-03-22 16:00:00,297.67,6.46,32.1,49.43,47.6272,6.240419814814815,45.261414348733815,50.0,100.0
2025-03-22 17:00:00,80.07,4.15,28.79,74.37,12.8112,1.6544762731481486,41.41127954562303,40.0,80.0
2025-03-22 18:00:00,0.0,3.75,24.85,100.0,0.0,1.220703125,34.142850124211115,30.0,60.0
2025-03-22 19:00:00,0.0,3.9,23.7,100.0,0.0,1.3731249999999997,30.211816952655276,20.0,40.0
2025-03-22 20:00:00,0.0,3.84,22.56,99.99,0.0,1.3107199999999997,26.3032987639548,10.0,20.0
2025-03-22 21:00:00,0.0,3.7,21.4,100.0,0.0,1.1725231481481482,20.29084538314464,0.0,0.0
2025-03-22 22:00:00,0.0,3.57,20.35,100.0,0.0,1.053224375,19.681608735957095,0.0,0.0
2025-03-22 23:00:00,0.0,3.45,19.4,99.99,0.0,0.9505468750000002,17.969743878295386,0.0,0.0
2025-03-23 00:00:00,0.0,3.34,18.56,99.98,0.0,0.8624931481481479,15.193609688381999,0.0,0.0
2025-03-23 01:00:00,0.0,3.22,17.82,64.21,0.0,0.772829814814815,13.486593633258067,0.0,0.0
2025-03-23 02:00:00,0.0,3.05,17.21,52.24,0.0,0.6567737268518516,15.5847672478111,0.0,0.0
2025-03-23 03:00:00,0.0,2.91,16.72,96.97,0.0,0.0,15.840184063058482,0.0,0.0
2025-03-23 04:00:00,0.0,2.86,16.22,93.07,0.0,0.0,15.781215575608396,0.0,0.0
2025-03-23 05:00:00,0.0,2.87,15.69,98.44,0.0,0.0,16.031119508033008,0.0,0.0
2025-03-23 06:00:00,45.95,2.61,17.0,82.54,7.352000000000001,0.0,18.21430037429786,0.0,0.0
2025-03-23 07:00:00,218.5,3.49,21.37,68.9,34.96,0.9839941898148152,20.69958051832812,10.0,20.0
2025-03-23 08:00:00,423.58,3.15,25.54,55.12,67.7728,0.7235156249999999,25.74545620859136,20.0,40.0
2025-03-23 09:00:00,624.28,2.59,30.6,41.41,99.8848,0.0,31.407774303490744,30.0,60.0
2025-03-23 10:00:00,797.2,0.77,32.96,27.76,127.552,0.0,33.576832476410466,40.0,80.0
2025-03-23 11:00:00,917.0,0.24,34.45,14.15,146.72,0.0,44.1957196195273,50.0,100.0
2025-03-23 12:00:00,978.55,0.82,35.42,0.22,156.56799999999998,0.0,46.161653112676845,50.0,100.0
2025-03-23 13:00:00,878.25,1.39,35.85,16.37,140.52,0.0,53.4155308591174,50.0,100.0
2025-03-23 14:00:00,709.62,1.87,35.64,31.8,113.5392,0.0,54.67528684624815,50.0,100.0
2025-03-23 15:00:00,492.2,2.25,34.98,46.98,78.75200000000001,0.0,50.083853596511084,50.0,100.0
2025-03-23 16:00:00,255.45,2.41,33.74,62.14,40.87200000000001,0.0,50.562276736129434,40.30972326387057,80.61944652774115
2025-03-23 17:00:00,63.9,1.84,30.05,77.6,10.224,0.0,41.56288955201559,30.309723263870573,60.61944652774115
2025-03-23 18:00:00,0.0,2.17,27.17,99.93,0.0,0.0,35.747262637135464,20.309723263870573,40.61944652774115
2025-03-23 19:00:00,0.0,2.6,25.41,99.91,0.0,0.0,30.962602507336108,10.309723263870573,20.619446527741147
2025-03-23 20:00:00,0.0,3.01,23.67,99.97,0.0,0.6312708564814813,23.677023850965696,0.30972326387057336,0.6194465277411467
2025-03-23 21:00:00,0.0,3.23,22.2,99.97,0.0,0.7800524768518519,22.182533123791828,0.0,0.0
2025-03-23 22:00:00,0.0,3.33,21.0,99.97,0.0,0.854769375,20.08088907658026,0.0,0.0
2025-03-23 23:00:00,0.0,3.36,20.03,99.98,0.0,0.8780799999999999,17.787464372095478,0.0,0.0
2025-03-24 00:00:00,0.0,3.35,19.19,98.41,0.0,0.8702633101851853,25.17327123484325,0.0,0.0
2025-03-24 01:00:00,0.0,3.33,18.42,59.02,0.0,0.854769375,24.190256620075225,0.0,0.0
2025-03-24 02:00:00,0.0,3.32,17.71,34.16,0.0,0.8470918518518518,25.30492837927259,0.0,0.0
2025-03-24 03:00:00,0.0,3.31,17.04,94.15,0.0,0.8394604398148148,24.526645698399776,0.0,0.0
2025-03-24 04:00:00,0.0,3.28,16.41,90.94,0.0,0.8168414814814813,26.97929738743995,0.0,0.0
2025-03-24 05:00:00,0.0,3.26,15.83,99.21,0.0,0.8019901851851851,28.422290131793815,0.0,0.0
2025-03-24 06:00:00,49.42,3.24,17.46,83.26,7.9072,0.7873200000000001,32.06645409110372,0.0,0.0
2025-03-24 07:00:00,224.7,4.25,21.12,69.6,35.952,1.7769820601851851,34.034764035202336,3.6942180249828453,7.388436049965691
2025-03-24 08:00:00,429.88,4.05,25.41,55.64,68.7808,1.5377343749999997,41.756396736843875,13.694218024982845,27.38843604996569
2025-03-24 09:00:00,631.58,4.48,30.46,41.93,101.0528,2.0813748148148155,54.21497955033826,23.694218024982845,47.38843604996569
2025-03-24 10:00:00,794.83,4.04,34.02,28.13,127.1728,1.526371851851852,59.083904774125166,33.694218024982845,67.38843604996569
2025-03-24 11:00:00,911.5,3.3,36.01,14.31,145.84,0.8318749999999999,72.151979736566,43.694218024982845,87.38843604996569
2025-03-24 12:00:00,964.17,2.68,37.27,0.19,154.2672,0.0,89.91434676219284,50.0,100.0
2025-03-24 13:00:00,842.42,2.35,37.92,16.54,134.78719999999998,0.0,83.73553620375186,50.0,100.0
2025-03-24 14:00:00,670.45,2.06,37.91,32.48,107.272,0.0,89.63308831765715,50.0,100.0
2025-03-24 15:00:00,465.62,1.8,37.31,48.59,74.4992,0.0,90.64555655378781,40.0,80.0
2025-03-24 16:00:00,250.27,1.55,36.1,65.0,40.043200000000006,0.0,75.19047984951435,30.0,60.0
2025-03-24 17:00:00,67.82,0.99,33.17,81.85,10.8512,0.0,77.20474113887843,20.0,40.0
2025-03-24 18:00:00,0.0,1.37,30.49,99.44,0.0,0.0,61.92946718439723,10.0,20.0
2025-03-24 19:00:00,0.0,1.94,28.48,99.97,0.0,0.0,56.41843082939395,0.0,0.0
2025-03-24 20:00:00,0.0,2.43,26.49,99.42,0.0,0.0,38.852692327343306,0.0,0.0
2025-03-24 21:00:00,0.0,2.73,24.81,99.99,0.0,0.0,34.331662755675495,0.0,0.0
2025-03-24 22:00:00,0.0,2.89,23.47,99.99,0.0,0.0,33.01137074304519,0.0,0.0
2025-03-24 23:00:00,0.0,2.93,22.33,99.43,0.0,0.0,28.105110267166896,0.0,0.0
2025-03-25 00:00:00,0.0,2.94,21.27,62.47,0.0,0.0,23.72962647329205,0.0,0.0
2025-03-25 01:00:00,0.0,2.92,20.33,99.44,0.0,0.0,24.331827772909254,0.0,0.0
2025-03-25 02:00:00,0.0,2.93,19.5,54.97,0.0,0.0,25.828338652900644,0.0,0.0
2025-03-25 03:00:00,0.0,2.95,18.8,95.4,0.0,0.0,25.75942107129991,0.0,0.0
2025-03-25 04:00:00,0.0,2.92,18.24,94.47,0.0,0.0,24.71846016789891,0.0,0.0
2025-03-25 05:00:00,0.0,2.87,17.82,99.96,0.0,0.0,29.183727863942394,0.0,0.0
2025-03-25 06:00:00,50.0,2.55,19.43,65.82,8.0,0.0,33.02043412703048,0.0,0.0
2025-03-25 07:00:00,246.75,3.22,23.42,33.81,39.48,0.772829814814815,33.309468905078575,6.943360909736235,13.88672181947247
2025-03-25 08:00:00,506.55,2.61,27.44,0.5,81.04800000000002,0.0,45.52261599483451,16.943360909736235,33.88672181947247
2025-03-25 09:00:00,710.08,2.0,32.87,0.38,113.61280000000002,0.0,57.454978614357586,26.943360909736235,53.88672181947247
2025-03-25 10:00:00,856.9,1.99,36.23,0.25,137.104,0.0,61.64946587888563,36.943360909736235,73.88672181947247
2025-03-25 11:00:00,951.47,1.95,37.78,0.13,152.23520000000002,0.0,76.0118858405651,46.943360909736235,93.88672181947247
2025-03-25 12:00:00,955.05,2.0,38.6,0.0,152.808,0.0,78.95474675172775,50.0,100.0
2025-03-25 13:00:00,885.45,2.21,38.94,0.0,141.672,0.0,89.92170032160263,50.0,100.0
2025-03-25 14:00:00,701.58,2.47,38.79,18.85,112.25280000000004,0.0,96.5542872918519,50.0,100.0
2025-03-25 15:00:00,482.48,2.79,38.16,37.74,77.19680000000001,0.0,85.7568807680085,41.43991923199151,82.87983846398302
2025-03-25 16:00:00,251.5,2.89,36.97,57.38,40.24,0.0,90.4791368297499,31.43991923199151,62.87983846398302
2025-03-25 17:00:00,65.88,2.11,33.03,77.87,10.5408,0.0,66.46245902834451,21.43991923199151,42.87983846398302
2025-03-25 18:00:00,0.0,2.24,30.31,99.92,0.0,0.0,60.00536506104544,11.43991923199151,22.87983846398302
2025-03-25 19:00:00,0.0,2.29,29.08,99.99,0.0,0.0,48.99374704502869,1.4399192319915102,2.8798384639830203
2025-03-25 20:00:00,0.0,2.42,27.64,99.97,0.0,0.0,45.89165767714237,0.0,0.0
2025-03-25 21:00:00,0.0,2.44,26.24,99.98,0.0,0.0,36.56644735728804,0.0,0.0
2025-03-25 22:00:00,0.0,2.31,25.06,99.42,0.0,0.0,31.764638625511903,0.0,0.0
2025-03-25 23:00:00,0.0,2.1,24.1,99.97,0.0,0.0,26.25574955066726,0.0,0.0
2025-03-26 00:00:00,0.0,1.87,23.28,99.41,0.0,0.0,21.953341187169215,0.0,0.0
2025-03-26 01:00:00,0.0,1.66,22.49,99.98,0.0,0.0,24.597944319635566,0.0,0.0
2025-03-26 02:00:00,0.0,1.53,21.8,74.12,0.0,0.0,23.872749116826846,0.0,0.0
2025-03-26 03:00:00,0.0,1.4,21.29,99.43,0.0,0.0,25.24782538008344,0.0,0.0
2025-03-26 04:00:00,0.0,1.2,20.93,98.34,0.0,0.0,25.91778653389151,0.0,0.0
2025-03-26 05:00:00,0.0,0.96,20.63,99.97,0.0,0.0,31.846490952880373,0.0,0.0
2025-03-26 06:00:00,50.6,0.7,21.35,86.32,8.096,0.0,31.981401541458016,0.0,0.0
2025-03-26 07:00:00,246.23,0.73,24.7,73.39,39.3968,0.0,36.63544216001442,2.7613578399855783,5.5227156799711565
2025-03-26 08:00:00,469.77,1.38,28.72,61.83,75.1632,0.0,43.50490750825323,12.761357839985578,25.52271567997116
2025-03-26 09:00:00,678.22,3.58,34.55,49.55,108.5152,1.0620998148148149,51.2116867172781,22.76135783998558,45.52271567997116
2025-03-26 10:00:00,834.97,4.45,37.06,37.28,133.5952,2.0398408564814816,67.77701862867517,32.76135783998558,65.52271567997116
2025-03-26 11:00:00,909.85,4.83,38.19,24.96,145.576,2.608300625,75.15368438391873,42.76135783998558,85.52271567997116
2025-03-26 12:00:00,920.67,5.11,38.85,12.58,147.3072,3.088722939814815,79.19730551812681,50.0,100.0
2025-03-26 13:00:00,856.22,5.21,39.1,0.0,136.9952,3.273628726851852,86.78803939530223,50.0,100.0
2025-03-26 14:00:00,682.5,4.96,38.79,19.43,109.2,2.824628148148148,84.48884763274823,50.0,100.0
2025-03-26 15:00:00,470.58,4.55,38.1,38.65,75.2928,2.1804716435185183,89.87044580270866,40.0,80.0
2025-03-26 16:00:00,247.35,3.95,36.92,58.54,39.576,1.426617476851852,77.33444121952614,30.0,60.0
2025-03-26 17:00:00,65.68,2.3,33.02,78.81,10.5088,0.0,73.67472958783436,20.0,40.0
2025-03-26 18:00:00,0.0,2.25,30.48,99.94,0.0,0.0,64.471158141174,10.0,20.0
2025-03-26 19:00:00,0.0,2.23,29.32,99.99,0.0,0.0,51.200803737218635,0.0,0.0
2025-03-26 20:00:00,0.0,2.57,28.03,99.26,0.0,0.0,46.448127386775724,0.0,0.0
2025-03-26 21:00:00,0.0,3.17,26.24,99.95,0.0,0.7373845601851852,37.86592865628702,0.0,0.0
2025-03-26 22:00:00,0.0,3.7,24.98,99.82,0.0,1.1725231481481482,32.582958941561415,0.0,0.0
2025-03-26 23:00:00,0.0,3.87,24.25,99.92,0.0,1.3416806250000002,27.310043441271144,0.0,0.0
2025-03-27 00:00:00,0.0,3.99,23.59,99.92,0.0,1.4703981250000004,23.932574461654045,0.0,0.0
2025-03-27 01:00:00,0.0,3.92,22.88,81.7,0.0,1.3943585185185183,24.70206940220296,0.0,0.0
2025-03-27 02:00:00,0.0,3.55,22.06,98.56,0.0,1.0356221064814817,25.00632994858222,0.0,0.0
2025-03-27 03:00:00,0.0,3.27,21.26,99.98,0.0,0.8093931249999999,26.049389137970575,0.0,0.0
2025-03-27 04:00:00,0.0,3.17,20.62,99.96,0.0,0.7373845601851852,28.439854592500627,0.0,0.0
2025-03-27 05:00:00,0.0,3.15,20.09,99.93,0.0,0.7235156249999999,26.670485874342834,0.0,0.0
2025-03-27 06:00:00,48.7,3.65,21.68,74.0,7.792000000000001,1.1256278935185184,32.080685043334455,0.0,0.0
2025-03-27 07:00:00,224.68,4.4,24.65,50.36,35.948800000000006,1.9718518518518524,35.13616928082474,2.7844825710271195,5.568965142054239
2025-03-27 08:00:00,459.58,5.45,29.13,26.77,73.5328,3.747190393518519,40.868963322916834,12.78448257102712,25.56896514205424
2025-03-27 09:00:00,708.15,5.88,32.35,2.51,113.304,4.70596,51.42053346076553,22.78448257102712,45.56896514205424
2025-03-27 10:00:00,853.12,6.24,34.2,3.55,136.4992,5.624320000000001,63.507840282064045,32.78448257102712,65.56896514205424
2025-03-27 11:00:00,913.85,6.76,35.5,4.59,146.216,7.150828148148149,77.96155270282522,42.78448257102712,85.56896514205424
2025-03-27 12:00:00,921.7,7.23,36.4,4.08,147.472,8.748450625000002,83.24411713174202,50.0,100.0
2025-03-27 13:00:00,852.03,7.6,36.88,10.67,136.32479999999998,10.16148148148148,92.77909940782166,50.0,100.0
2025-03-27 14:00:00,725.05,7.65,36.74,0.5,116.008,10.363359375000003,90.8315963985206,50.0,100.0
2025-03-27 15:00:00,532.8,7.61,36.13,2.51,85.24799999999999,10.201645393518518,88.27215185810007,50.0,100.0
2025-03-27 16:00:00,277.17,7.32,34.93,32.67,44.34720000000001,9.07924,78.8626085879172,40.0,80.0
2025-03-27 17:00:00,71.95,5.02,32.05,64.89,11.512,2.928379814814814,72.93636816796648,30.0,60.0
2025-03-27 18:00:00,0.0,3.81,27.66,99.91,0.0,1.2802393750000003,64.14120025586865,20.0,40.0
2025-03-27 19:00:00,0.0,3.89,26.12,99.99,0.0,1.3625895601851854,51.43126888901111,10.0,20.0
2025-03-27 20:00:00,0.0,4.18,24.97,99.99,0.0,1.6906164814814812,39.938265121887845,0.0,0.0
2025-03-27 21:00:00,0.0,4.82,24.1,99.97,0.0,2.5921335185185197,35.25552298650255,0.0,0.0
2025-03-27 22:00:00,0.0,5.67,23.27,99.98,0.0,4.219543125,34.0204813104909,0.0,0.0
2025-03-27 23:00:00,0.0,6.07,22.19,99.97,0.0,5.177049606481482,28.716230161383518,0.0,0.0
2025-03-28 00:00:00,0.0,6.24,21.19,99.96,0.0,5.624320000000001,25.137322898734155,0.0,0.0
2025-03-28 01:00:00,0.0,6.5,20.35,62.11,0.0,6.357060185185185,22.45363025708279,0.0,0.0
2025-03-28 02:00:00,0.0,6.53,19.34,95.28,0.0,6.445487893518519,25.054254902844047,0.0,0.0
2025-03-28 03:00:00,0.0,6.5,18.3,99.4,0.0,6.357060185185185,23.607480989361243,0.0,0.0
2025-03-28 04:00:00,0.0,6.12,17.3,98.84,0.0,5.306040000000001,25.40535161625328,0.0,0.0
2025-03-28 05:00:00,0.0,5.36,16.17,99.95,0.0,3.564598518518519,29.127649534964178,0.0,0.0
2025-03-28 06:00:00,67.07,5.61,16.62,63.88,10.7312,4.087001875000001,34.58499298720711,0.0,0.0
2025-03-28 07:00:00,298.75,5.29,19.35,32.69,47.8,3.426756689814815,36.318024194135276,10.0,20.0
2025-03-28 08:00:00,575.55,4.73,23.47,0.51,92.088,2.4496253935185197,43.249614486739695,20.0,40.0
2025-03-28 09:00:00,791.65,4.23,27.81,0.5,126.664,1.7520131250000006,49.32502233287934,30.0,60.0
2025-03-28 10:00:00,948.92,4.31,31.09,0.53,151.8272,1.8533099768518515,55.433624150993325,40.0,80.0
2025-03-28 11:00:00,1036.5,4.52,32.7,0.56,165.84,2.1376251851851844,73.39809640084044,50.0,100.0
2025-03-28 12:00:00,1041.55,4.8,33.61,0.59,166.64800000000002,2.56,80.31249467249052,50.0,100.0
2025-03-28 13:00:00,942.75,5.14,33.93,16.86,150.84,3.1434431481481475,87.03074333448315,50.0,100.0
2025-03-28 14:00:00,768.2,5.42,33.53,32.53,122.912,3.685650185185185,89.56066721491558,50.0,100.0
2025-03-28 15:00:00,537.9,5.62,32.59,48.2,86.064,4.108896481481482,77.439559513289,50.0,100.0
2025-03-28 16:00:00,285.98,5.54,30.96,64.17,45.756800000000005,3.935913518518519,77.8849731370953,40.0,80.0
2025-03-28 17:00:00,75.62,3.64,26.89,80.38,12.099200000000002,1.1164014814814818,67.14712120272614,30.0,60.0
2025-03-28 18:00:00,0.0,3.74,22.4,99.97,0.0,1.2109635185185188,58.48942306850978,20.0,40.0
2025-03-28 19:00:00,0.0,3.89,21.06,100.0,0.0,1.3625895601851854,49.43525508062496,10.0,20.0
2025-03-28 20:00:00,0.0,4.06,20.0,100.0,0.0,1.5491531481481478,43.3505099639521,0.0,0.0
2025-03-28 21:00:00,0.0,4.27,19.12,100.0,0.0,1.802187106481481,35.8386201948238,0.0,0.0
2025-03-28 22:00:00,0.0,4.51,18.48,99.98,0.0,2.123468773148148,32.262980465214305,0.0,0.0
2025-03-28 23:00:00,0.0,4.58,17.76,99.91,0.0,2.2238868518518515,27.77193821404469,0.0,0.0
2025-03-29 00:00:00,0.0,4.89,18.0,99.91,0.0,2.7067168749999992,15.020783585654321,0.0,0.0
2025-03-29 01:00:00,0.0,4.75,17.6,80.55,0.0,2.480830439814815,14.26351598158963,0.0,0.0
2025-03-29 02:00:00,0.0,4.61,16.86,94.02,0.0,2.2678745601851857,14.563116456203511,0.0,0.0
2025-03-29 03:00:00,0.0,4.23,15.63,99.78,0.0,1.7520131250000006,14.710088358612923,0.0,0.0
2025-03-29 04:00:00,0.0,4.05,14.76,99.71,0.0,1.5377343749999997,15.629738854953157,0.0,0.0
2025-03-29 05:00:00,0.0,3.83,13.91,99.44,0.0,1.3005066435185186,16.65148028698681,0.0,0.0
2025-03-29 06:00:00,74.25,4.38,15.54,81.83,11.88,1.945085,20.56428387734388,0.0,0.0
2025-03-29 07:00:00,295.02,4.41,18.46,67.13,47.2032,1.985326875,22.54542364500471,10.0,20.0
2025-03-29 08:00:00,547.95,4.62,22.55,52.49,87.67200000000001,2.282665,25.377545062779436,20.0,40.0
2025-03-29 09:00:00,769.62,5.37,26.04,27.04,123.13920000000002,3.584586875,28.637203039349703,30.0,60.0
2025-03-29 10:00:00,912.53,5.03,28.35,30.28,146.00480000000002,2.945914976851852,34.23215980573979,40.0,80.0
2025-03-29 11:00:00,946.97,4.75,30.31,42.14,151.51520000000002,2.480830439814815,42.92388887365835,50.0,100.0
2025-03-29 12:00:00,954.0,4.71,31.75,35.51,152.64,2.418683125,51.508949606306174,50.0,100.0
2025-03-29 13:00:00,833.15,4.86,32.19,78.5,133.304,2.6572050000000003,47.85462210277613,50.0,100.0
2025-03-29 14:00:00,731.3,5.12,31.08,59.33,117.008,3.106891851851852,50.28270062309846,50.0,100.0
2025-03-29 15:00:00,497.67,5.35,30.03,67.57,79.62720000000002,3.5446846064814808,54.04731404355419,50.0,100.0
2025-03-29 16:00:00,278.73,5.18,28.83,77.12,44.59680000000001,3.2174035185185184,47.16147927636476,50.0,100.0
2025-03-29 17:00:00,85.62,3.55,26.19,86.31,13.6992,1.0356221064814817,40.152153100050754,40.0,80.0
2025-03-29 18:00:00,0.0,3.19,23.23,99.51,0.0,0.7514296064814816,31.704779698158383,30.0,60.0
2025-03-29 19:00:00,0.0,3.13,22.1,99.42,0.0,0.7098216898148147,31.26258639587383,20.0,40.0
2025-03-29 20:00:00,0.0,3.04,21.18,99.36,0.0,0.6503348148148148,25.427287605930292,10.0,20.0
2025-03-29 21:00:00,0.0,3.0,20.41,99.13,0.0,0.625,21.486946585020984,0.0,0.0
2025-03-29 22:00:00,0.0,3.07,19.58,99.14,0.0,0.669778773148148,18.702397555483632,0.0,0.0
2025-03-29 23:00:00,0.0,3.2,18.74,99.21,0.0,0.7585185185185186,16.97027669925625,0.0,0.0
2025-03-30 00:00:00,0.0,3.21,18.66,98.79,0.0,0.7656518749999999,16.352256963960627,0.0,0.0
2025-03-30 01:00:00,0.0,3.27,18.72,99.22,0.0,0.8093931249999999,15.742256954163564,0.0,0.0
2025-03-30 02:00:00,0.0,3.22,18.5,98.87,0.0,0.772829814814815,14.214807027334082,0.0,0.0
2025-03-30 03:00:00,0.0,3.09,17.87,99.46,0.0,0.6829543749999999,15.166060519718679,0.0,0.0
2025-03-30 04:00:00,0.0,2.98,17.01,99.52,0.0,0.0,16.057554477360597,0.0,0.0
2025-03-30 05:00:00,0.0,2.84,16.13,99.44,0.0,0.0,17.314796233914418,0.0,0.0
2025-03-30 06:00:00,72.0,2.32,17.5,91.57,11.52,0.0,20.691816744959922,0.0,0.0
2025-03-30 07:00:00,280.9,2.25,21.49,83.71,44.944,0.0,21.686880506556214,10.0,20.0
2025-03-30 08:00:00,508.73,1.9,25.8,76.37,81.39680000000001,0.0,26.07254491190107,20.0,40.0
2025-03-30 09:00:00,731.47,2.43,29.55,61.97,117.03520000000002,0.0,33.22526671529654,30.0,60.0
2025-03-30 10:00:00,911.1,2.74,31.51,31.99,145.776,0.0,40.52740977528997,40.0,80.0
2025-03-30 11:00:00,997.88,3.06,33.03,23.27,159.6608,0.6632550000000001,46.476001521712654,50.0,100.0
2025-03-30 12:00:00,1005.2,3.4,34.17,14.61,160.83200000000002,0.9098148148148146,44.065632761966164,50.0,100.0
2025-03-30 13:00:00,945.38,3.7,34.77,0.8,151.2608,1.1725231481481482,53.0251186123389,50.0,100.0
2025-03-30 14:00:00,760.05,3.82,34.85,20.35,121.608,1.2903464814814811,48.787942487675146,50.0,100.0
2025-03-30 15:00:00,518.92,3.79,34.33,39.27,83.0272,1.2601837731481482,53.50489529045793,50.0,100.0
2025-03-30 16:00:00,276.58,3.63,33.14,58.29,44.2528,1.107225625,49.580786322660344,45.779239302339654,91.55847860467931
2025-03-30 17:00:00,77.28,2.49,29.09,77.6,12.3648,0.0,41.209998045824044,35.779239302339654,71.55847860467931
2025-03-30 18:00:00,0.0,3.01,24.76,99.42,0.0,0.6312708564814813,34.94797235748555,25.779239302339654,51.5584786046793
2025-03-30 19:00:00,0.0,3.31,23.18,99.98,0.0,0.8394604398148148,27.75002680892276,15.779239302339654,31.55847860467931
2025-03-30 20:00:00,0.0,3.5,21.94,99.98,0.0,0.992476851851852,25.150633478462044,5.779239302339654,11.558478604679308
2025-03-30 21:00:00,0.0,3.58,20.9,99.97,0.0,1.0620998148148149,22.98904548388362,0.0,0.0
2025-03-30 22:00:00,0.0,3.58,20.01,99.95,0.0,1.0620998148148149,19.508478909391243,0.0,0.0
2025-03-30 23:00:00,0.0,3.54,19.23,99.96,0.0,1.026895,15.286670820423344,0.0,0.0
2025-03-31 00:00:00,0.0,3.46,18.56,99.97,0.0,0.9588364814814814,22.721473777454516,0.0,0.0
2025-03-31 01:00:00,0.0,3.35,18.02,99.96,0.0,0.8702633101851853,23.574662261548372,0.0,0.0
2025-03-31 02:00:00,0.0,3.25,17.59,61.29,0.0,0.7946325231481481,23.974772339464725,0.0,0.0
2025-03-31 03:00:00,0.0,3.15,17.22,98.8,0.0,0.7235156249999999,26.13484030811281,0.0,0.0
2025-03-31 04:00:00,0.0,3.0,16.93,97.57,0.0,0.625,28.11552638038273,0.0,0.0
2025-03-31 05:00:00,0.0,2.79,16.85,99.84,0.0,0.0,27.403271489828246,0.0,0.0
2025-03-31 06:00:00,71.8,2.37,18.54,64.39,11.488,0.0,32.984126651513286,0.0,0.0
2025-03-31 07:00:00,292.08,2.46,23.35,33.28,46.732800000000005,0.0,34.34342361499287,10.0,20.0
2025-03-31 08:00:00,576.2,1.65,27.92,0.5,92.192,0.0,39.75303295709577,20.0,40.0
2025-03-31 09:00:00,780.38,1.42,32.05,0.45,124.8608,0.0,49.946482414379,30.0,60.0
2025-03-31 10:00:00,927.55,1.91,33.86,0.39,148.408,0.0,61.841524196201895,40.0,80.0
2025-03-31 11:00:00,1005.75,2.59,35.16,0.33,160.92,0.0,75.54940531488603,50.0,100.0
2025-03-31 12:00:00,1007.92,3.31,35.96,0.27,161.2672,0.8394604398148148,82.82664585915799,50.0,100.0
2025-03-31 13:00:00,934.28,4.0,36.3,0.22,149.4848,1.4814814814814814,88.13071766411484,50.0,100.0
2025-03-31 14:00:00,758.38,4.36,36.13,19.74,121.3408,1.918561481481482,94.31739476128638,50.0,100.0
2025-03-31 15:00:00,529.72,4.53,35.47,38.61,84.75520000000002,2.151844375,86.91346597879352,49.99357839620649,99.98715679241297
2025-03-31 16:00:00,282.67,4.63,34.17,57.53,45.22720000000001,2.2975196064814813,81.09979316922876,39.99357839620649,79.98715679241297
2025-03-31 17:00:00,79.57,3.12,30.33,76.96,12.7312,0.7030400000000001,70.51866567059209,29.993578396206487,59.987156792412975
2025-03-31 18:00:00,0.0,3.54,25.77,99.94,0.0,1.026895,56.35089304484961,19.993578396206487,39.987156792412975
2025-03-31 19:00:00,0.0,3.69,24.52,99.99,0.0,1.163041875,46.36578488109938,9.993578396206487,19.987156792412975
2025-03-31 20:00:00,0.0,3.78,23.52,99.98,0.0,1.2502349999999998,41.47830899681044,0.0,0.0
2025-03-31 21:00:00,0.0,3.88,22.65,99.95,0.0,1.352108148148148,36.174826380013315,0.0,0.0
2025-03-31 22:00:00,0.0,3.98,21.87,99.94,0.0,1.459370185185185,30.620569452211264,0.0,0.0
2025-03-31 23:00:00,0.0,4.04,21.16,99.88,0.0,1.526371851851852,27.240342943787212,0.0,0.0
2025-04-01 00:00:00,0.0,4.09,20.49,99.92,0.0,1.5837483564814812,24.392479102159005,0.0,0.0
2025-04-01 01:00:00,0.0,4.11,19.87,99.94,0.0,1.607095625,25.425034841356073,0.0,0.0
2025-04-01 02:00:00,0.0,3.96,19.16,70.4,0.0,1.43748,22.553425004585307,0.0,0.0
2025-04-01 03:00:00,0.0,3.74,18.43,99.97,0.0,1.2109635185185188,24.49505175152137,0.0,0.0
2025-04-01 04:00:00,0.0,3.56,17.84,99.91,0.0,1.0443985185185187,26.549648333370683,0.0,0.0
2025-04-01 05:00:00,0.0,3.36,17.44,99.74,0.0,0.8780799999999999,27.641036154281466,0.0,0.0
2025-04-01 06:00:00,71.57,2.69,19.6,83.83,11.4512,0.0,32.999342287884055,0.0,0.0
2025-04-01 07:00:00,249.88,2.97,24.39,72.68,39.9808,0.0,34.85958653981546,5.121213460184542,10.242426920369084
2025-04-01 08:00:00,458.17,1.72,28.8,60.43,73.30720000000001,0.0,41.6525639024896,15.121213460184542,30.242426920369088
2025-04-01 09:00:00,654.25,1.15,33.02,48.04,104.68,0.0,50.507834167112414,25.121213460184542,50.242426920369084
2025-04-01 10:00:00,808.03,2.2,34.81,35.83,129.2848,0.0,62.837156434834704,35.12121346018454,70.24242692036908
2025-04-01 11:00:00,893.65,2.7,35.98,24.03,142.984,0.0,71.94714068617753,45.12121346018454,90.24242692036908
2025-04-01 12:00:00,933.05,2.98,36.68,12.43,149.28799999999998,0.0,83.15099821591964,50.0,100.0
2025-04-01 13:00:00,907.83,3.14,36.93,0.34,145.2528,0.716646851851852,86.81724176394566,50.0,100.0
2025-04-01 14:00:00,738.1,3.26,36.78,20.03,118.096,0.8019901851851851,96.21791308707355,50.0,100.0
2025-04-01 15:00:00,510.35,3.42,36.18,38.97,81.656,0.9259649999999998,87.20208003532282,45.37988496467719,90.75976992935438
2025-04-01 16:00:00,264.12,3.52,35.0,58.28,42.25920000000001,1.009588148148148,75.45347393850511,35.37988496467719,70.75976992935438
2025-04-01 17:00:00,70.53,2.51,31.26,77.88,11.2848,0.0,63.2855422679966,25.37988496467719,50.759769929354384
2025-04-01 18:00:00,0.0,3.17,26.87,99.93,0.0,0.7373845601851852,55.26994820519251,15.379884964677188,30.759769929354373
2025-04-01 19:00:00,0.0,3.61,25.44,99.98,0.0,1.089025023148148,49.80160583405556,5.3798849646771885,10.759769929354377
2025-04-01 20:00:00,0.0,3.9,24.49,99.97,0.0,1.3731249999999997,39.86578807220258,0.0,0.0
2025-04-01 21:00:00,0.0,4.16,23.71,99.94,0.0,1.6664651851851853,35.23429888226099,0.0,0.0
2025-04-01 22:00:00,0.0,4.11,22.79,99.85,0.0,1.607095625,30.30645074538115,0.0,0.0
2025-04-01 23:00:00,0.0,3.84,21.84,99.94,0.0,1.3107199999999997,27.11754278506582,0.0,0.0
2025-04-02 00:00:00,0.0,3.62,21.05,99.94,0.0,1.0981001851851853,21.797578305793476,0.0,0.0
2025-04-02 01:00:00,0.0,3.52,20.42,78.28,0.0,1.009588148148148,25.532689978693252,0.0,0.0
2025-04-02 02:00:00,0.0,3.44,19.88,99.87,0.0,0.942305185185185,23.755214420588985,0.0,0.0
2025-04-02 03:00:00,0.0,3.38,19.38,99.71,0.0,0.8938535185185186,22.906185407652934,0.0,0.0
2025-04-02 04:00:00,0.0,3.34,18.88,99.7,0.0,0.8624931481481479,24.746842510321102,0.0,0.0
2025-04-02 05:00:00,0.0,3.29,18.38,99.41,0.0,0.8243353935185185,29.007260441100378,0.0,0.0
2025-04-02 06:00:00,63.3,2.85,20.38,80.47,10.128,0.0,34.4484299498859,0.0,0.0
2025-04-02 07:00:00,232.25,3.68,24.96,65.26,37.16,1.153611851851852,36.91956592215739,1.3940459296944567,2.7880918593889135
2025-04-02 08:00:00,409.33,2.99,29.36,53.06,65.4928,0.0,44.92490080290792,11.394045929694457,22.788091859388913
2025-04-02 09:00:00,589.9,2.27,33.84,39.5,94.384,0.0,52.954314017452965,21.394045929694457,42.78809185938891
2025-04-02 10:00:00,739.6,2.2,35.57,26.42,118.336,0.0,63.72562616369623,31.394045929694457,62.78809185938891
2025-04-02 11:00:00,883.42,2.42,36.79,13.22,141.34720000000002,0.0,71.56078325246166,41.39404592969446,82.78809185938891
2025-04-02 12:00:00,938.97,2.7,37.56,0.01,150.23520000000002,0.0,79.152886802076,50.0,100.0
2025-04-02 13:00:00,822.2,2.89,37.84,16.77,131.552,0.0,85.09902711157976,50.0,100.0
2025-04-02 14:00:00,650.4,2.88,37.61,32.93,104.064,0.0,94.45961065606248,50.0,100.0
2025-04-02 15:00:00,441.08,2.79,36.96,49.38,70.5728,0.0,80.0183645231066,40.5544354768934,81.1088709537868
2025-04-02 16:00:00,227.77,2.72,35.82,66.05,36.4432,0.0,81.85388435171102,30.554435476893403,61.108870953786806
2025-04-02 17:00:00,66.85,2.07,32.23,82.82,10.696,0.0,68.56677108465338,20.554435476893403,41.108870953786806
2025-04-02 18:00:00,0.0,2.61,28.64,99.98,0.0,0.0,54.178647454530854,10.554435476893403,21.108870953786806
2025-04-02 19:00:00,0.0,3.13,26.87,99.97,0.0,0.7098216898148147,52.868589470008395,0.5544354768934028,1.1088709537868056
2025-04-02 20:00:00,0.0,3.5,25.54,99.82,0.0,0.992476851851852,40.44818897769908,0.0,0.0
2025-04-02 21:00:00,0.0,3.62,24.96,99.66,0.0,1.0981001851851853,35.317400056305466,0.0,0.0
2025-04-02 22:00:00,0.0,3.74,24.28,99.49,0.0,1.2109635185185188,31.400452520470985,0.0,0.0
2025-04-02 23:00:00,0.0,4.02,23.72,98.5,0.0,1.5038149999999997,26.24051930450814,0.0,0.0
2025-04-03 00:00:00,0.0,4.3,22.86,99.55,0.0,1.840439814814815,22.009011593875258,0.0,0.0
2025-04-03 01:00:00,0.0,4.35,21.98,83.33,0.0,1.9053906249999997,24.446055388276623,0.0,0.0
2025-04-03 02:00:00,0.0,4.17,21.04,99.71,0.0,1.678511875,24.88498175549765,0.0,0.0
2025-04-03 03:00:00,0.0,3.98,20.45,99.7,0.0,1.459370185185185,26.74984297312326,0.0,0.0
2025-04-03 04:00:00,0.0,3.83,20.03,99.4,0.0,1.3005066435185186,22.08808279278712,0.0,0.0
2025-04-03 05:00:00,0.0,3.73,19.66,99.09,0.0,1.2012758564814814,29.83143144059285,0.0,0.0
2025-04-03 06:00:00,49.22,4.0,21.53,79.57,7.875199999999999,1.4814814814814814,31.52514481303554,0.0,0.0
2025-04-03 07:00:00,192.12,5.04,24.85,62.82,30.7392,2.96352,36.92536331358296,0.0,0.0
2025-04-03 08:00:00,376.12,5.48,29.45,48.01,60.17920000000001,3.809411851851853,44.56368500895894,10.0,20.0
2025-04-03 09:00:00,567.75,6.52,33.51,32.1,90.84,6.41592148148148,55.67822312150167,20.0,40.0
2025-04-03 10:00:00,738.8,6.16,35.32,17.28,118.208,5.410761481481482,67.49620180473796,30.0,60.0
2025-04-03 11:00:00,880.65,5.55,36.45,1.01,140.904,3.9572656249999993,75.57599588763287,40.0,80.0
2025-04-03 12:00:00,882.42,4.85,37.14,2.63,141.18720000000002,2.640836226851851,82.30352716268324,50.0,100.0
2025-04-03 13:00:00,814.17,4.09,37.41,1.01,130.2672,1.5837483564814812,89.43528836181964,50.0,100.0
2025-04-03 14:00:00,658.88,3.34,37.31,6.01,105.4208,0.8624931481481479,100.51620903624408,50.0,100.0
2025-04-03 15:00:00,426.38,2.68,36.56,24.85,68.2208,0.0,88.77241300979018,40.0,80.0
2025-04-03 16:00:00,217.55,2.14,35.56,48.61,34.80800000000001,0.0,77.89035623928483,30.0,60.0
2025-04-03 17:00:00,61.95,1.4,33.23,73.71,9.912,0.0,77.55667156595945,20.0,40.0
2025-04-03 18:00:00,0.0,1.88,30.83,98.74,0.0,0.0,57.94334118288603,10.0,20.0
2025-04-03 19:00:00,0.0,2.53,29.17,99.9,0.0,0.0,50.54792719854933,0.0,0.0
2025-04-03 20:00:00,0.0,2.91,28.03,99.97,0.0,0.0,42.84638403238632,0.0,0.0
2025-04-03 21:00:00,0.0,3.09,27.09,99.97,0.0,0.6829543749999999,36.21340645479459,0.0,0.0
2025-04-03 22:00:00,0.0,3.22,25.99,99.97,0.0,0.772829814814815,31.41849739295095,0.0,0.0
2025-04-03 23:00:00,0.0,3.28,24.93,99.96,0.0,0.8168414814814813,27.711316415439832,0.0,0.0
2025-04-04 00:00:00,0.0,3.25,23.9,99.97,0.0,0.7946325231481481,23.740036238572287,0.0,0.0
2025-04-04 01:00:00,0.0,3.18,22.68,50.54,0.0,0.7443850000000002,25.863447161795044,0.0,0.0
2025-04-04 02:00:00,0.0,3.19,21.83,99.99,0.0,0.7514296064814816,24.596835316585963,0.0,0.0
2025-04-04 03:00:00,0.0,3.24,21.23,99.82,0.0,0.7873200000000001,25.675664185065695,0.0,0.0
2025-04-04 04:00:00,0.0,3.28,20.74,99.78,0.0,0.8168414814814813,25.890224012235183,0.0,0.0
2025-04-04 05:00:00,0.0,3.32,20.32,99.81,0.0,0.8470918518518518,28.57490277683119,0.0,0.0
2025-04-04 06:00:00,60.15,3.31,22.5,81.14,9.624,0.8394604398148148,31.205609840194988,0.0,0.0
2025-04-04 07:00:00,226.73,4.44,26.28,67.41,36.2768,2.0261200000000006,37.25487847615607,1.0480415238439278,2.0960830476878556
2025-04-04 08:00:00,417.02,3.39,30.73,55.28,66.7232,0.9018106250000002,43.60763613619463,11.048041523843928,22.096083047687856
2025-04-04 09:00:00,617.6,2.02,34.96,41.99,98.81600000000002,0.0,57.46960138571686,21.048041523843928,42.096083047687856
2025-04-04 10:00:00,797.2,1.5,36.94,27.75,127.552,0.0,69.68072732091422,31.048041523843928,62.096083047687856
2025-04-04 11:00:00,914.42,2.48,38.42,14.25,146.30720000000002,0.0,75.80684253942692,41.04804152384393,82.09608304768786
2025-04-04 12:00:00,971.22,3.68,39.17,0.05,155.39520000000002,1.153611851851852,82.55640654181686,50.0,100.0
2025-04-04 13:00:00,884.3,4.77,39.38,16.71,141.488,2.512299375,88.07214046270792,50.0,100.0
2025-04-04 14:00:00,723.88,5.52,39.02,32.91,115.8208,3.893439999999999,87.22188625436254,50.0,100.0
2025-04-04 15:00:00,513.12,6.0,38.22,49.1,82.09920000000001,5.0,89.56427274015708,47.53492725984293,95.06985451968586
2025-04-04 16:00:00,280.98,6.14,36.89,65.25,44.9568,5.358230185185184,84.70158931999437,37.53492725984293,75.06985451968586
2025-04-04 17:00:00,83.65,4.44,33.85,81.79,13.384,2.0261200000000006,70.1264249617832,27.53492725984293,55.069854519685855
2025-04-04 18:00:00,0.0,3.98,29.51,99.97,0.0,1.459370185185185,62.50147537756152,17.53492725984293,35.06985451968586
2025-04-04 19:00:00,0.0,4.32,28.33,99.99,0.0,1.86624,53.31818511325453,7.534927259842931,15.069854519685864
2025-04-04 20:00:00,0.0,4.29,27.21,99.98,0.0,1.8276293750000003,49.396200502833885,0.0,0.0
2025-04-04 21:00:00,0.0,4.15,26.11,99.97,0.0,1.6544762731481486,32.6200573235535,0.0,0.0
2025-04-04 22:00:00,0.0,4.03,25.13,99.98,0.0,1.5150654398148151,31.497647612231745,0.0,0.0
2025-04-04 23:00:00,0.0,3.88,24.19,99.98,0.0,1.352108148148148,26.140651313221564,0.0,0.0
2025-04-05 00:00:00,0.0,3.76,23.31,30.11,0.0,1.2304948148148147,14.145978985243357,0.0,0.0
2025-04-05 01:00:00,0.0,3.7,22.5,99.99,0.0,1.1725231481481482,15.136185490200559,0.0,0.0
2025-04-05 02:00:00,0.0,3.77,21.79,36.45,0.0,1.240338726851852,14.845185703293428,0.0,0.0
2025-04-05 03:00:00,0.0,3.78,21.08,99.97,0.0,1.2502349999999998,15.490073576790417,0.0,0.0
2025-04-05 04:00:00,0.0,3.53,20.26,99.93,0.0,1.018217060185185,15.380561662621435,0.0,0.0
2025-04-05 05:00:00,0.0,3.12,19.58,99.82,0.0,0.7030400000000001,16.62453423850372,0.0,0.0
2025-04-05 06:00:00,71.03,2.45,21.81,83.62,11.3648,0.0,17.538446231514428,0.0,0.0
2025-04-05 07:00:00,232.88,1.98,25.45,72.69,37.2608,0.0,21.406342257399686,10.0,20.0
2025-04-05 08:00:00,433.23,0.35,29.97,60.44,69.3168,0.0,27.761132870961937,20.0,40.0
2025-04-05 09:00:00,621.25,2.78,34.66,48.32,99.4,0.0,33.66115663729615,30.0,60.0
2025-04-05 10:00:00,773.0,4.15,36.62,36.23,123.68,1.6544762731481486,36.507475156575865,40.0,80.0
2025-04-05 11:00:00,883.62,4.97,37.94,24.27,141.3792,2.8417470601851846,42.433543913764254,50.0,100.0
2025-04-05 12:00:00,926.08,5.67,38.74,12.32,148.17280000000002,4.219543125,51.207323351893706,50.0,100.0
2025-04-05 13:00:00,898.22,6.33,39.01,0.03,143.7152,5.871206875,61.191766880916994,50.0,100.0
2025-04-05 14:00:00,731.55,6.89,38.68,19.64,117.048,7.571360393518517,54.74777834515507,50.0,100.0
2025-04-05 15:00:00,517.62,7.19,37.86,38.99,82.81920000000001,8.604049976851853,53.34400960913045,50.0,100.0
2025-04-05 16:00:00,284.52,6.91,36.55,58.55,45.5232,7.637485439814815,48.22126139838886,50.0,100.0
2025-04-05 17:00:00,90.55,4.73,33.99,77.55,14.488,2.4496253935185197,40.446594327036856,40.0,80.0
2025-04-05 18:00:00,0.0,3.44,29.67,99.95,0.0,0.942305185185185,35.97900301676477,30.0,60.0
2025-04-05 19:00:00,0.0,3.38,28.23,99.98,0.0,0.8938535185185186,30.779017601776456,20.0,40.0
2025-04-05 20:00:00,0.0,3.33,27.2,99.96,0.0,0.854769375,24.541609284019472,10.0,20.0
2025-04-05 21:00:00,0.0,3.34,26.25,99.96,0.0,0.8624931481481479,21.830565754563825,0.0,0.0
2025-04-05 22:00:00,0.0,3.34,25.45,99.95,0.0,0.8624931481481479,20.31117613901168,0.0,0.0
2025-04-05 23:00:00,0.0,3.23,24.76,99.98,0.0,0.7800524768518519,17.645046653266448,0.0,0.0
2025-04-06 00:00:00,0.0,2.97,24.2,98.49,0.0,0.0,14.472890265400547,0.0,0.0
2025-04-06 01:00:00,0.0,2.69,23.79,99.98,0.0,0.0,12.884476064360248,0.0,0.0
2025-04-06 02:00:00,0.0,2.38,23.72,59.9,0.0,0.0,15.5983465071793,0.0,0.0
2025-04-06 03:00:00,0.0,2.0,23.92,96.36,0.0,0.0,14.926560685340728,0.0,0.0
2025-04-06 04:00:00,0.0,1.54,24.16,94.01,0.0,0.0,15.878983551455999,0.0,0.0
2025-04-06 05:00:00,0.0,1.01,24.41,99.84,0.0,0.0,16.335235975692964,0.0,0.0
2025-04-06 06:00:00,78.78,0.88,25.03,85.49,12.6048,0.0,18.278712663052698,0.0,0.0
2025-04-06 07:00:00,246.35,1.68,27.52,73.91,39.416,0.0,21.15093497596968,10.0,20.0
2025-04-06 08:00:00,449.5,2.17,31.88,61.42,71.92,0.0,25.080848546394215,20.0,40.0
2025-04-06 09:00:00,640.15,2.77,36.31,49.07,102.424,0.0,35.56146205841354,30.0,60.0
2025-04-06 10:00:00,790.42,3.24,38.47,36.85,126.4672,0.7873200000000001,37.719688207943285,40.0,80.0
2025-04-06 11:00:00,902.53,3.69,39.98,24.59,144.4048,1.163041875,45.66510258640204,50.0,100.0
2025-04-06 12:00:00,934.3,4.21,40.94,12.43,149.488,1.7272791898148143,50.703795117775854,50.0,100.0
2025-04-06 13:00:00,894.83,4.7,41.38,0.17,143.17280000000002,2.403310185185185,54.21015380477322,50.0,100.0
2025-04-06 14:00:00,724.45,5.05,41.35,19.65,115.91200000000002,2.9811950231481483,56.73310019993505,50.0,100.0
2025-04-06 15:00:00,513.78,5.07,40.79,39.14,82.2048,3.0167556250000005,47.64738587135897,50.0,100.0
2025-04-06 16:00:00,285.02,4.8,39.68,58.99,45.6032,2.56,45.89596365098929,50.0,100.0
2025-04-06 17:00:00,93.57,2.93,36.14,78.42,14.9712,0.0,44.81418249345686,40.0,80.0
2025-04-06 18:00:00,0.0,3.1,31.85,99.99,0.0,0.6896064814814816,36.27910455776423,30.0,60.0
2025-04-06 19:00:00,0.0,3.16,30.52,99.98,0.0,0.7304281481481483,31.740710552198152,20.0,40.0
2025-04-06 20:00:00,0.0,3.21,29.42,99.98,0.0,0.7656518749999999,24.26280799254127,10.0,20.0
2025-04-06 21:00:00,0.0,3.22,28.38,99.98,0.0,0.772829814814815,21.962495782537996,0.0,0.0
2025-04-06 22:00:00,0.0,3.26,27.4,99.97,0.0,0.8019901851851851,20.575645793684686,0.0,0.0
2025-04-06 23:00:00,0.0,3.29,26.46,99.97,0.0,0.8243353935185185,16.831708170814377,0.0,0.0
2025-04-07 00:00:00,0.0,3.26,25.58,99.99,0.0,0.8019901851851851,25.1108419774889,0.0,0.0
2025-04-07 01:00:00,0.0,3.15,24.69,69.97,0.0,0.7235156249999999,25.82527933141303,0.0,0.0
2025-04-07 02:00:00,0.0,3.08,23.79,98.91,0.0,0.6763451851851853,25.44507272458744,0.0,0.0
2025-04-07 03:00:00,0.0,3.04,23.0,97.79,0.0,0.6503348148148148,27.73892213853601,0.0,0.0
2025-04-07 04:00:00,0.0,3.01,22.31,92.81,0.0,0.6312708564814813,27.918554550851994,0.0,0.0
2025-04-07 05:00:00,0.0,2.95,21.77,99.88,0.0,0.0,27.86612325792345,0.0,0.0
2025-04-07 06:00:00,86.53,2.79,24.08,85.65,13.8448,0.0,30.388551355428326,0.0,0.0
2025-04-07 07:00:00,260.95,3.53,27.65,73.79,41.75200000000001,1.018217060185185,36.64422958360985,6.125987476575347,12.251974953150693
2025-04-07 08:00:00,468.77,3.4,32.37,61.43,75.00319999999999,0.9098148148148146,46.467116115831836,16.125987476575347,32.25197495315069
2025-04-07 09:00:00,658.7,3.59,37.28,49.2,105.392,1.0710249768518516,53.22546860485803,26.125987476575347,52.25197495315069
2025-04-07 10:00:00,809.53,2.87,39.71,37.01,129.5248,0.0,67.38128594243378,36.12598747657535,72.2519749531507
2025-04-07 11:00:00,916.35,1.87,41.45,24.66,146.616,0.0,77.50692757432385,46.12598747657535,92.2519749531507
2025-04-07 12:00:00,944.08,0.93,42.43,12.36,151.05280000000002,0.0,83.01278607792997,50.0,100.0
2025-04-07 13:00:00,901.08,0.6,42.85,0.03,144.17280000000002,0.0,97.60213659761821,50.0,100.0
2025-04-07 14:00:00,726.25,0.88,42.61,19.25,116.2,0.0,96.70171900598254,50.0,100.0
2025-04-07 15:00:00,511.02,1.23,42.03,38.39,81.76320000000001,0.0,84.19138357528038,47.57181642471963,95.14363284943926
2025-04-07 16:00:00,279.75,1.45,41.0,58.11,44.760000000000005,0.0,82.56183054819085,37.57181642471963,75.14363284943926
2025-04-07 17:00:00,92.07,1.02,38.4,76.65,14.7312,0.0,74.24307982663083,27.57181642471963,55.143632849439264
2025-04-07 18:00:00,0.0,0.76,36.1,99.96,0.0,0.0,62.58286090437796,17.57181642471963,35.14363284943926
2025-04-07 19:00:00,0.0,0.74,34.53,99.99,0.0,0.0,54.14368732828787,7.5718164247196285,15.143632849439257
2025-04-07 20:00:00,0.0,1.08,32.66,99.98,0.0,0.0,46.56113499012673,0.0,0.0
2025-04-07 21:00:00,0.0,1.64,30.8,99.98,0.0,0.0,38.234133349909264,0.0,0.0
2025-04-07 22:00:00,0.0,2.13,29.1,99.39,0.0,0.0,32.230594064678996,0.0,0.0
2025-04-07 23:00:00,0.0,2.46,27.78,94.67,0.0,0.0,28.11740623530406,0.0,0.0
2025-04-08 00:00:00,0.0,2.63,26.68,89.1,0.0,0.0,25.55347072731948,0.0,0.0
2025-04-08 01:00:00,0.0,2.71,25.72,58.18,0.0,0.0,22.782790916757904,0.0,0.0
2025-04-08 02:00:00,0.0,2.64,25.01,78.82,0.0,0.0,25.753863348273725,0.0,0.0
2025-04-08 03:00:00,0.0,2.47,24.37,78.83,0.0,0.0,23.468020568140393,0.0,0.0
2025-04-08 04:00:00,0.0,2.4,23.87,79.34,0.0,0.0,27.899259609534383,0.0,0.0
2025-04-08 05:00:00,0.0,2.42,23.29,98.95,0.0,0.0,27.719600739933615,0.0,0.0
2025-04-08 06:00:00,87.68,3.12,24.85,84.3,14.028800000000002,0.7030400000000001,31.876642127518824,0.0,0.0
2025-04-08 07:00:00,267.27,3.46,27.54,70.13,42.763200000000005,0.9588364814814814,37.562706902674485,6.159329578807004,12.318659157614007
2025-04-08 08:00:00,476.0,3.64,31.86,56.04,76.16,1.1164014814814818,45.67337161524021,16.159329578807004,32.31865915761401
2025-04-08 09:00:00,670.12,3.91,36.4,42.06,107.2192,1.3837146064814818,55.74906577495816,26.159329578807004,52.318659157614015
2025-04-08 10:00:00,828.65,3.63,39.44,28.11,132.584,1.107225625,62.89411720740836,36.159329578807004,72.31865915761401
2025-04-08 11:00:00,940.4,2.9,41.11,14.13,150.46400000000003,0.0,76.3878131867294,46.159329578807004,92.31865915761401
2025-04-08 12:00:00,976.42,1.9,42.14,0.08,156.2272,0.0,91.36010207911117,50.0,100.0
2025-04-08 13:00:00,868.65,0.92,42.61,16.57,138.984,0.0,92.14486544738993,50.0,100.0
2025-04-08 14:00:00,704.92,0.26,42.48,32.87,112.7872,0.0,91.69622455230788,50.0,100.0
2025-04-08 15:00:00,502.9,0.17,41.97,49.17,80.464,0.0,87.77527975677538,42.68872024322462,85.37744048644925
2025-04-08 16:00:00,283.73,0.43,40.99,65.73,45.39680000000001,0.0,97.72031275025492,32.68872024322462,65.37744048644925
2025-04-08 17:00:00,97.57,0.14,38.64,81.76,15.6112,0.0,79.09681998844528,22.688720243224623,45.377440486449245
2025-04-08 18:00:00,0.0,0.28,35.87,99.95,0.0,0.0,61.72620466428574,12.688720243224623,25.37744048644924
2025-04-08 19:00:00,0.0,0.6,34.02,99.53,0.0,0.0,50.44177675694419,2.6887202432246227,5.377440486449245
2025-04-08 20:00:00,0.0,0.84,32.36,99.26,0.0,0.0,45.03403796714633,0.0,0.0
2025-04-08 21:00:00,0.0,1.04,30.94,98.64,0.0,0.0,39.08933874000595,0.0,0.0
2025-04-08 22:00:00,0.0,1.18,29.74,99.58,0.0,0.0,32.52104100225318,0.0,0.0
2025-04-08 23:00:00,0.0,1.29,28.74,99.37,0.0,0.0,33.258129371580516,0.0,0.0
2025-04-09 00:00:00,0.0,1.3,28.04,99.25,0.0,0.0,25.759105243439826,0.0,0.0
2025-04-09 01:00:00,0.0,1.27,27.47,82.51,0.0,0.0,24.887752863246195,0.0,0.0
2025-04-09 02:00:00,0.0,1.29,26.99,99.34,0.0,0.0,26.249798637071308,0.0,0.0
2025-04-09 03:00:00,0.0,1.28,26.6,99.39,0.0,0.0,23.58000438091389,0.0,0.0
2025-04-09 04:00:00,0.0,1.16,26.04,99.62,0.0,0.0,26.776718846895836,0.0,0.0
2025-04-09 05:00:00,0.0,0.98,25.22,99.03,0.0,0.0,29.208822890219917,0.0,0.0
2025-04-09 06:00:00,91.95,1.17,26.22,65.72,14.712000000000002,0.0,30.75389160568166,0.0,0.0
2025-04-09 07:00:00,290.65,1.18,28.7,33.5,46.504,0.0,38.791074931064365,7.712925068935633,15.425850137871267
2025-04-09 08:00:00,545.9,1.03,32.45,0.5,87.344,0.0,50.12486570559549,17.712925068935633,35.425850137871265
2025-04-09 09:00:00,745.42,1.59,36.57,0.5,119.2672,0.0,54.149587311099836,27.712925068935633,55.425850137871265
2025-04-09 10:00:00,886.0,2.48,39.69,1.01,141.76,0.0,72.0404411333221,37.71292506893563,75.42585013787127
2025-04-09 11:00:00,953.28,3.15,41.74,1.51,152.5248,0.7235156249999999,74.77648953535305,47.71292506893563,95.42585013787127
2025-04-09 12:00:00,944.78,3.75,42.93,5.87,151.1648,1.220703125,80.20347459801965,50.0,100.0
2025-04-09 13:00:00,871.47,4.23,43.43,3.6,139.4352,1.7520131250000006,100.76878241420299,50.0,100.0
2025-04-09 14:00:00,730.75,4.61,43.26,1.52,116.92000000000002,2.2678745601851857,96.70034804326902,50.0,100.0
2025-04-09 15:00:00,522.53,5.0,42.56,10.04,83.6048,2.8935185185185186,87.47066831139,49.02765020712852,98.05530041425703
2025-04-09 16:00:00,282.88,5.29,41.37,41.1,45.26080000000001,3.426756689814815,81.41376931589312,39.02765020712852,78.05530041425703
2025-04-09 17:00:00,92.65,4.08,38.6,69.83,14.824000000000002,1.5721600000000002,76.64921891544543,29.027650207128517,58.05530041425704
2025-04-09 18:00:00,0.0,3.63,35.06,98.49,0.0,1.107225625,68.71275798897653,19.027650207128517,38.05530041425703
2025-04-09 19:00:00,0.0,3.86,33.92,98.69,0.0,1.3313068518518518,55.980427735347874,9.027650207128517,18.055300414257033
2025-04-09 20:00:00,0.0,3.92,32.9,98.73,0.0,1.3943585185185183,45.52437067343413,0.0,0.0
2025-04-09 21:00:00,0.0,3.94,31.77,98.8,0.0,1.4158098148148146,41.503506924976705,0.0,0.0
2025-04-09 22:00:00,0.0,3.88,30.61,98.99,0.0,1.352108148148148,34.3006486284366,0.0,0.0
2025-04-09 23:00:00,0.0,4.04,29.63,99.36,0.0,1.526371851851852,28.944120584815558,0.0,0.0
2025-04-10 00:00:00,0.0,3.88,28.47,71.81,0.0,1.352108148148148,24.236687559136794,0.0,0.0
2025-04-10 01:00:00,0.0,3.62,27.41,99.45,0.0,1.0981001851851853,26.951673655346987,0.0,0.0
2025-04-10 02:00:00,0.0,3.56,26.64,80.84,0.0,1.0443985185185187,25.450367481552302,0.0,0.0
2025-04-10 03:00:00,0.0,3.54,25.95,98.85,0.0,1.026895,23.597448241299308,0.0,0.0
2025-04-10 04:00:00,0.0,3.38,25.28,96.48,0.0,0.8938535185185186,25.095739557574312,0.0,0.0
2025-04-10 05:00:00,0.0,3.17,24.62,99.41,0.0,0.7373845601851852,27.286133057317493,0.0,0.0
2025-04-10 06:00:00,91.43,3.51,26.15,68.74,14.628800000000002,1.0010081249999998,32.00956163212404,0.0,0.0
2025-04-10 07:00:00,288.38,3.54,28.75,39.5,46.1408,1.026895,36.97754991817673,10.0,20.0
2025-04-10 08:00:00,541.1,3.31,33.27,11.36,86.57600000000001,0.8394604398148148,46.07191004785643,20.0,40.0
2025-04-10 09:00:00,748.88,4.39,37.27,1.01,119.82080000000002,1.9584379398148144,56.168535102302066,30.0,60.0
2025-04-10 10:00:00,884.62,5.08,39.04,8.87,141.5392,3.034641481481482,68.7543656079393,40.0,80.0
2025-04-10 11:00:00,939.42,5.44,39.87,16.21,150.3072,3.726601481481482,79.85882778963628,50.0,100.0
2025-04-10 12:00:00,927.72,5.64,40.24,23.48,148.4352,4.152919999999999,89.83540786660963,50.0,100.0
2025-04-10 13:00:00,884.47,5.55,40.07,6.54,141.51520000000002,3.9572656249999993,84.69936074423957,50.0,100.0
2025-04-10 14:00:00,737.9,4.91,39.64,10.92,118.06400000000002,2.7400641435185187,88.35857454475612,50.0,100.0
2025-04-10 15:00:00,548.1,4.06,39.06,4.79,87.69600000000001,1.5491531481481478,88.17548228395471,50.0,100.0
2025-04-10 16:00:00,297.62,3.32,38.29,35.72,47.619200000000006,0.8470918518518518,79.29738752433026,40.0,80.0
2025-04-10 17:00:00,96.15,2.0,35.43,64.59,15.384,0.0,75.44880620631504,30.0,60.0
2025-04-10 18:00:00,0.0,2.05,32.53,99.94,0.0,0.0,62.60480914494032,20.0,40.0
2025-04-10 19:00:00,0.0,2.0,31.67,99.98,0.0,0.0,51.67685832504705,10.0,20.0
2025-04-10 20:00:00,0.0,2.02,30.93,99.98,0.0,0.0,46.55749023543407,0.0,0.0
2025-04-10 21:00:00,0.0,2.0,29.91,99.96,0.0,0.0,34.50427770551673,0.0,0.0
2025-04-10 22:00:00,0.0,1.93,29.02,99.94,0.0,0.0,32.498992858216155,0.0,0.0
2025-04-10 23:00:00,0.0,1.77,27.82,99.94,0.0,0.0,31.294458419907123,0.0,0.0
2025-04-11 00:00:00,0.0,1.53,26.67,99.89,0.0,0.0,25.650009249310628,0.0,0.0
2025-04-11 01:00:00,0.0,1.45,25.53,99.6,0.0,0.0,24.676838824099132,0.0,0.0
2025-04-11 02:00:00,0.0,1.77,24.29,95.78,0.0,0.0,24.87047931321846,0.0,0.0
2025-04-11 03:00:00,0.0,2.18,23.48,99.27,0.0,0.0,24.865449822578345,0.0,0.0
2025-04-11 04:00:00,0.0,2.47,22.99,98.32,0.0,0.0,25.70374502236011,0.0,0.0
2025-04-11 05:00:00,2.7,2.63,22.73,79.34,0.432,0.0,28.09801832020468,0.0,0.0
2025-04-11 06:00:00,84.97,3.48,24.62,59.91,13.5952,0.97556,31.3047565222503,0.0,0.0
2025-04-11 07:00:00,257.38,4.01,27.41,42.41,41.180800000000005,1.492620393518518,34.148275953453336,8.52514444006519,17.05028888013038
2025-04-11 08:00:00,471.9,4.53,31.2,25.18,75.504,2.151844375,44.81861684090671,18.52514444006519,37.05028888013038
2025-04-11 09:00:00,674.62,5.67,34.82,13.88,107.9392,4.219543125,49.82769856960158,28.52514444006519,57.05028888013038
2025-04-11 10:00:00,831.33,6.44,37.36,6.57,133.0128,6.18263851851852,66.43507337146823,38.52514444006519,77.05028888013038
2025-04-11 11:00:00,881.08,6.68,38.62,38.99,140.9728,6.899945185185183,70.92587008051218,48.52514444006519,97.05028888013038
2025-04-11 12:00:00,890.9,6.63,39.22,24.53,142.544,6.746163125,94.6205142770372,50.0,100.0
2025-04-11 13:00:00,814.8,6.45,39.2,31.62,130.368,6.211484375,82.43425878232489,50.0,100.0
2025-04-11 14:00:00,623.5,6.12,38.71,41.19,99.76000000000002,5.306040000000001,87.95687936164344,50.0,100.0
2025-04-11 15:00:00,485.48,5.66,37.76,29.19,77.67680000000001,4.1972568518518525,90.07574630811231,41.79831054373955,83.5966210874791
2025-04-11 16:00:00,254.25,5.07,36.56,48.46,40.68,3.0167556250000005,88.22784994028959,31.798310543739547,63.596621087479086
2025-04-11 17:00:00,86.57,3.57,34.56,62.78,13.8512,1.053224375,76.68950646462316,21.798310543739547,43.59662108747909
2025-04-11 18:00:00,0.0,3.25,30.87,99.33,0.0,0.7946325231481481,65.80509866641478,11.798310543739547,23.596621087479093
2025-04-11 19:00:00,0.0,3.76,29.47,99.2,0.0,1.2304948148148147,52.15323561646383,1.7983105437395466,3.596621087479093
2025-04-11 20:00:00,0.0,3.66,28.05,99.67,0.0,1.134905,41.657935327963905,0.0,0.0
2025-04-11 21:00:00,0.0,3.05,26.53,99.77,0.0,0.6567737268518516,38.31555585545728,0.0,0.0
2025-04-11 22:00:00,0.0,2.71,25.41,99.15,0.0,0.0,31.260614855120984,0.0,0.0
2025-04-11 23:00:00,0.0,2.83,24.87,99.6,0.0,0.0,28.70619467189318,0.0,0.0
2025-04-12 00:00:00,0.0,3.49,24.83,99.51,0.0,0.9839941898148152,13.746759183174774,0.0,0.0
2025-04-12 01:00:00,0.0,3.79,25.38,95.94,0.0,1.2601837731481482,14.462184509348683,0.0,0.0
2025-04-12 02:00:00,0.0,2.42,25.48,96.0,0.0,0.0,13.813507717059943,0.0,0.0
2025-04-12 03:00:00,0.0,2.08,25.1,99.58,0.0,0.0,14.898510587746202,0.0,0.0
2025-04-12 04:00:00,0.0,2.66,24.37,89.04,0.0,0.0,15.107283705432879,0.0,0.0
2025-04-12 05:00:00,2.92,2.73,23.42,78.85,0.4672,0.0,16.009060577210647,0.0,0.0
2025-04-12 06:00:00,81.1,3.85,24.4,68.6,12.976,1.3209866898148148,18.67118955180948,0.0,0.0
2025-04-12 07:00:00,247.38,3.8,25.5,58.84,39.5808,1.270185185185185,21.057877197457223,10.0,20.0
2025-04-12 08:00:00,445.12,4.48,27.52,48.99,71.2192,2.0813748148148155,25.764202588395797,20.0,40.0
2025-04-12 09:00:00,628.72,4.38,29.73,39.16,100.59520000000002,1.945085,31.87437648481744,30.0,60.0
2025-04-12 10:00:00,777.3,3.6,32.58,29.41,124.368,1.08,33.635460991408266,40.0,80.0
2025-04-12 11:00:00,908.85,2.78,35.31,19.59,145.41600000000005,0.0,46.65001088613374,50.0,100.0
2025-04-12 12:00:00,930.55,2.32,37.01,9.84,148.888,0.0,50.44216402224916,50.0,100.0
2025-04-12 13:00:00,885.3,2.6,37.97,0.02,141.648,0.0,52.27842016954104,50.0,100.0
2025-04-12 14:00:00,742.25,3.24,37.86,3.02,118.76,0.7873200000000001,60.24398192923336,50.0,100.0
2025-04-12 15:00:00,549.2,3.75,36.97,2.2,87.87200000000001,1.220703125,57.00707201151918,50.0,100.0
2025-04-12 16:00:00,305.52,4.0,36.35,28.72,48.8832,1.4814814814814814,51.83139921240503,48.53328226907645,97.0665645381529
2025-04-12 17:00:00,99.12,2.96,34.9,61.12,15.8592,0.0,44.72916872491726,38.53328226907645,77.0665645381529
2025-04-12 18:00:00,0.0,2.08,32.31,98.42,0.0,0.0,37.510294025669744,28.53328226907645,57.06656453815291
2025-04-12 19:00:00,0.0,1.64,31.5,99.4,0.0,0.0,29.437351491502664,18.53328226907645,37.0665645381529
2025-04-12 20:00:00,0.0,1.18,30.53,100.0,0.0,0.0,27.765695210830465,8.533282269076452,17.066564538152903
2025-04-12 21:00:00,0.0,0.86,29.32,98.16,0.0,0.0,22.269217229076922,0.0,0.0
2025-04-12 22:00:00,0.0,0.48,27.95,99.18,0.0,0.0,20.78817151751993,0.0,0.0
2025-04-12 23:00:00,0.0,0.48,26.59,99.41,0.0,0.0,18.486132800078774,0.0,0.0
2025-04-13 00:00:00,0.0,1.02,25.52,99.57,0.0,0.0,15.479255989807578,0.0,0.0
2025-04-13 01:00:00,0.0,1.56,24.65,92.95,0.0,0.0,14.615609765948172,0.0,0.0
2025-04-13 02:00:00,0.0,1.93,23.88,98.57,0.0,0.0,15.930365838643652,0.0,0.0
2025-04-13 03:00:00,0.0,2.16,23.14,96.91,0.0,0.0,15.270114327937717,0.0,0.0
2025-04-13 04:00:00,0.0,2.3,22.48,99.98,0.0,0.0,17.347093441754186,0.0,0.0
2025-04-13 05:00:00,3.75,2.35,21.93,87.74,0.6000000000000001,0.0,16.759683238274043,0.0,0.0
2025-04-13 06:00:00,97.18,2.71,23.75,72.77,15.5488,0.0,18.239759564511196,0.0,0.0
2025-04-13 07:00:00,274.0,2.85,26.81,61.42,43.84,0.0,23.333105700918217,10.0,20.0
2025-04-13 08:00:00,475.0,1.57,31.44,49.04,76.0,0.0,27.479594278971103,20.0,40.0
2025-04-13 09:00:00,658.67,0.18,34.64,36.95,105.3872,0.0,33.62462047138608,30.0,60.0
2025-04-13 10:00:00,806.12,1.2,36.52,25.19,128.97920000000002,0.0,40.00875954251846,40.0,80.0
2025-04-13 11:00:00,906.75,1.88,37.83,13.6,145.08,0.0,43.21304533246162,50.0,100.0
2025-04-13 12:00:00,946.88,2.4,38.71,2.0,151.5008,0.0,54.6622775653377,50.0,100.0
2025-04-13 13:00:00,874.08,2.9,39.18,1.5,139.8528,0.0,52.38162961757754,50.0,100.0
2025-04-13 14:00:00,739.08,3.33,39.31,1.0,118.2528,0.854769375,57.38061159509146,50.0,100.0
2025-04-13 15:00:00,549.25,3.82,38.96,0.51,87.88000000000001,1.2903464814814811,53.42937171825196,50.0,100.0
2025-04-13 16:00:00,306.75,4.25,38.06,29.22,49.080000000000005,1.7769820601851851,53.66905457949839,47.187927480686795,94.37585496137359
2025-04-13 17:00:00,99.95,3.56,36.17,65.41,15.992,1.0443985185185187,46.60141531995544,37.187927480686795,74.37585496137359
2025-04-13 18:00:00,0.0,2.88,32.08,99.98,0.0,0.0,33.79436631211095,27.187927480686795,54.37585496137359
2025-04-13 19:00:00,0.0,3.08,30.68,99.99,0.0,0.6763451851851853,32.054403145261766,17.187927480686795,34.37585496137359
2025-04-13 20:00:00,0.0,3.17,29.58,100.0,0.0,0.7373845601851852,26.5978193803624,7.187927480686795,14.37585496137359
2025-04-13 21:00:00,0.0,3.17,28.5,99.32,0.0,0.7373845601851852,22.013405993484994,0.0,0.0
2025-04-13 22:00:00,0.0,3.15,27.5,99.98,0.0,0.7235156249999999,19.506536827999472,0.0,0.0
2025-04-13 23:00:00,0.0,3.16,26.59,99.39,0.0,0.7304281481481483,18.02949987324118,0.0,0.0
2025-04-14 00:00:00,0.0,3.16,25.77,95.93,0.0,0.7304281481481483,24.223553976143066,0.0,0.0
2025-04-14 01:00:00,0.0,3.16,25.04,76.74,0.0,0.7304281481481483,24.676792015240277,0.0,0.0
2025-04-14 02:00:00,0.0,3.1,24.37,88.88,0.0,0.6896064814814816,25.958537702606854,0.0,0.0
2025-04-14 03:00:00,0.0,3.07,23.75,85.99,0.0,0.669778773148148,27.872961583770834,0.0,0.0
2025-04-14 04:00:00,0.0,3.04,23.16,86.47,0.0,0.6503348148148148,26.695067904220384,0.0,0.0
2025-04-14 05:00:00,4.38,3.06,22.65,75.67,0.7008000000000001,0.6632550000000001,28.43257765879474,0.0,0.0
2025-04-14 06:00:00,102.15,4.48,24.53,64.47,16.344,2.0813748148148155,29.48881874091787,0.0,0.0
2025-04-14 07:00:00,295.77,4.4,27.45,53.77,47.3232,1.9718518518518524,37.37127307586682,10.0,20.0
2025-04-14 08:00:00,512.2,4.54,32.46,43.11,81.95200000000003,2.1661264814814816,45.93460705874622,20.0,40.0
2025-04-14 09:00:00,705.75,3.86,35.11,32.4,112.92000000000002,1.3313068518518518,56.761537468862265,30.0,60.0
2025-04-14 10:00:00,851.2,3.06,36.81,21.67,136.192,0.6632550000000001,63.481268058450226,40.0,80.0
2025-04-14 11:00:00,966.72,2.46,38.07,10.86,154.67520000000002,0.0,76.09481671117035,50.0,100.0
2025-04-14 12:00:00,973.17,2.08,38.88,0.04,155.7072,0.0,80.6427401516901,50.0,100.0
2025-04-14 13:00:00,861.2,1.81,39.29,16.6,137.792,0.0,88.88328889530372,50.0,100.0
2025-04-14 14:00:00,673.12,1.61,39.21,32.67,107.69920000000002,0.0,93.19551590957398,50.0,100.0
2025-04-14 15:00:00,453.8,1.63,38.8,48.4,72.608,0.0,89.8097025762184,40.0,80.0
2025-04-14 16:00:00,238.82,1.9,37.94,64.57,38.211200000000005,0.0,85.85781285809972,30.0,60.0
2025-04-14 17:00:00,77.6,2.16,36.27,80.85,12.416,0.0,77.29159782456794,20.0,40.0
2025-04-14 18:00:00,0.0,2.79,32.66,99.91,0.0,0.0,64.71307195956898,10.0,20.0
2025-04-14 19:00:00,0.0,4.19,31.55,98.39,0.0,1.7027791435185191,52.66399880890521,0.0,0.0
2025-04-14 20:00:00,0.0,4.91,30.54,90.46,0.0,2.7400641435185187,44.96829043246285,0.0,0.0
2025-04-14 21:00:00,0.0,5.15,29.43,86.52,0.0,3.161825810185186,40.179530200251705,0.0,0.0
2025-04-14 22:00:00,0.0,4.99,28.31,87.24,0.0,2.876192106481481,34.332502312836674,0.0,0.0
2025-04-14 23:00:00,0.0,4.69,27.3,89.11,0.0,2.388002523148149,27.683152416883733,0.0,0.0
2025-04-15 00:00:00,0.0,4.37,26.38,86.66,0.0,1.931792893518519,22.853360417670743,0.0,0.0
2025-04-15 01:00:00,0.0,4.09,25.54,17.8,0.0,1.5837483564814812,25.624529883187414,0.0,0.0
2025-04-15 02:00:00,0.0,4.09,24.84,90.32,0.0,1.5837483564814812,24.775752067910194,0.0,0.0
2025-04-15 03:00:00,0.0,4.25,24.28,82.31,0.0,1.7769820601851851,25.33817398459476,0.0,0.0
2025-04-15 04:00:00,0.0,4.48,23.75,84.81,0.0,2.0813748148148155,26.776170495011517,0.0,0.0
2025-04-15 05:00:00,3.17,4.77,23.32,74.16,0.5072,2.512299375,28.604172534812793,0.0,0.0
2025-04-15 06:00:00,85.22,5.91,24.45,59.93,13.6352,4.7783581250000005,31.99369371432922,0.0,0.0
2025-04-15 07:00:00,268.88,6.22,27.78,48.27,43.02080000000001,5.570413148148148,36.28235777974931,10.0,20.0
2025-04-15 08:00:00,486.45,6.89,31.84,38.03,77.832,7.571360393518517,43.9878240048707,20.0,40.0
2025-04-15 09:00:00,684.8,6.24,34.32,27.83,109.56799999999998,5.624320000000001,52.95419474987919,30.0,60.0
2025-04-15 10:00:00,835.62,5.27,36.19,18.47,133.6992,3.3880366435185176,63.846131354677055,40.0,80.0
2025-04-15 11:00:00,930.0,4.3,37.65,9.32,148.8,1.840439814814815,73.84661496330767,50.0,100.0
2025-04-15 12:00:00,959.5,3.47,38.57,0.0,153.52,0.9671741435185188,83.89926832891895,50.0,100.0
2025-04-15 13:00:00,884.58,2.82,39.0,0.28,141.5328,0.0,91.79023933451613,50.0,100.0
2025-04-15 14:00:00,729.9,2.46,38.96,14.9,116.784,0.0,100.80298725445499,50.0,100.0
2025-04-15 15:00:00,518.6,2.3,38.52,29.03,82.97600000000001,0.0,88.56066683484195,44.41533316515806,88.83066633031612
2025-04-15 16:00:00,284.62,2.26,37.64,43.41,45.5392,0.0,78.72796817119578,34.41533316515806,68.83066633031612
2025-04-15 17:00:00,85.88,2.11,36.02,58.18,13.7408,0.0,75.32696154686491,24.41533316515806,48.83066633031612
2025-04-15 18:00:00,2.65,2.5,32.4,74.37,0.424,0.0,60.2297419500439,14.41533316515806,28.830666330316117
2025-04-15 19:00:00,0.0,3.11,31.23,89.27,0.0,0.6963016435185185,51.29732366123064,4.41533316515806,8.83066633031612
2025-04-15 20:00:00,0.0,3.66,30.49,83.84,0.0,1.134905,41.39055575977097,0.0,0.0
2025-04-15 21:00:00,0.0,4.01,29.65,84.35,0.0,1.492620393518518,38.07334906687618,0.0,0.0
2025-04-15 22:00:00,0.0,4.01,28.7,82.86,0.0,1.492620393518518,33.10623021699278,0.0,0.0
2025-04-15 23:00:00,0.0,3.85,27.77,71.82,0.0,1.3209866898148148,28.563062986198823,0.0,0.0
2025-04-16 00:00:00,0.0,3.72,26.92,66.8,0.0,1.1916400000000005,24.991903968231046,0.0,0.0
2025-04-16 01:00:00,0.0,3.62,26.22,83.89,0.0,1.0981001851851853,25.051584122225133,0.0,0.0
2025-04-16 02:00:00,0.0,3.53,25.55,4.46,0.0,1.018217060185185,24.71083838764987,0.0,0.0
2025-04-16 03:00:00,0.0,3.38,24.94,74.35,0.0,0.8938535185185186,26.875186188705225,0.0,0.0
2025-04-16 04:00:00,0.0,3.2,24.35,69.33,0.0,0.7585185185185186,26.547073087594228,0.0,0.0
2025-04-16 05:00:00,4.18,3.15,23.93,61.71,0.6688000000000001,0.7235156249999999,27.084300608464744,0.0,0.0
2025-04-16 06:00:00,95.12,4.58,25.65,52.31,15.2192,2.2238868518518515,36.31109753793069,0.0,0.0
2025-04-16 07:00:00,280.73,4.42,28.5,44.6,44.91680000000001,1.998863148148148,36.29908021931262,10.0,20.0
2025-04-16 08:00:00,491.55,4.64,33.3,37.28,78.64800000000001,2.3124385185185177,42.59124094190452,20.0,40.0
2025-04-16 09:00:00,686.03,4.09,35.8,30.23,109.7648,1.5837483564814812,52.88568648875228,30.0,60.0
2025-04-16 10:00:00,839.55,3.32,37.54,23.04,134.32799999999995,0.8470918518518518,64.33028647089692,40.0,80.0
2025-04-16 11:00:00,917.12,2.58,38.88,15.73,146.7392,0.0,79.81302063115896,50.0,100.0
2025-04-16 12:00:00,935.67,1.93,39.72,8.19,149.70720000000003,0.0,81.9829551177942,50.0,100.0
2025-04-16 13:00:00,875.65,1.34,40.12,0.4,140.104,0.0,82.03809319868309,50.0,100.0
2025-04-16 14:00:00,713.45,0.96,40.07,16.97,114.152,0.0,91.52674565862719,50.0,100.0
2025-04-16 15:00:00,506.17,0.9,39.77,33.14,80.98720000000002,0.0,86.10592424306502,44.881275756935,89.76255151387
2025-04-16 16:00:00,283.0,0.98,39.08,49.32,45.28,0.0,85.99350662076526,34.881275756935,69.76255151387
2025-04-16 17:00:00,94.47,0.97,37.58,65.11,15.1152,0.0,72.66854077833183,24.881275756934997,49.762551513869994
2025-04-16 18:00:00,3.25,1.66,34.6,83.38,0.52,0.0,60.16129190098499,14.881275756934997,29.762551513869994
2025-04-16 19:00:00,0.0,2.42,32.64,99.99,0.0,0.0,51.0702725914309,4.881275756934997,9.762551513869994
2025-04-16 20:00:00,0.0,2.92,31.31,99.99,0.0,0.0,43.010065249398224,0.0,0.0
2025-04-16 21:00:00,0.0,3.17,30.32,99.96,0.0,0.7373845601851852,37.85235595198173,0.0,0.0
2025-04-16 22:00:00,0.0,3.32,29.49,98.67,0.0,0.8470918518518518,31.9246184291335,0.0,0.0
2025-04-16 23:00:00,0.0,3.41,28.72,87.86,0.0,0.917866226851852,30.722501228292987,0.0,0.0
2025-04-17 00:00:00,0.0,3.4,27.97,79.29,0.0,0.9098148148148146,24.471428376034908,0.0,0.0
2025-04-17 01:00:00,0.0,3.36,27.21,65.75,0.0,0.8780799999999999,25.77263881363493,0.0,0.0
2025-04-17 02:00:00,0.0,3.39,26.55,58.03,0.0,0.9018106250000002,22.7288601267747,0.0,0.0
2025-04-17 03:00:00,0.0,3.42,25.91,99.36,0.0,0.9259649999999998,27.597851302032165,0.0,0.0
2025-04-17 04:00:00,0.0,3.4,25.3,99.35,0.0,0.9098148148148146,25.281635156136982,0.0,0.0
2025-04-17 05:00:00,4.65,3.46,24.82,82.66,0.7440000000000001,0.9588364814814814,27.62835050102635,0.0,0.0
2025-04-17 06:00:00,98.68,4.61,26.5,64.33,15.788800000000002,2.2678745601851857,27.959075791177984,0.0,0.0
2025-04-17 07:00:00,271.95,4.78,29.38,47.97,43.512,2.5281331481481484,34.781458680972854,10.0,20.0
2025-04-17 08:00:00,479.2,5.0,33.12,32.28,76.67200000000001,2.8935185185185186,46.818483017683334,20.0,40.0
2025-04-17 09:00:00,710.08,4.77,36.69,10.98,113.61280000000002,2.512299375,57.959672521688525,30.0,60.0
2025-04-17 10:00:00,822.03,4.02,39.64,21.39,131.5248,1.5038149999999997,66.67886676255523,40.0,80.0
2025-04-17 11:00:00,946.67,3.39,41.71,10.39,151.46720000000002,0.9018106250000002,78.3647784027722,50.0,100.0
2025-04-17 12:00:00,955.12,3.22,43.01,2.51,152.8192,0.772829814814815,84.26663401813002,50.0,100.0
2025-04-17 13:00:00,877.8,3.43,43.7,3.24,140.44799999999998,0.9341112731481482,101.6212323680049,50.0,100.0
2025-04-17 14:00:00,676.53,4.02,43.86,29.32,108.2448,1.5038149999999997,96.73759092373922,50.0,100.0
2025-04-17 15:00:00,443.73,4.88,43.45,49.21,70.99680000000001,2.6901451851851848,93.3201715618893,40.0,80.0
2025-04-17 16:00:00,250.52,5.55,42.42,60.46,40.083200000000005,3.9572656249999993,90.1995749849987,30.0,60.0
2025-04-17 17:00:00,83.35,4.35,40.35,68.3,13.336,1.9053906249999997,83.53813166909337,20.0,40.0
2025-04-17 18:00:00,2.65,3.29,36.43,86.7,0.424,0.8243353935185185,66.87361383335264,10.0,20.0
2025-04-17 19:00:00,0.0,3.45,35.06,99.19,0.0,0.9505468750000002,54.27627587146901,0.0,0.0
2025-04-17 20:00:00,0.0,3.35,33.84,98.79,0.0,0.8702633101851853,46.67669088145238,0.0,0.0
2025-04-17 21:00:00,0.0,2.82,32.43,99.42,0.0,0.0,41.59908730661806,0.0,0.0
2025-04-17 22:00:00,0.0,2.03,31.06,98.61,0.0,0.0,30.803404314334635,0.0,0.0
2025-04-17 23:00:00,0.0,1.12,30.15,99.04,0.0,0.0,29.932364130450523,0.0,0.0
2025-04-18 00:00:00,0.0,0.43,29.72,98.38,0.0,0.0,26.911918367109923,0.0,0.0
2025-04-18 01:00:00,0.0,0.99,29.25,84.54,0.0,0.0,25.222422843616407,0.0,0.0
2025-04-18 02:00:00,0.0,1.92,28.47,90.24,0.0,0.0,24.342534244639005,0.0,0.0
2025-04-18 03:00:00,0.0,2.81,27.45,86.75,0.0,0.0,26.441187018553137,0.0,0.0
2025-04-18 04:00:00,0.0,3.39,26.73,76.6,0.0,0.9018106250000002,26.20019140026612,0.0,0.0
2025-04-18 05:00:00,4.9,3.63,25.92,67.12,0.7840000000000001,1.107225625,28.29126010950848,0.0,0.0
2025-04-18 06:00:00,93.9,5.04,27.34,56.68,15.024,2.96352,32.42374197880786,0.0,0.0
2025-04-18 07:00:00,268.42,5.37,30.08,47.05,42.9472,3.584586875,40.28405233270887,6.247734542291134,12.495469084582268
2025-04-18 08:00:00,473.35,5.35,34.0,37.54,75.73600000000002,3.5446846064814808,44.44262523179785,16.247734542291134,32.49546908458227
2025-04-18 09:00:00,664.95,5.83,37.8,28.12,106.392,4.586927939814815,58.904857306612875,26.247734542291134,52.49546908458227
2025-04-18 10:00:00,817.25,6.61,41.52,18.93,130.76000000000002,6.685295856481482,71.00652495050305,36.247734542291134,72.49546908458227
2025-04-18 11:00:00,950.35,6.36,43.55,9.64,152.056,5.9550800000000015,77.16614344275843,46.247734542291134,92.49546908458227
2025-04-18 12:00:00,981.4,5.81,44.48,0.29,157.024,4.539882893518517,94.35500280328458,50.0,100.0
2025-04-18 13:00:00,884.75,5.68,44.7,14.15,141.56000000000003,4.241908148148148,94.9098349845484,50.0,100.0
2025-04-18 14:00:00,724.92,5.87,44.45,27.96,115.98720000000002,4.6819908101851855,92.12662453098544,50.0,100.0
2025-04-18 15:00:00,516.08,6.21,43.73,42.09,82.57280000000003,5.543589375,90.59932063357826,47.51706874142177,95.03413748284353
2025-04-18 16:00:00,287.33,6.43,42.57,56.35,45.9728,6.153882106481481,80.56033647814536,37.51706874142177,75.03413748284353
2025-04-18 17:00:00,91.12,5.27,40.36,70.93,14.5792,3.3880366435185176,73.75971491391066,27.517068741421767,55.03413748284353
2025-04-18 18:00:00,3.4,4.39,36.09,85.66,0.5439999999999999,1.9584379398148144,66.76660775390255,17.517068741421767,35.03413748284353
2025-04-18 19:00:00,0.0,5.83,35.24,99.94,0.0,4.586927939814815,52.977540343474764,7.517068741421767,15.034137482843535
2025-04-18 20:00:00,0.0,6.94,34.47,99.94,0.0,7.73739314814815,46.26048843790406,0.0,0.0
2025-04-18 21:00:00,0.0,7.04,33.22,99.95,0.0,8.076705185185185,40.57238276178193,0.0,0.0
2025-04-18 22:00:00,0.0,6.87,32.07,99.96,0.0,7.505618125,33.58231700985821,0.0,0.0
2025-04-18 23:00:00,0.0,6.49,30.98,99.96,0.0,6.327765023148149,27.20807983935264,0.0,0.0
2025-04-19 00:00:00,0.0,5.88,29.89,99.95,0.0,4.70596,14.301514471661038,0.0,0.0
2025-04-19 01:00:00,0.0,5.26,28.81,78.51,0.0,3.368786481481481,14.306671595080012,0.0,0.0
2025-04-19 02:00:00,0.0,3.95,27.43,98.22,0.0,1.426617476851852,15.405098356380458,0.0,0.0
2025-04-19 03:00:00,0.0,3.22,26.27,94.79,0.0,0.772829814814815,15.540229866269014,0.0,0.0
2025-04-19 04:00:00,0.0,2.69,25.54,98.29,0.0,0.0,15.241407325954583,0.0,0.0
2025-04-19 05:00:00,5.85,1.98,25.44,86.05,0.936,0.0,19.059042499339665,0.0,0.0
2025-04-19 06:00:00,118.82,1.87,27.36,71.29,19.0112,0.0,18.354268877439125,0.6569311225608736,1.3138622451217472
2025-04-19 07:00:00,309.8,2.55,30.59,60.38,49.568000000000005,0.0,22.683803417733493,10.656931122560874,21.313862245121747
2025-04-19 08:00:00,526.67,4.31,34.69,48.36,84.2672,1.8533099768518515,26.761253808395953,20.656931122560874,41.31386224512175
2025-04-19 09:00:00,726.38,6.52,37.86,36.39,116.2208,6.41592148148148,31.943794170096634,30.656931122560874,61.31386224512174
2025-04-19 10:00:00,886.12,7.72,39.57,24.39,141.7792,10.650454814814816,35.87976477449136,40.65693112256088,81.31386224512175
2025-04-19 11:00:00,978.5,8.5,40.72,12.34,156.56000000000003,14.21585648148148,45.215454795561904,50.0,100.0
2025-04-19 12:00:00,1016.65,8.85,41.47,0.04,162.66400000000002,16.045234374999996,46.34312389691856,50.0,100.0
2025-04-19 13:00:00,918.88,9.0,41.81,13.98,147.0208,16.875,54.65922586183305,50.0,100.0
2025-04-19 14:00:00,761.12,8.65,41.59,27.8,121.7792,14.981820023148147,53.392965768581696,50.0,100.0
2025-04-19 15:00:00,553.9,8.21,40.89,41.88,88.624,12.80989956018519,53.13416321183824,50.0,100.0
2025-04-19 16:00:00,320.42,7.72,39.67,56.09,51.2672,10.650454814814816,48.27982937931184,50.0,100.0
2025-04-19 17:00:00,106.43,5.94,37.53,70.4,17.0288,4.851495000000001,42.36361524405236,40.0,80.0
2025-04-19 18:00:00,3.9,3.62,32.95,85.72,0.624,1.0981001851851853,39.474511303422,30.0,60.0
2025-04-19 19:00:00,0.0,3.5,31.23,100.0,0.0,0.992476851851852,30.552241153037944,20.0,40.0
2025-04-19 20:00:00,0.0,3.7,30.32,100.0,0.0,1.1725231481481482,26.425741339971154,10.0,20.0
2025-04-19 21:00:00,0.0,4.32,29.77,100.0,0.0,1.86624,21.89118373019751,0.0,0.0
2025-04-19 22:00:00,0.0,5.45,29.49,97.85,0.0,3.747190393518519,19.327705823935815,0.0,0.0
2025-04-19 23:00:00,0.0,6.45,29.11,100.0,0.0,6.211484375,17.18307954057941,0.0,0.0
2025-04-20 00:00:00,0.0,6.57,28.3,98.9,0.0,6.5646618750000005,15.094364991347017,0.0,0.0
2025-04-20 01:00:00,0.0,6.48,27.5,73.72,0.0,6.298560000000001,14.954827734843862,0.0,0.0
2025-04-20 02:00:00,0.0,6.35,26.86,100.0,0.0,5.927034143518518,14.387121956306842,0.0,0.0
2025-04-20 03:00:00,0.0,6.18,26.35,100.0,0.0,5.463634999999999,15.090250574879725,0.0,0.0
2025-04-20 04:00:00,0.0,5.85,25.9,100.0,0.0,4.634296874999999,16.703816101509204,0.0,0.0
2025-04-20 05:00:00,6.22,5.38,25.48,79.26,0.9952,3.604649814814814,17.777722770281766,0.0,0.0
2025-04-20 06:00:00,106.05,6.13,26.88,57.86,16.968,5.332092523148147,19.151603419508476,3.1484891036396725,6.296978207279345
2025-04-20 07:00:00,295.58,6.14,29.83,38.32,47.2928,5.358230185185184,25.817385040979303,13.148489103639672,26.29697820727934
2025-04-20 08:00:00,526.03,6.34,33.62,18.91,84.16480000000001,5.899076481481481,26.74808178517723,23.148489103639672,46.296978207279345
2025-04-20 09:00:00,720.15,5.46,36.64,21.7,115.224,3.767855,32.40582487109278,33.148489103639676,66.29697820727935
2025-04-20 10:00:00,857.78,5.01,38.16,26.17,137.2448,2.910914375,40.0573015238751,43.148489103639676,86.29697820727935
2025-04-20 11:00:00,927.95,4.88,39.31,30.67,148.472,2.6901451851851848,47.17282447014039,50.0,100.0
2025-04-20 12:00:00,921.92,4.98,40.03,35.17,147.50719999999998,2.8589350000000007,52.03878685838557,50.0,100.0
2025-04-20 13:00:00,841.8,5.2,40.35,44.36,134.688,3.254814814814815,60.48667295709971,50.0,100.0
2025-04-20 14:00:00,693.55,5.31,40.23,53.54,110.96800000000002,3.465770625,57.63301304846585,50.0,100.0
2025-04-20 15:00:00,497.08,5.48,39.68,62.68,79.53280000000001,3.809411851851853,56.71314111549559,50.0,100.0
2025-04-20 16:00:00,279.38,5.57,38.68,71.98,44.70080000000001,4.0002012268518525,47.2244195760009,50.0,100.0
2025-04-20 17:00:00,91.85,4.79,37.1,81.16,14.696000000000002,2.5440333101851853,43.327268613508224,40.0,80.0
2025-04-20 18:00:00,3.75,3.31,33.65,90.7,0.6000000000000001,0.8394604398148148,37.13081840902309,30.0,60.0
2025-04-20 19:00:00,0.0,3.67,32.36,99.99,0.0,1.1442329398148148,30.86350891954331,20.0,40.0
2025-04-20 20:00:00,0.0,4.2,31.58,99.99,0.0,1.715,27.620737786473725,10.0,20.0
2025-04-20 21:00:00,0.0,4.91,30.87,99.98,0.0,2.7400641435185187,21.38821987829819,0.0,0.0
2025-04-20 22:00:00,0.0,5.4,29.95,99.99,0.0,3.645000000000001,19.583394040161444,0.0,0.0
2025-04-20 23:00:00,0.0,5.54,28.72,99.98,0.0,3.935913518518519,17.030749018247988,0.0,0.0
2025-04-21 00:00:00,0.0,5.49,27.32,84.01,0.0,3.830304375,24.60671698467689,0.0,0.0
2025-04-21 01:00:00,0.0,5.33,25.97,100.0,0.0,3.505079560185185,23.00735161161329,0.0,0.0
2025-04-21 02:00:00,0.0,4.96,24.86,71.63,0.0,2.824628148148148,26.590253811594785,0.0,0.0
2025-04-21 03:00:00,0.0,4.47,23.96,99.77,0.0,2.0674681249999995,27.238019099834627,0.0,0.0
2025-04-21 04:00:00,0.0,4.01,23.2,98.98,0.0,1.492620393518518,27.04266142008819,0.0,0.0
2025-04-21 05:00:00,6.2,3.61,22.57,88.07,0.992,1.089025023148148,27.87995627755577,0.0,0.0
2025-04-21 06:00:00,115.68,3.81,24.97,73.37,18.508800000000004,1.2802393750000003,31.887908542755103,0.0,0.0
2025-04-21 07:00:00,295.67,4.0,28.07,64.18,47.3072,1.4814814814814814,39.20163367503651,9.587047806444971,19.174095612889943
2025-04-21 08:00:00,499.67,3.62,32.55,53.37,79.94720000000001,1.0981001851851853,46.50887111182767,19.58704780644497,39.17409561288994
2025-04-21 09:00:00,689.47,4.8,36.33,42.9,110.3152,2.56,56.93414319449461,29.58704780644497,59.17409561288994
2025-04-21 10:00:00,842.55,5.31,37.86,32.38,134.808,3.465770625,64.80013415289787,39.58704780644497,79.17409561288994
2025-04-21 11:00:00,957.2,5.77,39.14,21.72,153.15200000000002,4.446760023148148,77.62840323670356,49.58704780644497,99.17409561288994
2025-04-21 12:00:00,992.35,6.1,39.91,11.03,158.77600000000004,5.254189814814813,86.57010871151549,50.0,100.0
2025-04-21 13:00:00,957.38,6.3,40.24,0.09,153.1808,5.788124999999999,87.45637965293604,50.0,100.0
2025-04-21 14:00:00,792.25,6.14,40.18,16.69,126.76,5.358230185185184,92.5776792093935,50.0,100.0
2025-04-21 15:00:00,576.1,5.79,39.65,33.12,92.17600000000002,4.493160625000001,89.00768102759127,50.0,100.0
2025-04-21 16:00:00,332.08,5.35,38.67,49.67,53.1328,3.5446846064814808,92.37514927669135,40.0,80.0
2025-04-21 17:00:00,109.53,3.43,36.2,66.3,17.5248,0.9341112731481482,78.25441501540233,30.0,60.0
2025-04-21 18:00:00,4.25,2.97,31.38,83.31,0.6800000000000002,0.0,63.482808081663144,20.0,40.0
2025-04-21 19:00:00,0.0,2.86,30.13,99.99,0.0,0.0,49.642670044563225,10.0,20.0
2025-04-21 20:00:00,0.0,2.96,29.07,99.98,0.0,0.0,43.36429168976321,0.0,0.0
2025-04-21 21:00:00,0.0,3.28,27.72,99.98,0.0,0.8168414814814813,37.34622073689269,0.0,0.0
2025-04-21 22:00:00,0.0,3.58,26.49,99.89,0.0,1.0620998148148149,34.770797406320526,0.0,0.0
2025-04-21 23:00:00,0.0,3.71,25.47,99.99,0.0,1.182055810185185,29.639983537460097,0.0,0.0
2025-04-22 00:00:00,0.0,3.75,24.53,99.95,0.0,1.220703125,23.251866942682597,0.0,0.0
2025-04-22 01:00:00,0.0,3.76,23.67,99.95,0.0,1.2304948148148147,23.21485199063038,0.0,0.0
2025-04-22 02:00:00,0.0,3.66,22.8,78.1,0.0,1.134905,24.49605860809573,0.0,0.0
2025-04-22 03:00:00,0.0,3.55,22.01,99.13,0.0,1.0356221064814817,26.19058165711047,0.0,0.0
2025-04-22 04:00:00,0.0,3.42,21.34,98.47,0.0,0.9259649999999998,24.960487912907194,0.0,0.0
2025-04-22 05:00:00,7.05,3.29,20.94,87.62,1.128,0.8243353935185185,27.285031723759097,0.0,0.0
2025-04-22 06:00:00,118.62,3.24,24.24,74.08,18.9792,0.7873200000000001,30.87473711939173,0.0,0.0
2025-04-22 07:00:00,297.65,3.5,27.81,64.22,47.624,0.992476851851852,36.25975650837411,10.0,20.0
2025-04-22 08:00:00,497.8,3.07,32.73,53.47,79.64800000000001,0.669778773148148,43.17039569691257,20.0,40.0
2025-04-22 09:00:00,686.15,4.02,37.34,42.78,109.784,1.5038149999999997,54.93947936847581,30.0,60.0
2025-04-22 10:00:00,838.25,4.25,38.91,32.22,134.12,1.7769820601851851,62.91354723542384,40.0,80.0
2025-04-22 11:00:00,952.1,4.54,40.09,21.57,152.336,2.1661264814814816,75.91993043653073,50.0,100.0
2025-04-22 12:00:00,991.1,4.88,40.81,10.94,158.57600000000002,2.6901451851851848,85.81499288776946,50.0,100.0
2025-04-22 13:00:00,961.62,5.28,41.13,0.04,153.85920000000002,3.4073600000000006,87.64701147224575,50.0,100.0
2025-04-22 14:00:00,787.78,5.55,40.92,16.43,126.0448,3.9572656249999993,93.74023254683262,50.0,100.0
2025-04-22 15:00:00,571.9,5.64,40.25,32.65,91.504,4.152919999999999,91.79706019013024,50.0,100.0
2025-04-22 16:00:00,334.67,5.48,39.07,49.15,53.5472,3.809411851851853,82.48771666073056,40.0,80.0
2025-04-22 17:00:00,118.03,3.64,36.12,65.56,18.8848,1.1164014814814818,73.73275036591268,30.0,60.0
2025-04-22 18:00:00,5.12,3.52,30.51,83.34,0.8192,1.009588148148148,58.18537542739364,20.0,40.0
2025-04-22 19:00:00,0.0,3.63,28.66,100.0,0.0,1.107225625,49.47566127238004,10.0,20.0
2025-04-22 20:00:00,0.0,3.67,27.42,100.0,0.0,1.1442329398148148,40.49126967255523,0.0,0.0
2025-04-22 21:00:00,0.0,3.71,26.31,99.99,0.0,1.182055810185185,34.90347827719714,0.0,0.0
2025-04-22 22:00:00,0.0,3.71,25.33,99.97,0.0,1.182055810185185,31.776232708996904,0.0,0.0
2025-04-22 23:00:00,0.0,3.71,24.46,99.97,0.0,1.182055810185185,27.78852525417773,0.0,0.0
2025-04-23 00:00:00,0.0,3.66,23.66,99.86,0.0,1.134905,24.56181173565656,0.0,0.0
2025-04-23 01:00:00,0.0,3.58,22.96,78.25,0.0,1.0620998148148149,24.188840664572304,0.0,0.0
2025-04-23 02:00:00,0.0,3.53,22.27,99.73,0.0,1.018217060185185,21.62631038847085,0.0,0.0
2025-04-23 03:00:00,0.0,3.54,21.59,97.54,0.0,1.026895,25.29459147793678,0.0,0.0
2025-04-23 04:00:00,0.0,3.58,20.95,99.84,0.0,1.0620998148148149,24.63506601246084,0.0,0.0
2025-04-23 05:00:00,7.25,3.6,20.59,88.85,1.16,1.08,27.113800597210282,0.0,0.0
2025-04-23 06:00:00,134.12,3.47,23.99,74.43,21.459200000000006,0.9671741435185188,30.25602860638301,0.0,0.0
2025-04-23 07:00:00,323.8,4.67,28.12,64.84,51.80800000000001,2.357582476851852,35.10486633961289,10.0,20.0
2025-04-23 08:00:00,537.6,4.49,32.73,53.91,86.01600000000002,2.095343726851852,47.892461175663556,20.0,40.0
2025-04-23 09:00:00,723.58,5.96,37.09,42.88,115.77280000000002,4.9006651851851855,58.91759611024722,30.0,60.0
2025-04-23 10:00:00,872.33,6.08,38.54,32.17,139.5728,5.202678518518519,67.09284415119164,40.0,80.0
2025-04-23 11:00:00,972.12,6.17,39.56,21.45,155.53920000000002,5.437155393518518,69.98593807895985,50.0,100.0
2025-04-23 12:00:00,1009.78,6.28,40.25,10.89,161.5648,5.733174814814816,79.92747975165318,50.0,100.0
2025-04-23 13:00:00,979.55,6.45,40.62,0.08,156.728,6.211484375,89.59829779757725,50.0,100.0
2025-04-23 14:00:00,799.9,6.41,40.55,16.09,127.984,6.096637060185186,95.56028967545578,50.0,100.0
2025-04-23 15:00:00,577.22,6.16,39.94,31.74,92.35520000000002,5.410761481481482,97.43545741076538,50.0,100.0
2025-04-23 16:00:00,332.05,5.71,38.82,47.49,53.128,4.309477106481482,87.25434366768323,40.0,80.0
2025-04-23 17:00:00,112.4,3.5,35.75,63.12,17.984,0.992476851851852,71.60093931644246,30.0,60.0
2025-04-23 18:00:00,4.4,3.01,30.73,82.45,0.7040000000000001,0.6312708564814813,59.119340613649264,20.0,40.0
2025-04-23 19:00:00,0.0,2.54,30.23,98.94,0.0,0.0,49.655389542751955,10.0,20.0
2025-04-23 20:00:00,0.0,2.13,30.04,99.4,0.0,0.0,40.353212542232555,0.0,0.0
2025-04-23 21:00:00,0.0,2.1,29.16,99.98,0.0,0.0,39.02954784024273,0.0,0.0
2025-04-23 22:00:00,0.0,2.53,27.64,99.97,0.0,0.0,34.16086635038054,0.0,0.0
2025-04-23 23:00:00,0.0,3.17,25.67,99.77,0.0,0.7373845601851852,28.645987932673325,0.0,0.0
2025-04-24 00:00:00,0.0,3.65,24.22,99.86,0.0,1.1256278935185184,25.272118076589745,0.0,0.0
2025-04-24 01:00:00,0.0,3.9,23.61,85.45,0.0,1.3731249999999997,24.036453981440168,0.0,0.0
2025-04-24 02:00:00,0.0,3.93,23.24,99.65,0.0,1.405056875,25.083963008160527,0.0,0.0
2025-04-24 03:00:00,0.0,3.88,22.77,99.65,0.0,1.352108148148148,26.51924333099497,0.0,0.0
2025-04-24 04:00:00,0.0,3.81,22.19,99.67,0.0,1.2802393750000003,26.911106469739778,0.0,0.0
2025-04-24 05:00:00,7.38,3.7,21.74,87.18,1.1808,1.1725231481481482,26.78408841922762,0.0,0.0
2025-04-24 06:00:00,132.12,4.4,24.9,70.56,21.1392,1.9718518518518524,27.441719372134923,0.0,0.0
2025-04-24 07:00:00,318.17,4.92,28.25,60.29,50.9072,2.75684,34.21058139412004,10.0,20.0
2025-04-24 08:00:00,529.03,5.04,33.53,48.07,84.6448,2.96352,42.84650728524072,20.0,40.0
2025-04-24 09:00:00,721.15,6.2,38.48,35.59,115.384,5.516851851851853,55.33428231399969,30.0,60.0
2025-04-24 10:00:00,872.1,6.0,40.13,24.03,139.536,5.0,73.05015699779479,40.0,80.0
2025-04-24 11:00:00,983.25,5.79,41.24,12.54,157.32,4.493160625000001,78.99221513693907,50.0,100.0
2025-04-24 12:00:00,1024.22,5.6,41.92,0.22,163.87520000000004,4.065185185185184,86.67206408247749,50.0,100.0
2025-04-24 13:00:00,895.75,5.46,42.19,14.33,143.32000000000002,3.767855,96.16485058600992,50.0,100.0
2025-04-24 14:00:00,720.45,5.38,41.99,28.12,115.272,3.604649814814814,97.57627106015681,50.0,100.0
2025-04-24 15:00:00,513.7,5.34,41.4,42.2,82.19200000000001,3.524845,84.88477019212986,50.0,100.0
2025-04-24 16:00:00,295.85,5.23,40.37,56.38,47.336000000000006,3.3114737731481485,80.67837196453944,40.0,80.0
2025-04-24 17:00:00,106.25,3.56,37.83,70.59,17.0,1.0443985185185187,70.71969290368753,30.0,60.0
2025-04-24 18:00:00,4.75,3.35,32.64,85.71,0.76,0.8702633101851853,67.8588537621932,20.0,40.0
2025-04-24 19:00:00,0.0,3.62,30.97,99.98,0.0,1.0981001851851853,48.91917381865352,10.0,20.0
2025-04-24 20:00:00,0.0,3.82,29.91,99.94,0.0,1.2903464814814811,44.92421400990027,0.0,0.0
2025-04-24 21:00:00,0.0,4.03,29.02,99.88,0.0,1.5150654398148151,36.4380615073903,0.0,0.0
2025-04-24 22:00:00,0.0,4.34,28.24,99.88,0.0,1.8922801851851847,30.188742421129035,0.0,0.0
2025-04-24 23:00:00,0.0,4.67,27.48,99.87,0.0,2.357582476851852,27.709732762103528,0.0,0.0
2025-04-25 00:00:00,0.0,4.88,26.7,99.89,0.0,2.6901451851851848,24.932046515751765,0.0,0.0
2025-04-25 01:00:00,0.0,4.81,25.9,92.55,0.0,2.576033356481481,24.5535982467912,0.0,0.0
2025-04-25 02:00:00,0.0,4.54,25.12,99.94,0.0,2.1661264814814816,26.261335571053397,0.0,0.0
2025-04-25 03:00:00,0.0,4.33,24.42,99.94,0.0,1.879230023148148,23.850760701880706,0.0,0.0
2025-04-25 04:00:00,0.0,4.17,23.8,99.83,0.0,1.678511875,27.157282221382985,0.0,0.0
2025-04-25 05:00:00,8.57,4.06,23.4,89.3,1.3712,1.5491531481481478,28.98877602341597,0.0,0.0
2025-04-25 06:00:00,121.2,5.39,25.78,77.58,19.392000000000003,3.6247874768518513,32.63947844827508,0.0,0.0
2025-04-25 07:00:00,323.05,5.19,28.72,66.93,51.688,3.2360731250000008,38.67769529817165,10.0,20.0
2025-04-25 08:00:00,546.05,4.93,33.29,56.37,87.368,2.773684189814815,41.255730525237205,20.0,40.0
2025-04-25 09:00:00,741.33,5.61,38.18,46.04,118.61280000000002,4.087001875000001,59.25284275008305,30.0,60.0
2025-04-25 10:00:00,885.47,5.54,40.81,35.77,141.6752,3.935913518518519,68.19525992873618,40.0,80.0
2025-04-25 11:00:00,947.22,5.33,41.88,25.77,151.5552,3.505079560185185,75.03336337990328,50.0,100.0
2025-04-25 12:00:00,795.7,5.24,42.41,49.65,127.312,3.330505185185185,90.66912478650791,50.0,100.0
2025-04-25 13:00:00,870.28,5.21,42.58,39.34,139.2448,3.273628726851852,91.23020841651704,50.0,100.0
2025-04-25 14:00:00,738.75,4.91,42.29,29.79,118.2,2.7400641435185187,100.40458685451541,50.0,100.0
2025-04-25 15:00:00,546.62,4.5,41.7,28.95,87.45920000000001,2.109375,88.07473201363158,50.0,100.0
2025-04-25 16:00:00,306.15,4.14,40.63,45.64,48.984,1.6425449999999997,81.89040741153684,40.0,80.0
2025-04-25 17:00:00,108.1,2.92,38.53,63.22,17.296,0.0,70.5370513947858,30.0,60.0
2025-04-25 18:00:00,5.25,2.66,34.5,81.68,0.8400000000000001,0.0,59.78270433152417,20.0,40.0
2025-04-25 19:00:00,0.0,2.85,33.01,99.61,0.0,0.0,50.32146883756071,10.0,20.0
2025-04-25 20:00:00,0.0,2.96,31.99,99.51,0.0,0.0,49.45490061255644,0.0,0.0
2025-04-25 21:00:00,0.0,3.03,31.04,99.54,0.0,0.6439381249999998,36.71470138083602,0.0,0.0
2025-04-25 22:00:00,0.0,3.02,30.19,99.61,0.0,0.6375835185185185,31.008447835292444,0.0,0.0
2025-04-25 23:00:00,0.0,3.01,29.38,99.57,0.0,0.6312708564814813,27.43322380407841,0.0,0.0
2025-04-26 00:00:00,0.0,3.12,28.49,92.81,0.0,0.7030400000000001,15.18559723908069,0.0,0.0
2025-04-26 01:00:00,0.0,3.37,27.55,99.33,0.0,0.8859433564814816,13.881013390492429,0.0,0.0
2025-04-26 02:00:00,0.0,3.43,26.6,84.45,0.0,0.9341112731481482,14.93631797207356,0.0,0.0
2025-04-26 03:00:00,0.0,3.33,25.77,98.97,0.0,0.854769375,16.07593676976253,0.0,0.0
2025-04-26 04:00:00,0.0,3.19,25.06,98.43,0.0,0.7514296064814816,17.033513769564784,0.0,0.0
2025-04-26 05:00:00,9.75,2.98,24.64,79.82,1.56,0.0,18.69828069989243,0.0,0.0
2025-04-26 06:00:00,133.38,3.72,26.82,59.3,21.3408,1.1916400000000005,17.580153253023575,4.9522867469764265,9.904573493952853
2025-04-26 07:00:00,340.52,3.68,29.14,40.43,54.4832,1.153611851851852,23.700277310197322,14.952286746976426,29.904573493952853
2025-04-26 08:00:00,571.28,3.46,32.63,23.8,91.4048,0.9588364814814814,28.34917895902874,24.952286746976426,49.90457349395285
2025-04-26 09:00:00,705.6,3.86,36.58,41.96,112.89600000000002,1.3313068518518518,28.491596030399084,34.95228674697643,69.90457349395285
2025-04-26 10:00:00,772.55,3.91,39.33,53.42,123.608,1.3837146064814818,37.501550407796394,44.95228674697643,89.90457349395285
2025-04-26 11:00:00,770.8,3.85,40.34,75.92,123.328,1.3209866898148148,47.85612748522917,50.0,100.0
2025-04-26 12:00:00,718.62,3.72,40.84,71.54,114.97920000000002,1.1916400000000005,49.45291736739521,50.0,100.0
2025-04-26 13:00:00,670.6,3.55,40.95,65.44,107.296,1.0356221064814817,53.15606132640528,50.0,100.0
2025-04-26 14:00:00,525.08,3.3,40.58,72.64,84.0128,0.8318749999999999,53.966256289231765,50.0,100.0
2025-04-26 15:00:00,333.73,2.85,39.87,90.87,53.39680000000001,0.0,52.99560807715953,50.0,100.0
2025-04-26 16:00:00,188.18,2.28,38.87,92.62,30.1088,0.0,45.98020512322586,40.0,80.0
2025-04-26 17:00:00,70.82,1.33,37.15,94.04,11.3312,0.0,43.12518550226114,30.0,60.0
2025-04-26 18:00:00,3.5,0.63,34.92,97.03,0.56,0.0,38.84206236804574,20.0,40.0
2025-04-26 19:00:00,0.0,0.74,33.88,99.53,0.0,0.0,33.75443726817508,10.0,20.0
2025-04-26 20:00:00,0.0,1.33,32.84,99.38,0.0,0.0,29.210087820726123,0.0,0.0
2025-04-26 21:00:00,0.0,1.99,31.57,99.53,0.0,0.0,23.042576746682666,0.0,0.0
2025-04-26 22:00:00,0.0,2.73,29.97,98.98,0.0,0.0,18.512906737751173,0.0,0.0
2025-04-26 23:00:00,0.0,3.24,29.17,97.99,0.0,0.7873200000000001,17.552794445320625,0.0,0.0
2025-04-27 00:00:00,0.0,3.96,28.51,91.16,0.0,1.43748,15.081627938878079,0.0,0.0
2025-04-27 01:00:00,0.0,3.86,27.61,84.53,0.0,1.3313068518518518,15.380098231901613,0.0,0.0
2025-04-27 02:00:00,0.0,3.72,26.91,66.49,0.0,1.1916400000000005,14.619009006171103,0.0,0.0
2025-04-27 03:00:00,0.0,3.54,25.84,98.06,0.0,1.026895,14.661826300705826,0.0,0.0
2025-04-27 04:00:00,0.0,3.33,25.01,99.58,0.0,0.854769375,16.948428449560065,0.0,0.0
2025-04-27 05:00:00,8.45,3.16,24.38,88.66,1.352,0.7304281481481483,17.78391279711078,0.0,0.0
2025-04-27 06:00:00,118.25,3.7,26.45,73.29,18.92,1.1725231481481482,19.56179406026928,0.5307290878788713,1.0614581757577426
2025-04-27 07:00:00,291.42,3.72,29.44,64.5,46.62720000000001,1.1916400000000005,23.059803520276944,10.530729087878871,21.061458175757743
2025-04-27 08:00:00,500.05,2.8,34.34,53.91,80.00800000000001,0.0,26.699621692222802,20.53072908787887,41.06145817575774
2025-04-27 09:00:00,693.33,1.65,37.68,43.0,110.9328,0.0,32.54685571277253,30.53072908787887,61.06145817575774
2025-04-27 10:00:00,840.92,1.19,39.48,32.57,134.5472,0.0,38.2347189279827,40.53072908787887,81.06145817575774
2025-04-27 11:00:00,942.92,1.11,40.76,22.06,150.8672,0.0,48.8744379856702,50.0,100.0
2025-04-27 12:00:00,962.33,1.52,41.5,11.86,153.9728,0.0,51.72461585380527,50.0,100.0
2025-04-27 13:00:00,908.22,2.13,41.79,1.33,145.3152,0.0,59.94042356413937,50.0,100.0
2025-04-27 14:00:00,768.15,2.65,41.72,1.52,122.904,0.0,55.42120457086237,50.0,100.0
2025-04-27 15:00:00,560.6,3.06,41.19,20.94,89.69600000000001,0.6632550000000001,56.424182035534756,50.0,100.0
2025-04-27 16:00:00,329.38,3.31,40.21,40.43,52.70080000000001,0.8394604398148148,53.80430195215332,49.735958487661506,99.47191697532301
2025-04-27 17:00:00,117.8,2.44,37.99,60.08,18.848,0.0,45.98758710507811,39.735958487661506,79.47191697532301
2025-04-27 18:00:00,6.2,2.51,33.73,80.28,0.992,0.0,37.10339864590026,29.735958487661506,59.47191697532301
2025-04-27 19:00:00,0.0,2.86,32.07,99.99,0.0,0.0,32.15863427290423,19.735958487661506,39.47191697532301
2025-04-27 20:00:00,0.0,3.05,30.91,99.97,0.0,0.6567737268518516,26.96038368475338,9.735958487661506,19.471916975323012
2025-04-27 21:00:00,0.0,3.16,29.75,99.97,0.0,0.7304281481481483,22.551521104036315,0.0,0.0
2025-04-27 22:00:00,0.0,3.28,28.6,99.96,0.0,0.8168414814814813,19.357725577344127,0.0,0.0
2025-04-27 23:00:00,0.0,3.34,27.48,99.96,0.0,0.8624931481481479,18.044059916848997,0.0,0.0
2025-04-28 00:00:00,0.0,3.34,26.45,99.97,0.0,0.8624931481481479,24.422942596741677,0.0,0.0
2025-04-28 01:00:00,0.0,3.3,25.53,77.59,0.0,0.8318749999999999,24.15020288701433,0.0,0.0
2025-04-28 02:00:00,0.0,3.28,24.72,99.97,0.0,0.8168414814814813,24.326971421699668,0.0,0.0
2025-04-28 03:00:00,0.0,3.28,23.99,99.96,0.0,0.8168414814814813,24.027749164177667,0.0,0.0
2025-04-28 04:00:00,0.0,3.36,23.34,99.85,0.0,0.8780799999999999,25.062524043594237,0.0,0.0
2025-04-28 05:00:00,12.0,3.56,22.99,88.91,1.92,1.0443985185185187,28.70807995683003,0.0,0.0
2025-04-28 06:00:00,145.77,5.01,25.35,75.59,23.323200000000003,2.910914375,31.404574476064802,0.0,0.0
2025-04-28 07:00:00,343.77,4.77,28.5,66.12,55.00319999999999,2.512299375,36.348447419172416,10.0,20.0
2025-04-28 08:00:00,557.12,4.68,33.56,55.43,89.13920000000002,2.3727599999999995,45.947555954130515,20.0,40.0
2025-04-28 09:00:00,744.53,3.85,37.7,44.74,119.1248,1.3209866898148148,58.395100918817484,30.0,60.0
2025-04-28 10:00:00,883.55,2.54,40.11,34.02,141.368,0.0,66.44314390417794,40.0,80.0
2025-04-28 11:00:00,972.88,1.56,41.6,23.16,155.6608,0.0,77.58050066219486,50.0,100.0
2025-04-28 12:00:00,981.95,1.22,42.48,12.31,157.11200000000002,0.0,89.70318111236342,50.0,100.0
2025-04-28 13:00:00,924.58,1.65,42.86,1.34,147.9328,0.0,88.60350677824971,50.0,100.0
2025-04-28 14:00:00,758.2,2.45,42.9,17.62,121.312,0.0,83.75026947298547,50.0,100.0
2025-04-28 15:00:00,551.3,3.38,42.48,33.63,88.20799999999998,0.8938535185185186,86.37626650686217,50.0,100.0
2025-04-28 16:00:00,332.5,4.22,41.53,48.48,53.2,1.7396168518518516,81.86466077190484,40.0,80.0
2025-04-28 17:00:00,116.7,3.68,39.32,66.47,18.672,1.153611851851852,75.78311613199472,30.0,60.0
2025-04-28 18:00:00,6.53,3.46,34.49,83.5,1.0448000000000002,0.9588364814814814,64.4674255798623,20.0,40.0
2025-04-28 19:00:00,0.0,3.82,32.68,99.95,0.0,1.2903464814814811,52.93261927504658,10.0,20.0
2025-04-28 20:00:00,0.0,3.83,31.48,99.92,0.0,1.3005066435185186,46.164625337237666,0.0,0.0
2025-04-28 21:00:00,0.0,3.73,30.2,99.85,0.0,1.2012758564814814,36.745277981241465,0.0,0.0
2025-04-28 22:00:00,0.0,3.59,28.94,99.89,0.0,1.0710249768518516,31.268021291934,0.0,0.0
2025-04-28 23:00:00,0.0,3.54,27.78,99.62,0.0,1.026895,27.206755998829554,0.0,0.0
2025-04-29 00:00:00,0.0,3.71,26.75,99.87,0.0,1.182055810185185,25.303062535637356,0.0,0.0
2025-04-29 01:00:00,0.0,4.12,25.86,80.54,0.0,1.618854814814815,24.33531397606371,0.0,0.0
2025-04-29 02:00:00,0.0,4.48,24.97,98.37,0.0,2.0813748148148155,26.327839429717127,0.0,0.0
2025-04-29 03:00:00,0.0,4.49,24.08,98.32,0.0,2.095343726851852,23.24914377730638,0.0,0.0
2025-04-29 04:00:00,0.0,4.27,23.25,99.13,0.0,1.802187106481481,26.342198739135416,0.0,0.0
2025-04-29 05:00:00,10.57,4.13,22.77,86.77,1.6912,1.630671226851852,28.62877426320931,0.0,0.0
2025-04-29 06:00:00,136.07,5.44,24.87,71.62,21.7712,3.726601481481482,34.12642916333882,0.0,0.0
2025-04-29 07:00:00,317.98,4.97,27.98,61.14,50.87680000000001,2.8417470601851846,34.597670726201216,10.0,20.0
2025-04-29 08:00:00,526.15,5.16,32.5,49.05,84.18400000000001,3.18028,45.1467097798582,20.0,40.0
2025-04-29 09:00:00,720.1,4.75,36.5,37.0,115.216,2.480830439814815,52.51417405124815,30.0,60.0
2025-04-29 10:00:00,875.85,3.94,38.83,24.88,140.13600000000002,1.4158098148148146,64.7761021250197,40.0,80.0
2025-04-29 11:00:00,978.17,3.42,40.37,12.62,156.5072,0.9259649999999998,75.19274551570687,50.0,100.0
2025-04-29 12:00:00,1006.85,3.13,41.31,0.18,161.096,0.7098216898148147,81.4101023617171,50.0,100.0
2025-04-29 13:00:00,917.42,2.99,41.72,14.45,146.7872,0.0,93.26361366752283,50.0,100.0
2025-04-29 14:00:00,762.38,2.82,41.73,28.54,121.9808,0.0,97.29615739018094,50.0,100.0
2025-04-29 15:00:00,554.17,2.58,41.3,42.67,88.6672,0.0,87.56513616321787,50.0,100.0
2025-04-29 16:00:00,320.27,2.39,40.4,56.87,51.2432,0.0,92.95022766597751,40.0,80.0
2025-04-29 17:00:00,112.5,1.93,38.34,71.03,18.0,0.0,81.92204006039289,30.0,60.0
2025-04-29 18:00:00,6.07,2.71,34.1,85.72,0.9712,0.0,61.16688067553,20.0,40.0
2025-04-29 19:00:00,0.0,3.44,32.35,99.99,0.0,0.942305185185185,56.11237371423006,10.0,20.0
2025-04-29 20:00:00,0.0,4.04,31.36,99.99,0.0,1.526371851851852,45.040820737718235,0.0,0.0
2025-04-29 21:00:00,0.0,4.42,30.28,99.99,0.0,1.998863148148148,40.37354952543232,0.0,0.0
2025-04-29 22:00:00,0.0,4.61,29.17,99.99,0.0,2.2678745601851857,33.061316036437624,0.0,0.0
2025-04-29 23:00:00,0.0,4.63,28.14,99.98,0.0,2.2975196064814813,27.055151487063778,0.0,0.0
2025-04-30 00:00:00,0.0,4.46,27.18,99.44,0.0,2.0536235185185188,25.16610360411299,0.0,0.0
2025-04-30 01:00:00,0.0,4.23,26.29,26.95,0.0,1.7520131250000006,23.950520328963805,0.0,0.0
2025-04-30 02:00:00,0.0,4.04,25.48,99.48,0.0,1.526371851851852,26.902002874287064,0.0,0.0
2025-04-30 03:00:00,0.0,3.92,24.71,99.48,0.0,1.3943585185185183,20.663059574984814,0.0,0.0
2025-04-30 04:00:00,0.0,3.82,23.99,96.9,0.0,1.2903464814814811,28.56390413874313,0.0,0.0
2025-04-30 05:00:00,12.75,3.87,23.52,84.8,2.04,1.3416806250000002,27.404808278545104,0.0,0.0
2025-04-30 06:00:00,139.57,5.21,25.13,71.88,22.331200000000003,3.273628726851852,32.4051768649244,0.0,0.0
2025-04-30 07:00:00,341.8,5.01,28.02,59.95,54.688,2.910914375,36.27257691862403,10.0,20.0
2025-04-30 08:00:00,562.92,5.76,32.76,48.06,90.0672,4.42368,44.58520923397623,20.0,40.0
2025-04-30 09:00:00,757.45,5.5,36.12,36.18,121.192,3.851273148148149,54.464016639422155,30.0,60.0
2025-04-30 10:00:00,902.5,4.89,38.36,24.28,144.4,2.7067168749999992,68.25463422574549,40.0,80.0
2025-04-30 11:00:00,964.65,4.06,40.03,12.35,154.34400000000002,1.5491531481481478,81.26531360909361,50.0,100.0
2025-04-30 12:00:00,972.05,3.11,41.23,0.13,155.52800000000002,0.6963016435185185,79.78479734567898,50.0,100.0
2025-04-30 13:00:00,894.38,2.22,41.89,0.76,143.1008,0.0,88.47979220977778,50.0,100.0
2025-04-30 14:00:00,750.22,1.36,41.96,1.38,120.03520000000002,0.0,103.8915428799175,50.0,100.0
2025-04-30 15:00:00,553.62,0.73,41.61,2.01,88.57920000000001,0.0,88.48960625706887,50.0,100.0
2025-04-30 16:00:00,318.6,0.64,40.84,25.4,50.97600000000001,0.0,87.00008185159565,40.0,80.0
2025-04-30 17:00:00,113.53,1.1,39.18,50.35,18.1648,0.0,76.43717900065789,30.0,60.0
2025-04-30 18:00:00,6.8,2.37,35.32,75.48,1.088,0.0,69.93352978776922,20.0,40.0
2025-04-30 19:00:00,0.0,3.44,33.41,99.99,0.0,0.942305185185185,50.01804734785184,10.0,20.0
2025-04-30 20:00:00,0.0,4.67,32.4,99.99,0.0,2.357582476851852,46.947113383002474,0.0,0.0
2025-04-30 21:00:00,0.0,5.34,31.14,99.99,0.0,3.524845,37.86060981637672,0.0,0.0
2025-04-30 22:00:00,0.0,5.8,30.01,99.99,0.0,4.516481481481481,31.85023840865626,0.0,0.0
2025-04-30 23:00:00,0.0,5.86,29.02,99.98,0.0,4.6581031481481485,27.77050447892576,0.0,0.0
2025-05-01 00:00:00,0.0,5.59,28.17,99.99,0.0,4.043446273148148,24.943700464552055,0.0,0.0
2025-05-01 01:00:00,0.0,5.17,27.4,83.43,0.0,3.1988058564814814,24.242240316612328,0.0,0.0
2025-05-01 02:00:00,0.0,4.65,26.64,99.97,0.0,2.3274218750000006,25.838921177568803,0.0,0.0
2025-05-01 03:00:00,0.0,4.35,25.97,98.96,0.0,1.9053906249999997,26.329019363526548,0.0,0.0
2025-05-01 04:00:00,0.0,4.36,25.42,97.91,0.0,1.918561481481482,25.63164898490051,0.0,0.0
2025-05-01 05:00:00,13.5,4.73,25.13,0.2,2.16,2.4496253935185197,27.9343727989682,0.0,0.0
2025-05-01 06:00:00,150.93,5.96,26.5,0.2,24.1488,4.9006651851851855,34.82216695569248,0.0,0.0
2025-05-01 07:00:00,357.48,6.51,29.79,0.2,57.19680000000001,6.386445624999999,37.02814026097312,10.0,20.0
2025-05-01 08:00:00,575.2,7.51,33.58,0.2,92.032,9.80473960648148,50.353170389719445,20.0,40.0
2025-05-01 09:00:00,760.4,7.32,35.91,0.2,121.664,9.07924,55.543130860214795,30.0,60.0
2025-05-01 10:00:00,891.2,6.61,37.75,0.2,142.592,6.685295856481482,69.4175692668913,40.0,80.0
2025-05-01 11:00:00,976.85,5.66,39.37,0.2,156.29600000000002,4.1972568518518525,80.76415728150181,50.0,100.0
2025-05-01 12:00:00,970.45,4.72,40.51,0.2,155.27200000000002,2.434121481481481,87.98530012413848,50.0,100.0
2025-05-01 13:00:00,880.25,3.91,41.17,6.01,140.84,1.3837146064814818,87.54944256137667,50.0,100.0
2025-05-01 14:00:00,731.65,3.22,41.39,21.55,117.06400000000002,0.772829814814815,94.17515592620235,50.0,100.0
2025-05-01 15:00:00,534.47,2.79,41.12,36.79,85.51520000000001,0.0,94.68736406566025,40.82783593433976,81.65567186867952
2025-05-01 16:00:00,315.77,2.66,40.37,52.57,50.5232,0.0,84.21181592977256,30.82783593433976,61.65567186867952
2025-05-01 17:00:00,117.12,2.67,38.95,68.07,18.7392,0.0,75.62550887091183,20.82783593433976,41.65567186867952
2025-05-01 18:00:00,7.25,2.76,35.07,83.5,1.16,0.0,63.06368999030219,10.82783593433976,21.65567186867952
2025-05-01 19:00:00,0.0,3.83,33.72,99.15,0.0,1.3005066435185186,51.00988423941603,0.8278359343397597,1.655671868679519
2025-05-01 20:00:00,0.0,5.02,33.01,98.51,0.0,2.928379814814814,43.993213781793834,0.0,0.0
2025-05-01 21:00:00,0.0,5.67,31.97,98.74,0.0,4.219543125,38.73241781277521,0.0,0.0
2025-05-01 22:00:00,0.0,5.92,30.92,98.84,0.0,4.802654814814814,37.8035308570817,0.0,0.0
2025-05-01 23:00:00,0.0,5.89,30.08,99.4,0.0,4.7300108564814805,29.02265606940143,0.0,0.0
2025-05-02 00:00:00,0.0,5.68,29.45,92.43,0.0,4.241908148148148,25.901700970625445,0.0,0.0
2025-05-02 01:00:00,0.0,5.48,28.96,94.49,0.0,3.809411851851853,24.21538898343027,0.0,0.0
2025-05-02 02:00:00,0.0,5.31,28.44,83.52,0.0,3.465770625,24.77115696959594,0.0,0.0
2025-05-02 03:00:00,0.0,5.33,27.76,99.29,0.0,3.505079560185185,25.89254327505518,0.0,0.0
2025-05-02 04:00:00,0.0,5.68,27.14,91.99,0.0,4.241908148148148,31.014480244034633,0.0,0.0
2025-05-02 05:00:00,12.07,6.2,26.59,92.07,1.9312,5.516851851851853,28.93455078137603,0.0,0.0
2025-05-02 06:00:00,114.97,6.68,27.24,89.93,18.3952,6.899945185185183,28.824349081491075,0.0,0.0
2025-05-02 07:00:00,263.45,6.69,29.39,88.41,42.152,6.9309793750000015,40.76602669295692,8.31695268204308,16.63390536408616
2025-05-02 08:00:00,447.1,5.65,31.72,86.68,71.536,4.175049189814815,45.045104230426546,18.31695268204308,36.63390536408616
2025-05-02 09:00:00,680.47,4.16,33.85,6.33,108.8752,1.6664651851851853,56.59702876192733,28.31695268204308,56.633905364086154
2025-05-02 10:00:00,793.85,2.93,35.86,22.85,127.01600000000002,0.0,61.82261994087913,38.31695268204308,76.63390536408616
2025-05-02 11:00:00,905.2,1.66,37.64,38.73,144.832,0.0,75.80382558899048,48.31695268204308,96.63390536408616
2025-05-02 12:00:00,920.88,0.5,38.91,26.72,147.34080000000003,0.0,81.47321760196411,50.0,100.0
2025-05-02 13:00:00,827.6,0.85,39.85,71.48,132.41600000000005,0.0,93.10434500179421,50.0,100.0
2025-05-02 14:00:00,705.33,1.61,40.26,27.47,112.8528,0.0,94.80103179690366,50.0,100.0
2025-05-02 15:00:00,537.05,2.01,40.14,4.02,85.928,0.0,95.10269550756256,40.82530449243744,81.65060898487488
2025-05-02 16:00:00,313.73,2.21,39.56,26.08,50.1968,0.0,86.41406255679756,30.82530449243744,61.65060898487488
2025-05-02 17:00:00,111.57,2.46,38.26,48.27,17.8512,0.0,79.34731211694427,20.82530449243744,41.65060898487488
2025-05-02 18:00:00,6.57,2.87,34.92,71.0,1.0512,0.0,59.864182142440306,10.82530449243744,21.65060898487488
2025-05-02 19:00:00,0.0,4.91,33.02,93.37,0.0,2.7400641435185187,54.89408298064463,0.8253044924374393,1.6506089848748784
2025-05-02 20:00:00,0.0,5.89,31.37,97.93,0.0,4.7300108564814805,44.616749973544024,0.0,0.0
2025-05-02 21:00:00,0.0,5.98,29.95,97.41,0.0,4.9501664814814825,40.465523273209264,0.0,0.0
2025-05-02 22:00:00,0.0,5.69,28.84,96.39,0.0,4.264352060185185,31.70903066172755,0.0,0.0
2025-05-02 23:00:00,0.0,5.35,27.94,98.29,0.0,3.5446846064814808,27.98475389678424,0.0,0.0
2025-05-03 00:00:00,0.0,5.06,27.2,99.53,0.0,2.998940185185184,14.92232391192741,0.0,0.0
2025-05-03 01:00:00,0.0,4.82,26.55,99.47,0.0,2.5921335185185197,15.122803776715816,0.0,0.0
2025-05-03 02:00:00,0.0,4.71,26.02,98.69,0.0,2.418683125,15.863032755697729,0.0,0.0
2025-05-03 03:00:00,0.0,4.77,25.68,99.31,0.0,2.512299375,14.581442568853966,0.0,0.0
2025-05-03 04:00:00,0.0,5.02,25.56,99.55,0.0,2.928379814814814,15.020131322082912,0.0,0.0
2025-05-03 05:00:00,10.73,5.39,25.52,93.49,1.7168,3.6247874768518513,15.765661908394613,0.0,0.0
2025-05-03 06:00:00,97.05,6.2,26.7,88.67,15.528,5.516851851851853,19.44708880511769,1.597763046734162,3.195526093468324
2025-05-03 07:00:00,213.73,7.2,29.31,85.52,34.1968,8.64,21.849114717424523,11.597763046734162,23.195526093468324
2025-05-03 08:00:00,380.62,7.41,32.19,79.48,60.89920000000001,9.418264375,27.578007827522253,21.597763046734162,43.195526093468324
2025-05-03 09:00:00,588.5,6.79,34.79,37.7,94.16,7.24645460648148,34.122430354037625,31.597763046734162,63.195526093468324
2025-05-03 10:00:00,734.3,6.05,37.08,33.33,117.488,5.126044560185185,38.800692074536244,41.59776304673416,83.19552609346832
2025-05-03 11:00:00,842.05,5.42,38.57,26.77,134.728,3.685650185185185,45.64479583903391,50.0,100.0
2025-05-03 12:00:00,787.58,5.11,39.93,38.94,126.01280000000004,3.088722939814815,51.807378419681285,50.0,100.0
2025-05-03 13:00:00,662.0,5.14,40.82,54.67,105.92000000000002,3.1434431481481475,55.121752963581564,50.0,100.0
2025-05-03 14:00:00,240.2,5.58,40.88,80.8,38.432,4.021785,58.04212385654379,40.0,80.0
2025-05-03 15:00:00,70.05,6.12,40.14,100.0,11.208,5.306040000000001,57.53634546991642,30.0,60.0
2025-05-03 16:00:00,56.4,6.29,39.3,100.0,9.024,5.760606226851852,48.83319492869359,20.0,40.0
2025-05-03 17:00:00,30.42,5.44,38.09,100.0,4.8672,3.726601481481482,45.32701847356047,10.0,20.0
2025-05-03 18:00:00,2.95,3.62,35.5,100.0,0.4720000000000001,1.0981001851851853,38.657386283539765,0.0,0.0
2025-05-03 19:00:00,0.0,4.15,34.23,100.0,0.0,1.6544762731481486,33.9021683632956,0.0,0.0
2025-05-03 20:00:00,0.0,4.74,33.23,100.0,0.0,2.4651950000000005,29.243860307687218,0.0,0.0
2025-05-03 21:00:00,0.0,5.0,32.18,99.66,0.0,2.8935185185185186,22.577439083915703,0.0,0.0
2025-05-03 22:00:00,0.0,4.32,31.03,99.64,0.0,1.86624,19.79462352018645,0.0,0.0
2025-05-03 23:00:00,0.0,3.62,30.06,99.36,0.0,1.0981001851851853,17.772291539089707,0.0,0.0
2025-05-04 00:00:00,0.0,2.42,29.17,99.89,0.0,0.0,16.229241285695352,0.0,0.0
2025-05-04 01:00:00,0.0,0.99,28.4,100.0,0.0,0.0,15.151449217176326,0.0,0.0
2025-05-04 02:00:00,0.0,0.73,27.71,98.78,0.0,0.0,15.11716071549144,0.0,0.0
2025-05-04 03:00:00,0.0,1.35,27.0,100.0,0.0,0.0,15.572909482012408,0.0,0.0
2025-05-04 04:00:00,0.0,2.03,26.16,100.0,0.0,0.0,15.855067839884823,0.0,0.0
2025-05-04 05:00:00,7.53,2.72,26.0,99.99,1.2048,0.0,16.907277185712115,0.0,0.0
2025-05-04 06:00:00,78.07,4.45,27.8,99.72,12.4912,2.0398408564814816,18.383191674855393,0.0,0.0
2025-05-04 07:00:00,198.45,4.88,30.71,97.89,31.752,2.6901451851851848,22.801115076584516,10.0,20.0
2025-05-04 08:00:00,393.17,5.08,34.34,93.78,62.9072,3.034641481481482,28.258190113543645,20.0,40.0
2025-05-04 09:00:00,564.58,4.45,36.09,90.49,90.33280000000002,2.0398408564814816,32.65040189374023,30.0,60.0
2025-05-04 10:00:00,752.5,4.21,37.32,45.5,120.4,1.7272791898148143,40.606379933432294,40.0,80.0
2025-05-04 11:00:00,914.0,4.4,38.28,19.36,146.24,1.9718518518518524,41.04996565496238,50.0,100.0
2025-05-04 12:00:00,809.33,4.71,38.69,33.1,129.4928,2.418683125,50.51017776218739,50.0,100.0
2025-05-04 13:00:00,803.45,4.89,38.75,28.46,128.552,2.7067168749999992,54.04136228353337,50.0,100.0
2025-05-04 14:00:00,716.72,4.85,38.39,18.87,114.6752,2.640836226851851,52.838175576970706,50.0,100.0
2025-05-04 15:00:00,536.42,4.82,37.88,15.37,85.8272,2.5921335185185197,53.171347784789745,50.0,100.0
2025-05-04 16:00:00,313.08,4.77,37.1,27.92,50.0928,2.512299375,50.27909000702733,50.0,100.0
2025-05-04 17:00:00,115.15,4.12,35.99,40.4,18.424000000000003,1.618854814814815,47.70472759685744,40.0,80.0
2025-05-04 18:00:00,6.88,2.73,34.07,55.4,1.1008,0.0,38.674212734049995,30.0,60.0
2025-05-04 19:00:00,0.0,2.8,33.09,68.61,0.0,0.0,31.79791153195224,20.0,40.0
2025-05-04 20:00:00,0.0,3.09,32.34,79.62,0.0,0.6829543749999999,26.470814612546377,10.0,20.0
2025-05-04 21:00:00,0.0,3.34,31.38,86.24,0.0,0.8624931481481479,23.947200129709632,0.0,0.0
2025-05-04 22:00:00,0.0,3.72,30.24,72.89,0.0,1.1916400000000005,18.844174502495182,0.0,0.0
2025-05-04 23:00:00,0.0,4.2,29.18,61.13,0.0,1.715,16.76181071094687,0.0,0.0
2025-05-05 00:00:00,0.0,4.51,28.23,51.71,0.0,2.123468773148148,24.06919659314781,0.0,0.0
2025-05-05 01:00:00,0.0,4.32,27.24,63.54,0.0,1.86624,26.746571149776763,0.0,0.0
2025-05-05 02:00:00,0.0,3.91,26.2,72.18,0.0,1.3837146064814818,24.653357731127922,0.0,0.0
2025-05-05 03:00:00,0.0,3.79,25.38,99.83,0.0,1.2601837731481482,24.033225086995177,0.0,0.0
2025-05-05 04:00:00,0.0,3.92,24.75,99.78,0.0,1.3943585185185183,23.970315173735475,0.0,0.0
2025-05-05 05:00:00,12.05,4.15,24.4,99.11,1.928,1.6544762731481486,29.23264123325791,0.0,0.0
2025-05-05 06:00:00,89.18,5.25,25.97,99.5,14.268800000000002,3.349609375,32.205406146385464,0.0,0.0
2025-05-05 07:00:00,219.4,5.5,28.84,97.45,35.104000000000006,3.851273148148149,38.64162481199758,0.3136483361505711,0.6272966723011422
2025-05-05 08:00:00,207.12,5.03,31.77,100.0,33.1392,2.945914976851852,42.363344684149766,0.0,0.0
2025-05-05 09:00:00,276.02,3.73,34.08,100.0,44.1632,1.2012758564814814,55.17381210072047,0.0,0.0
2025-05-05 10:00:00,278.17,2.45,35.75,100.0,44.50720000000001,0.0,72.82336710800982,0.0,0.0
2025-05-05 11:00:00,455.88,1.9,36.88,99.49,72.94080000000001,0.0,72.42414322847497,0.5166567715250352,1.0333135430500704
2025-05-05 12:00:00,527.9,1.89,37.68,96.35,84.464,0.0,81.77187158230437,3.208785189220663,6.417570378441326
2025-05-05 13:00:00,628.88,2.1,38.11,77.05,100.6208,0.0,82.7080463457573,13.208785189220663,26.417570378441326
2025-05-05 14:00:00,592.28,2.3,38.13,49.51,94.7648,0.0,82.97845061389349,23.208785189220663,46.417570378441326
2025-05-05 15:00:00,437.58,2.5,37.66,44.38,70.0128,0.0,85.46102062599843,13.208785189220663,26.417570378441326
2025-05-05 16:00:00,238.32,2.65,36.75,58.14,38.1312,0.0,79.82975641816407,3.208785189220663,6.417570378441326
2025-05-05 17:00:00,95.3,2.65,35.44,69.54,15.248,0.0,71.47571023936696,0.0,0.0
2025-05-05 18:00:00,6.0,1.95,32.73,86.55,0.96,0.0,59.48954939467262,0.0,0.0
2025-05-05 19:00:00,0.0,2.15,31.49,99.4,0.0,0.0,55.258024813021194,0.0,0.0
2025-05-05 20:00:00,0.0,2.19,30.82,97.45,0.0,0.0,44.32862945869164,0.0,0.0
2025-05-05 21:00:00,0.0,2.27,29.89,99.77,0.0,0.0,37.06814532872847,0.0,0.0
2025-05-05 22:00:00,0.0,2.65,28.75,99.5,0.0,0.0,31.982887922281606,0.0,0.0
2025-05-05 23:00:00,0.0,2.86,27.72,99.28,0.0,0.0,27.03145053931809,0.0,0.0
2025-05-06 00:00:00,0.0,2.15,27.03,99.69,0.0,0.0,24.320031060264107,0.0,0.0
2025-05-06 01:00:00,0.0,1.24,26.73,99.91,0.0,0.0,26.82844399061475,0.0,0.0
2025-05-06 02:00:00,0.0,0.8,26.21,99.62,0.0,0.0,24.86999320815541,0.0,0.0
2025-05-06 03:00:00,0.0,0.98,25.64,99.58,0.0,0.0,25.59244346492855,0.0,0.0
2025-05-06 04:00:00,0.0,1.82,25.2,99.57,0.0,0.0,26.490838289690245,0.0,0.0
2025-05-06 05:00:00,11.25,2.37,24.79,99.15,1.8,0.0,29.091102647410192,0.0,0.0
2025-05-06 06:00:00,78.5,2.92,25.58,99.66,12.56,0.0,33.58569345786668,0.0,0.0
2025-05-06 07:00:00,183.85,2.87,27.27,99.37,29.416,0.0,34.33478555737007,0.0,0.0
2025-05-06 08:00:00,259.7,2.18,29.26,100.0,41.552,0.0,39.15861934155007,2.393380658449928,4.786761316899856
2025-05-06 09:00:00,448.4,1.25,30.9,100.0,71.744,0.0,49.626814762248806,12.393380658449928,24.786761316899856
2025-05-06 10:00:00,570.03,0.93,31.94,88.78,91.2048,0.0,61.631089196168894,22.393380658449928,44.786761316899856
2025-05-06 11:00:00,860.12,1.4,32.99,76.42,137.6192,0.0,73.65362232647104,32.39338065844993,64.78676131689986
2025-05-06 12:00:00,796.6,1.73,33.68,74.57,127.456,0.0,72.86076518513245,42.39338065844993,84.78676131689986
2025-05-06 13:00:00,831.25,1.72,33.97,23.94,133.0,0.0,75.83054635150897,50.0,100.0
2025-05-06 14:00:00,604.75,1.87,33.74,46.96,96.76,0.0,87.2152762065561,50.0,100.0
2025-05-06 15:00:00,342.65,2.26,33.2,59.8,54.82399999999999,0.0,82.85558403577865,40.0,80.0
2025-05-06 16:00:00,194.5,2.7,32.38,69.33,31.12,0.0,78.27749422887007,30.0,60.0
2025-05-06 17:00:00,74.78,3.19,31.33,78.91,11.9648,0.7514296064814816,67.61863238475048,20.0,40.0
2025-05-06 18:00:00,5.68,3.25,30.14,88.16,0.9088,0.7946325231481481,61.67783071936156,10.0,20.0
2025-05-06 19:00:00,0.0,3.3,29.27,96.94,0.0,0.8318749999999999,54.651630429420386,0.0,0.0
2025-05-06 20:00:00,0.0,3.01,28.58,99.76,0.0,0.6312708564814813,43.56789885474801,0.0,0.0
2025-05-06 21:00:00,0.0,2.64,28.09,99.84,0.0,0.0,37.12853099924314,0.0,0.0
2025-05-06 22:00:00,0.0,2.56,27.86,95.55,0.0,0.0,33.08474563697771,0.0,0.0
2025-05-06 23:00:00,0.0,2.53,27.55,97.78,0.0,0.0,28.851492110231955,0.0,0.0
2025-05-07 00:00:00,0.0,2.2,27.15,92.96,0.0,0.0,26.75506373480893,0.0,0.0
2025-05-07 01:00:00,0.0,1.84,26.74,99.89,0.0,0.0,26.651534579629423,0.0,0.0
2025-05-07 02:00:00,0.0,1.44,26.28,99.81,0.0,0.0,21.001494004510725,0.0,0.0
2025-05-07 03:00:00,0.0,1.16,25.89,99.38,0.0,0.0,25.29670775526113,0.0,0.0
2025-05-07 04:00:00,0.0,0.91,25.58,99.86,0.0,0.0,28.712348422711326,0.0,0.0
2025-05-07 05:00:00,15.05,0.76,25.27,79.88,2.4080000000000004,0.0,28.33347391536123,0.0,0.0
2025-05-07 06:00:00,128.43,1.25,25.32,59.99,20.548800000000004,0.0,33.2185566706818,0.0,0.0
2025-05-07 07:00:00,298.35,2.15,26.05,42.51,47.736,0.0,38.079689849698816,9.65631015030118,19.31262030060236
2025-05-07 08:00:00,513.15,2.94,27.5,22.34,82.104,0.0,43.18858883278235,19.65631015030118,39.31262030060236
2025-05-07 09:00:00,677.88,3.4,29.0,21.12,108.46080000000002,0.9098148148148146,51.092554472277655,29.65631015030118,59.31262030060236
2025-05-07 10:00:00,800.17,3.55,30.43,20.25,128.0272,1.0356221064814817,54.65821931179834,39.65631015030118,79.31262030060236
2025-05-07 11:00:00,851.8,3.42,31.71,19.89,136.288,0.9259649999999998,71.64425743067176,49.65631015030118,99.31262030060236
2025-05-07 12:00:00,803.1,3.16,32.67,39.16,128.496,0.7304281481481483,80.95268541375587,50.0,100.0
2025-05-07 13:00:00,590.55,2.86,33.28,62.65,94.488,0.0,79.23850586521608,50.0,100.0
2025-05-07 14:00:00,516.08,2.57,33.63,51.06,82.57280000000003,0.0,93.89918681167251,40.0,80.0
2025-05-07 15:00:00,359.7,2.41,33.58,65.38,57.552,0.0,88.21319857294148,30.0,60.0
2025-05-07 16:00:00,208.75,2.44,33.16,72.64,33.4,0.0,72.84799350012342,20.0,40.0
2025-05-07 17:00:00,81.82,2.33,32.42,80.51,13.0912,0.0,72.4331669635382,10.0,20.0
2025-05-07 18:00:00,6.38,1.63,30.74,89.29,1.0208000000000002,0.0,60.55651154974636,0.0,0.0
2025-05-07 19:00:00,0.0,2.37,29.89,96.78,0.0,0.0,53.43790511629165,0.0,0.0
2025-05-07 20:00:00,0.0,3.58,29.11,99.12,0.0,1.0620998148148149,50.70733172525912,0.0,0.0
2025-05-07 21:00:00,0.0,4.09,28.05,98.72,0.0,1.5837483564814812,35.836672843684866,0.0,0.0
2025-05-07 22:00:00,0.0,4.24,27.13,97.96,0.0,1.7644681481481483,32.4742355202462,0.0,0.0
2025-05-07 23:00:00,0.0,4.29,26.36,85.34,0.0,1.8276293750000003,31.25310271351781,0.0,0.0
2025-05-08 00:00:00,0.0,3.88,25.71,74.87,0.0,1.352108148148148,25.056485475577247,0.0,0.0
2025-05-08 01:00:00,0.0,3.21,25.11,96.37,0.0,0.7656518749999999,25.514578455636144,0.0,0.0
2025-05-08 02:00:00,0.0,2.47,24.61,98.66,0.0,0.0,24.836153117966337,0.0,0.0
2025-05-08 03:00:00,0.0,2.09,24.26,100.0,0.0,0.0,26.9531079413043,0.0,0.0
2025-05-08 04:00:00,0.0,2.14,23.94,100.0,0.0,0.0,26.85719646735586,0.0,0.0
2025-05-08 05:00:00,12.3,2.85,23.9,93.34,1.968,0.0,27.443024235566817,0.0,0.0
2025-05-08 06:00:00,98.9,4.07,25.22,86.22,15.824000000000002,1.5606283101851857,31.54029296346016,0.0,0.0
2025-05-08 07:00:00,213.8,4.56,27.49,80.27,34.208000000000006,2.1948799999999995,38.30602809299135,0.0,0.0
2025-05-08 08:00:00,397.48,5.01,29.27,71.95,63.5968,2.910914375,41.12165319431739,10.0,20.0
2025-05-08 09:00:00,637.58,5.35,30.3,33.23,102.0128,3.5446846064814808,51.64706029229515,20.0,40.0
2025-05-08 10:00:00,780.67,5.54,31.25,21.9,124.9072,3.935913518518519,60.32076853767727,30.0,60.0
2025-05-08 11:00:00,787.28,5.52,31.94,42.49,125.9648,3.893439999999999,72.08965755498919,40.0,80.0
2025-05-08 12:00:00,560.58,5.36,32.66,76.76,89.69280000000002,3.564598518518519,77.54494952717467,50.0,100.0
2025-05-08 13:00:00,380.58,5.08,33.03,87.76,60.8928,3.034641481481482,93.59578691867316,40.0,80.0
2025-05-08 14:00:00,245.48,4.68,33.03,97.39,39.2768,2.3727599999999995,88.6097520142137,30.0,60.0
2025-05-08 15:00:00,69.75,4.25,32.55,100.0,11.160000000000002,1.7769820601851851,83.86069366771821,20.0,40.0
2025-05-08 16:00:00,71.12,3.88,31.89,99.5,11.3792,1.352108148148148,73.40691066955978,10.0,20.0
2025-05-08 17:00:00,62.17,3.6,30.98,98.99,9.947200000000002,1.08,70.66887734855474,0.0,0.0
2025-05-08 18:00:00,4.97,2.54,29.37,98.37,0.7951999999999999,0.0,61.60187062161303,0.0,0.0
2025-05-08 19:00:00,0.0,2.65,28.42,97.63,0.0,0.0,52.290935736729175,0.0,0.0
2025-05-08 20:00:00,0.0,2.93,27.86,82.22,0.0,0.0,41.84867785623819,0.0,0.0
2025-05-08 21:00:00,0.0,3.02,27.27,52.31,0.0,0.6375835185185185,38.27566810272406,0.0,0.0
2025-05-08 22:00:00,0.0,3.02,26.69,50.83,0.0,0.6375835185185185,31.21654806066523,0.0,0.0
2025-05-08 23:00:00,0.0,2.9,26.16,27.1,0.0,0.0,29.917767576388457,0.0,0.0
2025-05-09 00:00:00,0.0,2.59,25.61,56.62,0.0,0.0,23.69184497879369,0.0,0.0
2025-05-09 01:00:00,0.0,2.28,25.12,95.65,0.0,0.0,24.906340440442545,0.0,0.0
2025-05-09 02:00:00,0.0,2.09,24.67,87.67,0.0,0.0,24.923001438697664,0.0,0.0
2025-05-09 03:00:00,0.0,1.92,24.17,87.44,0.0,0.0,25.460990698304563,0.0,0.0
2025-05-09 04:00:00,0.0,1.76,23.73,97.17,0.0,0.0,27.74404861519572,0.0,0.0
2025-05-09 05:00:00,13.5,1.69,23.68,80.86,2.16,0.0,29.181972996027806,0.0,0.0
2025-05-09 06:00:00,111.6,2.3,25.38,63.31,17.855999999999998,0.0,31.732056671047342,0.0,0.0
2025-05-09 07:00:00,263.25,1.88,28.62,48.08,42.120000000000005,0.0,36.681531786715766,5.438468213284239,10.876936426568477
2025-05-09 08:00:00,465.48,1.39,31.04,32.45,74.47680000000001,0.0,48.21077773516179,15.438468213284239,30.87693642656848
2025-05-09 09:00:00,675.42,1.26,32.72,13.42,108.0672,0.0,52.88620782289593,25.43846821328424,50.87693642656848
2025-05-09 10:00:00,822.92,1.23,34.09,8.96,131.6672,0.0,65.35978466851292,35.43846821328424,70.87693642656848
2025-05-09 11:00:00,935.65,1.06,35.21,0.51,149.704,0.0,78.34533845392835,45.43846821328424,90.87693642656848
2025-05-09 12:00:00,907.65,0.71,35.97,8.95,145.22400000000002,0.0,90.26006726174779,50.0,100.0
2025-05-09 13:00:00,812.15,0.2,36.32,12.13,129.944,0.0,88.58691468025762,50.0,100.0
2025-05-09 14:00:00,573.78,0.29,36.27,50.46,91.8048,0.0,86.77773616293607,50.0,100.0
2025-05-09 15:00:00,385.92,0.77,35.77,63.23,61.747200000000014,0.0,84.33810219964619,40.0,80.0
2025-05-09 16:00:00,221.95,1.22,35.18,70.85,35.51199999999999,0.0,82.41905017980584,30.0,60.0
2025-05-09 17:00:00,87.0,1.54,34.35,77.76,13.92,0.0,68.1242863214097,20.0,40.0
2025-05-09 18:00:00,7.12,1.27,32.73,85.27,1.1392000000000002,0.0,65.27580500862405,10.0,20.0
2025-05-09 19:00:00,0.0,1.56,31.59,94.56,0.0,0.0,55.06255153283221,0.0,0.0
2025-05-09 20:00:00,0.0,1.89,30.89,86.08,0.0,0.0,46.544302741221586,0.0,0.0
2025-05-09 21:00:00,0.0,2.38,30.15,88.67,0.0,0.0,39.91045819655397,0.0,0.0
2025-05-09 22:00:00,0.0,3.04,29.42,92.48,0.0,0.6503348148148148,32.774113602289255,0.0,0.0
2025-05-09 23:00:00,0.0,3.81,28.79,93.74,0.0,1.2802393750000003,30.90066290612279,0.0,0.0
2025-05-10 00:00:00,0.0,4.3,28.07,97.47,0.0,1.840439814814815,14.851332554460347,0.0,0.0
2025-05-10 01:00:00,0.0,4.59,27.36,99.85,0.0,2.238485625,15.665138655931324,0.0,0.0
2025-05-10 02:00:00,0.0,4.54,26.79,99.6,0.0,2.1661264814814816,14.31464694169083,0.0,0.0
2025-05-10 03:00:00,0.0,4.25,26.31,99.36,0.0,1.7769820601851851,15.826775343856166,0.0,0.0
2025-05-10 04:00:00,0.0,3.95,25.88,99.42,0.0,1.426617476851852,15.306460523723706,0.0,0.0
2025-05-10 05:00:00,14.3,3.82,25.63,91.96,2.288,1.2903464814814811,15.941078753105298,0.0,0.0
2025-05-10 06:00:00,111.93,3.77,26.74,84.23,17.9088,1.240338726851852,19.31815231353287,0.0,0.0
2025-05-10 07:00:00,241.38,3.23,29.65,78.13,38.6208,0.7800524768518519,23.04081610086671,10.0,20.0
2025-05-10 08:00:00,425.98,2.39,33.15,71.86,68.1568,0.0,29.739759467760155,20.0,40.0
2025-05-10 09:00:00,660.83,2.36,35.09,3.02,105.7328,0.0,31.14488814521512,30.0,60.0
2025-05-10 10:00:00,794.28,2.86,36.24,2.53,127.0848,0.0,38.55211872721505,40.0,80.0
2025-05-10 11:00:00,879.5,3.3,36.58,13.25,140.72,0.8318749999999999,42.609746332246814,50.0,100.0
2025-05-10 12:00:00,831.83,3.6,36.89,22.81,133.0928,1.08,52.66013592794726,50.0,100.0
2025-05-10 13:00:00,688.53,3.77,37.07,45.8,110.1648,1.240338726851852,51.21293093500707,50.0,100.0
2025-05-10 14:00:00,581.28,3.82,37.05,39.52,93.0048,1.2903464814814811,58.05331789880143,50.0,100.0
2025-05-10 15:00:00,442.48,3.82,36.82,26.34,70.7968,1.2903464814814811,51.25159219244992,50.0,100.0
2025-05-10 16:00:00,249.1,3.72,36.29,30.74,39.856,1.1916400000000005,48.86051171601587,42.18712828398413,84.37425656796826
2025-05-10 17:00:00,94.4,3.31,35.43,33.77,15.104000000000005,0.8394604398148148,40.57427301361214,32.18712828398413,64.37425656796826
2025-05-10 18:00:00,7.62,1.9,33.33,40.85,1.2192,0.0,39.79025669572316,22.18712828398413,44.37425656796826
2025-05-10 19:00:00,0.0,1.84,32.34,46.06,0.0,0.0,30.77302590708475,12.18712828398413,24.37425656796826
2025-05-10 20:00:00,0.0,1.8,31.74,62.23,0.0,0.0,26.756953036963015,2.18712828398413,4.37425656796826
2025-05-10 21:00:00,0.0,1.82,31.11,70.67,0.0,0.0,22.01510263706239,0.0,0.0
2025-05-10 22:00:00,0.0,1.84,30.51,67.17,0.0,0.0,19.18004609616525,0.0,0.0
2025-05-10 23:00:00,0.0,1.85,29.91,68.84,0.0,0.0,17.399780453021606,0.0,0.0
2025-05-11 00:00:00,0.0,1.89,29.27,80.61,0.0,0.0,14.507320698524419,0.0,0.0
2025-05-11 01:00:00,0.0,1.95,28.49,79.53,0.0,0.0,16.144023773531657,0.0,0.0
2025-05-11 02:00:00,0.0,1.97,27.69,94.22,0.0,0.0,14.344655124121006,0.0,0.0
2025-05-11 03:00:00,0.0,1.88,27.12,90.84,0.0,0.0,15.99458572673085,0.0,0.0
2025-05-11 04:00:00,0.0,1.88,26.57,74.57,0.0,0.0,14.767510630491428,0.0,0.0
2025-05-11 05:00:00,16.6,1.99,26.32,56.21,2.656,0.0,17.302796129178407,0.0,0.0
2025-05-11 06:00:00,131.23,2.61,27.6,36.59,20.9968,0.0,19.86265457362545,1.1341454263745518,2.2682908527491037
2025-05-11 07:00:00,309.98,2.45,30.46,22.8,49.59680000000001,0.0,24.379927149691465,11.134145426374552,22.268290852749104
2025-05-11 08:00:00,504.92,2.46,34.23,2.51,80.78720000000001,0.0,24.70854630477425,21.134145426374552,42.268290852749104
2025-05-11 09:00:00,697.65,2.59,36.8,3.18,111.624,0.0,32.32158398772305,31.134145426374552,62.26829085274911
2025-05-11 10:00:00,829.58,2.6,38.46,3.85,132.73280000000003,0.0,39.797519923595544,41.13414542637455,82.2682908527491
2025-05-11 11:00:00,856.7,2.75,39.9,4.52,137.072,0.0,43.792915259400466,50.0,100.0
2025-05-11 12:00:00,734.0,3.11,40.84,35.31,117.44,0.6963016435185185,49.175075194158076,50.0,100.0
2025-05-11 13:00:00,707.08,3.54,41.29,29.88,113.1328,1.026895,51.751846089816944,50.0,100.0
2025-05-11 14:00:00,608.75,4.03,41.39,24.23,97.4,1.5150654398148151,55.91897504120073,50.0,100.0
2025-05-11 15:00:00,464.15,4.34,40.96,11.51,74.264,1.8922801851851847,53.50226550842854,50.0,100.0
2025-05-11 16:00:00,259.95,4.23,39.94,26.04,41.592000000000006,1.7520131250000006,50.19231478655564,43.15169833844436,86.30339667688872
2025-05-11 17:00:00,102.93,3.02,38.57,43.97,16.4688,0.6375835185185185,48.62109918580493,33.15169833844436,66.30339667688872
2025-05-11 18:00:00,8.2,1.95,35.87,62.5,1.3119999999999998,0.0,38.30550067376069,23.151698338444362,46.303396676888724
2025-05-11 19:00:00,0.0,1.62,34.89,79.87,0.0,0.0,34.38705224006149,13.151698338444362,26.303396676888724
2025-05-11 20:00:00,0.0,1.46,34.08,96.39,0.0,0.0,29.453060094719152,3.151698338444362,6.303396676888724
2025-05-11 21:00:00,0.0,1.65,33.41,90.99,0.0,0.0,23.247685913573058,0.0,0.0
2025-05-11 22:00:00,0.0,1.91,32.91,95.95,0.0,0.0,21.693066063710383,0.0,0.0
2025-05-11 23:00:00,0.0,2.26,32.07,91.27,0.0,0.0,17.936357508438945,0.0,0.0
2025-05-12 00:00:00,0.0,2.7,30.96,88.38,0.0,0.0,25.263035709027704,0.0,0.0
2025-05-12 01:00:00,0.0,2.82,29.91,94.44,0.0,0.0,25.51723852055638,0.0,0.0
2025-05-12 02:00:00,0.0,2.63,28.81,76.62,0.0,0.0,24.951744102035097,0.0,0.0
2025-05-12 03:00:00,0.0,2.5,27.93,70.85,0.0,0.0,29.57394840090764,0.0,0.0
2025-05-12 04:00:00,0.0,2.44,27.23,78.08,0.0,0.0,29.003087224090113,0.0,0.0
2025-05-12 05:00:00,18.65,2.5,26.82,58.42,2.984,0.0,30.01842754663839,0.0,0.0
2025-05-12 06:00:00,144.7,3.51,28.58,36.44,23.152,1.0010081249999998,32.20872149611523,0.0,0.0
2025-05-12 07:00:00,331.6,3.15,31.85,20.75,53.05600000000001,0.7235156249999999,39.80270721660314,10.0,20.0
2025-05-12 08:00:00,540.47,2.41,35.18,2.01,86.4752,0.0,47.582300912758356,20.0,40.0
2025-05-12 09:00:00,726.35,1.92,37.31,1.01,116.216,0.0,57.3662612076098,30.0,60.0
2025-05-12 10:00:00,856.85,1.99,38.96,1.25,137.096,0.0,71.84251479312421,40.0,80.0
2025-05-12 11:00:00,966.95,2.18,40.24,1.5,154.71200000000002,0.0,77.69379065524242,50.0,100.0
2025-05-12 12:00:00,933.3,2.52,41.16,1.75,149.32799999999995,0.0,88.29931823591065,50.0,100.0
2025-05-12 13:00:00,796.65,2.99,41.64,15.83,127.464,0.0,95.78442626593502,50.0,100.0
2025-05-12 14:00:00,608.42,3.44,41.7,36.73,97.3472,0.942305185185185,94.38255627887118,50.0,100.0
2025-05-12 15:00:00,345.0,3.66,40.61,58.76,55.2,1.134905,92.6682661840559,40.0,80.0
2025-05-12 16:00:00,200.6,3.66,38.87,65.22,32.096,1.134905,86.11705460550317,30.0,60.0
2025-05-12 17:00:00,84.15,2.78,37.06,70.51,13.464000000000002,0.0,84.84881610332377,20.0,40.0
2025-05-12 18:00:00,6.57,1.72,35.01,78.89,1.0512,0.0,67.50540706537464,10.0,20.0
2025-05-12 19:00:00,0.0,2.58,33.39,85.07,0.0,0.0,52.55236958443508,0.0,0.0
2025-05-12 20:00:00,0.0,4.73,32.18,91.1,0.0,2.4496253935185197,42.8142858730151,0.0,0.0
2025-05-12 21:00:00,0.0,6.41,30.91,99.69,0.0,6.096637060185186,38.291113364924065,0.0,0.0
2025-05-12 22:00:00,0.0,6.94,29.56,97.56,0.0,7.73739314814815,32.95479757485797,0.0,0.0
2025-05-12 23:00:00,0.0,6.72,28.27,96.47,0.0,7.024639999999999,31.156612123024967,0.0,0.0
2025-05-13 00:00:00,0.0,5.91,27.55,85.47,0.0,4.7783581250000005,25.75878016994625,0.0,0.0
2025-05-13 01:00:00,0.0,5.04,27.08,82.14,0.0,2.96352,21.765930554664642,0.0,0.0
2025-05-13 02:00:00,0.0,4.09,26.74,75.47,0.0,1.5837483564814812,21.536502520217862,0.0,0.0
2025-05-13 03:00:00,0.0,3.5,26.48,69.65,0.0,0.992476851851852,25.42429393284486,0.0,0.0
2025-05-13 04:00:00,0.0,3.29,26.22,80.27,0.0,0.8243353935185185,27.249308707284023,0.0,0.0
2025-05-13 05:00:00,18.0,3.54,26.27,64.62,2.88,1.026895,29.172252865620724,0.0,0.0
2025-05-13 06:00:00,136.93,4.45,27.76,48.08,21.9088,2.0398408564814816,33.29193832191098,0.0,0.0
2025-05-13 07:00:00,307.45,4.63,30.72,35.06,49.19200000000001,2.2975196064814813,35.87882956295773,10.0,20.0
2025-05-13 08:00:00,505.02,5.53,34.52,20.41,80.8032,3.9146383564814817,44.337381620187436,20.0,40.0
2025-05-13 09:00:00,699.25,5.13,36.67,11.09,111.88,3.125131875,57.37985020892537,30.0,60.0
2025-05-13 10:00:00,813.22,4.63,38.11,6.15,130.11520000000002,2.2975196064814813,63.136673317946915,40.0,80.0
2025-05-13 11:00:00,969.33,4.29,39.16,13.14,155.0928,1.8276293750000003,72.70675110114267,50.0,100.0
2025-05-13 12:00:00,959.45,4.11,39.89,11.71,153.51200000000003,1.607095625,84.78117935643351,50.0,100.0
2025-05-13 13:00:00,889.42,4.08,40.23,7.41,142.3072,1.5721600000000002,90.02787125797127,50.0,100.0
2025-05-13 14:00:00,691.9,4.08,40.05,27.28,110.704,1.5721600000000002,92.58255811624159,50.0,100.0
2025-05-13 15:00:00,434.05,4.02,39.43,51.65,69.44800000000001,1.5038149999999997,89.38012642668663,40.0,80.0
2025-05-13 16:00:00,250.15,3.75,38.46,56.39,40.024,1.220703125,83.71310933485168,30.0,60.0
2025-05-13 17:00:00,102.22,2.94,37.24,60.51,16.355200000000004,0.0,74.19922432765472,20.0,40.0
2025-05-13 18:00:00,8.8,1.47,34.8,64.58,1.408,0.0,62.03800637330573,10.0,20.0
2025-05-13 19:00:00,0.0,0.94,33.87,68.67,0.0,0.0,52.9165102525119,0.0,0.0
2025-05-13 20:00:00,0.0,0.86,33.12,82.36,0.0,0.0,46.66419950162666,0.0,0.0
2025-05-13 21:00:00,0.0,1.43,31.99,98.39,0.0,0.0,37.09277260411526,0.0,0.0
2025-05-13 22:00:00,0.0,1.78,30.96,92.82,0.0,0.0,31.03244008883875,0.0,0.0
2025-05-13 23:00:00,0.0,1.89,30.26,96.97,0.0,0.0,31.085638875563337,0.0,0.0
2025-05-14 00:00:00,0.0,1.92,29.61,99.3,0.0,0.0,24.89960950936061,0.0,0.0
2025-05-14 01:00:00,0.0,1.99,29.22,87.01,0.0,0.0,25.56490163520847,0.0,0.0
2025-05-14 02:00:00,0.0,2.2,28.66,97.35,0.0,0.0,24.14343873459337,0.0,0.0
2025-05-14 03:00:00,0.0,2.43,27.86,99.13,0.0,0.0,25.550506302326927,0.0,0.0
2025-05-14 04:00:00,0.0,2.6,26.97,99.46,0.0,0.0,25.282233016683563,0.0,0.0
2025-05-14 05:00:00,17.73,3.08,26.74,80.95,2.8368,0.6763451851851853,29.75499633230618,0.0,0.0
2025-05-14 06:00:00,139.6,4.53,28.17,60.93,22.336,2.151844375,32.713777784275486,0.0,0.0
2025-05-14 07:00:00,320.25,4.89,31.02,44.29,51.24,2.7067168749999992,38.138374369364755,10.0,20.0
2025-05-14 08:00:00,545.88,6.06,35.1,25.98,87.3408,5.1515049999999984,44.67231192824758,20.0,40.0
2025-05-14 09:00:00,743.85,6.31,37.63,4.52,119.01600000000002,5.815731273148147,56.74921044936879,30.0,60.0
2025-05-14 10:00:00,877.2,5.98,39.22,1.51,140.35200000000003,4.9501664814814825,63.72241031924558,40.0,80.0
2025-05-14 11:00:00,967.92,5.55,40.51,1.04,154.86720000000005,3.9572656249999993,71.06085899966762,50.0,100.0
2025-05-14 12:00:00,961.88,5.19,41.33,3.34,153.9008,3.2360731250000008,82.50840476762419,50.0,100.0
2025-05-14 13:00:00,883.83,4.92,41.79,6.05,141.4128,2.75684,88.44349726734018,50.0,100.0
2025-05-14 14:00:00,716.53,4.64,41.83,21.43,114.64480000000002,2.3124385185185177,90.90380699792466,50.0,100.0
2025-05-14 15:00:00,559.7,4.28,41.54,8.68,89.55200000000002,1.8148785185185188,84.65497934251678,50.0,100.0
2025-05-14 16:00:00,318.62,3.86,40.81,27.56,50.979200000000006,1.3313068518518518,81.27714596843235,40.0,80.0
2025-05-14 17:00:00,122.55,2.88,39.43,41.06,19.608,0.0,72.21736349922014,30.0,60.0
2025-05-14 18:00:00,9.1,1.91,36.15,63.4,1.4560000000000002,0.0,60.63988242377719,20.0,40.0
2025-05-14 19:00:00,0.0,1.72,35.3,81.1,0.0,0.0,55.23108061809222,10.0,20.0
2025-05-14 20:00:00,0.0,1.54,34.73,95.84,0.0,0.0,45.82741969532932,0.0,0.0
2025-05-14 21:00:00,0.0,1.56,33.74,99.32,0.0,0.0,36.2903506905837,0.0,0.0
2025-05-14 22:00:00,0.0,1.76,32.51,99.42,0.0,0.0,30.91214533276873,0.0,0.0
2025-05-14 23:00:00,0.0,2.17,31.22,99.71,0.0,0.0,31.097190578160248,0.0,0.0
2025-05-15 00:00:00,0.0,2.7,29.8,98.88,0.0,0.0,26.94136603120533,0.0,0.0
2025-05-15 01:00:00,0.0,3.35,28.71,60.05,0.0,0.8702633101851853,23.40817507824401,0.0,0.0
2025-05-15 02:00:00,0.0,3.69,27.92,77.94,0.0,1.163041875,25.686918690659006,0.0,0.0
2025-05-15 03:00:00,0.0,3.82,27.22,81.38,0.0,1.2903464814814811,26.709301803229135,0.0,0.0
2025-05-15 04:00:00,0.0,3.92,26.59,83.19,0.0,1.3943585185185183,26.653936629842768,0.0,0.0
2025-05-15 05:00:00,20.42,4.32,26.4,82.55,3.2672000000000008,1.86624,31.05951118556526,0.0,0.0
2025-05-15 06:00:00,157.12,5.7,28.14,81.26,25.1392,4.286875,33.32747478034959,0.0,0.0
2025-05-15 07:00:00,349.08,5.5,30.93,81.05,55.8528,3.851273148148149,38.027067417701666,10.0,20.0
2025-05-15 08:00:00,545.03,6.23,35.66,80.77,87.2048,5.597323310185186,47.682085083576744,20.0,40.0
2025-05-15 09:00:00,745.2,6.55,38.85,61.21,119.23200000000004,6.504892939814814,58.71088591846622,30.0,60.0
2025-05-15 10:00:00,887.3,6.22,40.55,41.76,141.96800000000002,5.570413148148148,62.918252906491915,40.0,80.0
2025-05-15 11:00:00,966.92,5.8,41.7,22.27,154.70720000000003,4.516481481481481,76.4151379683993,50.0,100.0
2025-05-15 12:00:00,970.15,5.45,42.49,2.75,155.22400000000002,3.747190393518519,82.24438899555246,50.0,100.0
2025-05-15 13:00:00,889.4,5.2,42.89,6.73,142.304,3.254814814814815,96.10575191366001,50.0,100.0
2025-05-15 14:00:00,666.25,5.08,42.94,39.38,106.6,3.034641481481482,90.13223424873058,50.0,100.0
2025-05-15 15:00:00,439.98,4.95,42.61,55.03,70.39680000000001,2.8075781250000005,95.3802809314714,40.0,80.0
2025-05-15 16:00:00,266.3,4.75,41.81,67.09,42.608,2.480830439814815,80.16891694290948,30.0,60.0
2025-05-15 17:00:00,104.62,3.64,40.25,78.94,16.7392,1.1164014814814818,78.33426299343182,20.0,40.0
2025-05-15 18:00:00,10.05,2.71,36.3,88.64,1.608,0.0,67.64588119463416,10.0,20.0
2025-05-15 19:00:00,0.0,2.86,34.63,99.98,0.0,0.0,58.479327523153756,0.0,0.0
2025-05-15 20:00:00,0.0,2.86,33.67,91.01,0.0,0.0,48.73926968923037,0.0,0.0
2025-05-15 21:00:00,0.0,2.89,32.73,89.9,0.0,0.0,41.595135372583364,0.0,0.0
2025-05-15 22:00:00,0.0,2.96,31.78,86.54,0.0,0.0,35.70859940499573,0.0,0.0
2025-05-15 23:00:00,0.0,3.06,30.83,89.52,0.0,0.6632550000000001,27.250714147745736,0.0,0.0
2025-05-16 00:00:00,0.0,3.23,29.88,81.45,0.0,0.7800524768518519,23.06655014852937,0.0,0.0
2025-05-16 01:00:00,0.0,3.37,28.95,50.46,0.0,0.8859433564814816,25.30694623048424,0.0,0.0
2025-05-16 02:00:00,0.0,3.54,28.11,42.02,0.0,1.026895,26.695872305218327,0.0,0.0
2025-05-16 03:00:00,0.0,3.78,27.37,28.27,0.0,1.2502349999999998,25.213474343024604,0.0,0.0
2025-05-16 04:00:00,0.0,3.99,26.75,27.91,0.0,1.4703981250000004,23.97986123916152,0.0,0.0
2025-05-16 05:00:00,22.12,4.47,26.71,25.92,3.539200000000001,2.0674681249999995,29.54534900904665,0.0,0.0
2025-05-16 06:00:00,166.95,5.9,28.82,23.81,26.712000000000003,4.75414351851852,35.58984787787506,0.0,0.0
2025-05-16 07:00:00,364.95,5.62,32.0,22.51,58.392,4.108896481481482,38.04360409250215,10.0,20.0
2025-05-16 08:00:00,565.17,6.4,37.27,20.81,90.4272,6.068148148148149,43.099258643732234,20.0,40.0
2025-05-16 09:00:00,737.2,6.74,40.54,18.99,117.95200000000004,7.087546851851853,57.069407206097274,30.0,60.0
2025-05-16 10:00:00,861.35,6.64,42.38,17.24,137.816,6.776734814814814,67.0196429258455,40.0,80.0
2025-05-16 11:00:00,943.92,6.5,43.56,15.43,151.0272,6.357060185185185,81.33349726536053,50.0,100.0
2025-05-16 12:00:00,966.62,6.4,44.19,13.69,154.65920000000003,6.068148148148149,87.7794097686205,50.0,100.0
2025-05-16 13:00:00,889.72,6.4,44.36,16.54,142.35520000000002,6.068148148148149,102.45668440057882,50.0,100.0
2025-05-16 14:00:00,738.08,5.95,44.18,18.52,118.0928,4.8760387731481485,96.69377942545712,50.0,100.0
2025-05-16 15:00:00,525.3,5.31,43.66,28.71,84.048,3.465770625,87.13732869172017,50.0,100.0
2025-05-16 16:00:00,307.17,4.71,42.8,39.03,49.1472,2.418683125,91.39629358230641,40.0,80.0
2025-05-16 17:00:00,122.53,3.34,41.27,49.81,19.6048,0.8624931481481479,79.48663477722246,30.0,60.0
2025-05-16 18:00:00,10.4,2.24,37.65,59.99,1.664,0.0,65.6806699671786,20.0,40.0
2025-05-16 19:00:00,0.0,2.07,36.6,70.71,0.0,0.0,51.99396481898905,10.0,20.0
2025-05-16 20:00:00,0.0,2.16,35.84,67.42,0.0,0.0,45.74497815152211,0.0,0.0
2025-05-16 21:00:00,0.0,2.84,34.35,83.02,0.0,0.0,41.10419150367669,0.0,0.0
2025-05-16 22:00:00,0.0,3.7,32.87,85.23,0.0,1.1725231481481482,34.241632671213345,0.0,0.0
2025-05-16 23:00:00,0.0,4.45,31.93,85.27,0.0,2.0398408564814816,29.646431668625503,0.0,0.0
2025-05-17 00:00:00,0.0,5.34,31.13,81.01,0.0,3.524845,14.904835427406349,0.0,0.0
2025-05-17 01:00:00,0.0,5.91,30.47,57.2,0.0,4.7783581250000005,16.39909625509135,0.0,0.0
2025-05-17 02:00:00,0.0,5.94,29.78,73.33,0.0,4.851495000000001,15.2224628758774,0.0,0.0
2025-05-17 03:00:00,0.0,5.89,29.15,58.21,0.0,4.7300108564814805,16.027276809511157,0.0,0.0
2025-05-17 04:00:00,0.0,5.49,28.58,63.29,0.0,3.830304375,16.767860860676933,0.0,0.0
2025-05-17 05:00:00,23.02,5.35,28.4,55.09,3.6832,3.5446846064814808,18.228322582680633,0.0,0.0
2025-05-17 06:00:00,161.93,5.92,30.07,46.3,25.908800000000003,4.802654814814814,19.620659663199966,10.0,20.0
2025-05-17 07:00:00,366.08,7.39,33.73,38.67,58.5728,9.342208773148146,23.079032062692022,20.0,40.0
2025-05-17 08:00:00,577.92,8.83,37.12,30.9,92.4672,15.936698773148148,29.440780055353187,30.0,60.0
2025-05-17 09:00:00,757.72,8.04,39.26,23.16,121.23520000000002,12.030519999999996,34.802200389219536,40.0,80.0
2025-05-17 10:00:00,886.35,7.27,40.99,15.57,141.816,8.894457939814814,40.05367054747984,50.0,100.0
2025-05-17 11:00:00,979.7,6.83,42.42,7.8,156.752,7.375277476851851,46.74016269101735,50.0,100.0
2025-05-17 12:00:00,975.08,6.68,43.39,0.0,156.01280000000003,6.899945185185183,50.12020617403589,50.0,100.0
2025-05-17 13:00:00,811.85,6.76,43.9,22.51,129.89600000000002,7.150828148148149,59.285325232225986,50.0,100.0
2025-05-17 14:00:00,718.4,6.78,43.89,20.67,114.944,7.214485000000002,60.15753365093212,50.0,100.0
2025-05-17 15:00:00,524.25,6.91,43.53,21.78,83.88,7.637485439814815,61.31047701544742,50.0,100.0
2025-05-17 16:00:00,322.62,7.05,42.78,20.36,51.619200000000006,8.111171875,52.70035414718127,50.0,100.0
2025-05-17 17:00:00,136.25,6.7,41.54,16.31,21.800000000000004,6.962106481481483,51.35815843813776,40.0,80.0
2025-05-17 18:00:00,11.9,4.15,38.85,14.24,1.9040000000000004,1.6544762731481486,36.216246135281025,30.0,60.0
2025-05-17 19:00:00,0.0,3.73,37.0,11.88,0.0,1.2012758564814814,36.506236068225284,20.0,40.0
2025-05-17 20:00:00,0.0,4.25,35.98,7.06,0.0,1.7769820601851851,31.008188794145543,10.0,20.0
2025-05-17 21:00:00,0.0,5.17,34.99,9.66,0.0,3.1988058564814814,23.897591757089693,0.0,0.0
2025-05-17 22:00:00,0.0,5.99,34.02,12.59,0.0,4.975041643518519,19.728437994437108,0.0,0.0
2025-05-17 23:00:00,0.0,6.67,33.16,25.85,0.0,6.869003773148147,18.21139462713422,0.0,0.0
2025-05-18 00:00:00,0.0,7.16,32.38,28.88,0.0,8.496798518518519,15.010317959508798,0.0,0.0
2025-05-18 01:00:00,0.0,7.5,31.75,43.6,0.0,9.765625,15.421955529347205,0.0,0.0
2025-05-18 02:00:00,0.0,7.48,31.24,0.81,0.0,9.68770814814815,16.555066523527397,0.0,0.0
2025-05-18 03:00:00,0.0,7.32,30.83,41.79,0.0,9.07924,17.222141723372495,0.0,0.0
2025-05-18 04:00:00,0.0,7.12,30.44,38.04,0.0,8.35518814814815,15.539180295098069,0.0,0.0
2025-05-18 05:00:00,20.62,7.04,30.32,34.38,3.2992,8.076705185185185,17.671822683212774,0.0,0.0
2025-05-18 06:00:00,150.75,7.36,31.91,30.41,24.12,9.228894814814817,19.428780692370488,10.0,20.0
2025-05-18 07:00:00,338.2,7.51,35.03,27.25,54.112,9.80473960648148,24.95938413649519,20.0,40.0
2025-05-18 08:00:00,536.0,7.06,37.96,23.9,85.76,8.14573648148148,26.46457386006285,30.0,60.0
2025-05-18 09:00:00,711.08,6.03,40.11,20.51,113.77280000000002,5.075375625,33.410745655376395,40.0,80.0
2025-05-18 10:00:00,841.88,5.53,41.73,17.19,134.70080000000002,3.9146383564814817,40.188002363368795,50.0,100.0
2025-05-18 11:00:00,939.6,5.47,43.02,13.77,150.33599999999998,3.7885954398148143,46.13052758710276,50.0,100.0
2025-05-18 12:00:00,943.62,5.68,43.9,10.49,150.9792,4.241908148148148,51.84977306108358,50.0,100.0
2025-05-18 13:00:00,895.0,6.04,44.35,7.17,143.20000000000002,5.100668148148148,56.59352918551231,50.0,100.0
2025-05-18 14:00:00,757.2,6.22,44.35,9.24,121.15200000000004,5.570413148148148,52.984733364987854,50.0,100.0
2025-05-18 15:00:00,570.47,6.27,43.98,9.61,91.2752,5.705830624999999,53.44438585706061,50.0,100.0
2025-05-18 16:00:00,355.62,6.26,43.18,7.98,56.8992,5.678573518518518,53.102791432645965,50.0,100.0
2025-05-18 17:00:00,144.65,5.89,41.98,8.62,23.144,4.7300108564814805,46.105020361642275,40.0,80.0
2025-05-18 18:00:00,12.9,3.43,39.28,8.39,2.064,0.9341112731481482,39.63133097790458,30.0,60.0
2025-05-18 19:00:00,0.0,3.01,37.68,7.49,0.0,0.6312708564814813,33.6273337607597,20.0,40.0
2025-05-18 20:00:00,0.0,3.13,37.06,3.02,0.0,0.7098216898148147,29.19084476175048,10.0,20.0
2025-05-18 21:00:00,0.0,3.48,36.27,5.4,0.0,0.97556,25.062015534626212,0.0,0.0
2025-05-18 22:00:00,0.0,3.81,35.31,6.41,0.0,1.2802393750000003,20.12012033073944,0.0,0.0
2025-05-18 23:00:00,0.0,4.22,34.4,6.97,0.0,1.7396168518518516,19.33532123984256,0.0,0.0
2025-05-19 00:00:00,0.0,4.7,33.53,7.97,0.0,2.403310185185185,28.159786110841267,0.0,0.0
2025-05-19 01:00:00,0.0,4.95,32.66,8.47,0.0,2.8075781250000005,25.08433303406347,0.0,0.0
2025-05-19 02:00:00,0.0,5.04,31.96,5.05,0.0,2.96352,24.19383389157442,0.0,0.0
2025-05-19 03:00:00,0.0,5.07,31.36,18.75,0.0,3.0167556250000005,21.98414624818134,0.0,0.0
2025-05-19 04:00:00,0.0,5.13,30.82,17.83,0.0,3.125131875,27.028960451055084,0.0,0.0
2025-05-19 05:00:00,24.05,5.63,30.71,18.34,3.8480000000000008,4.130869143518518,31.292925563834565,0.0,0.0
2025-05-19 06:00:00,170.05,6.57,32.32,19.03,27.208,6.5646618750000005,32.95609208740176,0.8165697875982403,1.6331395751964806
2025-05-19 07:00:00,372.5,7.41,35.7,20.04,59.6,9.418264375,41.64092700402373,10.81656978759824,21.63313957519648
2025-05-19 08:00:00,578.5,8.39,38.84,20.61,92.56,13.671058310185188,47.775189842123616,20.81656978759824,41.63313957519648
2025-05-19 09:00:00,754.9,8.11,41.16,21.08,120.784,12.347493773148146,49.713315794319676,30.81656978759824,61.63313957519648
2025-05-19 10:00:00,881.0,7.35,42.66,21.51,140.96,9.191328124999998,63.57257840955641,40.81656978759824,81.63313957519648
2025-05-19 11:00:00,957.58,6.71,43.78,21.92,153.2128,6.993326643518519,73.29159934590325,50.0,100.0
2025-05-19 12:00:00,943.9,6.29,44.43,23.47,151.024,5.760606226851852,82.70489539032941,50.0,100.0
2025-05-19 13:00:00,740.67,6.03,44.78,39.31,118.5072,5.075375625,105.31127050612332,50.0,100.0
2025-05-19 14:00:00,663.42,5.68,44.8,35.18,106.1472,4.241908148148148,103.17911546973691,50.0,100.0
2025-05-19 15:00:00,512.62,5.41,44.41,25.39,82.0192,3.665287523148149,95.74342886048517,40.0,80.0
2025-05-19 16:00:00,302.12,5.26,43.63,40.25,48.339200000000005,3.368786481481481,85.19942142212332,30.0,60.0
2025-05-19 17:00:00,121.47,4.81,42.31,55.91,19.4352,2.576033356481481,74.78976155860913,20.0,40.0
2025-05-19 18:00:00,11.52,2.96,38.33,71.26,1.8432,0.0,61.41429685777471,10.0,20.0
2025-05-19 19:00:00,0.0,3.12,36.21,86.51,0.0,0.7030400000000001,53.70617710110414,0.0,0.0
2025-05-19 20:00:00,0.0,3.28,35.33,91.38,0.0,0.8168414814814813,49.390835193312554,0.0,0.0
2025-05-19 21:00:00,0.0,3.56,34.58,95.39,0.0,1.0443985185185187,41.27903937897986,0.0,0.0
2025-05-19 22:00:00,0.0,3.93,33.9,96.41,0.0,1.405056875,34.24891624735796,0.0,0.0
2025-05-19 23:00:00,0.0,4.32,33.23,87.8,0.0,1.86624,30.57557848098921,0.0,0.0
2025-05-20 00:00:00,0.0,4.51,32.52,66.59,0.0,2.123468773148148,25.59382517278525,0.0,0.0
2025-05-20 01:00:00,0.0,4.6,31.83,50.96,0.0,2.253148148148148,25.096233443598894,0.0,0.0
2025-05-20 02:00:00,0.0,4.8,31.4,67.77,0.0,2.56,26.07712869291144,0.0,0.0
2025-05-20 03:00:00,0.0,5.3,30.97,70.81,0.0,3.4462268518518515,28.802705453274477,0.0,0.0
2025-05-20 04:00:00,0.0,5.66,30.39,67.31,0.0,4.1972568518518525,30.419779180436684,0.0,0.0
2025-05-20 05:00:00,19.52,6.01,30.13,54.37,3.1232,5.025041689814814,30.632476843026723,0.0,0.0
2025-05-20 06:00:00,145.98,6.74,31.59,39.5,23.3568,7.087546851851853,33.45808508882783,0.0,0.0
2025-05-20 07:00:00,332.35,7.01,34.93,28.81,53.176000000000016,7.97389122685185,35.34259811344132,10.0,20.0
2025-05-20 08:00:00,547.83,7.66,39.04,16.79,87.65280000000001,10.404053148148147,50.130364150435604,20.0,40.0
2025-05-20 09:00:00,758.4,7.36,41.62,3.89,121.344,9.228894814814817,54.29933107247337,30.0,60.0
2025-05-20 10:00:00,892.03,7.3,43.11,2.85,142.72480000000002,9.005023148148148,72.48297761671981,40.0,80.0
2025-05-20 11:00:00,997.9,7.32,44.14,1.81,159.66400000000002,9.07924,83.17371022635585,50.0,100.0
2025-05-20 12:00:00,992.0,7.41,44.85,0.77,158.72000000000003,9.418264375,83.23969157310084,50.0,100.0
2025-05-20 13:00:00,919.7,7.44,45.22,1.19,147.15200000000002,9.533120000000002,99.33393863724253,50.0,100.0
2025-05-20 14:00:00,762.35,7.3,45.16,17.79,121.976,9.005023148148148,100.62122032010728,50.0,100.0
2025-05-20 15:00:00,567.58,7.11,44.68,34.09,90.81280000000002,8.320033125000002,90.05839739785806,50.0,100.0
2025-05-20 16:00:00,352.0,6.93,43.78,50.5,56.31999999999999,7.703994375,88.73437244105233,40.0,80.0
2025-05-20 17:00:00,148.0,6.19,42.42,66.87,23.68,5.490200439814816,82.31779978033519,30.0,60.0
2025-05-20 18:00:00,15.1,3.61,38.98,83.51,2.416,1.089025023148148,65.66705739755527,20.0,40.0
2025-05-20 19:00:00,0.0,3.41,36.82,99.99,0.0,0.917866226851852,54.2954046874273,10.0,20.0
2025-05-20 20:00:00,0.0,3.44,35.73,99.97,0.0,0.942305185185185,47.666065292258004,0.0,0.0
2025-05-20 21:00:00,0.0,3.56,34.79,99.97,0.0,1.0443985185185187,39.84376583197983,0.0,0.0
2025-05-20 22:00:00,0.0,3.74,33.92,99.96,0.0,1.2109635185185188,29.73173872018466,0.0,0.0
2025-05-20 23:00:00,0.0,4.01,33.09,99.98,0.0,1.492620393518518,27.981797031031505,0.0,0.0
2025-05-21 00:00:00,0.0,4.42,32.36,98.36,0.0,1.998863148148148,26.516425382871372,0.0,0.0
2025-05-21 01:00:00,0.0,4.88,31.67,72.33,0.0,2.6901451851851848,26.324107734296906,0.0,0.0
2025-05-21 02:00:00,0.0,5.36,31.04,90.64,0.0,3.564598518518519,24.73107849490247,0.0,0.0
2025-05-21 03:00:00,0.0,5.66,30.48,67.67,0.0,4.1972568518518525,28.834492521806105,0.0,0.0
2025-05-21 04:00:00,0.0,5.71,29.92,55.09,0.0,4.309477106481482,24.905119301094327,0.0,0.0
2025-05-21 05:00:00,22.33,5.92,29.7,47.74,3.5728000000000004,4.802654814814814,29.993426523136662,0.0,0.0
2025-05-21 06:00:00,156.95,6.62,31.17,39.36,25.112,6.715683518518518,32.36869527124256,0.0,0.0
2025-05-21 07:00:00,347.52,6.52,34.43,33.08,55.60320000000001,6.41592148148148,41.75904656745513,10.0,20.0
2025-05-21 08:00:00,553.53,6.87,38.8,26.48,88.56479999999999,7.505618125,46.18191230435087,20.0,40.0
2025-05-21 09:00:00,734.8,6.37,41.91,19.98,117.568,5.983214189814815,56.0766115205311,30.0,60.0
2025-05-21 10:00:00,869.62,5.85,43.4,13.63,139.13920000000002,4.634296874999999,72.7084707466173,40.0,80.0
2025-05-21 11:00:00,983.5,5.53,44.55,7.07,157.36,3.9146383564814817,70.02537438511355,50.0,100.0
2025-05-21 12:00:00,989.22,5.42,45.21,0.57,158.2752,3.685650185185185,89.86339297776162,50.0,100.0
2025-05-21 13:00:00,914.15,5.43,45.5,3.54,146.264,3.706088125,91.82502451347565,50.0,100.0
2025-05-21 14:00:00,768.2,5.53,45.53,8.99,122.912,3.9146383564814817,93.69324656824548,50.0,100.0
2025-05-21 15:00:00,588.3,5.67,45.17,6.33,94.128,4.219543125,89.34661036367507,50.0,100.0
2025-05-21 16:00:00,349.33,5.69,44.38,27.77,55.8928,4.264352060185185,87.25472631973243,40.0,80.0
2025-05-21 17:00:00,144.95,5.26,43.15,49.94,23.192,3.368786481481481,76.56808802385211,30.0,60.0
2025-05-21 18:00:00,14.2,3.1,39.68,74.31,2.272,0.6896064814814816,64.22084379892259,20.0,40.0
2025-05-21 19:00:00,0.0,3.12,37.56,97.12,0.0,0.7030400000000001,56.48361243185489,10.0,20.0
2025-05-21 20:00:00,0.0,3.05,36.5,98.94,0.0,0.6567737268518516,45.23853921821646,0.0,0.0
2025-05-21 21:00:00,0.0,2.9,35.38,99.58,0.0,0.0,42.06358843834486,0.0,0.0
2025-05-21 22:00:00,0.0,2.68,34.29,98.69,0.0,0.0,33.949900034209485,0.0,0.0
2025-05-21 23:00:00,0.0,2.39,33.21,94.81,0.0,0.0,30.159771327457847,0.0,0.0
2025-05-22 00:00:00,0.0,1.97,32.17,79.95,0.0,0.0,25.448056532003935,0.0,0.0
2025-05-22 01:00:00,0.0,1.52,31.16,60.36,0.0,0.0,24.2715949300539,0.0,0.0
2025-05-22 02:00:00,0.0,1.03,30.27,87.93,0.0,0.0,25.489054001935916,0.0,0.0
2025-05-22 03:00:00,0.0,0.92,29.67,94.63,0.0,0.0,26.70212788547984,0.0,0.0
2025-05-22 04:00:00,0.0,1.07,29.29,97.63,0.0,0.0,26.889068538462418,0.0,0.0
2025-05-22 05:00:00,22.9,1.04,29.27,85.52,3.664,0.0,29.590929912511104,0.0,0.0
2025-05-22 06:00:00,157.9,1.16,31.27,72.69,25.264000000000003,0.0,34.39537232869807,0.0,0.0
2025-05-22 07:00:00,345.62,1.0,34.73,61.29,55.2992,0.0,38.27355158052595,10.0,20.0
2025-05-22 08:00:00,552.17,1.58,38.54,49.23,88.34719999999999,0.0,51.53791641301136,20.0,40.0
2025-05-22 09:00:00,731.95,2.36,40.72,37.16,117.11200000000002,0.0,59.498866279098436,30.0,60.0
2025-05-22 10:00:00,861.4,3.06,42.27,25.06,137.824,0.6632550000000001,71.55414243078432,40.0,80.0
2025-05-22 11:00:00,957.22,3.57,43.5,12.9,153.1552,1.053224375,73.92527976382874,50.0,100.0
2025-05-22 12:00:00,955.72,4.05,44.24,0.62,152.9152,1.5377343749999997,96.89916952566742,50.0,100.0
2025-05-22 13:00:00,874.9,4.48,44.56,6.26,139.984,2.0813748148148155,89.04229740609598,50.0,100.0
2025-05-22 14:00:00,675.42,4.72,44.5,29.74,108.0672,2.434121481481481,92.9761260310289,50.0,100.0
2025-05-22 15:00:00,411.6,4.64,44.02,52.53,65.85600000000001,2.3124385185185177,89.80544910471423,40.0,80.0
2025-05-22 16:00:00,234.85,4.35,43.29,60.87,37.576,1.9053906249999997,89.9112564194093,30.0,60.0
2025-05-22 17:00:00,103.3,3.71,41.95,67.78,16.528000000000002,1.182055810185185,82.88845628071387,20.0,40.0
2025-05-22 18:00:00,11.6,3.07,39.64,74.04,1.856,0.669778773148148,64.29834676945191,10.0,20.0
2025-05-22 19:00:00,0.0,4.63,37.43,82.36,0.0,2.2975196064814813,56.78292288810461,0.0,0.0
2025-05-22 20:00:00,0.0,5.39,35.58,91.12,0.0,3.6247874768518513,48.795637835328634,0.0,0.0
2025-05-22 21:00:00,0.0,5.8,34.28,83.96,0.0,4.516481481481481,41.68938249289638,0.0,0.0
2025-05-22 22:00:00,0.0,6.14,33.29,76.2,0.0,5.358230185185184,30.803076230276456,0.0,0.0
2025-05-22 23:00:00,0.0,6.0,32.48,68.85,0.0,5.0,32.468694761847175,0.0,0.0
2025-05-23 00:00:00,0.0,5.81,31.93,32.43,0.0,4.539882893518517,26.98462788777063,0.0,0.0
2025-05-23 01:00:00,0.0,5.82,31.47,37.85,0.0,4.563365000000001,25.904171748686913,0.0,0.0
2025-05-23 02:00:00,0.0,5.57,31.14,22.38,0.0,4.0002012268518525,27.18877728811024,0.0,0.0
2025-05-23 03:00:00,0.0,4.89,30.72,79.06,0.0,2.7067168749999992,27.62768822739186,0.0,0.0
2025-05-23 04:00:00,0.0,4.15,30.18,94.23,0.0,1.6544762731481486,26.37163065496052,0.0,0.0
2025-05-23 05:00:00,20.08,3.96,29.95,84.06,3.2128,1.43748,31.474220379264754,0.0,0.0
2025-05-23 06:00:00,143.32,4.3,31.44,71.24,22.931200000000004,1.840439814814815,36.19208345718355,0.0,0.0
2025-05-23 07:00:00,310.92,4.39,33.87,62.69,49.74720000000001,1.9584379398148144,39.24513471028504,10.0,20.0
2025-05-23 08:00:00,508.7,4.33,36.8,52.74,81.39200000000001,1.879230023148148,44.857977478269724,20.0,40.0
2025-05-23 09:00:00,686.47,4.09,39.47,43.06,109.8352,1.5837483564814812,57.41376380486011,30.0,60.0
2025-05-23 10:00:00,819.5,4.1,41.59,33.36,131.12,1.595393518518518,65.8276257363785,40.0,80.0
2025-05-23 11:00:00,968.58,4.24,43.15,23.48,154.9728,1.7644681481481483,75.06015505109633,50.0,100.0
2025-05-23 12:00:00,966.08,4.32,44.16,13.51,154.57280000000003,1.86624,97.46753035793077,50.0,100.0
2025-05-23 13:00:00,899.22,4.28,44.71,3.46,143.8752,1.8148785185185188,83.6080146504011,50.0,100.0
2025-05-23 14:00:00,762.15,4.12,44.76,6.0,121.94400000000002,1.618854814814815,100.64937479169745,50.0,100.0
2025-05-23 15:00:00,549.67,3.88,44.48,20.03,87.94720000000001,1.352108148148148,92.83960816832911,46.45969997981905,92.9193999596381
2025-05-23 16:00:00,317.62,3.49,43.8,33.38,50.8192,0.9839941898148152,94.13395495863405,36.45969997981905,72.9193999596381
2025-05-23 17:00:00,125.93,2.7,42.64,47.59,20.148800000000005,0.0,73.96597686611686,26.45969997981905,52.9193999596381
2025-05-23 18:00:00,11.75,1.68,39.47,63.09,1.88,0.0,66.97833307769555,16.45969997981905,32.9193999596381
2025-05-23 19:00:00,0.0,3.53,37.88,77.76,0.0,1.018217060185185,50.33794959766234,6.4596999798190495,12.9193999596381
2025-05-23 20:00:00,0.0,5.42,36.36,79.33,0.0,3.685650185185185,49.558183862911854,0.0,0.0
2025-05-23 21:00:00,0.0,6.08,34.91,81.97,0.0,5.202678518518519,39.74865307690221,0.0,0.0
2025-05-23 22:00:00,0.0,6.64,34.02,87.23,0.0,6.776734814814814,36.0025718777416,0.0,0.0
2025-05-23 23:00:00,0.0,6.67,33.17,91.81,0.0,6.869003773148147,32.67483652082716,0.0,0.0
2025-05-24 00:00:00,0.0,6.39,32.42,85.04,0.0,6.039748124999998,14.803052927465064,0.0,0.0
2025-05-24 01:00:00,0.0,6.52,31.9,74.61,0.0,6.41592148148148,15.095242064151103,0.0,0.0
2025-05-24 02:00:00,0.0,6.45,31.38,30.5,0.0,6.211484375,15.016526288831523,0.0,0.0
2025-05-24 03:00:00,0.0,6.28,30.81,78.38,0.0,5.733174814814816,15.626894015058012,0.0,0.0
2025-05-24 04:00:00,0.0,6.18,30.24,80.91,0.0,5.463634999999999,16.55260293259463,0.0,0.0
2025-05-24 05:00:00,22.9,6.36,29.95,71.77,3.664,5.9550800000000015,17.6815147446405,0.0,0.0
2025-05-24 06:00:00,152.4,6.98,31.54,61.87,24.384,7.871953518518521,19.827471961528634,10.0,20.0
2025-05-24 07:00:00,337.95,7.56,34.43,53.05,54.072,10.001879999999998,23.444291484389655,20.0,40.0
2025-05-24 08:00:00,542.0,7.35,37.17,44.28,86.72000000000001,9.191328124999998,28.677883687163572,30.0,60.0
2025-05-24 09:00:00,718.08,6.61,39.49,35.81,114.89280000000002,6.685295856481482,34.291345239417645,40.0,80.0
2025-05-24 10:00:00,849.7,5.73,41.35,27.18,135.952,4.354919375000001,41.61842290055545,50.0,100.0
2025-05-24 11:00:00,959.65,4.91,42.77,18.47,153.544,2.7400641435185187,50.19905336672125,50.0,100.0
2025-05-24 12:00:00,960.42,4.28,43.68,9.75,153.66719999999998,1.8148785185185188,47.827195759452586,50.0,100.0
2025-05-24 13:00:00,895.95,3.92,44.13,0.76,143.352,1.3943585185185183,52.607647447490244,50.0,100.0
2025-05-24 14:00:00,758.35,3.87,44.16,1.51,121.336,1.3416806250000002,59.06985282853525,50.0,100.0
2025-05-24 15:00:00,571.88,4.04,43.8,2.51,91.5008,1.526371851851852,55.07832188844232,50.0,100.0
2025-05-24 16:00:00,341.2,4.45,42.99,20.72,54.592,2.0398408564814816,51.77005254314703,50.0,100.0
2025-05-24 17:00:00,139.3,5.09,41.72,41.63,22.288000000000004,3.052597893518518,47.00552850712537,40.0,80.0
2025-05-24 18:00:00,14.12,5.18,39.63,62.42,2.2592,3.2174035185185184,39.64354247599351,30.0,60.0
2025-05-24 19:00:00,0.0,6.95,38.04,83.03,0.0,7.770888310185185,31.43608379171224,20.0,40.0
2025-05-24 20:00:00,0.0,7.94,36.73,90.16,0.0,11.587180185185186,27.82608911388493,10.0,20.0
2025-05-24 21:00:00,0.0,8.24,35.44,96.99,0.0,12.95083851851852,22.33119536500291,0.6196431535156108,1.2392863070312217
2025-05-24 22:00:00,0.0,8.45,34.41,82.21,0.0,13.966461226851848,22.35422569955445,0.0,0.0
2025-05-24 23:00:00,0.0,8.15,33.68,97.06,0.0,12.53109664351852,19.145293776389398,0.0,0.0
2025-05-25 00:00:00,0.0,8.16,33.25,100.0,0.0,12.577280000000002,14.645238260132812,0.0,0.0
2025-05-25 01:00:00,0.0,7.73,32.71,99.94,0.0,10.691896226851853,15.339159373137514,0.0,0.0
2025-05-25 02:00:00,0.0,6.51,31.93,100.0,0.0,6.386445624999999,15.885327530383025,0.0,0.0
2025-05-25 03:00:00,0.0,5.71,31.22,99.71,0.0,4.309477106481482,16.628861319350147,0.0,0.0
2025-05-25 04:00:00,0.0,5.21,30.53,99.24,0.0,3.273628726851852,17.242279493909727,0.0,0.0
2025-05-25 05:00:00,19.6,5.37,30.03,78.5,3.136000000000001,3.584586875,17.508882600977586,0.0,0.0
2025-05-25 06:00:00,144.2,6.25,31.03,52.15,23.072000000000003,5.651403356481481,20.122673314341533,8.60073004213995,17.2014600842799
2025-05-25 07:00:00,319.5,6.43,32.64,34.44,51.120000000000005,6.153882106481481,20.956003772621784,18.60073004213995,37.2014600842799
2025-05-25 08:00:00,521.08,6.52,33.74,20.36,83.3728,6.41592148148148,26.959634014168323,28.60073004213995,57.2014600842799
2025-05-25 09:00:00,671.95,6.36,35.4,38.06,107.512,5.9550800000000015,32.381894036796695,38.60073004213995,77.2014600842799
2025-05-25 10:00:00,868.0,5.54,36.91,6.04,138.88,3.935913518518519,33.97382605501345,48.60073004213995,97.2014600842799
2025-05-25 11:00:00,945.4,4.39,38.17,3.41,151.264,1.9584379398148144,44.384536898190646,50.0,100.0
2025-05-25 12:00:00,943.9,3.4,39.09,1.79,151.024,0.9098148148148146,50.340942379271425,50.0,100.0
2025-05-25 13:00:00,874.33,2.84,39.63,0.17,139.89280000000002,0.0,54.31725842230017,50.0,100.0
2025-05-25 14:00:00,739.72,2.81,39.54,1.65,118.35520000000002,0.0,54.342680890752,50.0,100.0
2025-05-25 15:00:00,556.53,3.3,38.78,3.13,89.04480000000001,0.8318749999999999,55.390846024855065,50.0,100.0
2025-05-25 16:00:00,342.38,4.08,37.95,4.61,54.7808,1.5721600000000002,53.75268399650094,50.0,100.0
2025-05-25 17:00:00,137.15,4.97,36.73,3.95,21.944000000000003,2.8417470601851846,44.35479907367447,40.0,80.0
2025-05-25 18:00:00,14.6,5.42,34.82,7.55,2.336,3.685650185185185,36.00364029370888,30.0,60.0
2025-05-25 19:00:00,0.0,6.31,33.09,9.01,0.0,5.815731273148147,32.544034856315,20.0,40.0
2025-05-25 20:00:00,0.0,6.47,31.86,4.96,0.0,6.269444976851851,24.580521464216783,10.0,20.0
2025-05-25 21:00:00,0.0,6.28,30.95,2.01,0.0,5.733174814814816,23.046307501703787,0.0,0.0
2025-05-25 22:00:00,0.0,6.04,30.28,11.99,0.0,5.100668148148148,21.394669800722923,0.0,0.0
2025-05-25 23:00:00,0.0,5.73,29.8,28.32,0.0,4.354919375000001,17.153830549649822,0.0,0.0
2025-05-26 00:00:00,0.0,5.45,29.49,24.27,0.0,3.747190393518519,27.922749594902886,0.0,0.0
2025-05-26 01:00:00,0.0,5.13,29.21,45.46,0.0,3.125131875,23.993332562512265,0.0,0.0
2025-05-26 02:00:00,0.0,4.89,29.0,26.88,0.0,2.7067168749999992,24.41292075255983,0.0,0.0
2025-05-26 03:00:00,0.0,4.59,28.78,24.99,0.0,2.238485625,27.519404538855024,0.0,0.0
2025-05-26 04:00:00,0.0,4.39,28.49,34.51,0.0,1.9584379398148144,24.61049014107404,0.0,0.0
2025-05-26 05:00:00,25.0,4.74,28.43,32.59,4.0,2.4651950000000005,29.59819945246295,0.0,0.0
2025-05-26 06:00:00,165.6,5.38,29.8,30.48,26.496,3.604649814814814,35.37434656633172,0.0,0.0
2025-05-26 07:00:00,348.67,5.7,32.54,30.31,55.78720000000001,4.286875,39.801564554934345,10.0,20.0
2025-05-26 08:00:00,540.92,5.72,35.05,27.15,86.5472,4.332158518518518,46.65063525213177,20.0,40.0
2025-05-26 09:00:00,702.88,5.14,36.97,25.11,112.4608,3.1434431481481475,59.679661603771514,30.0,60.0
2025-05-26 10:00:00,822.6,4.38,38.45,23.08,131.616,1.945085,69.87579946773727,40.0,80.0
2025-05-26 11:00:00,883.28,3.74,39.6,22.57,141.32479999999998,1.2109635185185188,79.98983915970881,50.0,100.0
2025-05-26 12:00:00,870.47,3.25,40.31,19.0,139.2752,0.7946325231481481,88.84703903562209,50.0,100.0
2025-05-26 13:00:00,795.95,3.02,40.7,28.83,127.352,0.6375835185185185,93.41027925310073,50.0,100.0
2025-05-26 14:00:00,674.2,3.14,40.77,18.57,107.872,0.716646851851852,91.93926342790844,50.0,100.0
2025-05-26 15:00:00,496.9,3.46,40.38,22.6,79.504,0.9588364814814814,84.4777646522375,45.98507182924399,91.97014365848798
2025-05-26 16:00:00,282.42,3.88,39.56,32.72,45.1872,1.352108148148148,85.01913041603831,35.98507182924399,71.97014365848798
2025-05-26 17:00:00,118.75,4.58,38.22,42.1,19.0,2.2238868518518515,74.80615751003825,25.985071829243992,51.97014365848799
2025-05-26 18:00:00,13.25,5.2,36.18,55.1,2.12,3.254814814814815,66.19777111057185,15.985071829243992,31.97014365848798
2025-05-26 19:00:00,0.0,6.5,34.39,66.5,0.0,6.357060185185185,57.05349915348101,5.985071829243992,11.970143658487984
2025-05-26 20:00:00,0.0,7.06,33.01,54.62,0.0,8.14573648148148,44.21944551363326,0.0,0.0
2025-05-26 21:00:00,0.0,7.06,31.9,50.44,0.0,8.14573648148148,43.159317084895235,0.0,0.0
2025-05-26 22:00:00,0.0,6.65,31.0,55.61,0.0,6.8073987268518525,34.12646820322105,0.0,0.0
2025-05-26 23:00:00,0.0,6.18,30.27,65.92,0.0,5.463634999999999,30.714060698043504,0.0,0.0
2025-05-27 00:00:00,0.0,5.76,29.69,61.18,0.0,4.42368,23.807525292968048,0.0,0.0
2025-05-27 01:00:00,0.0,5.45,29.16,44.46,0.0,3.747190393518519,26.30367015801248,0.0,0.0
2025-05-27 02:00:00,0.0,5.06,28.69,60.84,0.0,2.998940185185184,26.718871900455024,0.0,0.0
2025-05-27 03:00:00,0.0,4.72,28.27,77.88,0.0,2.434121481481481,27.652572236452745,0.0,0.0
2025-05-27 04:00:00,0.0,4.59,27.85,99.81,0.0,2.238485625,28.820460393498866,0.0,0.0
2025-05-27 05:00:00,23.7,4.92,27.69,75.92,3.792,2.75684,27.218848386166883,0.0,0.0
2025-05-27 06:00:00,149.73,5.66,29.2,51.78,23.9568,4.1972568518518525,33.029667819403286,0.0,0.0
2025-05-27 07:00:00,330.67,5.94,31.84,30.84,52.9072,4.851495000000001,36.61896162666459,10.0,20.0
2025-05-27 08:00:00,537.38,5.23,34.24,4.02,85.9808,3.3114737731481485,46.25902693991164,20.0,40.0
2025-05-27 09:00:00,720.78,4.05,36.32,7.91,115.3248,1.5377343749999997,50.61299732685908,30.0,60.0
2025-05-27 10:00:00,835.9,2.73,38.05,18.89,133.744,0.0,64.0546619286819,40.0,80.0
2025-05-27 11:00:00,902.42,1.61,39.3,23.81,144.3872,0.0,71.64683653365702,50.0,100.0
2025-05-27 12:00:00,844.88,0.85,40.1,76.4,135.1808,0.0,85.05521787840127,50.0,100.0
2025-05-27 13:00:00,833.55,0.51,40.51,12.57,133.368,0.0,90.44446612103387,50.0,100.0
2025-05-27 14:00:00,695.1,0.6,40.61,18.79,111.216,0.0,91.40165451509709,50.0,100.0
2025-05-27 15:00:00,510.62,0.88,40.28,29.56,81.6992,0.0,87.322364303435,44.37683569656501,88.75367139313002
2025-05-27 16:00:00,316.58,1.13,39.67,26.85,50.6528,0.0,88.19744340801662,34.37683569656501,68.75367139313002
2025-05-27 17:00:00,135.48,1.45,38.89,21.25,21.6768,0.0,80.7647335962805,24.37683569656501,48.75367139313002
2025-05-27 18:00:00,15.0,1.64,37.72,20.7,2.4000000000000004,0.0,73.51417972647157,14.37683569656501,28.75367139313002
2025-05-27 19:00:00,0.0,2.59,36.56,18.22,0.0,0.0,53.68797948731591,4.37683569656501,8.75367139313002
2025-05-27 20:00:00,0.0,3.93,35.82,25.04,0.0,1.405056875,45.37449430690359,0.0,0.0
2025-05-27 21:00:00,0.0,4.91,34.84,24.54,0.0,2.7400641435185187,38.92640025233463,0.0,0.0
2025-05-27 22:00:00,0.0,5.25,33.76,29.79,0.0,3.349609375,33.189031888919956,0.0,0.0
2025-05-27 23:00:00,0.0,5.17,32.85,59.64,0.0,3.1988058564814814,31.20142019230326,0.0,0.0
2025-05-28 00:00:00,0.0,4.82,32.01,99.93,0.0,2.5921335185185197,24.039409165779738,0.0,0.0
2025-05-28 01:00:00,0.0,4.53,31.24,99.43,0.0,2.151844375,26.232201195385546,0.0,0.0
2025-05-28 02:00:00,0.0,4.39,30.61,99.9,0.0,1.9584379398148144,27.35915440010636,0.0,0.0
2025-05-28 03:00:00,0.0,4.36,30.14,99.4,0.0,1.918561481481482,25.70428797510833,0.0,0.0
2025-05-28 04:00:00,0.0,4.36,29.73,99.57,0.0,1.918561481481482,27.600853668942552,0.0,0.0
2025-05-28 05:00:00,23.45,4.67,29.69,98.94,3.752,2.357582476851852,29.370635017483675,0.0,0.0
2025-05-28 06:00:00,139.98,4.95,31.23,98.13,22.3968,2.8075781250000005,32.263725798509675,0.0,0.0
2025-05-28 07:00:00,305.67,5.19,34.33,98.32,48.9072,3.2360731250000008,38.785337009504374,10.0,20.0
2025-05-28 08:00:00,480.25,4.14,36.62,98.92,76.84,1.6425449999999997,48.97241142749192,20.0,40.0
2025-05-28 09:00:00,669.35,2.8,38.4,36.74,107.096,0.0,54.63610050903005,30.0,60.0
2025-05-28 10:00:00,780.5,1.54,39.9,52.9,124.88,0.0,68.35162360229808,40.0,80.0
2025-05-28 11:00:00,814.45,1.24,41.21,56.32,130.312,0.0,78.55587034793432,50.0,100.0
2025-05-28 12:00:00,644.95,2.17,42.31,99.16,103.192,0.0,86.8086559939362,50.0,100.0
2025-05-28 13:00:00,615.75,3.16,42.98,61.25,98.52,0.7304281481481483,88.66230375758995,50.0,100.0
2025-05-28 14:00:00,568.53,3.91,43.1,15.94,90.9648,1.3837146064814818,99.40289001297026,42.94562459351121,85.89124918702242
2025-05-28 15:00:00,421.08,4.45,42.58,29.58,67.37280000000001,2.0398408564814816,94.82778253232695,32.94562459351121,65.89124918702242
2025-05-28 16:00:00,240.57,4.91,41.76,42.69,38.491200000000006,2.7400641435185187,86.89798391326711,22.945624593511212,45.891249187022424
2025-05-28 17:00:00,97.57,5.31,40.41,55.96,15.6112,3.465770625,72.06296955174882,12.945624593511212,25.891249187022424
2025-05-28 18:00:00,11.5,5.26,38.43,76.37,1.84,3.368786481481481,69.11495865222281,2.945624593511212,5.891249187022424
2025-05-28 19:00:00,0.0,5.91,36.55,95.88,0.0,4.7783581250000005,55.77327341296715,0.0,0.0
2025-05-28 20:00:00,0.0,5.92,35.2,97.18,0.0,4.802654814814814,49.23838265677101,0.0,0.0
2025-05-28 21:00:00,0.0,5.05,34.18,98.21,0.0,2.9811950231481483,36.77876043357692,0.0,0.0
2025-05-28 22:00:00,0.0,3.98,33.34,99.2,0.0,1.459370185185185,34.19819854080284,0.0,0.0
2025-05-28 23:00:00,0.0,3.13,32.61,99.25,0.0,0.7098216898148147,28.736477871895588,0.0,0.0
2025-05-29 00:00:00,0.0,2.8,32.0,100.0,0.0,0.0,24.89367270710381,0.0,0.0
2025-05-29 01:00:00,0.0,2.88,31.51,100.0,0.0,0.0,25.802687534434536,0.0,0.0
2025-05-29 02:00:00,0.0,2.97,31.14,100.0,0.0,0.0,26.519817173793154,0.0,0.0
2025-05-29 03:00:00,0.0,2.96,30.82,100.0,0.0,0.0,25.243741609317404,0.0,0.0
2025-05-29 04:00:00,0.0,3.04,30.51,99.92,0.0,0.6503348148148148,31.150403329755683,0.0,0.0
2025-05-29 05:00:00,16.02,3.41,30.72,99.01,2.5632,0.917866226851852,29.76044581566475,0.0,0.0
2025-05-29 06:00:00,102.88,4.33,32.42,96.47,16.460800000000003,1.879230023148148,35.46977414360739,0.0,0.0
2025-05-29 07:00:00,221.55,4.17,34.98,97.14,35.448,1.678511875,38.64021199702233,0.0,0.0
2025-05-29 08:00:00,347.6,3.44,37.5,99.09,55.616000000000014,0.942305185185185,47.31238514024527,9.245920044939929,18.491840089879858
2025-05-29 09:00:00,477.75,2.9,39.05,99.35,76.44,0.0,57.6886168918326,19.24592004493993,38.49184008987986
2025-05-29 10:00:00,672.38,2.42,40.32,86.64,107.5808,0.0,65.2400003220459,29.24592004493993,58.49184008987985
2025-05-29 11:00:00,746.28,2.07,41.33,76.74,119.4048,0.0,81.42367077375802,39.24592004493993,78.49184008987986
2025-05-29 12:00:00,733.65,1.94,41.86,41.15,117.384,0.0,81.09254585214505,49.24592004493993,98.49184008987986
2025-05-29 13:00:00,615.83,1.96,41.83,81.24,98.5328,0.0,86.83366363122273,50.0,100.0
2025-05-29 14:00:00,483.1,2.0,40.71,78.6,77.296,0.0,88.03151403331198,40.0,80.0
2025-05-29 15:00:00,324.85,2.07,39.75,79.19,51.976,0.0,95.69606074927088,30.0,60.0
2025-05-29 16:00:00,199.57,2.11,38.53,63.76,31.931200000000004,0.0,83.25883225651084,20.0,40.0
2025-05-29 17:00:00,92.25,2.04,37.15,47.87,14.76,0.0,74.50353359890347,10.0,20.0
2025-05-29 18:00:00,12.82,1.78,35.69,30.84,2.0512,0.0,58.06932950910675,0.0,0.0
2025-05-29 19:00:00,0.0,1.86,34.47,13.84,0.0,0.0,55.530795158335366,0.0,0.0
2025-05-29 20:00:00,0.0,2.58,33.53,14.19,0.0,0.0,43.55613487908621,0.0,0.0
2025-05-29 21:00:00,0.0,3.29,32.79,12.22,0.0,0.8243353935185185,37.15881991039143,0.0,0.0
2025-05-29 22:00:00,0.0,4.0,32.14,21.94,0.0,1.4814814814814814,34.794846485748145,0.0,0.0
2025-05-29 23:00:00,0.0,4.42,31.57,48.35,0.0,1.998863148148148,30.156842385971338,0.0,0.0
2025-05-30 00:00:00,0.0,4.53,31.15,81.6,0.0,2.151844375,26.166422798934658,0.0,0.0
2025-05-30 01:00:00,0.0,4.66,30.8,99.93,0.0,2.342469814814815,25.79644072357041,0.0,0.0
2025-05-30 02:00:00,0.0,4.44,30.49,99.3,0.0,2.0261200000000006,25.687946087009067,0.0,0.0
2025-05-30 03:00:00,0.0,3.96,30.11,99.3,0.0,1.43748,25.03843494910772,0.0,0.0
2025-05-30 04:00:00,0.0,3.53,29.68,99.2,0.0,1.018217060185185,27.44516385538685,0.0,0.0
2025-05-30 05:00:00,14.15,3.56,29.52,99.94,2.264,1.0443985185185187,25.87907012868053,0.0,0.0
2025-05-30 06:00:00,77.55,4.37,30.8,99.48,12.408,1.931792893518519,33.625644193741245,0.0,0.0
2025-05-30 07:00:00,160.9,4.66,33.53,99.32,25.744,2.342469814814815,41.37602637675591,0.0,0.0
2025-05-30 08:00:00,233.88,3.8,35.88,97.7,37.42080000000001,1.270185185185185,46.9870307276296,0.0,0.0
2025-05-30 09:00:00,474.98,2.85,37.43,89.38,75.99680000000001,0.0,59.945171098505334,10.0,20.0
2025-05-30 10:00:00,643.62,2.55,38.61,52.76,102.9792,0.0,64.03716329916767,20.0,40.0
2025-05-30 11:00:00,819.55,2.72,39.38,61.85,131.128,0.0,78.09037431347267,30.0,60.0
2025-05-30 12:00:00,662.85,3.06,39.67,84.8,106.05600000000004,0.6632550000000001,81.65545839003948,40.0,80.0
2025-05-30 13:00:00,516.15,3.28,39.94,75.05,82.584,0.8168414814814813,89.35136144277931,34.04948003870217,68.09896007740434
2025-05-30 14:00:00,394.17,3.23,40.06,92.9,63.06720000000001,0.7800524768518519,85.44803986858831,24.04948003870217,48.09896007740434
2025-05-30 15:00:00,363.27,3.07,40.0,89.66,58.1232,0.669778773148148,87.70313643273856,14.049480038702171,28.098960077404346
2025-05-30 16:00:00,225.25,3.07,39.47,91.33,36.040000000000006,0.669778773148148,85.09253789788639,4.049480038702171,8.098960077404342
2025-05-30 17:00:00,87.5,2.85,38.38,94.88,14.0,0.0,78.6659593648857,0.0,0.0
2025-05-30 18:00:00,10.88,2.27,35.49,97.06,1.7408,0.0,63.011103538190696,0.0,0.0
2025-05-30 19:00:00,0.0,2.88,33.81,98.41,0.0,0.0,53.752675791704476,0.0,0.0
2025-05-30 20:00:00,0.0,3.6,32.56,98.96,0.0,1.08,41.12117496944023,0.0,0.0
2025-05-30 21:00:00,0.0,4.32,31.44,99.0,0.0,1.86624,37.48366267972733,0.0,0.0
2025-05-30 22:00:00,0.0,5.08,30.77,98.75,0.0,3.034641481481482,36.808588831098064,0.0,0.0
2025-05-30 23:00:00,0.0,5.47,30.24,98.71,0.0,3.7885954398148143,28.60964674930049,0.0,0.0
2025-05-31 00:00:00,0.0,5.59,29.75,99.11,0.0,4.043446273148148,15.0188435078179,0.0,0.0
2025-05-31 01:00:00,0.0,5.73,29.25,99.62,0.0,4.354919375000001,14.944741426337414,0.0,0.0
2025-05-31 02:00:00,0.0,5.71,28.61,99.3,0.0,4.309477106481482,15.167382658194617,0.0,0.0
2025-05-31 03:00:00,0.0,5.56,27.89,99.85,0.0,3.9786948148148142,15.614520469579032,0.0,0.0
2025-05-31 04:00:00,0.0,5.51,27.17,99.46,0.0,3.872318310185185,17.016342820152957,0.0,0.0
2025-05-31 05:00:00,22.2,5.94,26.9,99.44,3.5520000000000005,4.851495000000001,19.40254195220057,0.0,0.0
2025-05-31 06:00:00,135.98,6.73,28.39,98.3,21.7568,7.056046689814815,19.95586952120811,8.8569771686067,17.7139543372134
2025-05-31 07:00:00,301.62,6.9,31.75,98.45,48.2592,7.604375000000002,26.19801203402233,18.8569771686067,37.7139543372134
2025-05-31 08:00:00,483.17,7.23,35.15,98.96,77.30720000000001,8.748450625000002,26.69307652668212,28.8569771686067,57.7139543372134
2025-05-31 09:00:00,663.05,6.82,37.33,98.29,106.088,7.342929814814816,34.16464302799467,38.856977168606704,77.71395433721341
2025-05-31 10:00:00,754.62,6.36,38.67,94.77,120.73919999999998,5.9550800000000015,37.15552418454732,48.856977168606704,97.71395433721341
2025-05-31 11:00:00,818.75,6.03,39.6,45.8,131.0,5.075375625,42.253279038461386,50.0,100.0
2025-05-31 12:00:00,777.03,5.86,40.23,69.73,124.3248,4.6581031481481485,50.43101306536199,50.0,100.0
2025-05-31 13:00:00,721.58,5.81,40.5,84.83,115.4528,4.539882893518517,51.45648972921004,50.0,100.0
2025-05-31 14:00:00,648.22,5.77,40.37,47.67,103.7152,4.446760023148148,55.27431110437159,50.0,100.0
2025-05-31 15:00:00,513.42,5.67,39.81,16.22,82.1472,4.219543125,52.427486696741816,50.0,100.0
2025-05-31 16:00:00,298.17,5.56,38.89,34.28,47.7072,3.9786948148148142,47.77785259797255,50.0,100.0
2025-05-31 17:00:00,131.43,5.34,37.63,53.21,21.028800000000004,3.524845,46.53700003370988,40.0,80.0
2025-05-31 18:00:00,16.48,3.8,35.21,74.26,2.6368000000000005,1.270185185185185,35.235757556873786,30.0,60.0
2025-05-31 19:00:00,0.0,4.17,33.74,94.36,0.0,1.678511875,33.06155278148603,20.0,40.0
2025-05-31 20:00:00,0.0,4.76,33.02,70.81,0.0,2.496531851851852,28.539149233794674,10.0,20.0
2025-05-31 21:00:00,0.0,5.28,32.25,72.84,0.0,3.4073600000000006,25.62283825039918,0.0,0.0
2025-05-31 22:00:00,0.0,5.74,31.6,87.83,0.0,4.377759814814816,20.809877157960095,0.0,0.0
2025-05-31 23:00:00,0.0,5.8,30.93,88.74,0.0,4.516481481481481,19.351181237614643,0.0,0.0
2025-06-01 00:00:00,0.0,5.78,30.24,91.9,0.0,4.4699201851851855,15.142721587245472,0.0,0.0
2025-06-01 01:00:00,0.0,6.03,29.51,72.77,0.0,5.075375625,15.250399235031303,0.0,0.0
2025-06-01 02:00:00,0.0,6.52,28.99,98.96,0.0,6.41592148148148,14.863143562540245,0.0,0.0
2025-06-01 03:00:00,0.0,6.49,28.72,98.91,0.0,6.327765023148149,16.048488765851584,0.0,0.0
2025-06-01 04:00:00,0.0,6.03,28.31,98.99,0.0,5.075375625,16.33153739189331,0.0,0.0
2025-06-01 05:00:00,23.17,6.14,28.08,63.87,3.7072,5.358230185185184,18.01092833381761,0.0,0.0
2025-06-01 06:00:00,141.18,8.23,28.84,62.71,22.588800000000003,12.903744606481483,19.634178903027856,10.0,20.0
2025-06-01 07:00:00,301.45,9.09,30.53,64.2,48.232,17.386329375,23.1259021313381,20.0,40.0
2025-06-01 08:00:00,483.38,8.93,32.84,64.74,77.3408,16.484304560185183,27.737040266939903,30.0,60.0
2025-06-01 09:00:00,716.05,8.12,35.24,17.65,114.56799999999998,12.393225185185182,32.58158880479016,40.0,80.0
2025-06-01 10:00:00,857.45,6.99,37.24,3.12,137.192,7.905835625000001,39.2643436925451,50.0,100.0
2025-06-01 11:00:00,969.22,6.0,38.69,2.01,155.07520000000002,5.0,44.58211706541192,50.0,100.0
2025-06-01 12:00:00,964.95,5.28,39.48,0.89,154.39200000000002,3.4073600000000006,52.200184480431034,50.0,100.0
2025-06-01 13:00:00,893.4,4.83,39.79,0.95,142.94400000000002,2.608300625,56.97036111504204,50.0,100.0
2025-06-01 14:00:00,760.62,4.73,39.59,1.01,121.6992,2.4496253935185197,55.21271214201155,50.0,100.0
2025-06-01 15:00:00,560.92,4.77,39.1,8.37,89.7472,2.512299375,56.731660278596976,50.0,100.0
2025-06-01 16:00:00,332.6,4.87,38.25,21.12,53.216,2.6736412731481485,48.9532774997277,50.0,100.0
2025-06-01 17:00:00,137.45,5.04,37.07,34.13,21.992,2.96352,45.569738733371054,40.0,80.0
2025-06-01 18:00:00,16.05,4.25,35.22,53.42,2.5680000000000005,1.7769820601851851,40.025608814120666,30.0,60.0
2025-06-01 19:00:00,0.0,4.52,33.76,69.05,0.0,2.1376251851851844,32.10137542559196,20.0,40.0
2025-06-01 20:00:00,0.0,5.26,32.91,76.08,0.0,3.368786481481481,27.101808461990743,10.0,20.0
2025-06-01 21:00:00,0.0,5.19,32.07,84.58,0.0,3.2360731250000008,22.613028533667414,0.0,0.0
2025-06-01 22:00:00,0.0,4.34,31.13,91.59,0.0,1.8922801851851847,18.651284546596752,0.0,0.0
2025-06-01 23:00:00,0.0,3.29,30.19,95.48,0.0,0.8243353935185185,18.38591497093694,0.0,0.0
2025-06-02 00:00:00,0.0,2.62,29.66,96.76,0.0,0.0,28.232235303920653,0.0,0.0
2025-06-02 01:00:00,0.0,2.04,29.25,86.0,0.0,0.0,26.47087081270833,0.0,0.0
2025-06-02 02:00:00,0.0,1.31,28.77,99.33,0.0,0.0,24.867140255000525,0.0,0.0
2025-06-02 03:00:00,0.0,0.85,28.32,99.32,0.0,0.0,27.059620451812982,0.0,0.0
2025-06-02 04:00:00,0.0,1.53,28.29,99.26,0.0,0.0,24.573795702719792,0.0,0.0
2025-06-02 05:00:00,18.58,3.04,28.04,99.87,2.9728,0.6503348148148148,30.05837278402654,0.0,0.0
2025-06-02 06:00:00,92.38,4.74,28.68,99.89,14.7808,2.4651950000000005,27.759913656176003,0.0,0.0
2025-06-02 07:00:00,189.2,6.42,30.16,99.62,30.272,6.125214999999999,39.01357782773133,0.0,0.0
2025-06-02 08:00:00,355.23,7.13,32.17,98.78,56.83680000000001,8.390442060185185,47.189844444855716,10.0,20.0
2025-06-02 09:00:00,579.67,6.95,34.43,94.47,92.7472,7.770888310185185,51.77342513843799,20.0,40.0
2025-06-02 10:00:00,638.12,6.29,36.04,89.62,102.0992,5.760606226851852,64.86101519598215,30.0,60.0
2025-06-02 11:00:00,859.22,5.56,37.12,59.64,137.4752,3.9786948148148142,76.72858927107879,40.0,80.0
2025-06-02 12:00:00,828.88,4.97,37.58,69.88,132.6208,2.8417470601851846,79.13797939193078,50.0,100.0
2025-06-02 13:00:00,771.9,4.52,37.61,48.9,123.504,2.1376251851851844,96.3716971754742,50.0,100.0
2025-06-02 14:00:00,625.55,4.14,37.09,34.53,100.088,1.6425449999999997,90.45462864193519,50.0,100.0
2025-06-02 15:00:00,417.17,3.61,36.74,39.85,66.7472,1.089025023148148,79.99787103710732,40.0,80.0
2025-06-02 16:00:00,231.02,3.04,36.13,52.49,36.9632,0.6503348148148148,81.9754041625588,30.0,60.0
2025-06-02 17:00:00,97.75,2.8,35.09,65.87,15.64,0.0,72.22676737198971,20.0,40.0
2025-06-02 18:00:00,11.27,3.58,33.22,81.57,1.8032,1.0620998148148149,60.31132698345662,10.0,20.0
2025-06-02 19:00:00,0.0,5.35,30.9,95.98,0.0,3.5446846064814808,49.99901886609706,0.0,0.0
2025-06-02 20:00:00,0.0,5.63,28.82,99.64,0.0,4.130869143518518,42.01467561052057,0.0,0.0
2025-06-02 21:00:00,0.0,5.61,27.34,99.61,0.0,4.087001875000001,37.57945662103596,0.0,0.0
2025-06-02 22:00:00,0.0,5.35,26.54,99.47,0.0,3.5446846064814808,31.495795739515646,0.0,0.0
2025-06-02 23:00:00,0.0,4.99,26.01,99.42,0.0,2.876192106481481,30.549180213876213,0.0,0.0
2025-06-03 00:00:00,0.0,4.74,25.53,99.35,0.0,2.4651950000000005,21.991409242191505,0.0,0.0
2025-06-03 01:00:00,0.0,4.52,25.05,99.43,0.0,2.1376251851851844,25.880173725569062,0.0,0.0
2025-06-03 02:00:00,0.0,4.16,24.72,99.99,0.0,1.6664651851851853,26.206809869985808,0.0,0.0
2025-06-03 03:00:00,0.0,3.86,24.65,99.45,0.0,1.3313068518518518,28.249287399783615,0.0,0.0
2025-06-03 04:00:00,0.0,3.72,24.77,99.46,0.0,1.1916400000000005,27.207845068133697,0.0,0.0
2025-06-03 05:00:00,11.57,4.29,25.2,100.0,1.8512,1.8276293750000003,27.419652377468,0.0,0.0
2025-06-03 06:00:00,77.88,5.21,26.82,98.82,12.4608,3.273628726851852,31.14959085224235,0.0,0.0
2025-06-03 07:00:00,160.0,6.23,29.59,99.45,25.6,5.597323310185186,38.82551084051398,0.0,0.0
2025-06-03 08:00:00,287.35,7.21,31.67,98.83,45.97600000000001,8.676050023148148,43.760816449402,10.0,20.0
2025-06-03 09:00:00,290.3,7.05,33.02,98.11,46.44800000000001,8.111171875,49.73627960922362,14.822892265776382,29.645784531552767
2025-06-03 10:00:00,248.0,6.66,34.02,98.22,39.68000000000001,6.838155,66.19598885575365,4.822892265776382,9.645784531552763
2025-06-03 11:00:00,285.4,6.24,34.98,97.63,45.664,5.624320000000001,79.62216712706294,0.0,0.0
2025-06-03 12:00:00,381.7,5.88,35.5,95.8,61.072,4.70596,75.79594342067703,0.0,0.0
2025-06-03 13:00:00,314.48,5.56,35.66,98.48,50.31680000000001,3.9786948148148142,96.49666644640544,0.0,0.0
2025-06-03 14:00:00,414.58,5.12,35.54,94.16,66.3328,3.106891851851852,86.6117380340675,0.0,0.0
2025-06-03 15:00:00,445.55,4.49,35.15,24.77,71.288,2.095343726851852,85.28451707470164,0.0,0.0
2025-06-03 16:00:00,266.27,3.72,34.38,36.21,42.60320000000001,1.1916400000000005,75.80596147770517,0.0,0.0
2025-06-03 17:00:00,111.25,2.58,33.21,47.39,17.8,0.0,77.71662632920496,0.0,0.0
2025-06-03 18:00:00,15.12,1.32,31.6,56.46,2.4192,0.0,59.25972671588706,0.0,0.0
2025-06-03 19:00:00,0.0,1.06,30.33,66.32,0.0,0.0,53.61520642489951,0.0,0.0
2025-06-03 20:00:00,0.0,1.44,29.42,75.37,0.0,0.0,43.97083443734791,0.0,0.0
2025-06-03 21:00:00,0.0,1.82,28.53,92.67,0.0,0.0,36.85614374206477,0.0,0.0
2025-06-03 22:00:00,0.0,2.12,27.67,91.78,0.0,0.0,33.79021248562473,0.0,0.0
2025-06-03 23:00:00,0.0,2.38,26.95,99.75,0.0,0.0,28.979948918723643,0.0,0.0
2025-06-04 00:00:00,0.0,2.51,26.31,99.76,0.0,0.0,25.08189806325967,0.0,0.0
2025-06-04 01:00:00,0.0,2.76,25.79,99.96,0.0,0.0,24.64519332553154,0.0,0.0
2025-06-04 02:00:00,0.0,3.13,25.38,98.95,0.0,0.7098216898148147,25.527527084418573,0.0,0.0
2025-06-04 03:00:00,0.0,3.43,25.06,99.84,0.0,0.9341112731481482,27.35890684983357,0.0,0.0
2025-06-04 04:00:00,0.0,3.55,24.72,99.4,0.0,1.0356221064814817,26.681139433531413,0.0,0.0
2025-06-04 05:00:00,12.12,3.87,24.88,100.0,1.9392,1.3416806250000002,27.649560325862414,0.0,0.0
2025-06-04 06:00:00,52.35,4.52,26.43,100.0,8.376000000000001,2.1376251851851844,33.662992004138154,0.0,0.0
2025-06-04 07:00:00,136.5,5.02,29.28,100.0,21.840000000000003,2.928379814814814,39.26757189435099,0.0,0.0
2025-06-04 08:00:00,247.32,5.82,31.67,98.76,39.571200000000005,4.563365000000001,44.873829184894056,0.0,0.0
2025-06-04 09:00:00,441.17,6.35,33.49,87.11,70.5872,5.927034143518518,55.07399838663242,10.0,20.0
2025-06-04 10:00:00,562.0,6.54,35.01,82.59,89.92000000000002,6.475145,61.63140558497745,20.0,40.0
2025-06-04 11:00:00,618.62,6.36,36.11,82.47,98.97920000000002,5.9550800000000015,66.79291854331657,30.0,60.0
2025-06-04 12:00:00,517.15,5.94,36.79,97.13,82.74400000000001,4.851495000000001,75.85020282278829,40.0,80.0
2025-06-04 13:00:00,515.88,5.47,37.07,88.14,82.5408,3.7885954398148143,85.96890395820998,40.36049148160484,80.72098296320968
2025-06-04 14:00:00,641.88,5.21,37.24,39.57,102.70080000000002,3.273628726851852,79.29124247133784,50.0,100.0
2025-06-04 15:00:00,512.28,5.14,36.97,8.25,81.9648,3.1434431481481475,86.75392483274672,48.35431831540143,96.70863663080286
2025-06-04 16:00:00,299.3,5.01,36.17,25.1,47.888000000000005,2.910914375,77.90488228607961,38.35431831540143,76.70863663080286
2025-06-04 17:00:00,124.15,4.66,35.04,42.44,19.864000000000004,2.342469814814815,67.61663741742713,28.35431831540143,56.70863663080286
2025-06-04 18:00:00,16.55,2.69,32.88,58.39,2.648000000000001,0.0,59.01176451677175,18.35431831540143,36.70863663080286
2025-06-04 19:00:00,0.0,2.28,31.38,73.49,0.0,0.0,49.364731783402654,8.354318315401429,16.708636630802857
2025-06-04 20:00:00,0.0,2.1,30.7,75.4,0.0,0.0,47.54892483173904,0.0,0.0
2025-06-04 21:00:00,0.0,1.82,30.1,76.91,0.0,0.0,35.53650021196309,0.0,0.0
2025-06-04 22:00:00,0.0,1.46,29.67,85.24,0.0,0.0,34.41381393372404,0.0,0.0
2025-06-04 23:00:00,0.0,1.1,29.29,97.05,0.0,0.0,28.64042852949272,0.0,0.0
2025-06-05 00:00:00,0.0,1.0,28.65,99.24,0.0,0.0,24.592710497799928,0.0,0.0
2025-06-05 01:00:00,0.0,1.39,27.7,96.71,0.0,0.0,24.63484693296659,0.0,0.0
2025-06-05 02:00:00,0.0,1.84,26.67,99.67,0.0,0.0,26.693144209086675,0.0,0.0
2025-06-05 03:00:00,0.0,2.15,25.82,99.49,0.0,0.0,24.545573215086367,0.0,0.0
2025-06-05 04:00:00,0.0,2.3,25.21,99.07,0.0,0.0,27.110580582439077,0.0,0.0
2025-06-05 05:00:00,23.15,2.71,25.38,97.23,3.7039999999999993,0.0,28.559574198015948,0.0,0.0
2025-06-05 06:00:00,139.2,3.7,27.3,94.29,22.272,1.1725231481481482,33.81298044888215,0.0,0.0
2025-06-05 07:00:00,310.1,3.46,30.21,94.43,49.616000000000014,0.9588364814814814,34.87959292549986,10.0,20.0
2025-06-05 08:00:00,486.17,3.04,32.68,94.94,77.7872,0.6503348148148148,43.514162131864154,20.0,40.0
2025-06-05 09:00:00,682.78,2.71,34.5,39.97,109.2448,0.0,54.39910388095908,30.0,60.0
2025-06-05 10:00:00,861.88,2.39,35.88,5.88,137.9008,0.0,61.32452203800422,40.0,80.0
2025-06-05 11:00:00,959.45,2.01,36.96,1.51,153.51200000000003,0.0,70.92515253193642,50.0,100.0
2025-06-05 12:00:00,921.17,1.78,37.71,9.89,147.38719999999998,0.0,78.71963027173916,50.0,100.0
2025-06-05 13:00:00,836.35,1.9,38.17,11.52,133.816,0.0,88.42767499001965,50.0,100.0
2025-06-05 14:00:00,709.47,2.39,38.37,6.52,113.5152,0.0,91.5844800181836,50.0,100.0
2025-06-05 15:00:00,559.7,2.93,38.22,1.51,89.55200000000002,0.0,82.72844246403764,50.0,100.0
2025-06-05 16:00:00,338.65,3.36,37.64,25.86,54.184,0.8780799999999999,75.04209375738604,40.0,80.0
2025-06-05 17:00:00,144.77,3.51,36.59,49.05,23.163200000000003,1.0010081249999998,72.01137632072871,30.0,60.0
2025-06-05 18:00:00,19.23,2.15,34.17,74.04,3.0768000000000004,0.0,61.5134533861126,20.0,40.0
2025-06-05 19:00:00,0.0,2.08,32.54,99.33,0.0,0.0,54.87315389454874,10.0,20.0
2025-06-05 20:00:00,0.0,2.0,31.95,98.06,0.0,0.0,41.62632410495486,0.0,0.0
2025-06-05 21:00:00,0.0,1.92,31.53,93.62,0.0,0.0,36.011620852608104,0.0,0.0
2025-06-05 22:00:00,0.0,1.85,31.28,90.15,0.0,0.0,32.1565994776919,0.0,0.0
2025-06-05 23:00:00,0.0,1.89,30.89,70.87,0.0,0.0,29.67502388456791,0.0,0.0
2025-06-06 00:00:00,0.0,2.0,30.42,36.58,0.0,0.0,25.683949316461305,0.0,0.0
2025-06-06 01:00:00,0.0,1.97,30.0,47.08,0.0,0.0,25.26015637121945,0.0,0.0
2025-06-06 02:00:00,0.0,1.71,29.45,18.53,0.0,0.0,24.152835344016264,0.0,0.0
2025-06-06 03:00:00,0.0,1.16,28.84,23.92,0.0,0.0,26.148612182043074,0.0,0.0
2025-06-06 04:00:00,0.0,0.51,28.51,27.5,0.0,0.0,28.552334841396657,0.0,0.0
2025-06-06 05:00:00,26.27,0.91,28.55,21.59,4.2032,0.0,31.749150766830052,0.0,0.0
2025-06-06 06:00:00,159.93,1.99,28.93,14.6,25.58880000000001,0.0,32.80401881051204,0.0,0.0
2025-06-06 07:00:00,348.5,2.69,30.08,10.16,55.75999999999999,0.0,39.191214337629134,10.0,20.0
2025-06-06 08:00:00,552.33,2.73,32.42,4.02,88.3728,0.0,44.41198911459136,20.0,40.0
2025-06-06 09:00:00,732.17,3.2,34.81,1.51,117.1472,0.7585185185185186,53.17571767783151,30.0,60.0
2025-06-06 10:00:00,859.72,4.1,36.63,1.01,137.5552,1.595393518518518,59.51492525268543,40.0,80.0
2025-06-06 11:00:00,939.33,4.79,38.45,3.02,150.2928,2.5440333101851853,77.2489261910108,50.0,100.0
2025-06-06 12:00:00,840.08,5.16,39.32,24.47,134.41280000000003,3.18028,80.38619914761573,50.0,100.0
2025-06-06 13:00:00,818.12,5.27,39.59,7.75,130.8992,3.3880366435185176,91.16053317613898,50.0,100.0
2025-06-06 14:00:00,693.25,5.32,39.66,4.57,110.92000000000002,3.485388148148149,91.60338610865661,50.0,100.0
2025-06-06 15:00:00,516.08,5.54,39.81,4.15,82.57280000000003,3.935913518518519,90.12293440430136,46.385779114217186,92.77155822843437
2025-06-06 16:00:00,302.83,5.59,39.0,19.85,48.4528,4.043446273148148,85.95182092752935,36.385779114217186,72.77155822843437
2025-06-06 17:00:00,130.23,4.42,37.83,34.55,20.8368,1.998863148148148,76.67644852600539,26.385779114217186,52.771558228434365
2025-06-06 18:00:00,17.25,3.07,35.55,53.89,2.76,0.669778773148148,64.4528939637965,16.385779114217186,32.77155822843437
2025-06-06 19:00:00,0.0,2.96,34.16,70.61,0.0,0.0,52.71172005123567,6.385779114217186,12.771558228434374
2025-06-06 20:00:00,0.0,3.01,33.25,99.19,0.0,0.6312708564814813,45.26204149235965,0.0,0.0
2025-06-06 21:00:00,0.0,3.04,32.23,99.11,0.0,0.6503348148148148,38.504214846279254,0.0,0.0
2025-06-06 22:00:00,0.0,2.97,31.14,96.08,0.0,0.0,32.08800161479309,0.0,0.0
2025-06-06 23:00:00,0.0,2.72,30.26,87.71,0.0,0.0,30.913621344630247,0.0,0.0
2025-06-07 00:00:00,0.0,2.31,29.54,84.12,0.0,0.0,14.96051028627586,0.0,0.0
2025-06-07 01:00:00,0.0,1.87,29.0,39.65,0.0,0.0,13.515808116446141,0.0,0.0
2025-06-07 02:00:00,0.0,1.32,28.87,64.44,0.0,0.0,15.365028040226795,0.0,0.0
2025-06-07 03:00:00,0.0,0.75,28.99,77.1,0.0,0.0,16.223097235213856,0.0,0.0
2025-06-07 04:00:00,0.0,0.36,28.97,89.84,0.0,0.0,16.630445614206337,0.0,0.0
2025-06-07 05:00:00,23.27,0.62,29.02,79.08,3.7232,0.0,18.18583536928913,0.0,0.0
2025-06-07 06:00:00,145.98,1.59,30.52,66.36,23.3568,0.0,19.96746460997424,3.38933539002576,6.778670780051519
2025-06-07 07:00:00,301.23,2.51,33.19,56.77,48.1968,0.0,22.52420999111292,13.38933539002576,26.778670780051524
2025-06-07 08:00:00,481.08,3.13,36.14,46.09,76.9728,0.7098216898148147,30.76261949045324,23.38933539002576,46.77867078005152
2025-06-07 09:00:00,650.42,3.45,38.31,35.62,104.0672,0.9505468750000002,33.94453963841,33.389335390025764,66.77867078005153
2025-06-07 10:00:00,791.88,3.88,40.1,25.14,126.70080000000002,1.352108148148148,39.506959286709474,43.389335390025764,86.77867078005153
2025-06-07 11:00:00,921.55,4.34,41.42,14.54,147.448,1.8922801851851847,43.98580769533106,50.0,100.0
2025-06-07 12:00:00,961.08,4.81,42.35,3.88,153.77280000000002,2.576033356481481,51.03915630923881,50.0,100.0
2025-06-07 13:00:00,901.25,5.24,42.94,1.01,144.20000000000002,3.330505185185185,59.7785077266912,50.0,100.0
2025-06-07 14:00:00,766.25,5.49,43.15,4.52,122.6,3.830304375,59.043110340462064,50.0,100.0
2025-06-07 15:00:00,587.2,5.56,42.92,4.02,93.952,3.9786948148148142,56.06297932956374,50.0,100.0
2025-06-07 16:00:00,358.6,5.52,42.26,24.87,57.376000000000005,3.893439999999999,49.92949235387605,50.0,100.0
2025-06-07 17:00:00,156.62,4.82,41.06,45.59,25.059200000000004,2.5921335185185197,48.905353148940904,40.0,80.0
2025-06-07 18:00:00,19.92,2.79,37.87,69.46,3.1872000000000003,0.0,41.75882171459884,30.0,60.0
2025-06-07 19:00:00,0.0,2.71,36.22,91.76,0.0,0.0,33.817504109543655,20.0,40.0
2025-06-07 20:00:00,0.0,2.6,35.42,90.8,0.0,0.0,27.837664543758983,10.0,20.0
2025-06-07 21:00:00,0.0,2.43,34.51,86.73,0.0,0.0,22.79425645073004,0.0,0.0
2025-06-07 22:00:00,0.0,2.14,33.54,80.36,0.0,0.0,21.30202644541515,0.0,0.0
2025-06-07 23:00:00,0.0,1.78,32.63,80.9,0.0,0.0,17.771048410271327,0.0,0.0
2025-06-08 00:00:00,0.0,1.46,31.79,38.72,0.0,0.0,14.952257522983903,0.0,0.0
2025-06-08 01:00:00,0.0,1.26,30.92,47.38,0.0,0.0,15.643603006912102,0.0,0.0
2025-06-08 02:00:00,0.0,1.34,30.27,27.54,0.0,0.0,14.898127456048607,0.0,0.0
2025-06-08 03:00:00,0.0,1.89,29.79,26.76,0.0,0.0,14.987083528617346,0.0,0.0
2025-06-08 04:00:00,0.0,2.69,28.86,17.17,0.0,0.0,17.762286141438704,0.0,0.0
2025-06-08 05:00:00,26.55,3.57,28.53,14.86,4.248,1.053224375,16.81911091397964,0.0,0.0
2025-06-08 06:00:00,162.57,5.53,30.16,11.81,26.0112,3.9146383564814817,20.72529428225522,9.200544074226261,18.401088148452523
2025-06-08 07:00:00,348.45,6.58,32.73,10.75,55.752,6.594683148148148,24.55028791490683,19.20054407422626,38.40108814845252
2025-06-08 08:00:00,544.1,7.3,35.69,9.24,87.05600000000001,9.005023148148148,29.032087967817784,29.20054407422626,58.401088148452516
2025-06-08 09:00:00,715.78,7.31,38.6,7.61,114.5248,9.042080810185183,32.921918750770615,39.20054407422626,78.40108814845252
2025-06-08 10:00:00,843.8,7.1,40.89,5.84,135.008,8.284976851851852,44.24131152492716,49.20054407422626,98.40108814845252
2025-06-08 11:00:00,972.75,6.91,42.79,3.85,155.64,7.637485439814815,46.79322287137565,50.0,100.0
2025-06-08 12:00:00,975.0,6.82,43.96,1.95,156.0,7.342929814814816,53.84665244288808,50.0,100.0
2025-06-08 13:00:00,912.17,6.86,44.62,0.04,145.9472,7.472890185185186,51.319047450501174,50.0,100.0
2025-06-08 14:00:00,763.88,6.92,44.72,15.97,122.2208,7.670691851851851,55.56957877851575,50.0,100.0
2025-06-08 15:00:00,572.12,6.94,44.32,31.86,91.5392,7.73739314814815,51.70764559161726,50.0,100.0
2025-06-08 16:00:00,359.05,6.79,43.54,47.94,57.44800000000001,7.24645460648148,54.17112011009195,50.0,100.0
2025-06-08 17:00:00,159.15,5.96,42.2,64.12,25.464,4.9006651851851855,46.82673835265735,40.0,80.0
2025-06-08 18:00:00,22.42,3.54,38.39,80.76,3.587200000000001,1.026895,39.238977824714105,30.0,60.0
2025-06-08 19:00:00,0.0,3.56,36.07,96.96,0.0,1.0443985185185187,34.21333781492702,20.0,40.0
2025-06-08 20:00:00,0.0,3.71,35.08,99.16,0.0,1.182055810185185,30.259538467563353,10.0,20.0
2025-06-08 21:00:00,0.0,3.93,34.16,99.95,0.0,1.405056875,24.658978844278572,0.0,0.0
2025-06-08 22:00:00,0.0,4.31,33.27,99.89,0.0,1.8533099768518515,20.973664503491996,0.0,0.0
2025-06-08 23:00:00,0.0,4.81,32.37,99.18,0.0,2.576033356481481,16.579329374212342,0.0,0.0
2025-06-09 00:00:00,0.0,5.46,31.54,93.09,0.0,3.767855,26.177679178119465,0.0,0.0
2025-06-09 01:00:00,0.0,6.1,30.78,85.87,0.0,5.254189814814813,26.734572651112188,0.0,0.0
2025-06-09 02:00:00,0.0,6.67,30.1,66.14,0.0,6.869003773148147,25.96526745409487,0.0,0.0
2025-06-09 03:00:00,0.0,7.18,29.52,64.25,0.0,8.568199814814813,26.642934752873614,0.0,0.0
2025-06-09 04:00:00,0.0,7.62,28.98,68.66,0.0,10.241915000000002,26.602175603072943,0.0,0.0
2025-06-09 05:00:00,22.45,8.26,28.87,60.86,3.592,13.045369814814816,31.02534231178919,0.0,0.0
2025-06-09 06:00:00,140.5,8.73,30.49,52.07,22.480000000000004,15.401356875000005,35.925686756800815,1.955670118199194,3.9113402363983885
2025-06-09 07:00:00,305.5,9.56,33.58,44.46,48.88,20.225065185185187,38.41804796897951,11.955670118199194,23.911340236398388
2025-06-09 08:00:00,488.73,10.38,36.91,36.96,78.1968,25.88858500000001,49.32532757223971,21.955670118199194,43.91134023639839
2025-06-09 09:00:00,663.2,10.14,39.78,29.68,106.11200000000002,24.134045000000004,60.841754552382056,31.955670118199194,63.91134023639838
2025-06-09 10:00:00,800.38,9.46,42.07,22.43,128.0608,19.597003148148158,67.07959697778917,41.955670118199194,83.91134023639839
2025-06-09 11:00:00,949.6,8.83,43.65,15.03,151.936,15.936698773148148,80.38137742081784,50.0,100.0
2025-06-09 12:00:00,973.35,8.38,44.6,7.6,155.73600000000002,13.622233148148151,82.6675567080596,50.0,100.0
2025-06-09 13:00:00,933.5,8.15,45.06,0.02,149.36,12.53109664351852,100.27008186348691,50.0,100.0
2025-06-09 14:00:00,781.22,8.03,45.06,16.42,124.9952,11.985685810185185,100.31924344942561,50.0,100.0
2025-06-09 15:00:00,586.42,7.9,44.61,32.86,93.8272,11.412939814814816,93.5286328553075,50.0,100.0
2025-06-09 16:00:00,366.42,7.71,43.72,49.49,58.62720000000001,10.609120625,87.48380910429748,40.0,80.0
2025-06-09 17:00:00,160.88,6.8,42.25,66.22,25.740800000000004,7.278518518518517,74.9652949654476,30.0,60.0
2025-06-09 18:00:00,21.98,4.28,38.36,83.2,3.5168,1.8148785185185188,66.36335879965527,20.0,40.0
2025-06-09 19:00:00,0.0,4.37,35.91,99.98,0.0,1.931792893518519,55.602660191838396,10.0,20.0
2025-06-09 20:00:00,0.0,4.9,34.97,99.97,0.0,2.723356481481482,46.042393136309514,0.0,0.0
2025-06-09 21:00:00,0.0,5.47,34.12,99.95,0.0,3.7885954398148143,40.27287822533345,0.0,0.0
2025-06-09 22:00:00,0.0,6.13,33.33,99.95,0.0,5.332092523148147,33.87730358480386,0.0,0.0
2025-06-09 23:00:00,0.0,6.63,32.57,99.99,0.0,6.746163125,29.38959704321875,0.0,0.0
2025-06-10 00:00:00,0.0,6.81,31.79,100.0,0.0,7.310676874999999,26.248591240194514,0.0,0.0
2025-06-10 01:00:00,0.0,6.94,31.13,85.06,0.0,7.73739314814815,26.529482284809077,0.0,0.0
2025-06-10 02:00:00,0.0,7.16,30.65,100.0,0.0,8.496798518518519,24.37921217859288,0.0,0.0
2025-06-10 03:00:00,0.0,7.41,30.32,100.0,0.0,9.418264375,26.17003034830452,0.0,0.0
2025-06-10 04:00:00,0.0,7.6,30.03,100.0,0.0,10.16148148148148,29.668868071277597,0.0,0.0
2025-06-10 05:00:00,27.55,7.96,30.13,88.95,4.408,11.67496148148148,30.487723556464946,0.0,0.0
2025-06-10 06:00:00,179.45,8.57,31.93,76.43,28.712000000000003,14.569972060185188,36.19308102704833,7.088891033136861,14.177782066273723
2025-06-10 07:00:00,377.0,8.92,35.49,66.18,60.32000000000001,16.42898814814815,40.00451587649407,17.08889103313686,34.17778206627372
2025-06-10 08:00:00,587.22,9.66,38.86,55.28,93.95520000000002,20.866405,48.91299315731455,27.08889103313686,54.177782066273714
2025-06-10 09:00:00,769.58,8.94,41.04,44.48,123.1328,16.539744999999996,60.18744821722043,37.08889103313686,74.17778206627372
2025-06-10 10:00:00,903.15,7.76,42.62,33.81,144.504,10.816865185185184,71.4719119689218,47.08889103313686,94.17778206627372
2025-06-10 11:00:00,982.8,6.71,43.83,23.1,157.24800000000002,6.993326643518519,74.3894215516793,50.0,100.0
2025-06-10 12:00:00,988.72,5.95,44.56,12.32,158.1952,4.8760387731481485,81.1550926352489,50.0,100.0
2025-06-10 13:00:00,930.38,5.38,44.88,1.47,148.8608,3.604649814814814,89.85384754133538,50.0,100.0
2025-06-10 14:00:00,803.1,5.02,44.8,0.5,128.496,2.928379814814814,94.0216420870204,50.0,100.0
2025-06-10 15:00:00,622.85,4.89,44.3,4.02,99.656,2.7067168749999992,92.64962289252475,50.0,100.0
2025-06-10 16:00:00,398.95,4.9,43.38,26.7,63.832,2.723356481481482,85.07053865704249,40.0,80.0
2025-06-10 17:00:00,177.62,4.8,42.0,51.42,28.419200000000004,2.56,79.57568107358148,30.0,60.0
2025-06-10 18:00:00,23.88,3.16,38.38,75.89,3.8208,0.7304281481481483,67.38271855706184,20.0,40.0
2025-06-10 19:00:00,0.0,3.49,36.05,99.99,0.0,0.9839941898148152,60.02511591670305,10.0,20.0
2025-06-10 20:00:00,0.0,3.87,35.18,99.93,0.0,1.3416806250000002,45.076095910582254,0.0,0.0
2025-06-10 21:00:00,0.0,4.28,34.37,99.93,0.0,1.8148785185185188,39.14059688748897,0.0,0.0
2025-06-10 22:00:00,0.0,4.78,33.63,99.93,0.0,2.5281331481481484,34.97340977347476,0.0,0.0
2025-06-10 23:00:00,0.0,5.37,32.98,99.96,0.0,3.584586875,31.299453302264396,0.0,0.0
2025-06-11 00:00:00,0.0,5.78,32.32,100.0,0.0,4.4699201851851855,28.64664058627538,0.0,0.0
2025-06-11 01:00:00,0.0,6.01,31.73,86.07,0.0,5.025041689814814,24.85039688372983,0.0,0.0
2025-06-11 02:00:00,0.0,6.25,31.21,100.0,0.0,5.651403356481481,25.441602807055855,0.0,0.0
2025-06-11 03:00:00,0.0,6.48,30.77,99.38,0.0,6.298560000000001,25.639077525529977,0.0,0.0
2025-06-11 04:00:00,0.0,6.59,30.39,93.38,0.0,6.6247958101851845,25.827245456426738,0.0,0.0
2025-06-11 05:00:00,26.35,6.9,30.48,81.25,4.216,7.604375000000002,29.030644182247503,0.0,0.0
2025-06-11 06:00:00,168.9,7.52,32.45,66.41,27.024,9.843958518518518,31.735288233933776,5.132670284584744,10.265340569169489
2025-06-11 07:00:00,336.23,7.43,36.27,56.93,53.79680000000001,9.494731643518518,40.73594430914107,15.132670284584744,30.265340569169492
2025-06-11 08:00:00,522.5,6.74,39.72,45.38,83.60000000000001,7.087546851851853,49.0135422975019,25.132670284584744,50.265340569169496
2025-06-11 09:00:00,694.22,5.18,41.63,34.11,111.07520000000002,3.2174035185185184,57.82723029464951,35.13267028458475,70.2653405691695
2025-06-11 10:00:00,835.47,3.68,43.08,23.17,133.67520000000002,1.153611851851852,70.22437579123363,45.13267028458475,90.2653405691695
2025-06-11 11:00:00,936.15,2.58,44.18,12.21,149.784,0.0,80.33467538992214,50.0,100.0
2025-06-11 12:00:00,977.25,1.97,44.87,1.06,156.36,0.0,86.79033277029723,50.0,100.0
2025-06-11 13:00:00,905.1,1.7,45.21,4.55,144.816,0.0,97.42266992743954,50.0,100.0
2025-06-11 14:00:00,763.62,1.86,45.27,10.86,122.1792,0.0,95.91568283628669,50.0,100.0
2025-06-11 15:00:00,585.08,2.28,44.99,9.15,93.6128,0.0,92.405852609149,50.0,100.0
2025-06-11 16:00:00,365.23,2.75,44.27,23.28,58.436800000000005,0.0,96.44449462362915,40.0,80.0
2025-06-11 17:00:00,159.48,3.19,43.11,37.13,25.5168,0.7514296064814816,76.30573059228448,30.0,60.0
2025-06-11 18:00:00,19.9,2.49,40.26,58.17,3.184,0.0,71.39416576449463,20.0,40.0
2025-06-11 19:00:00,0.0,3.0,38.39,75.03,0.0,0.625,59.15954091912711,10.0,20.0
2025-06-11 20:00:00,0.0,3.37,37.69,69.49,0.0,0.8859433564814816,51.33178775208925,0.0,0.0
2025-06-11 21:00:00,0.0,3.53,36.8,72.91,0.0,1.018217060185185,38.35689363143571,0.0,0.0
2025-06-11 22:00:00,0.0,3.54,35.92,78.27,0.0,1.026895,36.318387084646766,0.0,0.0
2025-06-11 23:00:00,0.0,3.44,35.07,86.43,0.0,0.942305185185185,31.600874955302828,0.0,0.0
2025-06-12 00:00:00,0.0,3.22,34.24,90.01,0.0,0.772829814814815,25.36033257793935,0.0,0.0
2025-06-12 01:00:00,0.0,2.95,33.39,87.04,0.0,0.0,29.305824289391946,0.0,0.0
2025-06-12 02:00:00,0.0,2.75,32.54,95.61,0.0,0.0,26.232124075836253,0.0,0.0
2025-06-12 03:00:00,0.0,2.61,31.77,92.55,0.0,0.0,29.09752289520893,0.0,0.0
2025-06-12 04:00:00,0.0,2.5,31.07,92.81,0.0,0.0,29.106797976982655,0.0,0.0
2025-06-12 05:00:00,27.08,2.67,31.03,81.23,4.332800000000001,0.0,30.791624627755535,0.0,0.0
2025-06-12 06:00:00,173.65,3.58,33.03,67.53,27.784,1.0620998148148149,32.451831966618705,0.0,0.0
2025-06-12 07:00:00,371.4,3.22,36.62,56.84,59.42399999999999,0.772829814814815,41.70928621058823,10.0,20.0
2025-06-12 08:00:00,573.08,2.99,40.64,46.36,91.69280000000002,0.0,46.74590816240084,20.0,40.0
2025-06-12 09:00:00,755.4,2.18,42.81,35.2,120.864,0.0,60.79923191535596,30.0,60.0
2025-06-12 10:00:00,890.15,1.43,44.12,23.99,142.424,0.0,66.8114228035377,40.0,80.0
2025-06-12 11:00:00,971.1,0.98,45.04,12.62,155.37600000000003,0.0,74.02396368627616,50.0,100.0
2025-06-12 12:00:00,974.12,0.78,45.67,0.92,155.8592,0.0,84.15665835109075,50.0,100.0
2025-06-12 13:00:00,900.72,0.74,46.04,2.53,144.11520000000002,0.0,91.01540490903011,50.0,100.0
2025-06-12 14:00:00,735.28,0.83,46.06,19.98,117.6448,0.0,97.88574120337297,50.0,100.0
2025-06-12 15:00:00,553.05,1.02,45.75,22.54,88.488,0.0,91.81954717873626,46.66845282126374,93.33690564252748
2025-06-12 16:00:00,321.1,1.24,45.12,31.63,51.376000000000005,0.0,93.76286510766994,36.66845282126374,73.33690564252748
2025-06-12 17:00:00,136.95,1.51,44.09,39.82,21.912,0.0,77.37172460574799,26.66845282126374,53.33690564252749
2025-06-12 18:00:00,17.92,1.34,41.44,53.9,2.8672000000000004,0.0,68.66286105432411,16.66845282126374,33.33690564252748
2025-06-12 19:00:00,0.0,1.87,39.71,65.2,0.0,0.0,54.50811896961006,6.668452821263742,13.336905642527483
2025-06-12 20:00:00,0.0,3.08,38.85,66.76,0.0,0.6763451851851853,47.90299863229875,0.0,0.0
2025-06-12 21:00:00,0.0,4.41,37.52,88.2,0.0,1.985326875,40.9696404163133,0.0,0.0
2025-06-12 22:00:00,0.0,4.76,36.39,94.2,0.0,2.496531851851852,34.19842768169465,0.0,0.0
2025-06-12 23:00:00,0.0,4.6,35.53,96.74,0.0,2.253148148148148,31.19568605350679,0.0,0.0
2025-06-13 00:00:00,0.0,4.25,34.79,82.85,0.0,1.7769820601851851,29.724272461945855,0.0,0.0
2025-06-13 01:00:00,0.0,3.98,34.16,87.99,0.0,1.459370185185185,25.372610428888166,0.0,0.0
2025-06-13 02:00:00,0.0,3.59,33.53,68.91,0.0,1.0710249768518516,26.581049902534538,0.0,0.0
2025-06-13 03:00:00,0.0,3.13,32.87,87.13,0.0,0.7098216898148147,26.330133949561368,0.0,0.0
2025-06-13 04:00:00,0.0,2.83,32.3,96.31,0.0,0.0,27.62361755918238,0.0,0.0
2025-06-13 05:00:00,23.4,3.21,32.46,85.31,3.744,0.7656518749999999,27.472493894503458,0.0,0.0
2025-06-13 06:00:00,136.18,4.08,34.09,73.94,21.7888,1.5721600000000002,34.3342561958232,0.0,0.0
2025-06-13 07:00:00,279.7,4.47,37.66,63.54,44.752,2.0674681249999995,40.69690814934065,6.12255997565935,12.2451199513187
2025-06-13 08:00:00,488.25,4.55,40.45,53.31,78.12,2.1804716435185183,49.09270079780725,16.12255997565935,32.2451199513187
2025-06-13 09:00:00,691.1,4.41,42.14,26.69,110.576,1.985326875,58.009993383821666,26.12255997565935,52.2451199513187
2025-06-13 10:00:00,837.05,4.21,43.56,0.5,133.928,1.7272791898148143,71.19521745137556,36.12255997565935,72.2451199513187
2025-06-13 11:00:00,798.17,4.0,44.74,31.32,127.7072,1.4814814814814814,73.83766559803207,46.12255997565935,92.2451199513187
2025-06-13 12:00:00,726.25,3.76,45.47,59.56,116.2,1.2304948148148147,94.71151736451844,50.0,100.0
2025-06-13 13:00:00,593.17,3.54,45.76,58.43,94.9072,1.026895,92.90809002101544,50.0,100.0
2025-06-13 14:00:00,532.42,3.35,45.63,55.08,85.1872,0.8702633101851853,102.97518604388416,40.0,80.0
2025-06-13 15:00:00,421.17,3.31,45.16,40.85,67.38719999999999,0.8394604398148148,89.22635015631653,30.0,60.0
2025-06-13 16:00:00,249.95,3.4,44.2,53.27,39.992,0.9098148148148146,86.8001573238583,20.0,40.0
2025-06-13 17:00:00,112.07,3.68,43.06,66.01,17.9312,1.153611851851852,78.54841569092659,10.0,20.0
2025-06-13 18:00:00,16.8,3.2,41.14,83.06,2.6880000000000006,0.7585185185185186,70.51080751906099,0.0,0.0
2025-06-13 19:00:00,0.0,4.2,39.64,97.27,0.0,1.715,56.603423728478944,0.0,0.0
2025-06-13 20:00:00,0.0,5.51,38.85,95.93,0.0,3.872318310185185,52.91746465049633,0.0,0.0
2025-06-13 21:00:00,0.0,6.31,37.96,96.88,0.0,5.815731273148147,46.07826075392247,0.0,0.0
2025-06-13 22:00:00,0.0,6.44,37.09,97.5,0.0,6.18263851851852,33.8795241794478,0.0,0.0
2025-06-13 23:00:00,0.0,5.99,36.26,98.39,0.0,4.975041643518519,30.44339247901306,0.0,0.0
2025-06-14 00:00:00,0.0,5.33,35.44,98.96,0.0,3.505079560185185,15.381683408724008,0.0,0.0
2025-06-14 01:00:00,0.0,4.8,34.61,99.91,0.0,2.56,15.35915735753223,0.0,0.0
2025-06-14 02:00:00,0.0,4.25,33.86,84.3,0.0,1.7769820601851851,16.509742452475358,0.0,0.0
2025-06-14 03:00:00,0.0,3.69,33.21,99.85,0.0,1.163041875,17.443905434554463,0.0,0.0
2025-06-14 04:00:00,0.0,3.1,32.66,99.75,0.0,0.6896064814814816,16.274647264451843,0.0,0.0
2025-06-14 05:00:00,22.12,3.32,32.71,92.55,3.539200000000001,0.8470918518518518,18.204218514610947,0.0,0.0
2025-06-14 06:00:00,126.5,4.13,34.58,84.57,20.24,1.630671226851852,19.94539114360499,1.9252800832468608,3.8505601664937217
2025-06-14 07:00:00,261.65,4.51,37.13,77.38,41.864,2.123468773148148,24.65987991412145,11.92528008324686,23.85056016649372
2025-06-14 08:00:00,443.23,4.06,39.09,70.24,70.91680000000001,1.5491531481481478,28.737010521632797,21.92528008324686,43.85056016649372
2025-06-14 09:00:00,612.08,3.56,40.8,54.49,97.9328,1.0443985185185187,31.712546578660106,31.92528008324686,63.85056016649372
2025-06-14 10:00:00,739.58,3.14,42.31,38.92,118.3328,0.716646851851852,38.167401878978225,41.92528008324686,83.85056016649372
2025-06-14 11:00:00,852.42,2.92,43.53,23.44,136.38719999999998,0.0,49.78813353671411,50.0,100.0
2025-06-14 12:00:00,877.85,2.82,44.38,8.39,140.456,0.0,54.1815733091204,50.0,100.0
2025-06-14 13:00:00,817.2,2.8,44.83,1.51,130.752,0.0,55.06628139330649,50.0,100.0
2025-06-14 14:00:00,689.38,2.78,44.83,0.5,110.3008,0.0,56.39815163959567,50.0,100.0
2025-06-14 15:00:00,509.65,2.88,44.29,4.25,81.544,0.0,51.27477344026495,50.0,100.0
2025-06-14 16:00:00,306.83,3.14,43.45,24.66,49.0928,0.716646851851852,48.72679199770709,50.0,100.0
2025-06-14 17:00:00,135.75,3.52,42.23,43.3,21.72,1.009588148148148,44.10036444566565,40.0,80.0
2025-06-14 18:00:00,21.55,3.41,40.83,65.0,3.448,0.917866226851852,36.17147833243913,30.0,60.0
2025-06-14 19:00:00,0.0,3.98,39.5,85.63,0.0,1.459370185185185,34.86913193187898,20.0,40.0
2025-06-14 20:00:00,0.0,5.09,38.71,98.29,0.0,3.052597893518518,27.441709273270828,10.0,20.0
2025-06-14 21:00:00,0.0,5.47,37.75,99.0,0.0,3.7885954398148143,24.167811954917955,0.0,0.0
2025-06-14 22:00:00,0.0,5.5,36.77,99.23,0.0,3.851273148148149,21.386166908183608,0.0,0.0
2025-06-14 23:00:00,0.0,5.34,35.89,98.47,0.0,3.524845,16.62177374961576,0.0,0.0
2025-06-15 00:00:00,0.0,5.01,35.1,98.44,0.0,2.910914375,15.77107360141603,0.0,0.0
2025-06-15 01:00:00,0.0,4.61,34.36,99.55,0.0,2.2678745601851857,15.13513542971369,0.0,0.0
2025-06-15 02:00:00,0.0,4.09,33.66,99.69,0.0,1.5837483564814812,15.554849527220286,0.0,0.0
2025-06-15 03:00:00,0.0,3.34,32.97,99.66,0.0,0.8624931481481479,15.861337951960914,0.0,0.0
2025-06-15 04:00:00,0.0,2.69,32.35,99.67,0.0,0.0,17.01152365019115,0.0,0.0
2025-06-15 05:00:00,23.05,2.59,32.13,97.14,3.6880000000000006,0.0,17.808040008432585,0.0,0.0
2025-06-15 06:00:00,125.82,2.92,33.21,94.76,20.1312,0.0,19.452738836670637,0.6784611633293629,1.3569223266587258
2025-06-15 07:00:00,279.05,2.3,35.02,92.76,44.648,0.0,23.137791922358005,10.678461163329363,21.356922326658726
2025-06-15 08:00:00,424.48,1.29,37.25,91.72,67.91680000000001,0.0,27.571294704405943,20.678461163329363,41.356922326658726
2025-06-15 09:00:00,517.35,0.41,39.12,79.91,82.77600000000001,0.0,35.46021538336772,30.678461163329363,61.356922326658726
2025-06-15 10:00:00,655.7,0.65,40.54,57.83,104.91200000000002,0.0,40.87733847473348,40.67846116332936,81.35692232665872
2025-06-15 11:00:00,851.1,1.58,41.77,34.21,136.17600000000002,0.0,46.29158211265659,50.0,100.0
2025-06-15 12:00:00,737.97,2.44,42.62,67.32,118.0752,0.0,51.47715504891096,50.0,100.0
2025-06-15 13:00:00,503.6,3.2,43.07,88.1,80.57600000000002,0.7585185185185186,50.518051553308545,50.0,100.0
2025-06-15 14:00:00,477.38,3.79,42.97,61.16,76.38080000000001,1.2601837731481482,59.02755340312143,50.0,100.0
2025-06-15 15:00:00,310.1,4.23,42.16,70.97,49.616000000000014,1.7520131250000006,52.71911265480279,48.64890047019722,97.29780094039444
2025-06-15 16:00:00,189.35,4.65,41.17,78.8,30.296,2.3274218750000006,47.63793866955245,38.64890047019722,77.29780094039444
2025-06-15 17:00:00,94.38,5.06,40.06,84.64,15.1008,2.998940185185184,45.81256350803908,28.64890047019722,57.29780094039444
2025-06-15 18:00:00,13.48,5.51,38.79,94.02,2.1568,3.872318310185185,39.25657911067391,18.64890047019722,37.29780094039444
2025-06-15 19:00:00,0.0,6.13,37.58,99.41,0.0,5.332092523148147,33.8732701221774,8.64890047019722,17.29780094039444
2025-06-15 20:00:00,0.0,6.58,36.5,99.51,0.0,6.594683148148148,29.13877583722808,0.0,0.0
2025-06-15 21:00:00,0.0,6.35,35.58,99.86,0.0,5.927034143518518,25.20994738915354,0.0,0.0
2025-06-15 22:00:00,0.0,6.0,34.76,99.31,0.0,5.0,21.07073148030678,0.0,0.0
2025-06-15 23:00:00,0.0,5.23,34.0,99.75,0.0,3.3114737731481485,17.119924623812484,0.0,0.0
2025-06-16 00:00:00,0.0,4.57,33.34,99.99,0.0,2.2093516898148158,24.405615187922134,0.0,0.0
2025-06-16 01:00:00,0.0,4.02,32.74,99.94,0.0,1.5038149999999997,26.663513069551584,0.0,0.0
2025-06-16 02:00:00,0.0,3.58,32.19,99.93,0.0,1.0620998148148149,24.11968974006467,0.0,0.0
2025-06-16 03:00:00,0.0,3.22,31.7,99.15,0.0,0.772829814814815,25.71026647286351,0.0,0.0
2025-06-16 04:00:00,0.0,3.06,31.25,99.46,0.0,0.6632550000000001,27.485257295485386,0.0,0.0
2025-06-16 05:00:00,24.67,3.31,31.1,98.89,3.947200000000001,0.8394604398148148,30.727846203511326,0.0,0.0
2025-06-16 06:00:00,125.43,4.16,32.4,97.41,20.068800000000003,1.6664651851851853,35.475334937888626,0.0,0.0
2025-06-16 07:00:00,253.95,4.62,33.5,96.11,40.632000000000005,2.282665,40.42352925701053,2.491135742989478,4.982271485978956
2025-06-16 08:00:00,392.92,5.2,33.63,94.13,62.8672,3.254814814814815,51.69021273708172,12.491135742989478,24.982271485978956
2025-06-16 09:00:00,565.8,5.8,34.25,71.57,90.528,4.516481481481481,54.27540010558481,22.491135742989478,44.982271485978956
2025-06-16 10:00:00,689.58,6.16,34.84,74.93,110.33280000000002,5.410761481481482,67.88108414374189,32.49113574298948,64.98227148597896
2025-06-16 11:00:00,715.35,6.35,35.11,77.91,114.45600000000002,5.927034143518518,67.31783658713081,42.49113574298948,84.98227148597896
2025-06-16 12:00:00,667.42,6.37,34.93,63.2,106.7872,5.983214189814815,81.36580589972554,50.0,100.0
2025-06-16 13:00:00,681.62,6.28,34.68,42.6,109.05920000000002,5.733174814814816,86.45341329768132,50.0,100.0
2025-06-16 14:00:00,599.25,5.91,34.37,29.26,95.88,4.7783581250000005,86.96145173116152,50.0,100.0
2025-06-16 15:00:00,398.25,5.32,33.94,46.12,63.720000000000006,3.485388148148149,87.327499693703,40.0,80.0
2025-06-16 16:00:00,233.62,4.7,33.36,57.26,37.3792,2.403310185185185,82.00979594666425,30.0,60.0
2025-06-16 17:00:00,106.78,3.76,32.59,65.77,17.0848,1.2304948148148147,62.29295171577168,20.0,40.0
2025-06-16 18:00:00,14.45,2.6,31.51,86.86,2.312,0.0,62.27381312821844,10.0,20.0
2025-06-16 19:00:00,0.0,2.1,30.81,99.37,0.0,0.0,53.947015566568666,0.0,0.0
2025-06-16 20:00:00,0.0,1.92,30.52,99.76,0.0,0.0,45.915418074943666,0.0,0.0
2025-06-16 21:00:00,0.0,1.81,30.25,99.83,0.0,0.0,36.36090993996259,0.0,0.0
2025-06-16 22:00:00,0.0,1.81,29.99,99.99,0.0,0.0,33.918686559036416,0.0,0.0
2025-06-16 23:00:00,0.0,1.91,29.74,100.0,0.0,0.0,29.575114474177266,0.0,0.0
2025-06-17 00:00:00,0.0,2.24,29.43,100.0,0.0,0.0,24.192659271533458,0.0,0.0
2025-06-17 01:00:00,0.0,2.73,29.1,99.9,0.0,0.0,24.76960435590465,0.0,0.0
2025-06-17 02:00:00,0.0,3.1,28.74,99.43,0.0,0.6896064814814816,27.082523598797955,0.0,0.0
2025-06-17 03:00:00,0.0,3.33,28.51,99.44,0.0,0.854769375,28.20810004813651,0.0,0.0
2025-06-17 04:00:00,0.0,3.4,28.36,99.95,0.0,0.9098148148148146,28.977839783508898,0.0,0.0
2025-06-17 05:00:00,17.67,3.68,28.47,99.92,2.8272000000000004,1.153611851851852,28.576887732067156,0.0,0.0
2025-06-17 06:00:00,104.15,4.41,29.5,98.77,16.664,1.985326875,34.2045899548213,0.0,0.0
2025-06-17 07:00:00,239.07,5.09,30.97,98.54,38.2512,3.052597893518518,39.41132940639223,1.892468487126287,3.784936974252574
2025-06-17 08:00:00,381.38,4.96,31.81,99.43,61.0208,2.824628148148148,41.43826183425937,11.892468487126287,23.784936974252574
2025-06-17 09:00:00,514.3,4.71,32.32,84.7,82.28800000000001,2.418683125,58.89828694803546,21.892468487126287,43.784936974252574
2025-06-17 10:00:00,643.12,4.45,32.59,55.01,102.8992,2.0398408564814816,64.02320307915087,31.892468487126287,63.784936974252574
2025-06-17 11:00:00,682.4,4.13,32.59,62.91,109.184,1.630671226851852,73.47717507219525,41.89246848712629,83.78493697425257
2025-06-17 12:00:00,636.17,3.91,32.39,87.76,101.7872,1.3837146064814818,80.37275769968676,50.0,100.0
2025-06-17 13:00:00,612.75,3.76,32.1,76.14,98.04,1.2304948148148147,81.64880340538666,50.0,100.0
2025-06-17 14:00:00,401.8,3.71,31.74,88.31,64.288,1.182055810185185,87.60513074115097,40.0,80.0
2025-06-17 15:00:00,140.68,3.68,31.2,98.78,22.5088,1.153611851851852,83.90519181164635,30.0,60.0
2025-06-17 16:00:00,100.47,3.63,30.41,100.0,16.075200000000002,1.107225625,84.60501832185993,20.0,40.0
2025-06-17 17:00:00,49.97,3.44,29.53,100.0,7.9952,0.942305185185185,72.16403488214345,10.0,20.0
2025-06-17 18:00:00,8.62,2.81,28.51,100.0,1.3792,0.0,63.63345798481519,0.0,0.0
2025-06-17 19:00:00,0.0,2.9,27.84,99.72,0.0,0.0,48.24073699788342,0.0,0.0
2025-06-17 20:00:00,0.0,3.15,27.43,99.57,0.0,0.7235156249999999,42.416630829941106,0.0,0.0
2025-06-17 21:00:00,0.0,3.36,27.22,99.19,0.0,0.8780799999999999,31.402121420272845,0.0,0.0
2025-06-17 22:00:00,0.0,3.6,27.06,99.47,0.0,1.08,32.02068793622548,0.0,0.0
2025-06-17 23:00:00,0.0,3.84,26.89,99.3,0.0,1.3107199999999997,27.79278294043963,0.0,0.0
2025-06-18 00:00:00,0.0,4.0,26.67,98.71,0.0,1.4814814814814814,22.96197143689817,0.0,0.0
2025-06-18 01:00:00,0.0,4.2,26.42,99.44,0.0,1.715,23.022922649477866,0.0,0.0
2025-06-18 02:00:00,0.0,4.05,26.15,99.92,0.0,1.5377343749999997,25.562929367825276,0.0,0.0
2025-06-18 03:00:00,0.0,3.89,25.88,95.15,0.0,1.3625895601851854,25.382134703155362,0.0,0.0
2025-06-18 04:00:00,0.0,3.95,25.6,98.09,0.0,1.426617476851852,24.57623590558182,0.0,0.0
2025-06-18 05:00:00,15.48,4.05,25.47,97.56,2.4768000000000003,1.5377343749999997,26.119068993981806,0.0,0.0
2025-06-18 06:00:00,84.95,4.34,25.83,96.32,13.592,1.8922801851851847,32.482646944183585,0.0,0.0
2025-06-18 07:00:00,169.2,4.55,26.71,94.93,27.072,2.1804716435185183,42.16725203863953,0.0,0.0
2025-06-18 08:00:00,280.77,4.6,27.86,92.63,44.9232,2.253148148148148,44.240511519167256,2.935836628980894,5.871673257961788
2025-06-18 09:00:00,363.02,4.57,29.36,95.64,58.083200000000005,2.2093516898148158,50.66138964894152,12.566998669854193,25.133997339708387
2025-06-18 10:00:00,440.95,4.58,30.91,99.96,70.552,2.2238868518518515,60.25972367117464,22.566998669854193,45.13399733970839
2025-06-18 11:00:00,481.15,4.77,32.04,100.0,76.984,2.512299375,74.120232106062,27.94306593879218,55.88613187758437
2025-06-18 12:00:00,442.48,4.98,32.64,98.86,70.7968,2.8589350000000007,80.12217139506168,21.476629543730503,42.95325908746101
2025-06-18 13:00:00,461.92,5.13,32.83,92.9,73.9072,3.125131875,90.73469685284691,11.476629543730503,22.953259087461007
2025-06-18 14:00:00,489.48,5.15,32.77,59.84,78.3168,3.161825810185186,87.18089002398736,5.774365329928337,11.548730659856673
2025-06-18 15:00:00,326.42,5.05,32.47,65.33,52.22720000000001,2.9811950231481483,88.63668915112044,0.0,0.0
2025-06-18 16:00:00,193.5,4.79,31.82,73.28,30.960000000000004,2.5440333101851853,75.97373013828117,0.0,0.0
2025-06-18 17:00:00,96.0,4.37,30.84,81.07,15.36,1.931792893518519,68.16816391801095,0.0,0.0
2025-06-18 18:00:00,15.4,3.53,29.5,90.41,2.4640000000000004,1.018217060185185,61.46946360246372,0.0,0.0
2025-06-18 19:00:00,0.0,3.04,28.37,99.11,0.0,0.6503348148148148,50.641106987546486,0.0,0.0
2025-06-18 20:00:00,0.0,2.83,27.78,99.55,0.0,0.0,46.12322586819631,0.0,0.0
2025-06-18 21:00:00,0.0,2.47,27.38,98.92,0.0,0.0,36.78486858118914,0.0,0.0
2025-06-18 22:00:00,0.0,2.06,27.06,95.87,0.0,0.0,31.77936292843132,0.0,0.0
2025-06-18 23:00:00,0.0,1.93,26.77,96.29,0.0,0.0,30.200193603263894,0.0,0.0
2025-06-19 00:00:00,0.0,1.94,26.53,98.34,0.0,0.0,24.876171857188254,0.0,0.0
2025-06-19 01:00:00,0.0,1.72,26.28,97.34,0.0,0.0,24.28212542239672,0.0,0.0
2025-06-19 02:00:00,0.0,1.72,26.07,86.07,0.0,0.0,23.582699661929574,0.0,0.0
2025-06-19 03:00:00,0.0,1.77,25.89,99.96,0.0,0.0,24.605931843780265,0.0,0.0
2025-06-19 04:00:00,0.0,1.72,25.71,99.33,0.0,0.0,27.195190897459682,0.0,0.0
2025-06-19 05:00:00,18.6,1.89,25.9,99.06,2.9760000000000004,0.0,28.59420349345087,0.0,0.0
2025-06-19 06:00:00,102.05,2.33,27.66,98.37,16.328,0.0,32.671116413745,0.0,0.0
2025-06-19 07:00:00,218.15,2.84,29.95,97.71,34.904,0.0,38.75851940813888,0.0,0.0
2025-06-19 08:00:00,361.38,3.52,31.82,97.42,57.8208,1.009588148148148,45.44815882683221,10.0,20.0
2025-06-19 09:00:00,512.42,4.07,33.23,85.15,81.9872,1.5606283101851857,53.52981014949848,20.0,40.0
2025-06-19 10:00:00,611.75,4.36,34.37,79.5,97.88,1.918561481481482,63.18466680257485,30.0,60.0
2025-06-19 11:00:00,562.1,4.47,35.33,89.09,89.93600000000002,2.0674681249999995,72.0405921272568,40.0,80.0
2025-06-19 12:00:00,458.75,4.45,35.92,96.77,73.4,2.0398408564814816,79.2418323626935,36.19800849378798,72.39601698757596
2025-06-19 13:00:00,176.1,4.38,35.99,99.65,28.176,1.945085,80.55009624071737,26.19800849378798,52.39601698757597
2025-06-19 14:00:00,98.43,4.41,35.78,99.08,15.7488,1.985326875,84.93128860284459,16.19800849378798,32.39601698757596
2025-06-19 15:00:00,50.33,4.5,35.16,98.74,8.052800000000001,2.109375,94.12247717183521,6.198008493787981,12.396016987575962
2025-06-19 16:00:00,49.25,4.64,34.15,100.0,7.88,2.3124385185185177,82.22242783482008,0.0,0.0
2025-06-19 17:00:00,28.95,4.83,32.81,100.0,4.632000000000001,2.608300625,69.43380472000584,0.0,0.0
2025-06-19 18:00:00,6.8,4.99,31.37,100.0,1.088,2.876192106481481,60.95453429789522,0.0,0.0
2025-06-19 19:00:00,0.0,5.35,30.07,97.69,0.0,3.5446846064814808,54.14858062008119,0.0,0.0
2025-06-19 20:00:00,0.0,5.43,29.11,97.52,0.0,3.706088125,45.02727459384494,0.0,0.0
2025-06-19 21:00:00,0.0,5.04,28.45,97.73,0.0,2.96352,36.010732789891414,0.0,0.0
2025-06-19 22:00:00,0.0,4.22,27.99,97.77,0.0,1.7396168518518516,31.161060039370582,0.0,0.0
2025-06-19 23:00:00,0.0,3.13,27.71,98.71,0.0,0.7098216898148147,32.16669294962821,0.0,0.0
2025-06-20 00:00:00,0.0,1.87,27.49,98.98,0.0,0.0,26.539813838350476,0.0,0.0
2025-06-20 01:00:00,0.0,0.99,27.3,99.13,0.0,0.0,26.783441182542962,0.0,0.0
2025-06-20 02:00:00,0.0,1.08,27.2,100.0,0.0,0.0,23.528197036550516,0.0,0.0
2025-06-20 03:00:00,0.0,1.43,27.14,98.88,0.0,0.0,25.31707577233323,0.0,0.0
2025-06-20 04:00:00,0.0,2.21,27.05,99.58,0.0,0.0,27.26030374516907,0.0,0.0
2025-06-20 05:00:00,9.7,2.79,27.11,99.87,1.5519999999999998,0.0,28.688623739924676,0.0,0.0
2025-06-20 06:00:00,57.83,3.19,27.67,98.17,9.2528,0.7514296064814816,31.71734036852758,0.0,0.0
2025-06-20 07:00:00,119.57,3.35,28.54,97.96,19.1312,0.8702633101851853,37.24430028408854,0.0,0.0
2025-06-20 08:00:00,165.15,3.22,29.38,99.5,26.424000000000003,0.772829814814815,42.559917939276644,0.0,0.0
2025-06-20 09:00:00,185.55,2.73,29.95,100.0,29.68800000000001,0.0,55.4214956290375,0.0,0.0
2025-06-20 10:00:00,201.6,2.25,30.39,99.93,32.256,0.0,59.057189869870335,0.0,0.0
2025-06-20 11:00:00,169.88,2.0,30.78,98.58,27.1808,0.0,74.14786637768053,0.0,0.0
2025-06-20 12:00:00,108.15,1.73,31.01,99.58,17.304000000000002,0.0,81.9803199596204,0.0,0.0
2025-06-20 13:00:00,67.25,1.46,31.14,100.0,10.760000000000002,0.0,80.88081803168207,0.0,0.0
2025-06-20 14:00:00,34.1,1.05,31.14,99.4,5.456,0.0,77.7927114565479,0.0,0.0
2025-06-20 15:00:00,41.2,0.52,30.93,99.13,6.5920000000000005,0.0,91.31775018731797,0.0,0.0
2025-06-20 16:00:00,29.9,0.24,30.44,99.51,4.784,0.0,78.76141309793375,0.0,0.0
2025-06-20 17:00:00,19.15,0.58,29.79,99.38,3.064,0.0,65.99180798077181,0.0,0.0
2025-06-20 18:00:00,3.95,0.89,28.96,100.0,0.6320000000000001,0.0,59.04226384301015,0.0,0.0
2025-06-20 19:00:00,0.0,1.25,28.26,99.85,0.0,0.0,50.76776550425797,0.0,0.0
2025-06-20 20:00:00,0.0,1.32,27.66,99.73,0.0,0.0,44.477040298130426,0.0,0.0
2025-06-20 21:00:00,0.0,1.23,27.29,99.53,0.0,0.0,37.48350656902963,0.0,0.0
2025-06-20 22:00:00,0.0,1.27,27.08,99.47,0.0,0.0,32.33590757884529,0.0,0.0
2025-06-20 23:00:00,0.0,1.28,26.88,99.77,0.0,0.0,30.95194714302586,0.0,0.0
2025-06-21 00:00:00,0.0,1.14,26.7,99.8,0.0,0.0,15.254424753762297,0.0,0.0
2025-06-21 01:00:00,0.0,0.95,26.58,99.94,0.0,0.0,13.811940425574843,0.0,0.0
2025-06-21 02:00:00,0.0,0.63,26.46,100.0,0.0,0.0,14.909111788176505,0.0,0.0
2025-06-21 03:00:00,0.0,0.32,26.37,99.78,0.0,0.0,14.739092934012321,0.0,0.0
2025-06-21 04:00:00,0.0,0.26,26.34,100.0,0.0,0.0,16.45367991693222,0.0,0.0
2025-06-21 05:00:00,11.65,0.36,26.48,100.0,1.864,0.0,15.973158302329068,0.0,0.0
2025-06-21 06:00:00,68.2,0.55,27.32,100.0,10.912,0.0,18.600934033202137,0.0,0.0
2025-06-21 07:00:00,138.45,0.77,28.85,100.0,22.152,0.0,23.245017385942035,0.0,0.0
2025-06-21 08:00:00,266.08,1.08,30.79,99.94,42.5728,0.0,26.15827614832974,10.0,20.0
2025-06-21 09:00:00,348.98,1.28,32.73,100.0,55.83680000000001,0.0,30.998944793848654,20.0,40.0
2025-06-21 10:00:00,489.48,1.46,34.32,91.42,78.3168,0.0,33.28659333672545,30.0,60.0
2025-06-21 11:00:00,584.33,1.58,35.57,66.94,93.4928,0.0,44.34633708356032,40.0,80.0
2025-06-21 12:00:00,509.95,1.67,36.31,81.19,81.59200000000001,0.0,49.57296784093459,50.0,100.0
2025-06-21 13:00:00,487.67,1.8,36.43,87.56,78.0272,0.0,54.04193609128318,50.0,100.0
2025-06-21 14:00:00,353.58,2.11,36.18,72.76,56.57280000000001,0.0,51.259379198393376,50.0,100.0
2025-06-21 15:00:00,284.17,2.41,35.54,74.99,45.467200000000005,0.0,50.82791370824069,44.63928629175931,89.27857258351862
2025-06-21 16:00:00,185.77,2.67,34.74,80.75,29.72320000000001,0.0,45.31913599701916,34.63928629175931,69.27857258351862
2025-06-21 17:00:00,90.25,2.78,33.51,86.22,14.44,0.0,43.43678041658908,24.639286291759312,49.278572583518624
2025-06-21 18:00:00,16.12,2.74,31.66,93.58,2.5792000000000006,0.0,35.264593151248846,14.639286291759312,29.278572583518624
2025-06-21 19:00:00,0.0,2.96,30.03,98.45,0.0,0.0,32.59558818329076,4.639286291759312,9.278572583518624
2025-06-21 20:00:00,0.0,3.5,29.28,98.26,0.0,0.992476851851852,25.486432038557005,0.0,0.0
2025-06-21 21:00:00,0.0,3.73,28.72,97.07,0.0,1.2012758564814814,22.431241372445026,0.0,0.0
2025-06-21 22:00:00,0.0,3.67,28.32,98.3,0.0,1.1442329398148148,19.574653549913148,0.0,0.0
2025-06-21 23:00:00,0.0,3.4,28.0,99.1,0.0,0.9098148148148146,18.659252158058013,0.0,0.0
2025-06-22 00:00:00,0.0,2.93,27.69,97.42,0.0,0.0,13.51561573729264,0.0,0.0
2025-06-22 01:00:00,0.0,2.35,27.39,94.27,0.0,0.0,14.557161173808108,0.0,0.0
2025-06-22 02:00:00,0.0,1.73,27.14,91.66,0.0,0.0,15.276424613648466,0.0,0.0
2025-06-22 03:00:00,0.0,1.21,26.9,78.84,0.0,0.0,15.671009515888503,0.0,0.0
2025-06-22 04:00:00,0.0,1.1,26.73,93.37,0.0,0.0,17.29619180579129,0.0,0.0
2025-06-22 05:00:00,25.05,1.58,26.92,90.66,4.008,0.0,16.323124578456962,0.0,0.0
2025-06-22 06:00:00,145.77,2.32,28.42,86.74,23.323200000000003,0.0,19.697543614033115,3.625656385966888,7.251312771933777
2025-06-22 07:00:00,295.42,2.06,30.22,85.03,47.2672,0.0,22.820408431082427,13.625656385966888,27.251312771933776
2025-06-22 08:00:00,444.23,0.79,31.94,83.79,71.0768,0.0,27.527712636781835,23.625656385966888,47.251312771933776
2025-06-22 09:00:00,548.38,0.69,33.57,81.28,87.74080000000001,0.0,30.801540285754594,33.62565638596689,67.25131277193378
2025-06-22 10:00:00,660.4,1.26,34.96,81.43,105.664,0.0,36.34498028391217,43.62565638596689,87.25131277193378
2025-06-22 11:00:00,777.15,1.58,36.07,66.02,124.344,0.0,43.36564177460824,50.0,100.0
2025-06-22 12:00:00,848.0,1.79,36.8,82.55,135.68,0.0,48.57637079941009,50.0,100.0
2025-06-22 13:00:00,766.38,1.97,37.13,69.34,122.6208,0.0,56.91283199739463,50.0,100.0
2025-06-22 14:00:00,642.45,2.02,37.0,72.03,102.79200000000002,0.0,51.39742202617538,50.0,100.0
2025-06-22 15:00:00,449.25,2.11,36.56,87.58,71.88,0.0,52.88858964428319,50.0,100.0
2025-06-22 16:00:00,251.93,2.36,35.51,94.08,40.3088,0.0,52.187873414262256,40.0,80.0
2025-06-22 17:00:00,118.45,2.73,34.33,91.07,18.952,0.0,42.012466688751715,30.0,60.0
2025-06-22 18:00:00,9.8,2.74,32.81,97.56,1.5680000000000005,0.0,37.45942979693177,20.0,40.0
2025-06-22 19:00:00,0.0,3.12,31.48,99.9,0.0,0.7030400000000001,29.65146785880876,10.0,20.0
2025-06-22 20:00:00,0.0,3.6,30.64,99.71,0.0,1.08,28.846080966538548,0.0,0.0
2025-06-22 21:00:00,0.0,3.77,29.94,99.38,0.0,1.240338726851852,23.1494955709131,0.0,0.0
2025-06-22 22:00:00,0.0,3.69,29.37,99.57,0.0,1.163041875,20.733835078187752,0.0,0.0
2025-06-22 23:00:00,0.0,3.38,28.92,98.6,0.0,0.8938535185185186,19.09967225642769,0.0,0.0
2025-06-23 00:00:00,0.0,3.01,28.59,97.78,0.0,0.6312708564814813,25.98251731389787,0.0,0.0
2025-06-23 01:00:00,0.0,2.82,28.34,99.84,0.0,0.0,25.23632588577408,0.0,0.0
2025-06-23 02:00:00,0.0,2.7,28.12,97.47,0.0,0.0,23.925452853575706,0.0,0.0
2025-06-23 03:00:00,0.0,2.42,27.89,97.26,0.0,0.0,26.00586389819479,0.0,0.0
2025-06-23 04:00:00,0.0,2.32,27.65,97.1,0.0,0.0,25.659671624339854,0.0,0.0
2025-06-23 05:00:00,6.97,2.7,27.48,99.03,1.1152,0.0,28.75627748790728,0.0,0.0
2025-06-23 06:00:00,41.05,2.92,27.71,99.99,6.568,0.0,31.076656478807276,0.0,0.0
2025-06-23 07:00:00,95.32,2.96,28.5,99.6,15.251199999999995,0.0,36.54777545215505,0.0,0.0
2025-06-23 08:00:00,168.57,2.5,29.92,99.06,26.9712,0.0,45.33476831020897,0.0,0.0
2025-06-23 09:00:00,302.12,1.84,31.49,99.54,48.339200000000005,0.0,52.14688609297136,0.0,0.0
2025-06-23 10:00:00,427.5,1.65,32.88,91.29,68.4,0.0,66.76521498226525,1.6347850177347567,3.2695700354695134
2025-06-23 11:00:00,532.08,1.85,33.87,79.24,85.1328,0.0,73.21946295835036,11.634785017734757,23.269570035469513
2025-06-23 12:00:00,493.0,1.98,34.62,95.29,78.88,0.0,88.89528566091144,1.6347850177347567,3.2695700354695134
2025-06-23 13:00:00,479.17,1.95,35.17,82.74,76.66720000000001,0.0,95.52212012240754,0.0,0.0
2025-06-23 14:00:00,173.07,1.9,35.47,96.98,27.6912,0.0,80.0247599833215,0.0,0.0
2025-06-23 15:00:00,64.85,1.91,35.35,97.9,10.376,0.0,80.26520295838351,0.0,0.0
2025-06-23 16:00:00,43.28,1.91,34.83,99.49,6.924800000000001,0.0,80.96661672473861,0.0,0.0
2025-06-23 17:00:00,24.4,1.96,33.94,98.28,3.904,0.0,72.1120229050322,0.0,0.0
2025-06-23 18:00:00,5.45,2.0,32.21,98.28,0.8720000000000001,0.0,62.44402182148334,0.0,0.0
2025-06-23 19:00:00,0.0,2.36,30.57,98.22,0.0,0.0,54.27718336015222,0.0,0.0
2025-06-23 20:00:00,0.0,2.94,29.69,98.07,0.0,0.0,44.284291109723306,0.0,0.0
2025-06-23 21:00:00,0.0,3.26,28.88,98.48,0.0,0.8019901851851851,40.916123059203166,0.0,0.0
2025-06-23 22:00:00,0.0,3.31,28.16,99.38,0.0,0.8394604398148148,35.890612213052876,0.0,0.0
2025-06-23 23:00:00,0.0,3.14,27.57,99.58,0.0,0.716646851851852,28.534427010805576,0.0,0.0
2025-06-24 00:00:00,0.0,2.97,27.16,91.0,0.0,0.0,26.254981289025622,0.0,0.0
2025-06-24 01:00:00,0.0,2.8,26.86,98.42,0.0,0.0,24.92839935058168,0.0,0.0
2025-06-24 02:00:00,0.0,2.63,26.62,74.45,0.0,0.0,27.2353078691557,0.0,0.0
2025-06-24 03:00:00,0.0,2.51,26.53,99.99,0.0,0.0,25.588800126769396,0.0,0.0
2025-06-24 04:00:00,0.0,2.27,26.43,97.76,0.0,0.0,24.77271430486642,0.0,0.0
2025-06-24 05:00:00,17.08,2.51,26.66,89.75,2.7328,0.0,28.250698024299382,0.0,0.0
2025-06-24 06:00:00,108.6,3.01,27.72,79.67,17.376,0.6312708564814813,30.384726726562366,0.0,0.0
2025-06-24 07:00:00,240.73,2.81,29.22,71.88,38.5168,0.0,42.50873185786274,0.0,0.0
2025-06-24 08:00:00,394.12,2.03,30.77,64.6,63.05920000000001,0.0,43.79497403062812,10.0,20.0
2025-06-24 09:00:00,610.28,1.12,31.98,12.25,97.6448,0.0,48.381748494029075,20.0,40.0
2025-06-24 10:00:00,681.97,0.41,32.92,22.37,109.11520000000002,0.0,67.1747079235241,30.0,60.0
2025-06-24 11:00:00,707.88,0.27,33.81,27.11,113.2608,0.0,65.8554980161334,40.0,80.0
2025-06-24 12:00:00,646.7,0.67,34.54,44.49,103.472,0.0,83.1060133338195,50.0,100.0
2025-06-24 13:00:00,459.67,1.03,34.86,78.9,73.5472,0.0,88.58013447769358,40.0,80.0
2025-06-24 14:00:00,163.77,1.18,34.8,93.35,26.2032,0.0,86.84347493580972,30.0,60.0
2025-06-24 15:00:00,95.0,1.16,34.46,96.45,15.2,0.0,81.07120635938135,20.0,40.0
2025-06-24 16:00:00,151.3,1.15,33.88,91.12,24.20800000000001,0.0,88.50541739268692,10.0,20.0
2025-06-24 17:00:00,73.07,1.03,33.25,86.86,11.6912,0.0,68.80301837859514,0.0,0.0
2025-06-24 18:00:00,13.88,1.13,32.56,80.07,2.2208,0.0,59.82222167958635,0.0,0.0
2025-06-24 19:00:00,0.0,1.43,31.41,74.22,0.0,0.0,51.74479282758539,0.0,0.0
2025-06-24 20:00:00,0.0,1.9,30.46,53.3,0.0,0.0,47.3669621576848,0.0,0.0
2025-06-24 21:00:00,0.0,2.15,29.63,81.41,0.0,0.0,37.94321782184292,0.0,0.0
2025-06-24 22:00:00,0.0,2.2,28.99,81.46,0.0,0.0,32.10211902234431,0.0,0.0
2025-06-24 23:00:00,0.0,2.08,28.47,99.44,0.0,0.0,32.01614862828193,0.0,0.0
2025-06-25 00:00:00,0.0,1.95,28.08,92.26,0.0,0.0,25.55521143336986,0.0,0.0
2025-06-25 01:00:00,0.0,1.75,27.75,97.35,0.0,0.0,24.431410179880462,0.0,0.0
2025-06-25 02:00:00,0.0,1.49,27.53,96.49,0.0,0.0,24.618475240334263,0.0,0.0
2025-06-25 03:00:00,0.0,1.25,27.39,95.69,0.0,0.0,24.177391662210553,0.0,0.0
2025-06-25 04:00:00,0.0,1.04,27.33,98.08,0.0,0.0,26.543824617338778,0.0,0.0
2025-06-25 05:00:00,14.82,1.03,27.5,79.22,2.3712,0.0,28.74868850554555,0.0,0.0
2025-06-25 06:00:00,100.55,1.4,28.34,59.8,16.088,0.0,32.27828168424072,0.0,0.0
2025-06-25 07:00:00,239.57,2.2,29.63,43.3,38.3312,0.0,34.46944414932983,3.8617558506701712,7.7235117013403425
2025-06-25 08:00:00,424.83,3.23,30.91,26.46,67.97279999999999,0.7800524768518519,46.6029773735194,13.861755850670171,27.723511701340342
2025-06-25 09:00:00,583.53,3.86,31.9,31.99,93.3648,1.3313068518518518,53.79196112567168,23.86175585067017,47.72351170134034
2025-06-25 10:00:00,622.35,4.36,33.08,72.61,99.57600000000002,1.918561481481482,60.881007276572866,33.86175585067017,67.72351170134034
2025-06-25 11:00:00,724.03,4.97,34.04,75.07,115.8448,2.8417470601851846,73.94193961833835,43.86175585067017,87.72351170134034
2025-06-25 12:00:00,621.95,5.53,34.6,96.05,99.512,3.9146383564814817,77.55042731571004,50.0,100.0
2025-06-25 13:00:00,403.5,5.83,34.89,98.61,64.56,4.586927939814815,89.1079785129118,40.0,80.0
2025-06-25 14:00:00,218.23,5.85,34.86,99.31,34.916799999999995,4.634296874999999,84.18072633567712,30.0,60.0
2025-06-25 15:00:00,113.18,5.76,34.55,99.35,18.1088,4.42368,88.15116789807254,20.0,40.0
2025-06-25 16:00:00,80.57,5.55,33.85,95.02,12.891199999999998,3.9572656249999993,79.1250865743704,10.0,20.0
2025-06-25 17:00:00,40.25,4.83,32.66,94.61,6.440000000000001,2.608300625,76.3672263228481,0.0,0.0
2025-06-25 18:00:00,6.85,3.5,30.98,98.55,1.096,0.992476851851852,63.77577508880302,0.0,0.0
2025-06-25 19:00:00,0.0,3.12,29.86,96.38,0.0,0.7030400000000001,52.61655767236493,0.0,0.0
2025-06-25 20:00:00,0.0,3.23,29.32,97.48,0.0,0.7800524768518519,41.58479273963775,0.0,0.0
2025-06-25 21:00:00,0.0,3.43,28.85,99.18,0.0,0.9341112731481482,36.40728999675921,0.0,0.0
2025-06-25 22:00:00,0.0,3.65,28.4,99.73,0.0,1.1256278935185184,31.23227924975109,0.0,0.0
2025-06-25 23:00:00,0.0,3.81,27.99,99.74,0.0,1.2802393750000003,28.985050982983257,0.0,0.0
2025-06-26 00:00:00,0.0,3.92,27.61,98.22,0.0,1.3943585185185183,26.53748719994798,0.0,0.0
2025-06-26 01:00:00,0.0,3.98,27.26,99.77,0.0,1.459370185185185,27.819607538977387,0.0,0.0
2025-06-26 02:00:00,0.0,3.83,26.99,98.66,0.0,1.3005066435185186,24.84954349922199,0.0,0.0
2025-06-26 03:00:00,0.0,3.66,26.8,99.83,0.0,1.134905,27.3450802332813,0.0,0.0
2025-06-26 04:00:00,0.0,3.67,26.63,99.97,0.0,1.1442329398148148,25.54620672633434,0.0,0.0
2025-06-26 05:00:00,19.77,4.0,26.68,94.79,3.1632,1.4814814814814814,29.76625764003227,0.0,0.0
2025-06-26 06:00:00,112.7,4.51,27.63,89.51,18.032000000000004,2.123468773148148,35.08512903260178,0.0,0.0
2025-06-26 07:00:00,222.98,5.59,29.53,84.73,35.6768,4.043446273148148,37.177777793038,2.542468480110152,5.084936960220304
2025-06-26 08:00:00,401.15,6.09,31.14,80.64,64.184,5.228391874999999,48.21754155403341,12.542468480110152,25.084936960220304
2025-06-26 09:00:00,640.25,6.13,32.34,32.84,102.44,5.332092523148147,49.25786628362045,22.542468480110152,45.084936960220304
2025-06-26 10:00:00,792.25,6.06,33.28,22.9,126.76,5.1515049999999984,63.02130116689801,32.54246848011015,65.0849369602203
2025-06-26 11:00:00,875.0,5.92,33.9,29.19,140.0,4.802654814814814,70.90804042671994,42.54246848011015,85.0849369602203
2025-06-26 12:00:00,835.08,5.68,34.4,43.9,133.61280000000002,4.241908148148148,81.69352441244024,50.0,100.0
2025-06-26 13:00:00,628.9,5.42,34.67,84.32,100.624,3.685650185185185,90.5208907644534,50.0,100.0
2025-06-26 14:00:00,278.4,5.11,34.53,99.54,44.544,3.088722939814815,88.89655904844213,40.0,80.0
2025-06-26 15:00:00,270.75,4.86,34.22,98.13,43.32,2.6572050000000003,81.29077294999064,30.0,60.0
2025-06-26 16:00:00,196.0,4.6,33.37,92.74,31.360000000000003,2.253148148148148,81.42766244739978,20.0,40.0
2025-06-26 17:00:00,109.1,3.79,32.1,92.26,17.456,1.2601837731481482,68.4350955724356,10.0,20.0
2025-06-26 18:00:00,19.52,3.01,30.55,90.6,3.1232,0.6312708564814813,59.83544328269583,0.0,0.0
2025-06-26 19:00:00,0.0,2.91,29.46,92.36,0.0,0.0,52.316221360437126,0.0,0.0
2025-06-26 20:00:00,0.0,3.18,28.87,99.02,0.0,0.7443850000000002,45.47534533382109,0.0,0.0
2025-06-26 21:00:00,0.0,3.24,28.35,99.74,0.0,0.7873200000000001,34.120326903737784,0.0,0.0
2025-06-26 22:00:00,0.0,3.03,27.88,99.55,0.0,0.6439381249999998,31.53437466832216,0.0,0.0
2025-06-26 23:00:00,0.0,2.99,27.43,98.27,0.0,0.0,27.815313270557205,0.0,0.0
2025-06-27 00:00:00,0.0,2.85,26.99,99.23,0.0,0.0,23.98818939085829,0.0,0.0
2025-06-27 01:00:00,0.0,2.38,26.59,94.22,0.0,0.0,24.80497762798692,0.0,0.0
2025-06-27 02:00:00,0.0,1.8,26.29,85.48,0.0,0.0,25.99747223876453,0.0,0.0
2025-06-27 03:00:00,0.0,1.62,26.15,87.88,0.0,0.0,25.28807280525357,0.0,0.0
2025-06-27 04:00:00,0.0,1.99,26.22,90.6,0.0,0.0,25.691640469605147,0.0,0.0
2025-06-27 05:00:00,17.05,3.03,26.59,90.37,2.728,0.6439381249999998,27.558189978711532,0.0,0.0
2025-06-27 06:00:00,102.35,4.08,27.67,91.03,16.376,1.5721600000000002,33.14772335356343,0.0,0.0
2025-06-27 07:00:00,214.85,4.91,29.6,90.87,34.376,2.7400641435185187,35.00154886198421,2.1145152815343025,4.229030563068605
2025-06-27 08:00:00,313.95,5.47,30.91,91.82,50.232,3.7885954398148143,48.053179751800194,8.081930969548921,16.163861939097842
2025-06-27 09:00:00,466.95,5.48,31.88,87.24,74.712,3.809411851851853,54.03757710593853,18.08193096954892,36.16386193909784
2025-06-27 10:00:00,592.6,5.4,32.8,84.17,94.81600000000002,3.645000000000001,61.58898320883111,28.08193096954892,56.163861939097835
2025-06-27 11:00:00,739.53,5.32,33.45,72.76,118.3248,3.485388148148149,67.61810301203127,38.08193096954892,76.16386193909784
2025-06-27 12:00:00,621.08,5.19,33.9,80.61,99.3728,3.2360731250000008,82.13033457484686,48.08193096954892,96.16386193909784
2025-06-27 13:00:00,537.83,5.05,34.13,80.03,86.0528,2.9811950231481483,84.8346416251166,50.0,100.0
2025-06-27 14:00:00,399.17,4.81,34.19,91.24,63.8672,2.576033356481481,89.51324344881981,40.0,80.0
2025-06-27 15:00:00,274.02,4.52,33.94,98.32,43.8432,2.1376251851851844,95.48315446899483,30.0,60.0
2025-06-27 16:00:00,203.8,4.21,33.37,98.41,32.608000000000004,1.7272791898148143,82.41954838018611,20.0,40.0
2025-06-27 17:00:00,108.65,3.66,32.19,97.11,17.384,1.134905,71.42794504554526,10.0,20.0
2025-06-27 18:00:00,19.02,2.84,30.48,98.67,3.0432,0.0,60.75551269658087,0.0,0.0
2025-06-27 19:00:00,0.0,2.49,29.34,98.65,0.0,0.0,55.985560366684155,0.0,0.0
2025-06-27 20:00:00,0.0,2.41,28.81,99.14,0.0,0.0,45.25887330735511,0.0,0.0
2025-06-27 21:00:00,0.0,2.3,28.31,92.77,0.0,0.0,37.35269844901546,0.0,0.0
2025-06-27 22:00:00,0.0,2.2,27.92,81.0,0.0,0.0,32.95744155349687,0.0,0.0
2025-06-27 23:00:00,0.0,2.06,27.58,87.6,0.0,0.0,29.907175950015194,0.0,0.0
2025-06-28 00:00:00,0.0,1.84,27.27,83.0,0.0,0.0,15.005138458853734,0.0,0.0
2025-06-28 01:00:00,0.0,1.63,26.99,82.35,0.0,0.0,14.612587369057772,0.0,0.0
2025-06-28 02:00:00,0.0,1.41,26.71,79.31,0.0,0.0,14.738589789750211,0.0,0.0
2025-06-28 03:00:00,0.0,1.26,26.44,85.6,0.0,0.0,15.804741015444419,0.0,0.0
2025-06-28 04:00:00,0.0,1.3,26.22,95.31,0.0,0.0,15.651050655731517,0.0,0.0
2025-06-28 05:00:00,20.17,1.91,26.46,93.09,3.2272,0.0,16.626330280557074,0.0,0.0
2025-06-28 06:00:00,125.93,2.46,27.49,90.56,20.148800000000005,0.0,19.8462359170203,0.3025640829797034,0.6051281659594068
2025-06-28 07:00:00,257.75,2.4,28.8,88.48,41.24,0.0,24.445703330394227,10.302564082979703,20.605128165959407
2025-06-28 08:00:00,410.52,2.22,30.05,87.4,65.6832,0.0,26.397134618344683,20.302564082979703,40.60512816595941
2025-06-28 09:00:00,532.22,2.27,31.18,85.28,85.15520000000001,0.0,28.90037659393358,30.302564082979703,60.60512816595941
2025-06-28 10:00:00,712.65,2.61,32.24,50.03,114.024,0.0,36.34562394000151,40.3025640829797,80.6051281659594
2025-06-28 11:00:00,819.75,3.04,33.14,46.64,131.16,0.6503348148148148,43.977028884381554,50.0,100.0
2025-06-28 12:00:00,623.15,3.37,33.78,76.66,99.704,0.8859433564814816,47.288023558995455,50.0,100.0
2025-06-28 13:00:00,732.25,3.68,34.09,35.29,117.16,1.153611851851852,53.38020775876151,50.0,100.0
2025-06-28 14:00:00,557.03,4.04,33.68,46.66,89.12480000000001,1.526371851851852,54.945441123004144,50.0,100.0
2025-06-28 15:00:00,483.42,4.33,33.18,48.61,77.3472,1.879230023148148,51.32932520341735,50.0,100.0
2025-06-28 16:00:00,306.62,4.41,32.49,62.05,49.0592,1.985326875,51.4911275707416,49.5533993042584,99.1067986085168
2025-06-28 17:00:00,142.98,4.27,31.59,79.07,22.876800000000003,1.802187106481481,43.28149997594386,39.5533993042584,79.1067986085168
2025-06-28 18:00:00,22.48,3.46,30.12,90.71,3.5968000000000004,0.9588364814814814,38.11821309152913,29.5533993042584,59.1067986085168
2025-06-28 19:00:00,0.0,3.63,28.99,96.84,0.0,1.107225625,30.776299173744686,19.5533993042584,39.1067986085168
2025-06-28 20:00:00,0.0,4.19,28.35,97.79,0.0,1.7027791435185191,27.10918261808906,9.553399304258399,19.106798608516797
2025-06-28 21:00:00,0.0,4.6,27.75,97.53,0.0,2.253148148148148,23.440560079767774,0.0,0.0
2025-06-28 22:00:00,0.0,4.98,27.17,97.89,0.0,2.8589350000000007,18.890789026511193,0.0,0.0
2025-06-28 23:00:00,0.0,5.11,26.63,98.22,0.0,3.088722939814815,17.044477807041954,0.0,0.0
2025-06-29 00:00:00,0.0,4.82,26.12,99.75,0.0,2.5921335185185197,13.860330639065735,0.0,0.0
2025-06-29 01:00:00,0.0,4.39,25.67,99.49,0.0,1.9584379398148144,14.71666961396769,0.0,0.0
2025-06-29 02:00:00,0.0,3.92,25.26,99.78,0.0,1.3943585185185183,14.221399059702414,0.0,0.0
2025-06-29 03:00:00,0.0,3.73,25.04,99.7,0.0,1.2012758564814814,15.351892880793105,0.0,0.0
2025-06-29 04:00:00,0.0,3.53,24.9,99.79,0.0,1.018217060185185,15.231429639674756,0.0,0.0
2025-06-29 05:00:00,19.85,3.53,25.09,94.44,3.1760000000000006,1.018217060185185,17.69414453862768,0.0,0.0
2025-06-29 06:00:00,136.2,4.11,26.5,87.46,21.792,1.607095625,18.972295898667113,4.426799726332888,8.853599452665776
2025-06-29 07:00:00,298.62,4.37,28.78,82.89,47.7792,1.931792893518519,23.102074630542333,14.426799726332888,28.853599452665772
2025-06-29 08:00:00,464.02,3.35,30.89,79.4,74.2432,0.8702633101851853,26.001586843798012,24.426799726332888,48.853599452665776
2025-06-29 09:00:00,603.1,1.88,32.53,97.4,96.496,0.0,30.958399762298498,34.42679972633289,68.85359945266578
2025-06-29 10:00:00,693.47,1.16,33.78,96.87,110.95520000000002,0.0,38.35556643607304,44.42679972633289,88.85359945266578
2025-06-29 11:00:00,794.75,1.13,34.63,81.97,127.16,0.0,45.668734324293986,50.0,100.0
2025-06-29 12:00:00,791.88,1.06,35.28,98.77,126.70080000000002,0.0,45.80528256380241,50.0,100.0
2025-06-29 13:00:00,772.12,0.86,35.63,96.29,123.5392,0.0,56.32144276350012,50.0,100.0
2025-06-29 14:00:00,609.2,0.85,35.64,90.06,97.47200000000002,0.0,52.9328627355518,50.0,100.0
2025-06-29 15:00:00,402.17,1.33,35.33,98.19,64.34720000000002,0.0,52.43226280677093,50.0,100.0
2025-06-29 16:00:00,248.38,1.92,34.63,99.62,39.7408,0.0,50.26010299622989,40.0,80.0
2025-06-29 17:00:00,113.3,2.36,33.44,99.75,18.128,0.0,43.19575840525956,30.0,60.0
2025-06-29 18:00:00,18.58,2.47,31.73,99.94,2.9728,0.0,36.07120982223689,20.0,40.0
2025-06-29 19:00:00,0.0,2.74,30.4,97.56,0.0,0.0,30.245104871937908,10.0,20.0
2025-06-29 20:00:00,0.0,3.32,29.64,97.86,0.0,0.8470918518518518,26.027349107016345,0.0,0.0
2025-06-29 21:00:00,0.0,3.72,28.94,98.2,0.0,1.1916400000000005,23.641251630142378,0.0,0.0
2025-06-29 22:00:00,0.0,4.13,28.36,98.28,0.0,1.630671226851852,19.452067121387056,0.0,0.0
2025-06-29 23:00:00,0.0,4.44,27.86,99.07,0.0,2.0261200000000006,17.26749988111279,0.0,0.0
2025-06-30 00:00:00,0.0,5.69,27.5,99.5,0.0,4.264352060185185,24.683913017148985,0.0,0.0
2025-06-30 01:00:00,0.0,7.08,26.91,98.3,0.0,8.215160000000001,25.19443602737052,0.0,0.0
2025-06-30 02:00:00,0.0,7.33,26.22,100.0,0.0,9.116500856481482,26.290279419753798,0.0,0.0
2025-06-30 03:00:00,0.0,7.57,25.77,99.02,0.0,10.04162252314815,25.277350505255143,0.0,0.0
2025-06-30 04:00:00,0.0,6.47,25.39,99.74,0.0,6.269444976851851,27.600260221085108,0.0,0.0
2025-06-30 05:00:00,14.25,5.64,25.4,99.57,2.28,4.152919999999999,29.632288100051134,0.0,0.0
2025-06-30 06:00:00,79.32,6.1,26.4,100.0,12.691199999999998,5.254189814814813,31.82452642522583,0.0,0.0
2025-06-30 07:00:00,169.8,6.84,28.04,100.0,27.168000000000003,7.4077199999999985,37.52866148989746,0.0,0.0
2025-06-30 08:00:00,263.25,6.75,29.74,99.88,42.120000000000005,7.119140625,42.89781832791227,6.341322297087736,12.682644594175471
2025-06-30 09:00:00,370.58,6.08,31.21,100.0,59.2928,5.202678518518519,54.68608102946502,16.150719786141238,32.301439572282476
2025-06-30 10:00:00,611.97,5.25,32.33,97.57,97.9152,3.349609375,62.88105967430015,26.150719786141238,52.30143957228247
2025-06-30 11:00:00,702.1,4.63,32.94,91.27,112.336,2.2975196064814813,73.14873580993635,36.15071978614124,72.30143957228248
2025-06-30 12:00:00,719.92,4.01,33.23,87.29,115.18720000000002,1.492620393518518,75.69091535977978,46.15071978614124,92.30143957228248
2025-06-30 13:00:00,724.28,3.34,33.51,97.02,115.8848,0.8624931481481479,79.14703983157385,50.0,100.0
2025-06-30 14:00:00,588.75,2.56,33.75,60.22,94.2,0.0,81.4271747779944,50.0,100.0
2025-06-30 15:00:00,477.08,2.04,33.76,44.04,76.3328,0.0,84.39477354468542,41.938026455314585,83.87605291062917
2025-06-30 16:00:00,293.83,2.18,33.31,57.1,47.0128,0.0,83.16240236056737,31.938026455314585,63.87605291062917
2025-06-30 17:00:00,136.2,2.56,32.49,69.68,21.792,0.0,69.99982130143954,21.938026455314585,43.87605291062917
2025-06-30 18:00:00,22.35,2.38,30.83,84.91,3.5760000000000005,0.0,61.64692251486951,11.938026455314585,23.87605291062917
2025-06-30 19:00:00,0.0,2.82,29.8,99.39,0.0,0.0,56.29678094083554,1.938026455314585,3.87605291062917
2025-06-30 20:00:00,0.0,3.23,29.23,99.34,0.0,0.7800524768518519,41.42563064100608,0.0,0.0
2025-06-30 21:00:00,0.0,3.35,28.57,99.14,0.0,0.8702633101851853,36.04448343442085,0.0,0.0
2025-06-30 22:00:00,0.0,3.68,28.12,99.19,0.0,1.153611851851852,29.55015577995312,0.0,0.0
2025-06-30 23:00:00,0.0,4.52,27.78,99.2,0.0,2.1376251851851844,27.336549322352123,0.0,0.0
2025-07-01 00:00:00,0.0,5.09,27.42,99.19,0.0,3.052597893518518,24.025319646949363,0.0,0.0
2025-07-01 01:00:00,0.0,5.11,27.05,99.96,0.0,3.088722939814815,28.756002580612243,0.0,0.0
2025-07-01 02:00:00,0.0,4.71,26.7,99.26,0.0,2.418683125,24.945631898799565,0.0,0.0
2025-07-01 03:00:00,0.0,3.97,26.39,99.36,0.0,1.4483975231481483,26.47755833381223,0.0,0.0
2025-07-01 04:00:00,0.0,3.31,26.13,99.31,0.0,0.8394604398148148,26.702136704012727,0.0,0.0
2025-07-01 05:00:00,11.4,2.94,26.09,99.0,1.8240000000000005,0.0,25.77170211412671,0.0,0.0
2025-07-01 06:00:00,78.62,3.22,26.54,98.82,12.579200000000002,0.772829814814815,30.133927512099817,0.0,0.0
2025-07-01 07:00:00,182.7,3.85,27.32,98.53,29.232,1.3209866898148148,38.70230130449353,0.0,0.0
2025-07-01 08:00:00,275.52,4.02,28.38,99.56,44.083200000000005,1.5038149999999997,45.3016996238442,0.2853153761558076,0.5706307523116152
2025-07-01 09:00:00,272.08,3.75,29.44,99.56,43.5328,1.220703125,49.690124451969965,0.0,0.0
2025-07-01 10:00:00,262.58,3.48,30.59,99.1,42.0128,0.97556,61.58700326498082,0.0,0.0
2025-07-01 11:00:00,266.23,3.17,31.7,98.0,42.5968,0.7373845601851852,68.74962966747465,0.0,0.0
2025-07-01 12:00:00,286.05,2.75,32.32,98.3,45.76800000000001,0.0,75.29967070057863,0.0,0.0
2025-07-01 13:00:00,322.95,2.36,32.83,99.94,51.672,0.0,88.50825444825243,0.0,0.0
2025-07-01 14:00:00,383.75,2.38,32.96,99.48,61.400000000000006,0.0,91.98111728776964,0.0,0.0
2025-07-01 15:00:00,272.67,2.64,32.63,99.55,43.62720000000001,0.0,84.97027051437107,0.0,0.0
2025-07-01 16:00:00,173.45,2.3,32.0,99.37,27.752,0.0,85.17326386914544,0.0,0.0
2025-07-01 17:00:00,73.82,1.6,31.33,99.21,11.8112,0.0,68.50280182756646,0.0,0.0
2025-07-01 18:00:00,11.0,0.95,30.45,98.64,1.7599999999999998,0.0,62.10022098092055,0.0,0.0
2025-07-01 19:00:00,0.0,1.13,29.45,98.81,0.0,0.0,48.68886269133942,0.0,0.0
2025-07-01 20:00:00,0.0,1.53,28.75,99.21,0.0,0.0,43.23759139252139,0.0,0.0
2025-07-01 21:00:00,0.0,1.8,28.14,99.24,0.0,0.0,39.571679364679504,0.0,0.0
2025-07-01 22:00:00,0.0,2.07,27.56,99.75,0.0,0.0,33.684124284061106,0.0,0.0
2025-07-01 23:00:00,0.0,2.37,27.02,99.55,0.0,0.0,28.08905891308591,0.0,0.0
2025-07-02 00:00:00,0.0,2.69,26.55,99.6,0.0,0.0,22.750282689744036,0.0,0.0
2025-07-02 01:00:00,0.0,3.29,26.15,97.22,0.0,0.8243353935185185,25.0035772712069,0.0,0.0
2025-07-02 02:00:00,0.0,3.82,25.88,99.86,0.0,1.2903464814814811,25.79016544501401,0.0,0.0
2025-07-02 03:00:00,0.0,3.79,25.64,99.91,0.0,1.2601837731481482,24.135930710404164,0.0,0.0
2025-07-02 04:00:00,0.0,3.29,25.4,99.25,0.0,0.8243353935185185,27.066988248442062,0.0,0.0
2025-07-02 05:00:00,15.52,3.22,25.4,95.4,2.4832,0.772829814814815,29.306534631446425,0.0,0.0
2025-07-02 06:00:00,95.75,4.0,26.32,90.86,15.32,1.4814814814814814,32.73044062204805,0.0,0.0
2025-07-02 07:00:00,220.07,4.64,28.05,86.92,35.2112,2.3124385185185177,37.016083366013085,0.5075551525054323,1.0151103050108645
2025-07-02 08:00:00,327.83,4.84,29.82,84.01,52.4528,2.6245348148148144,45.23052859877859,10.35436136854166,20.70872273708332
2025-07-02 09:00:00,523.05,4.62,31.2,51.92,83.68799999999999,2.282665,50.635762613246584,20.35436136854166,40.70872273708332
2025-07-02 10:00:00,574.12,4.18,32.29,69.06,91.8592,1.6906164814814812,62.54146007290884,30.35436136854166,60.70872273708332
2025-07-02 11:00:00,616.2,3.82,33.15,74.58,98.592,1.2903464814814811,73.70230143474569,40.35436136854166,80.70872273708332
2025-07-02 12:00:00,517.78,3.68,33.79,83.56,82.8448,1.153611851851852,83.60558616209592,40.7471870582976,81.4943741165952
2025-07-02 13:00:00,471.83,3.77,34.13,83.4,75.4928,1.240338726851852,85.3066211811488,32.17370460400065,64.3474092080013
2025-07-02 14:00:00,374.12,3.97,34.01,88.89,59.8592,1.4483975231481483,96.54082891102738,22.173704604000648,44.347409208001295
2025-07-02 15:00:00,167.6,4.03,33.47,98.77,26.816000000000003,1.5150654398148151,88.67079278059485,12.173704604000648,24.347409208001295
2025-07-02 16:00:00,104.68,3.86,32.5,99.11,16.748800000000003,1.3313068518518518,79.23306966205274,2.1737046040006476,4.347409208001295
2025-07-02 17:00:00,46.85,3.27,31.25,98.95,7.496000000000001,0.8093931249999999,73.40085454778522,0.0,0.0
2025-07-02 18:00:00,7.07,2.79,29.8,100.0,1.1312,0.0,60.140674146785365,0.0,0.0
2025-07-02 19:00:00,0.0,2.59,28.71,99.41,0.0,0.0,48.91639781395874,0.0,0.0
2025-07-02 20:00:00,0.0,2.81,28.17,98.8,0.0,0.0,47.14629453953066,0.0,0.0
2025-07-02 21:00:00,0.0,2.92,27.7,96.66,0.0,0.0,33.744667609686715,0.0,0.0
2025-07-02 22:00:00,0.0,2.93,27.31,98.16,0.0,0.0,33.31060225760588,0.0,0.0
2025-07-02 23:00:00,0.0,2.93,26.98,99.81,0.0,0.0,28.729190347212484,0.0,0.0
2025-07-03 00:00:00,0.0,2.96,26.68,99.69,0.0,0.0,22.60370711999377,0.0,0.0
2025-07-03 01:00:00,0.0,2.98,26.42,99.31,0.0,0.0,24.033578188022396,0.0,0.0
2025-07-03 02:00:00,0.0,3.07,26.2,98.42,0.0,0.669778773148148,25.05480866634434,0.0,0.0
2025-07-03 03:00:00,0.0,3.22,26.03,99.98,0.0,0.772829814814815,25.110343425827033,0.0,0.0
2025-07-03 04:00:00,0.0,3.4,25.88,99.98,0.0,0.9098148148148146,25.940218215592118,0.0,0.0
2025-07-03 05:00:00,15.23,3.95,26.0,98.67,2.4368000000000003,1.426617476851852,26.41207228143805,0.0,0.0
2025-07-03 06:00:00,87.3,4.99,27.05,99.2,13.968000000000002,2.876192106481481,31.036379465502378,0.0,0.0
2025-07-03 07:00:00,190.45,5.46,28.6,98.81,30.472,3.767855,37.47966112329513,0.0,0.0
2025-07-03 08:00:00,273.85,5.53,30.12,99.31,43.81600000000001,3.9146383564814817,46.23589170562533,1.4947466508561646,2.9894933017123293
2025-07-03 09:00:00,388.17,5.56,31.37,99.81,62.107200000000006,3.9786948148148142,53.37361501600898,11.494746650856165,22.98949330171233
2025-07-03 10:00:00,519.8,5.42,32.3,94.34,83.16799999999999,3.685650185185185,57.72107349610887,21.494746650856165,42.98949330171233
2025-07-03 11:00:00,528.22,5.2,32.96,93.14,84.51520000000001,3.254814814814815,77.39467374640795,31.494746650856165,62.98949330171233
2025-07-03 12:00:00,493.25,4.93,33.37,84.62,78.92000000000002,2.773684189814815,73.81468431089782,39.37374652977318,78.74749305954636
2025-07-03 13:00:00,487.35,4.78,33.72,80.43,77.976,2.5281331481481484,88.1819926664062,31.69588701151512,63.39177402303024
2025-07-03 14:00:00,294.17,4.56,33.49,94.7,47.067200000000014,2.1948799999999995,89.91016220819215,21.69588701151512,43.39177402303024
2025-07-03 15:00:00,106.5,4.46,32.94,98.95,17.040000000000003,2.0536235185185188,78.02632994143812,11.695887011515119,23.391774023030237
2025-07-03 16:00:00,187.23,4.28,32.14,97.54,29.9568,1.8148785185185188,82.82485714892032,1.6958870115151186,3.391774023030237
2025-07-03 17:00:00,86.88,3.69,31.08,98.06,13.900800000000002,1.163041875,68.49180359726222,0.0,0.0
2025-07-03 18:00:00,20.15,2.85,29.74,96.52,3.224,0.0,59.112992977516065,0.0,0.0
2025-07-03 19:00:00,0.0,2.67,28.74,98.5,0.0,0.0,47.04625272740941,0.0,0.0
2025-07-03 20:00:00,0.0,2.84,28.21,97.54,0.0,0.0,43.60314398560511,0.0,0.0
2025-07-03 21:00:00,0.0,2.88,27.76,99.45,0.0,0.0,39.78672901429541,0.0,0.0
2025-07-03 22:00:00,0.0,2.88,27.35,99.61,0.0,0.0,32.369239823559006,0.0,0.0
2025-07-03 23:00:00,0.0,2.87,27.0,99.67,0.0,0.0,30.74157577263671,0.0,0.0
2025-07-04 00:00:00,0.0,2.8,26.69,99.8,0.0,0.0,26.638119844244805,0.0,0.0
2025-07-04 01:00:00,0.0,2.63,26.41,91.56,0.0,0.0,26.793701999944957,0.0,0.0
2025-07-04 02:00:00,0.0,2.26,26.25,83.94,0.0,0.0,24.086869784186625,0.0,0.0
2025-07-04 03:00:00,0.0,1.78,26.13,86.33,0.0,0.0,24.910111023284458,0.0,0.0
2025-07-04 04:00:00,0.0,1.54,26.04,85.73,0.0,0.0,27.011317333837592,0.0,0.0
2025-07-04 05:00:00,15.73,1.89,26.21,88.09,2.5168000000000004,0.0,28.80660012316004,0.0,0.0
2025-07-04 06:00:00,89.55,2.25,26.92,90.62,14.327999999999998,0.0,28.979487874986205,0.0,0.0
2025-07-04 07:00:00,194.88,2.13,27.94,92.32,31.1808,0.0,38.090610418003514,0.0,0.0
2025-07-04 08:00:00,320.67,2.04,28.97,93.5,51.3072,0.0,42.94947370655112,8.357726293448884,16.71545258689777
2025-07-04 09:00:00,469.08,1.94,29.9,81.99,75.0528,0.0,54.306514375759306,18.357726293448884,36.71545258689777
2025-07-04 10:00:00,648.3,1.78,30.69,69.89,103.728,0.0,63.750183186211565,28.357726293448884,56.71545258689776
2025-07-04 11:00:00,677.88,1.62,31.33,64.99,108.46080000000002,0.0,67.2027527388302,38.357726293448884,76.71545258689777
2025-07-04 12:00:00,605.58,1.51,31.76,82.35,96.8928,0.0,78.52062522667903,48.357726293448884,96.71545258689777
2025-07-04 13:00:00,508.73,1.47,31.99,84.8,81.39680000000001,0.0,87.9780529185689,41.77647337487999,83.55294674975998
2025-07-04 14:00:00,433.88,1.33,32.0,82.41,69.4208,0.0,88.2199041520504,31.77647337487999,63.55294674975999
2025-07-04 15:00:00,94.3,1.14,31.94,98.34,15.088,0.0,81.85339448685431,21.77647337487999,43.55294674975998
2025-07-04 16:00:00,59.15,1.17,31.67,99.78,9.464,0.0,74.12015002080801,11.776473374879991,23.552946749759982
2025-07-04 17:00:00,29.83,1.31,31.16,98.96,4.7728,0.0,66.15929684619152,1.7764733748799912,3.5529467497599825
2025-07-04 18:00:00,4.88,1.43,30.1,99.93,0.7808,0.0,61.04570842980054,0.0,0.0
2025-07-04 19:00:00,0.0,1.66,29.05,99.43,0.0,0.0,47.99450207929306,0.0,0.0
2025-07-04 20:00:00,0.0,1.93,28.55,99.47,0.0,0.0,44.35406183332276,0.0,0.0
2025-07-04 21:00:00,0.0,2.13,28.17,98.12,0.0,0.0,39.07251758979487,0.0,0.0
2025-07-04 22:00:00,0.0,2.3,27.8,98.57,0.0,0.0,33.6243137372852,0.0,0.0
2025-07-04 23:00:00,0.0,2.38,27.44,98.0,0.0,0.0,27.533444132353715,0.0,0.0
2025-07-05 00:00:00,0.0,2.42,27.11,98.26,0.0,0.0,14.787477296413806,0.0,0.0
2025-07-05 01:00:00,0.0,2.53,26.8,99.1,0.0,0.0,15.789976137769315,0.0,0.0
2025-07-05 02:00:00,0.0,2.63,26.51,99.95,0.0,0.0,14.874158849907015,0.0,0.0
2025-07-05 03:00:00,0.0,2.54,26.31,99.2,0.0,0.0,13.800450316194626,0.0,0.0
2025-07-05 04:00:00,0.0,2.4,26.17,99.5,0.0,0.0,16.872380760117988,0.0,0.0
2025-07-05 05:00:00,15.48,2.68,26.25,98.06,2.4768000000000003,0.0,18.025545203744485,0.0,0.0
2025-07-05 06:00:00,96.0,3.57,26.91,98.11,15.36,1.053224375,18.672931672345683,0.0,0.0
2025-07-05 07:00:00,205.07,3.68,27.95,96.56,32.81120000000001,1.153611851851852,24.646094630214225,9.31871722163763,18.63743444327526
2025-07-05 08:00:00,292.02,3.15,29.28,96.81,46.723200000000006,0.7235156249999999,24.517866682943033,19.31871722163763,38.63743444327526
2025-07-05 09:00:00,396.15,2.28,30.53,94.67,63.38400000000001,0.0,31.60367596301679,29.31871722163763,58.63743444327526
2025-07-05 10:00:00,382.62,1.51,31.52,98.31,61.2192,0.0,36.189887584496766,39.31871722163763,78.63743444327525
2025-07-05 11:00:00,70.68,1.06,32.11,99.49,11.308800000000002,0.0,42.27204915723853,29.318717221637627,58.63743444327525
2025-07-05 12:00:00,50.97,1.02,32.44,99.64,8.1552,0.0,42.8099928959423,19.318717221637627,38.637434443275254
2025-07-05 13:00:00,62.55,1.51,32.55,99.81,10.008,0.0,52.89858623768767,9.318717221637627,18.637434443275254
2025-07-05 14:00:00,134.25,2.13,32.5,98.06,21.480000000000004,0.0,46.521634552201256,0.0,0.0
2025-07-05 15:00:00,196.32,2.5,32.22,96.38,31.4112,0.0,50.25687072033928,0.0,0.0
2025-07-05 16:00:00,206.3,2.62,31.77,95.4,33.008,0.0,45.85450450803306,0.0,0.0
2025-07-05 17:00:00,118.07,2.45,31.09,90.41,18.8912,0.0,40.60574107403879,0.0,0.0
2025-07-05 18:00:00,21.42,1.97,29.83,84.45,3.427200000000001,0.0,33.56399957749318,0.0,0.0
2025-07-05 19:00:00,0.0,1.95,28.97,81.54,0.0,0.0,31.556605208165394,0.0,0.0
2025-07-05 20:00:00,0.0,1.9,28.62,82.59,0.0,0.0,23.74598037162564,0.0,0.0
2025-07-05 21:00:00,0.0,1.72,28.28,91.89,0.0,0.0,21.851349567332708,0.0,0.0
2025-07-05 22:00:00,0.0,1.6,27.93,94.39,0.0,0.0,20.696716010368377,0.0,0.0
2025-07-05 23:00:00,0.0,1.68,27.57,98.0,0.0,0.0,18.25917354860548,0.0,0.0
2025-07-06 00:00:00,0.0,1.88,27.19,99.41,0.0,0.0,14.971178694791883,0.0,0.0
2025-07-06 01:00:00,0.0,2.21,26.85,99.75,0.0,0.0,13.563650991832622,0.0,0.0
2025-07-06 02:00:00,0.0,2.57,26.54,91.44,0.0,0.0,14.951537559753595,0.0,0.0
2025-07-06 03:00:00,0.0,3.01,26.23,97.85,0.0,0.6312708564814813,16.604267927432375,0.0,0.0
2025-07-06 04:00:00,0.0,3.3,25.96,99.13,0.0,0.8318749999999999,15.196876051100046,0.0,0.0
2025-07-06 05:00:00,15.52,3.17,25.97,93.47,2.4832,0.7373845601851852,16.620316002042806,0.0,0.0
2025-07-06 06:00:00,103.03,3.69,26.54,87.82,16.4848,1.163041875,20.562892630653128,0.0,0.0
2025-07-06 07:00:00,233.43,4.4,27.55,82.11,37.3488,1.9718518518518524,21.997138583879824,10.0,20.0
2025-07-06 08:00:00,340.48,4.36,28.89,78.75,54.4768,1.918561481481482,27.328167734427822,20.0,40.0
2025-07-06 09:00:00,561.03,3.26,30.18,51.97,89.7648,0.8019901851851851,30.074751679183077,30.0,60.0
2025-07-06 10:00:00,667.95,1.98,31.08,35.3,106.872,0.0,38.11330844863776,40.0,80.0
2025-07-06 11:00:00,753.22,1.03,31.67,33.06,120.5152,0.0,42.57479371720666,50.0,100.0
2025-07-06 12:00:00,699.22,0.37,32.16,50.97,111.87520000000002,0.0,46.301171597583014,50.0,100.0
2025-07-06 13:00:00,670.28,0.21,32.44,43.36,107.2448,0.0,47.448032971040305,50.0,100.0
2025-07-06 14:00:00,628.05,0.69,32.37,36.62,100.488,0.0,54.42875088512175,50.0,100.0
2025-07-06 15:00:00,445.25,1.06,32.12,62.77,71.24,0.0,51.4987390658244,50.0,100.0
2025-07-06 16:00:00,277.9,1.19,31.64,72.45,44.464,0.0,46.08350717473043,48.38049282526957,96.76098565053914
2025-07-06 17:00:00,141.48,1.45,31.09,82.41,22.6368,0.0,41.325024169638574,38.38049282526957,76.76098565053914
2025-07-06 18:00:00,23.35,1.47,30.01,91.88,3.7360000000000007,0.0,34.54590321447333,28.38049282526957,56.76098565053914
2025-07-06 19:00:00,0.0,1.62,29.19,99.5,0.0,0.0,31.154207032687083,18.38049282526957,36.76098565053914
2025-07-06 20:00:00,0.0,1.91,28.67,99.57,0.0,0.0,28.73293106622298,8.38049282526957,16.76098565053914
2025-07-06 21:00:00,0.0,2.31,28.18,99.53,0.0,0.0,21.284835576125545,0.0,0.0
2025-07-06 22:00:00,0.0,2.82,27.71,99.34,0.0,0.0,20.74563028411027,0.0,0.0
2025-07-06 23:00:00,0.0,2.78,27.33,98.59,0.0,0.0,16.931660567613047,0.0,0.0
2025-07-07 00:00:00,0.0,2.45,27.01,95.76,0.0,0.0,24.484191683288692,0.0,0.0
2025-07-07 01:00:00,0.0,2.49,26.73,99.66,0.0,0.0,23.78453559920518,0.0,0.0
2025-07-07 02:00:00,0.0,2.33,26.46,99.7,0.0,0.0,24.368508524335518,0.0,0.0
2025-07-07 03:00:00,0.0,1.97,26.26,99.39,0.0,0.0,26.140152746298096,0.0,0.0
2025-07-07 04:00:00,0.0,1.74,26.17,99.29,0.0,0.0,28.300439623889893,0.0,0.0
2025-07-07 05:00:00,1.85,1.61,26.18,99.06,0.296,0.0,27.74728584802728,0.0,0.0
2025-07-07 06:00:00,23.08,1.75,26.42,95.78,3.6928,0.0,30.39933881960953,0.0,0.0
2025-07-07 07:00:00,68.05,1.74,26.71,96.41,10.888,0.0,36.32718006157604,0.0,0.0
2025-07-07 08:00:00,149.62,1.86,27.21,99.72,23.9392,0.0,39.30484283979848,0.0,0.0
2025-07-07 09:00:00,302.67,1.78,27.8,99.78,48.4272,0.0,45.2299033848943,3.1972966151056994,6.394593230211399
2025-07-07 10:00:00,553.3,1.75,28.55,99.83,88.52799999999999,0.0,56.84915326136889,13.1972966151057,26.3945932302114
2025-07-07 11:00:00,643.6,2.0,29.18,94.4,102.976,0.0,61.66626764773254,23.1972966151057,46.3945932302114
2025-07-07 12:00:00,687.9,2.3,29.43,72.75,110.064,0.0,76.77979876609642,33.1972966151057,66.3945932302114
2025-07-07 13:00:00,698.25,2.57,29.42,91.85,111.72,0.0,80.73816471767913,43.1972966151057,86.3945932302114
2025-07-07 14:00:00,602.75,2.83,29.27,73.08,96.44,0.0,86.96257049224229,50.0,100.0
2025-07-07 15:00:00,476.12,3.21,29.01,64.36,76.17920000000001,0.7656518749999999,78.26622352351085,48.67862835148917,97.35725670297833
2025-07-07 16:00:00,295.05,3.47,28.59,73.0,47.208000000000006,0.9671741435185188,74.8865284891912,38.67862835148917,77.35725670297833
2025-07-07 17:00:00,145.68,3.28,27.98,80.63,23.3088,0.8168414814814813,68.07894169845008,28.678628351489166,57.35725670297833
2025-07-07 18:00:00,24.33,3.09,27.31,90.25,3.8928,0.6829543749999999,58.90608534493666,18.678628351489166,37.35725670297833
2025-07-07 19:00:00,0.0,3.32,26.94,99.38,0.0,0.8470918518518518,52.95196510850315,8.678628351489166,17.357256702978333
2025-07-07 20:00:00,0.0,3.48,26.71,99.35,0.0,0.97556,43.385330590584104,0.0,0.0
2025-07-07 21:00:00,0.0,3.47,26.45,99.13,0.0,0.9671741435185188,37.453491197213665,0.0,0.0
2025-07-07 22:00:00,0.0,3.3,26.17,99.11,0.0,0.8318749999999999,29.65693928239989,0.0,0.0
2025-07-07 23:00:00,0.0,3.07,25.91,99.18,0.0,0.669778773148148,30.12343400189098,0.0,0.0
2025-07-08 00:00:00,0.0,2.98,25.67,99.5,0.0,0.0,23.739116704104784,0.0,0.0
2025-07-08 01:00:00,0.0,3.33,25.48,99.98,0.0,0.854769375,24.2504841820869,0.0,0.0
2025-07-08 02:00:00,0.0,3.76,25.28,99.62,0.0,1.2304948148148147,26.794084154447862,0.0,0.0
2025-07-08 03:00:00,0.0,3.92,25.04,99.63,0.0,1.3943585185185183,24.7272633279817,0.0,0.0
2025-07-08 04:00:00,0.0,3.93,24.87,99.6,0.0,1.405056875,26.643584676884984,0.0,0.0
2025-07-08 05:00:00,18.58,4.24,24.96,84.67,2.9728,1.7644681481481483,28.805239911822238,0.0,0.0
2025-07-08 06:00:00,139.73,4.8,25.74,69.22,22.3568,2.56,30.42056756223712,0.0,0.0
2025-07-08 07:00:00,293.85,5.36,27.2,56.48,47.016000000000005,3.564598518518519,36.36234459998444,10.0,20.0
2025-07-08 08:00:00,503.17,5.35,28.76,42.62,80.50720000000001,3.5446846064814808,43.71490307725474,20.0,40.0
2025-07-08 09:00:00,697.85,4.94,30.18,28.47,111.656,2.7905968518518525,53.84784143249973,30.0,60.0
2025-07-08 10:00:00,790.05,4.3,31.34,49.64,126.408,1.840439814814815,55.88579821283218,40.0,80.0
2025-07-08 11:00:00,820.12,3.61,31.84,46.29,131.2192,1.089025023148148,73.28187923385003,50.0,100.0
2025-07-08 12:00:00,763.78,3.0,32.07,35.28,122.2048,0.625,72.26516670558274,50.0,100.0
2025-07-08 13:00:00,757.05,2.38,32.06,21.34,121.128,0.0,86.04054671970907,50.0,100.0
2025-07-08 14:00:00,587.1,1.64,31.98,46.23,93.93600000000002,0.0,81.9629118548306,50.0,100.0
2025-07-08 15:00:00,436.75,0.87,31.92,66.13,69.88000000000001,0.0,93.04934857434682,40.0,80.0
2025-07-08 16:00:00,305.4,0.31,31.72,73.23,48.864,0.0,73.5440315212173,30.0,60.0
2025-07-08 17:00:00,142.12,0.58,31.3,80.72,22.7392,0.0,68.49349247868716,20.0,40.0
2025-07-08 18:00:00,25.65,1.2,30.34,88.61,4.104,0.0,59.64823080420318,10.0,20.0
2025-07-08 19:00:00,0.0,1.64,29.41,97.58,0.0,0.0,54.91950026819015,0.0,0.0
2025-07-08 20:00:00,0.0,1.97,28.84,97.23,0.0,0.0,45.7119728519487,0.0,0.0
2025-07-08 21:00:00,0.0,2.23,28.33,98.65,0.0,0.0,38.55631482854527,0.0,0.0
2025-07-08 22:00:00,0.0,2.4,27.82,98.96,0.0,0.0,30.32638043884341,0.0,0.0
2025-07-08 23:00:00,0.0,2.55,27.34,98.04,0.0,0.0,31.524419637647558,0.0,0.0
2025-07-09 00:00:00,0.0,2.87,26.91,98.15,0.0,0.0,24.686059226508945,0.0,0.0
2025-07-09 01:00:00,0.0,3.74,26.55,99.99,0.0,1.2109635185185188,24.0507917910689,0.0,0.0
2025-07-09 02:00:00,0.0,4.87,26.23,98.28,0.0,2.6736412731481485,25.552161472232182,0.0,0.0
2025-07-09 03:00:00,0.0,5.52,25.89,98.84,0.0,3.893439999999999,25.367421716694437,0.0,0.0
2025-07-09 04:00:00,0.0,5.36,25.59,98.79,0.0,3.564598518518519,25.837374331301298,0.0,0.0
2025-07-09 05:00:00,15.9,5.01,25.45,98.12,2.5440000000000005,2.910914375,30.45945442976766,0.0,0.0
2025-07-09 06:00:00,113.62,5.2,26.11,96.68,18.1792,3.254814814814815,29.906477436026016,0.0,0.0
2025-07-09 07:00:00,268.33,5.45,27.38,95.41,42.93279999999999,3.747190393518519,37.66364836425,9.016342029268507,18.032684058537015
2025-07-09 08:00:00,436.15,4.69,28.86,94.03,69.78399999999999,2.388002523148149,44.85721525691611,19.016342029268507,38.032684058537015
2025-07-09 09:00:00,572.38,3.47,30.26,63.93,91.5808,0.9671741435185188,57.463751146517694,29.016342029268507,58.03268405853701
2025-07-09 10:00:00,708.22,2.28,31.38,57.61,113.3152,0.0,59.45189003870677,39.01634202926851,78.03268405853701
2025-07-09 11:00:00,805.83,1.69,32.11,45.93,128.9328,0.0,70.99896334412493,49.01634202926851,98.03268405853701
2025-07-09 12:00:00,798.65,1.97,32.28,96.36,127.784,0.0,79.70623239156345,50.0,100.0
2025-07-09 13:00:00,697.17,2.39,32.21,75.13,111.5472,0.0,85.24915546767289,50.0,100.0
2025-07-09 14:00:00,597.1,2.42,32.08,95.55,95.53600000000002,0.0,81.55049388229808,50.0,100.0
2025-07-09 15:00:00,456.8,2.29,31.91,95.52,73.08800000000001,0.0,82.1566864624705,40.931313537529505,81.86262707505901
2025-07-09 16:00:00,280.35,2.01,31.54,94.79,44.85600000000001,0.0,72.34314636935757,30.931313537529505,61.86262707505901
2025-07-09 17:00:00,127.55,2.1,30.93,93.76,20.408,0.0,63.245480769376336,20.931313537529505,41.86262707505901
2025-07-09 18:00:00,20.88,1.72,29.78,95.5,3.3408,0.0,62.706268353712495,10.931313537529505,21.86262707505901
2025-07-09 19:00:00,0.0,1.97,29.03,95.91,0.0,0.0,50.386296018156045,0.9313135375295047,1.8626270750590095
2025-07-09 20:00:00,0.0,2.24,28.45,97.6,0.0,0.0,43.077321986926,0.0,0.0
2025-07-09 21:00:00,0.0,2.66,27.81,97.68,0.0,0.0,37.27122622652392,0.0,0.0
2025-07-09 22:00:00,0.0,3.44,27.22,98.66,0.0,0.942305185185185,34.246375167980545,0.0,0.0
2025-07-09 23:00:00,0.0,4.36,26.62,99.35,0.0,1.918561481481482,28.034100776292654,0.0,0.0
2025-07-10 00:00:00,0.0,4.56,26.09,100.0,0.0,2.1948799999999995,23.36081959758904,0.0,0.0
2025-07-10 01:00:00,0.0,4.05,25.79,99.21,0.0,1.5377343749999997,23.608605384706618,0.0,0.0
2025-07-10 02:00:00,0.0,3.86,25.58,100.0,0.0,1.3313068518518518,24.470003161676335,0.0,0.0
2025-07-10 03:00:00,0.0,3.63,25.29,98.96,0.0,1.107225625,25.54684353625092,0.0,0.0
2025-07-10 04:00:00,0.0,2.65,24.99,99.38,0.0,0.0,25.0979563100006,0.0,0.0
2025-07-10 05:00:00,16.3,2.25,25.01,98.56,2.6080000000000005,0.0,29.112144086859754,0.0,0.0
2025-07-10 06:00:00,102.8,3.16,25.73,98.59,16.448000000000004,0.7304281481481483,33.119779784988935,0.0,0.0
2025-07-10 07:00:00,235.73,3.95,26.92,98.09,37.7168,1.426617476851852,37.6870380761254,1.4563794007264548,2.9127588014529096
2025-07-10 08:00:00,374.92,3.75,28.38,97.56,59.98720000000001,1.220703125,43.92295969180846,11.456379400726455,22.91275880145291
2025-07-10 09:00:00,485.45,2.65,29.61,98.14,77.67200000000001,0.0,53.96945013495179,21.456379400726455,42.91275880145291
2025-07-10 10:00:00,537.12,1.4,30.5,97.21,85.93920000000001,0.0,61.07540172876716,31.456379400726455,62.91275880145291
2025-07-10 11:00:00,559.03,0.87,30.95,98.37,89.44480000000001,0.0,73.55910905774866,41.456379400726455,82.91275880145291
2025-07-10 12:00:00,573.9,1.26,31.27,95.02,91.824,0.0,81.8384405047386,50.0,100.0
2025-07-10 13:00:00,538.67,1.56,31.35,99.52,86.1872,0.0,81.05866290320466,50.0,100.0
2025-07-10 14:00:00,375.35,1.5,31.0,99.39,60.05600000000001,0.0,87.25456400073402,40.0,80.0
2025-07-10 15:00:00,228.73,1.23,30.61,99.41,36.5968,0.0,80.59100594032056,30.0,60.0
2025-07-10 16:00:00,164.98,0.85,30.15,100.0,26.3968,0.0,71.68068340771768,20.0,40.0
2025-07-10 17:00:00,83.25,0.56,29.74,100.0,13.320000000000002,0.0,72.81516706166855,10.0,20.0
2025-07-10 18:00:00,11.82,0.37,29.14,100.0,1.8912000000000004,0.0,57.669227633189145,0.0,0.0
2025-07-10 19:00:00,0.0,0.64,28.47,99.37,0.0,0.0,51.92884950686474,0.0,0.0
2025-07-10 20:00:00,0.0,1.21,27.78,98.81,0.0,0.0,43.552298823089224,0.0,0.0
2025-07-10 21:00:00,0.0,1.66,27.11,99.03,0.0,0.0,34.24571538240571,0.0,0.0
2025-07-10 22:00:00,0.0,1.9,26.68,99.03,0.0,0.0,32.178653946560175,0.0,0.0
2025-07-10 23:00:00,0.0,1.98,26.31,99.03,0.0,0.0,28.107229956012194,0.0,0.0
2025-07-11 00:00:00,0.0,1.84,26.06,99.09,0.0,0.0,22.729966149297983,0.0,0.0
2025-07-11 01:00:00,0.0,1.51,25.83,99.53,0.0,0.0,25.279245020456717,0.0,0.0
2025-07-11 02:00:00,0.0,1.13,25.74,99.95,0.0,0.0,25.656010631097114,0.0,0.0
2025-07-11 03:00:00,0.0,0.84,25.64,98.9,0.0,0.0,24.13982689844717,0.0,0.0
2025-07-11 04:00:00,0.0,0.67,25.57,98.11,0.0,0.0,26.612893320510523,0.0,0.0
2025-07-11 05:00:00,6.78,0.64,25.63,100.0,1.0848000000000002,0.0,26.245280951309763,0.0,0.0
2025-07-11 06:00:00,40.95,0.79,26.02,100.0,6.552,0.0,27.274318375372847,0.0,0.0
2025-07-11 07:00:00,84.5,1.08,26.55,100.0,13.520000000000003,0.0,33.827077522402305,0.0,0.0
2025-07-11 08:00:00,140.05,1.51,27.2,100.0,22.408,0.0,42.44415242483138,0.0,0.0
2025-07-11 09:00:00,208.55,1.55,27.97,100.0,33.368,0.0,49.435326497361324,0.0,0.0
2025-07-11 10:00:00,183.1,1.48,28.74,99.42,29.296,0.0,58.09423526517103,0.0,0.0
2025-07-11 11:00:00,175.12,1.57,29.34,99.52,28.0192,0.0,70.83174021420938,0.0,0.0
2025-07-11 12:00:00,116.45,1.66,29.72,100.0,18.632,0.0,76.85910537939168,0.0,0.0
2025-07-11 13:00:00,122.03,1.4,29.84,99.98,19.5248,0.0,87.00304859146483,0.0,0.0
2025-07-11 14:00:00,205.2,1.09,29.8,99.77,32.832,0.0,71.7625616087336,0.0,0.0
2025-07-11 15:00:00,182.23,0.91,29.62,98.89,29.1568,0.0,82.69083663730346,0.0,0.0
2025-07-11 16:00:00,118.72,0.86,29.3,99.68,18.9952,0.0,75.07151351063148,0.0,0.0
2025-07-11 17:00:00,54.47,0.78,28.9,99.76,8.715200000000001,0.0,68.91122024988604,0.0,0.0
2025-07-11 18:00:00,10.45,0.74,28.3,100.0,1.672,0.0,63.979999177447354,0.0,0.0
2025-07-11 19:00:00,0.0,0.92,27.63,99.17,0.0,0.0,54.155818767788766,0.0,0.0
2025-07-11 20:00:00,0.0,1.11,27.21,99.05,0.0,0.0,40.800648685521374,0.0,0.0
2025-07-11 21:00:00,0.0,1.24,26.86,98.73,0.0,0.0,35.43866814561486,0.0,0.0
2025-07-11 22:00:00,0.0,1.28,26.54,98.97,0.0,0.0,32.215179231205006,0.0,0.0
2025-07-11 23:00:00,0.0,1.21,26.28,98.7,0.0,0.0,28.791170774977314,0.0,0.0
2025-07-12 00:00:00,0.0,1.11,26.04,99.2,0.0,0.0,13.38854487113221,0.0,0.0
2025-07-12 01:00:00,0.0,1.06,25.8,99.87,0.0,0.0,14.977416532682483,0.0,0.0
2025-07-12 02:00:00,0.0,1.1,25.58,100.0,0.0,0.0,13.742662584453536,0.0,0.0
2025-07-12 03:00:00,0.0,1.25,25.38,100.0,0.0,0.0,14.788150537270518,0.0,0.0
2025-07-12 04:00:00,0.0,1.23,25.22,100.0,0.0,0.0,16.657683298460476,0.0,0.0
2025-07-12 05:00:00,13.45,1.21,25.25,99.59,2.152,0.0,17.32290911317293,0.0,0.0
2025-07-12 06:00:00,95.82,1.46,25.65,97.35,15.3312,0.0,19.738108113509515,0.0,0.0
2025-07-12 07:00:00,216.93,1.23,26.28,95.95,34.708800000000004,0.0,21.59796580310557,10.0,20.0
2025-07-12 08:00:00,350.02,0.92,27.19,94.73,56.00320000000001,0.0,27.376509433423237,20.0,40.0
2025-07-12 09:00:00,412.15,1.49,28.04,99.94,65.944,0.0,29.37851108049445,30.0,60.0
2025-07-12 10:00:00,476.92,2.09,28.94,96.79,76.30720000000001,0.0,33.00256993280195,40.0,80.0
2025-07-12 11:00:00,430.67,2.48,29.58,99.4,68.9072,0.0,41.37566020807817,50.0,100.0
2025-07-12 12:00:00,442.62,2.52,29.86,98.5,70.81920000000001,0.0,44.70497125695063,50.0,100.0
2025-07-12 13:00:00,505.45,2.25,30.02,99.12,80.872,0.0,47.98684646687111,50.0,100.0
2025-07-12 14:00:00,574.33,1.7,30.01,74.78,91.8928,0.0,50.96414026142907,50.0,100.0
2025-07-12 15:00:00,493.23,1.03,29.95,36.03,78.91680000000001,0.0,50.27996879043498,50.0,100.0
2025-07-12 16:00:00,341.45,0.77,29.78,48.13,54.632,0.0,44.43663690783504,50.0,100.0
2025-07-12 17:00:00,157.57,0.96,29.37,64.13,25.2112,0.0,39.9229802562524,40.0,80.0
2025-07-12 18:00:00,25.9,1.15,28.49,82.14,4.144,0.0,35.917195115622256,30.0,60.0
2025-07-12 19:00:00,0.0,1.24,27.79,98.98,0.0,0.0,31.21269357096506,20.0,40.0
2025-07-12 20:00:00,0.0,1.25,27.48,96.87,0.0,0.0,28.235621256651914,10.0,20.0
2025-07-12 21:00:00,0.0,1.24,27.14,97.4,0.0,0.0,19.264929223919896,0.0,0.0
2025-07-12 22:00:00,0.0,1.21,26.82,96.75,0.0,0.0,18.26912712284828,0.0,0.0
2025-07-12 23:00:00,0.0,1.12,26.54,96.64,0.0,0.0,18.92133101507809,0.0,0.0
2025-07-13 00:00:00,0.0,0.96,26.36,97.84,0.0,0.0,14.985344739130046,0.0,0.0
2025-07-13 01:00:00,0.0,0.67,26.26,99.92,0.0,0.0,14.253769648879592,0.0,0.0
2025-07-13 02:00:00,0.0,0.17,26.15,99.64,0.0,0.0,13.80696035383688,0.0,0.0
2025-07-13 03:00:00,0.0,0.35,25.9,100.0,0.0,0.0,15.310042387204966,0.0,0.0
2025-07-13 04:00:00,0.0,0.75,25.52,100.0,0.0,0.0,16.972354428273857,0.0,0.0
2025-07-13 05:00:00,10.73,0.96,25.51,99.39,1.7168,0.0,16.885376418909026,0.0,0.0
2025-07-13 06:00:00,69.53,1.38,26.41,99.58,11.1248,0.0,19.818810575082225,0.0,0.0
2025-07-13 07:00:00,179.82,1.79,28.17,98.56,28.7712,0.0,22.489472045557687,6.281727954442314,12.563455908884627
2025-07-13 08:00:00,236.05,2.14,29.49,100.0,37.768,0.0,26.60607395046019,16.281727954442314,32.56345590888463
2025-07-13 09:00:00,434.3,2.29,30.52,97.48,69.488,0.0,29.15792537641532,26.281727954442314,52.56345590888463
2025-07-13 10:00:00,444.83,2.48,31.28,99.11,71.1728,0.0,36.92537480302506,36.28172795444232,72.56345590888463
2025-07-13 11:00:00,542.6,2.61,31.79,91.96,86.816,0.0,41.63787662353175,46.28172795444232,92.56345590888463
2025-07-13 12:00:00,477.65,2.72,32.06,98.69,76.42399999999999,0.0,47.532399016763385,50.0,100.0
2025-07-13 13:00:00,466.4,2.68,32.07,99.18,74.62400000000001,0.0,50.245821574554704,50.0,100.0
2025-07-13 14:00:00,447.62,2.72,31.95,98.01,71.6192,0.0,51.031320732647835,50.0,100.0
2025-07-13 15:00:00,330.8,2.96,31.56,94.95,52.92800000000001,0.0,49.18952632391637,50.0,100.0
2025-07-13 16:00:00,209.1,3.1,30.79,96.0,33.456,0.6896064814814816,45.57460661317934,40.0,80.0
2025-07-13 17:00:00,109.45,3.29,29.75,96.35,17.512,0.8243353935185185,40.75191860363243,30.0,60.0
2025-07-13 18:00:00,18.45,3.05,28.48,97.64,2.952,0.6567737268518516,35.466014786245246,20.0,40.0
2025-07-13 19:00:00,0.0,3.43,27.69,98.86,0.0,0.9341112731481482,29.46541947855267,10.0,20.0
2025-07-13 20:00:00,0.0,3.77,27.18,99.09,0.0,1.240338726851852,24.647608024500013,0.0,0.0
2025-07-13 21:00:00,0.0,3.71,26.69,98.13,0.0,1.182055810185185,21.94852137666551,0.0,0.0
2025-07-13 22:00:00,0.0,3.52,26.25,98.13,0.0,1.009588148148148,20.516875403627157,0.0,0.0
2025-07-13 23:00:00,0.0,3.31,25.92,97.54,0.0,0.8394604398148148,17.707362650842583,0.0,0.0
2025-07-14 00:00:00,0.0,3.14,25.67,97.24,0.0,0.716646851851852,25.90112768453784,0.0,0.0
2025-07-14 01:00:00,0.0,3.09,25.5,100.0,0.0,0.6829543749999999,23.64174671489731,0.0,0.0
2025-07-14 02:00:00,0.0,2.92,25.3,98.98,0.0,0.0,24.568136223699465,0.0,0.0
2025-07-14 03:00:00,0.0,2.91,25.14,99.75,0.0,0.0,24.38023989187208,0.0,0.0
2025-07-14 04:00:00,0.0,3.1,25.03,99.15,0.0,0.6896064814814816,26.376552058338767,0.0,0.0
2025-07-14 05:00:00,8.62,3.51,25.07,98.42,1.3792,1.0010081249999998,28.529093444330293,0.0,0.0
2025-07-14 06:00:00,58.15,4.12,25.61,99.25,9.304,1.618854814814815,27.450552306721242,0.0,0.0
2025-07-14 07:00:00,151.57,4.29,26.61,98.62,24.2512,1.8276293750000003,38.87806036904835,0.0,0.0
2025-07-14 08:00:00,230.95,4.23,27.72,99.95,36.952,1.7520131250000006,39.06010536649251,0.0,0.0
2025-07-14 09:00:00,308.67,4.03,28.8,99.39,49.38720000000001,1.5150654398148151,49.9595372208744,0.9427282189404167,1.8854564378808332
2025-07-14 10:00:00,277.65,3.65,29.83,99.95,44.42399999999999,1.1256278935185184,61.971739857623035,0.0,0.0
2025-07-14 11:00:00,182.85,3.09,30.5,98.9,29.256,0.6829543749999999,71.98404847214574,0.0,0.0
2025-07-14 12:00:00,229.0,2.74,30.71,99.73,36.64000000000001,0.0,76.8099036769366,0.0,0.0
2025-07-14 13:00:00,131.43,2.36,30.69,99.62,21.028800000000004,0.0,78.97821557348209,0.0,0.0
2025-07-14 14:00:00,94.07,1.96,30.64,99.6,15.051199999999998,0.0,92.12342941248184,0.0,0.0
2025-07-14 15:00:00,60.33,1.78,30.43,99.84,9.6528,0.0,87.83487428055737,0.0,0.0
2025-07-14 16:00:00,45.05,1.75,29.91,100.0,7.208,0.0,75.95804599171207,0.0,0.0
2025-07-14 17:00:00,26.9,1.7,29.17,100.0,4.304,0.0,73.2264219215447,0.0,0.0
2025-07-14 18:00:00,5.93,1.8,28.23,100.0,0.9488,0.0,54.31831545607786,0.0,0.0
2025-07-14 19:00:00,0.0,2.44,27.59,99.36,0.0,0.0,54.848667149136475,0.0,0.0
2025-07-14 20:00:00,0.0,2.97,27.19,99.4,0.0,0.0,41.710782574736974,0.0,0.0
2025-07-14 21:00:00,0.0,2.98,26.76,99.65,0.0,0.0,35.1066709287922,0.0,0.0
2025-07-14 22:00:00,0.0,2.83,26.44,99.59,0.0,0.0,32.778767789783096,0.0,0.0
2025-07-14 23:00:00,0.0,2.48,26.17,99.18,0.0,0.0,28.38002577349579,0.0,0.0
2025-07-15 00:00:00,0.0,2.19,25.9,100.0,0.0,0.0,23.65254215855687,0.0,0.0
2025-07-15 01:00:00,0.0,2.48,25.66,98.79,0.0,0.0,22.53812568664921,0.0,0.0
2025-07-15 02:00:00,0.0,2.33,25.46,100.0,0.0,0.0,24.27748782416077,0.0,0.0
2025-07-15 03:00:00,0.0,1.8,25.33,99.86,0.0,0.0,24.543793383796935,0.0,0.0
2025-07-15 04:00:00,0.0,1.07,25.23,100.0,0.0,0.0,28.344967550110656,0.0,0.0
2025-07-15 05:00:00,6.57,1.16,25.36,99.87,1.0512,0.0,27.49071696020797,0.0,0.0
2025-07-15 06:00:00,69.0,1.78,25.96,98.94,11.04,0.0,30.329223639289687,0.0,0.0
2025-07-15 07:00:00,148.75,2.02,26.69,99.92,23.8,0.0,39.1542745620876,0.0,0.0
2025-07-15 08:00:00,232.38,3.27,27.71,99.49,37.1808,0.8093931249999999,39.117213399631446,0.0,0.0
2025-07-15 09:00:00,395.95,3.91,29.06,95.77,63.352,1.3837146064814818,50.84793356197064,10.0,20.0
2025-07-15 10:00:00,493.38,4.2,30.26,84.75,78.94080000000001,1.715,62.671193821806725,20.0,40.0
2025-07-15 11:00:00,579.28,4.53,30.99,81.66,92.6848,2.151844375,72.05699444264253,30.0,60.0
2025-07-15 12:00:00,489.33,4.84,31.46,93.36,78.2928,2.6245348148148144,82.91522441191069,28.002110402904123,56.004220805808245
2025-07-15 13:00:00,642.67,5.24,31.67,53.97,102.8272,3.330505185185185,79.18579101732284,38.00211040290412,76.00422080580825
2025-07-15 14:00:00,549.35,5.74,31.59,47.86,87.89600000000002,4.377759814814816,83.2518488426801,47.024021375038856,94.04804275007771
2025-07-15 15:00:00,429.38,6.07,31.21,45.01,68.7008,5.177049606481482,83.95016057198137,37.024021375038856,74.04804275007771
2025-07-15 16:00:00,288.33,5.93,30.41,55.53,46.1328,4.827033726851852,73.99333005797311,27.024021375038856,54.048042750077705
2025-07-15 17:00:00,127.2,4.87,29.34,70.6,20.352000000000004,2.6736412731481485,75.0716913398587,17.024021375038856,34.04804275007771
2025-07-15 18:00:00,19.6,3.82,28.08,86.14,3.136000000000001,1.2903464814814811,60.96825447574013,7.024021375038856,14.048042750077713
2025-07-15 19:00:00,0.0,3.67,27.25,99.73,0.0,1.1442329398148148,50.143358662935725,0.0,0.0
2025-07-15 20:00:00,0.0,3.41,26.73,99.5,0.0,0.917866226851852,42.65632550555592,0.0,0.0
2025-07-15 21:00:00,0.0,3.19,26.27,99.53,0.0,0.7514296064814816,32.11756927135688,0.0,0.0
2025-07-15 22:00:00,0.0,3.17,25.84,99.67,0.0,0.7373845601851852,29.87552850310639,0.0,0.0
2025-07-15 23:00:00,0.0,3.14,25.39,99.68,0.0,0.716646851851852,27.607419056013118,0.0,0.0
2025-07-16 00:00:00,0.0,3.1,25.03,99.77,0.0,0.6896064814814816,21.923838273693068,0.0,0.0
2025-07-16 01:00:00,0.0,3.08,24.82,99.82,0.0,0.6763451851851853,23.81603708834107,0.0,0.0
2025-07-16 02:00:00,0.0,2.94,24.69,91.85,0.0,0.0,24.848804181128727,0.0,0.0
2025-07-16 03:00:00,0.0,2.74,24.63,100.0,0.0,0.0,27.08187046279744,0.0,0.0
2025-07-16 04:00:00,0.0,2.49,24.57,100.0,0.0,0.0,27.581812781699472,0.0,0.0
2025-07-16 05:00:00,8.32,2.67,24.86,96.37,1.3312000000000002,0.0,30.28052977415534,0.0,0.0
2025-07-16 06:00:00,73.4,3.16,25.87,91.34,11.744000000000002,0.7304281481481483,31.111386703933082,0.0,0.0
2025-07-16 07:00:00,167.9,3.17,27.27,86.76,26.864,0.7373845601851852,36.40718535436798,0.0,0.0
2025-07-16 08:00:00,262.17,3.38,28.54,83.02,41.94720000000001,0.8938535185185186,45.2131766777479,0.0,0.0
2025-07-16 09:00:00,390.25,3.45,29.53,75.92,62.44,0.9505468750000002,47.81624472045072,10.0,20.0
2025-07-16 10:00:00,415.92,3.49,30.29,83.0,66.5472,0.9839941898148152,62.13382829927652,15.397365890538289,30.794731781076578
2025-07-16 11:00:00,586.03,3.51,30.74,65.16,93.7648,1.0010081249999998,67.43940132540841,25.39736589053829,50.79473178107657
2025-07-16 12:00:00,700.03,3.52,30.84,51.67,112.0048,1.009588148148148,75.91663178266388,35.39736589053829,70.79473178107658
2025-07-16 13:00:00,606.08,3.61,30.79,79.84,96.9728,1.089025023148148,81.98665327341337,45.39736589053829,90.79473178107658
2025-07-16 14:00:00,578.6,3.52,30.6,66.93,92.576,1.009588148148148,83.41555508708227,50.0,100.0
2025-07-16 15:00:00,418.1,3.31,30.3,90.14,66.896,0.8394604398148148,95.84649635921858,40.0,80.0
2025-07-16 16:00:00,242.52,2.92,29.81,94.74,38.8032,0.0,79.30137217357714,30.0,60.0
2025-07-16 17:00:00,126.43,2.48,29.2,96.66,20.228800000000003,0.0,68.95060210448263,20.0,40.0
2025-07-16 18:00:00,23.02,1.87,28.19,97.57,3.6832,0.0,59.73897488563401,10.0,20.0
2025-07-16 19:00:00,0.0,2.02,27.42,99.6,0.0,0.0,48.43037123418167,0.0,0.0
2025-07-16 20:00:00,0.0,2.21,27.06,99.77,0.0,0.0,42.61005207969488,0.0,0.0
2025-07-16 21:00:00,0.0,2.33,26.73,99.75,0.0,0.0,35.935122718006994,0.0,0.0
2025-07-16 22:00:00,0.0,2.52,26.4,99.83,0.0,0.0,30.849846337150062,0.0,0.0
2025-07-16 23:00:00,0.0,2.81,26.13,99.8,0.0,0.0,28.356698980730787,0.0,0.0
2025-07-17 00:00:00,0.0,3.05,25.88,99.64,0.0,0.6567737268518516,23.70315490223755,0.0,0.0
2025-07-17 01:00:00,0.0,3.03,25.69,99.63,0.0,0.6439381249999998,22.768656686247976,0.0,0.0
2025-07-17 02:00:00,0.0,2.74,25.48,97.55,0.0,0.0,23.961651109943794,0.0,0.0
2025-07-17 03:00:00,0.0,2.37,25.27,97.95,0.0,0.0,27.217516870197894,0.0,0.0
2025-07-17 04:00:00,0.0,2.0,25.09,98.28,0.0,0.0,25.234995820583553,0.0,0.0
2025-07-17 05:00:00,8.5,1.78,25.22,99.29,1.3600000000000003,0.0,27.745574709615184,0.0,0.0
2025-07-17 06:00:00,65.88,1.72,25.95,98.99,10.5408,0.0,33.28895243918357,0.0,0.0
2025-07-17 07:00:00,122.95,2.14,27.07,99.48,19.672,0.0,37.59452066080764,0.0,0.0
2025-07-17 08:00:00,193.02,2.42,28.29,99.61,30.8832,0.0,46.820888278435916,0.0,0.0
2025-07-17 09:00:00,125.6,2.27,29.33,99.85,20.096,0.0,52.44096198810377,0.0,0.0
2025-07-17 10:00:00,129.12,2.03,29.96,99.47,20.6592,0.0,61.96250522943308,0.0,0.0
2025-07-17 11:00:00,100.05,2.01,30.15,99.31,16.008000000000003,0.0,64.72478249967881,0.0,0.0
2025-07-17 12:00:00,133.98,2.09,30.2,99.08,21.4368,0.0,76.0586735904159,0.0,0.0
2025-07-17 13:00:00,285.75,2.16,30.25,99.37,45.72,0.0,84.29047832612574,0.0,0.0
2025-07-17 14:00:00,453.88,2.13,30.31,81.02,72.6208,0.0,88.81513839706602,0.0,0.0
2025-07-17 15:00:00,311.67,2.02,30.19,96.72,49.8672,0.0,81.31682556736246,0.0,0.0
2025-07-17 16:00:00,181.48,1.86,29.79,95.9,29.0368,0.0,78.64803651920198,0.0,0.0
2025-07-17 17:00:00,77.57,1.61,29.22,95.41,12.4112,0.0,68.70939801744883,0.0,0.0
2025-07-17 18:00:00,10.52,1.4,28.31,98.67,1.6832000000000005,0.0,63.062473432189904,0.0,0.0
2025-07-17 19:00:00,0.0,1.32,27.5,99.75,0.0,0.0,51.24179919610622,0.0,0.0
2025-07-17 20:00:00,0.0,1.37,27.15,99.81,0.0,0.0,44.79850036365059,0.0,0.0
2025-07-17 21:00:00,0.0,1.37,26.85,99.74,0.0,0.0,36.023372570257024,0.0,0.0
2025-07-17 22:00:00,0.0,1.41,26.57,99.84,0.0,0.0,29.754346955502843,0.0,0.0
2025-07-17 23:00:00,0.0,1.57,26.33,100.0,0.0,0.0,26.622048533360374,0.0,0.0
2025-07-18 00:00:00,0.0,1.76,26.13,99.92,0.0,0.0,26.333971102061366,0.0,0.0
2025-07-18 01:00:00,0.0,1.98,25.95,100.0,0.0,0.0,21.943504263245377,0.0,0.0
2025-07-18 02:00:00,0.0,2.11,25.81,98.92,0.0,0.0,24.9412528831643,0.0,0.0
2025-07-18 03:00:00,0.0,2.2,25.69,99.19,0.0,0.0,26.076412569018764,0.0,0.0
2025-07-18 04:00:00,0.0,2.5,25.59,99.63,0.0,0.0,26.772823191687557,0.0,0.0
2025-07-18 05:00:00,10.3,3.02,25.69,96.0,1.648,0.6375835185185185,30.391710852582786,0.0,0.0
2025-07-18 06:00:00,83.85,4.56,26.4,92.43,13.416,2.1948799999999995,34.238671775485905,0.0,0.0
2025-07-18 07:00:00,206.95,5.58,27.14,89.76,33.112,4.021785,34.65486182329832,2.4789231767016844,4.957846353403369
2025-07-18 08:00:00,316.48,6.0,28.11,86.99,50.63680000000001,5.0,44.647342604797494,12.478923176701684,24.95784635340337
2025-07-18 09:00:00,572.35,6.27,29.33,90.07,91.576,5.705830624999999,51.245446904498905,22.478923176701684,44.95784635340337
2025-07-18 10:00:00,629.25,6.41,30.33,85.42,100.68,6.096637060185186,62.560585412139346,32.478923176701684,64.95784635340337
2025-07-18 11:00:00,659.75,6.27,31.01,75.91,105.56,5.705830624999999,68.58478809762182,42.478923176701684,84.95784635340337
2025-07-18 12:00:00,531.6,6.1,31.44,90.47,85.05600000000003,5.254189814814813,78.55986609756808,50.0,100.0
2025-07-18 13:00:00,525.62,5.99,31.21,83.24,84.0992,4.975041643518519,79.54913067357367,50.0,100.0
2025-07-18 14:00:00,376.92,5.69,30.26,86.83,60.3072,4.264352060185185,81.41995770795826,40.0,80.0
2025-07-18 15:00:00,257.98,5.19,29.48,93.06,41.27680000000001,3.2360731250000008,76.44960130496386,30.0,60.0
2025-07-18 16:00:00,167.23,4.48,29.02,94.52,26.7568,2.0813748148148155,71.92129959328614,20.0,40.0
2025-07-18 17:00:00,80.15,3.7,28.52,96.17,12.824000000000002,1.1725231481481482,60.83692167383078,10.0,20.0
2025-07-18 18:00:00,13.27,2.91,27.38,98.73,2.1232,0.0,60.73094052490822,0.0,0.0
2025-07-18 19:00:00,0.0,3.38,26.76,99.71,0.0,0.8938535185185186,50.94376456988509,0.0,0.0
2025-07-18 20:00:00,0.0,3.58,26.45,99.62,0.0,1.0620998148148149,42.96168902146442,0.0,0.0
2025-07-18 21:00:00,0.0,3.21,26.14,99.89,0.0,0.7656518749999999,33.526188271703425,0.0,0.0
2025-07-18 22:00:00,0.0,3.16,25.8,100.0,0.0,0.7304281481481483,33.40460596693031,0.0,0.0
2025-07-18 23:00:00,0.0,3.28,25.4,100.0,0.0,0.8168414814814813,28.139744010162847,0.0,0.0
2025-07-19 00:00:00,0.0,3.21,25.0,100.0,0.0,0.7656518749999999,14.20650105367408,0.0,0.0
2025-07-19 01:00:00,0.0,3.2,24.63,98.83,0.0,0.7585185185185186,14.806908804779455,0.0,0.0
2025-07-19 02:00:00,0.0,3.17,24.37,100.0,0.0,0.7373845601851852,14.346508554800824,0.0,0.0
2025-07-19 03:00:00,0.0,2.77,24.18,100.0,0.0,0.0,14.976692805269796,0.0,0.0
2025-07-19 04:00:00,0.0,2.14,24.05,93.5,0.0,0.0,16.85780243415351,0.0,0.0
2025-07-19 05:00:00,9.1,2.2,24.27,90.35,1.4560000000000002,0.0,17.679457385427742,0.0,0.0
2025-07-19 06:00:00,69.2,3.13,25.3,87.94,11.072,0.7098216898148147,17.517178450621508,0.0,0.0
2025-07-19 07:00:00,163.05,3.96,26.67,84.58,26.088,1.43748,23.955926432537524,3.569553567462478,7.139107134924956
2025-07-19 08:00:00,193.1,5.35,27.88,82.72,30.896,3.5446846064814808,27.43774889253428,10.57248928140968,21.14497856281936
2025-07-19 09:00:00,322.3,6.39,28.74,80.03,51.56800000000001,6.039748124999998,30.92302205821039,20.57248928140968,41.14497856281936
2025-07-19 10:00:00,422.65,6.95,29.31,77.57,67.62400000000001,7.770888310185185,38.03045205542249,30.57248928140968,61.14497856281936
2025-07-19 11:00:00,519.92,6.95,29.98,73.57,83.18719999999999,7.770888310185185,42.40324411085721,40.57248928140968,81.14497856281936
2025-07-19 12:00:00,533.38,6.85,30.71,76.14,85.3408,7.440257523148147,47.29500055907674,50.0,100.0
2025-07-19 13:00:00,517.22,6.87,31.21,72.0,82.7552,7.505618125,49.07864581842647,50.0,100.0
2025-07-19 14:00:00,452.23,7.03,31.41,75.07,72.3568,8.04233627314815,54.93782837609415,50.0,100.0
2025-07-19 15:00:00,479.6,7.13,31.03,42.31,76.736,8.390442060185185,50.74837921298564,50.0,100.0
2025-07-19 16:00:00,302.08,6.87,30.03,52.83,48.33279999999999,7.505618125,44.21113025092673,50.0,100.0
2025-07-19 17:00:00,147.55,5.9,28.89,60.06,23.608000000000004,4.75414351851852,43.287729037686795,40.0,80.0
2025-07-19 18:00:00,20.12,4.72,27.52,73.76,3.2192000000000007,2.434121481481481,35.22687664899989,30.0,60.0
2025-07-19 19:00:00,0.0,4.77,26.68,84.91,0.0,2.512299375,29.66912880847577,20.0,40.0
2025-07-19 20:00:00,0.0,4.79,26.23,88.24,0.0,2.5440333101851853,27.467490237902904,10.0,20.0
2025-07-19 21:00:00,0.0,4.71,25.9,85.24,0.0,2.418683125,22.490764548309357,0.0,0.0
2025-07-19 22:00:00,0.0,4.51,25.58,97.43,0.0,2.123468773148148,21.602320226952035,0.0,0.0
2025-07-19 23:00:00,0.0,4.06,25.25,100.0,0.0,1.5491531481481478,17.951736329221752,0.0,0.0
2025-07-20 00:00:00,0.0,3.58,24.93,100.0,0.0,1.0620998148148149,15.804533586563547,0.0,0.0
2025-07-20 01:00:00,0.0,3.36,24.63,98.96,0.0,0.8780799999999999,14.615452251648726,0.0,0.0
2025-07-20 02:00:00,0.0,3.34,24.36,100.0,0.0,0.8624931481481479,14.046775175195275,0.0,0.0
2025-07-20 03:00:00,0.0,3.49,24.11,100.0,0.0,0.9839941898148152,14.497292862264299,0.0,0.0
2025-07-20 04:00:00,0.0,3.5,23.86,99.98,0.0,0.992476851851852,15.555201854487882,0.0,0.0
2025-07-20 05:00:00,12.0,3.69,23.85,99.06,1.92,1.163041875,16.87101595903547,0.0,0.0
2025-07-20 06:00:00,100.53,4.53,24.64,99.05,16.084799999999998,2.151844375,19.210728309295487,0.0,0.0
2025-07-20 07:00:00,249.98,4.81,26.04,99.13,39.9968,2.576033356481481,21.80051355911573,10.0,20.0
2025-07-20 08:00:00,416.8,4.79,27.75,99.98,66.688,2.5440333101851853,27.609886710677248,20.0,40.0
2025-07-20 09:00:00,537.42,4.21,29.2,98.5,85.98720000000002,1.7272791898148143,28.494811034621627,30.0,60.0
2025-07-20 10:00:00,558.3,3.7,30.33,99.73,89.32799999999999,1.1725231481481482,37.20875915250054,40.0,80.0
2025-07-20 11:00:00,612.1,3.52,31.13,100.0,97.936,1.009588148148148,43.043233589126736,50.0,100.0
2025-07-20 12:00:00,636.62,3.74,31.67,98.11,101.8592,1.2109635185185188,51.37876002057984,50.0,100.0
2025-07-20 13:00:00,577.58,3.99,31.91,99.63,92.41280000000002,1.4703981250000004,51.22612177741884,50.0,100.0
2025-07-20 14:00:00,499.62,4.11,31.88,98.84,79.93920000000001,1.607095625,51.22665180442426,50.0,100.0
2025-07-20 15:00:00,410.6,4.04,31.51,75.2,65.69600000000001,1.526371851851852,48.113901037003295,50.0,100.0
2025-07-20 16:00:00,278.2,3.76,30.88,79.17,44.512,1.2304948148148147,47.796257069615706,47.946237745199106,95.89247549039821
2025-07-20 17:00:00,120.97,3.25,29.7,85.62,19.3552,0.7946325231481481,43.09286266539555,37.946237745199106,75.89247549039821
2025-07-20 18:00:00,17.75,2.61,28.14,92.74,2.84,0.0,35.11677661934191,27.946237745199106,55.892475490398205
2025-07-20 19:00:00,0.0,2.53,27.15,98.67,0.0,0.0,34.27603271456919,17.946237745199106,35.89247549039821
2025-07-20 20:00:00,0.0,2.67,26.69,99.33,0.0,0.0,26.569389008372724,7.946237745199106,15.892475490398212
2025-07-20 21:00:00,0.0,2.52,26.37,98.64,0.0,0.0,22.987774956759953,0.0,0.0
2025-07-20 22:00:00,0.0,2.04,26.25,99.64,0.0,0.0,20.03296945851427,0.0,0.0
2025-07-20 23:00:00,0.0,1.98,26.13,99.36,0.0,0.0,18.503370939592184,0.0,0.0
2025-07-21 00:00:00,0.0,2.36,25.89,99.42,0.0,0.0,23.0462619444586,0.0,0.0
2025-07-21 01:00:00,0.0,3.17,25.64,99.81,0.0,0.7373845601851852,22.175053547248236,0.0,0.0
2025-07-21 02:00:00,0.0,3.49,25.34,99.88,0.0,0.9839941898148152,23.179520339533806,0.0,0.0
2025-07-21 03:00:00,0.0,2.47,24.96,98.88,0.0,0.0,25.2286558570365,0.0,0.0
2025-07-21 04:00:00,0.0,1.59,24.75,99.41,0.0,0.0,25.831664383530253,0.0,0.0
2025-07-21 05:00:00,9.2,1.45,25.12,99.69,1.472,0.0,28.40558508939216,0.0,0.0
2025-07-21 06:00:00,80.25,1.99,26.08,98.74,12.840000000000002,0.0,35.785927144780736,0.0,0.0
2025-07-21 07:00:00,175.15,2.21,27.1,99.32,28.024,0.0,33.078340597036295,0.0,0.0
2025-07-21 08:00:00,290.48,2.39,28.15,99.45,46.4768,0.0,43.40759189193934,3.069208108060657,6.138416216121314
2025-07-21 09:00:00,380.52,2.5,28.98,99.34,60.8832,0.0,53.5804871515689,10.371920956491756,20.743841912983513
2025-07-21 10:00:00,474.05,2.47,29.54,99.72,75.848,0.0,59.23183556334492,20.371920956491756,40.74384191298351
2025-07-21 11:00:00,492.38,2.49,29.77,98.6,78.7808,0.0,72.95577403519297,26.19694692129878,52.39389384259756
2025-07-21 12:00:00,487.33,2.58,30.07,97.39,77.9728,0.0,77.32680300159815,26.842943919700637,53.68588783940127
2025-07-21 13:00:00,482.52,2.6,30.42,99.46,77.20320000000001,0.0,84.8266441457845,19.219499773916148,38.438999547832296
2025-07-21 14:00:00,402.33,2.5,30.8,99.46,64.3728,0.0,82.37622195001572,9.219499773916148,18.438999547832296
2025-07-21 15:00:00,335.1,2.29,30.91,98.53,53.616,0.0,77.42307155245763,0.0,0.0
2025-07-21 16:00:00,213.55,2.2,30.7,99.44,34.168,0.0,73.9059870168897,0.0,0.0
2025-07-21 17:00:00,106.9,2.04,30.06,99.23,17.104000000000003,0.0,63.845390163204726,0.0,0.0
2025-07-21 18:00:00,17.62,1.89,28.78,98.88,2.8192000000000004,0.0,60.23833448928069,0.0,0.0
2025-07-21 19:00:00,0.0,2.04,27.87,99.71,0.0,0.0,55.001283342811504,0.0,0.0
2025-07-21 20:00:00,0.0,2.28,27.4,99.69,0.0,0.0,42.99890367621247,0.0,0.0
2025-07-21 21:00:00,0.0,2.45,26.96,99.64,0.0,0.0,35.219558227938236,0.0,0.0
2025-07-21 22:00:00,0.0,2.43,26.66,99.8,0.0,0.0,31.88820362735665,0.0,0.0
2025-07-21 23:00:00,0.0,2.37,26.38,99.82,0.0,0.0,26.13302203026228,0.0,0.0
2025-07-22 00:00:00,0.0,2.54,26.14,99.95,0.0,0.0,23.679355881691578,0.0,0.0
2025-07-22 01:00:00,0.0,2.85,25.96,99.99,0.0,0.0,23.824286939860965,0.0,0.0
2025-07-22 02:00:00,0.0,3.03,25.78,99.98,0.0,0.6439381249999998,25.193653260868512,0.0,0.0
2025-07-22 03:00:00,0.0,2.92,25.59,100.0,0.0,0.0,25.24598374716327,0.0,0.0
2025-07-22 04:00:00,0.0,2.89,25.43,100.0,0.0,0.0,25.992027776801418,0.0,0.0
2025-07-22 05:00:00,9.3,3.29,25.49,99.99,1.4880000000000002,0.8243353935185185,27.086760397837825,0.0,0.0
2025-07-22 06:00:00,85.57,4.36,26.24,99.33,13.691199999999998,1.918561481481482,29.206386691389017,0.0,0.0
2025-07-22 07:00:00,185.88,4.78,27.38,99.64,29.7408,2.5281331481481484,37.151846374615666,0.0,0.0
2025-07-22 08:00:00,309.88,4.96,28.68,99.46,49.5808,2.824628148148148,42.985261526881494,9.42016662126666,18.84033324253332
2025-07-22 09:00:00,420.73,4.8,29.92,97.84,67.3168,2.56,52.21890742607884,19.42016662126666,38.84033324253332
2025-07-22 10:00:00,502.98,4.54,30.85,91.85,80.47680000000001,2.1661264814814816,60.79592623928503,29.42016662126666,58.84033324253332
2025-07-22 11:00:00,599.33,4.32,31.44,81.02,95.8928,1.86624,75.83509727871851,39.42016662126666,78.84033324253332
2025-07-22 12:00:00,549.3,4.15,31.7,86.03,87.88799999999999,1.6544762731481486,81.17059368347083,47.79204921094397,95.58409842188794
2025-07-22 13:00:00,555.3,3.91,31.84,91.17,88.84799999999998,1.3837146064814818,88.33546452363895,49.688299293786486,99.37659858757297
2025-07-22 14:00:00,420.05,3.41,31.68,99.64,67.20800000000001,0.917866226851852,85.35927073603695,39.688299293786486,79.37659858757297
2025-07-22 15:00:00,291.62,2.74,31.31,98.83,46.6592,0.0,83.18872329246871,29.688299293786486,59.37659858757297
2025-07-22 16:00:00,186.12,2.29,30.83,99.03,29.779200000000003,0.0,77.43350376328232,19.688299293786486,39.37659858757297
2025-07-22 17:00:00,80.65,2.1,30.2,99.29,12.904,0.0,71.04756671121548,9.688299293786486,19.37659858757297
2025-07-22 18:00:00,11.93,1.44,29.25,98.94,1.9088000000000005,0.0,57.57889546801131,0.0,0.0
2025-07-22 19:00:00,0.0,1.46,28.69,99.09,0.0,0.0,54.34784347956019,0.0,0.0
2025-07-22 20:00:00,0.0,1.74,28.15,99.06,0.0,0.0,48.60417234434989,0.0,0.0
2025-07-22 21:00:00,0.0,2.1,27.59,98.99,0.0,0.0,33.42109334750059,0.0,0.0
2025-07-22 22:00:00,0.0,2.35,27.14,99.26,0.0,0.0,30.675570446081387,0.0,0.0
2025-07-22 23:00:00,0.0,2.55,26.8,99.67,0.0,0.0,30.373104573056903,0.0,0.0
2025-07-23 00:00:00,0.0,3.01,26.58,99.83,0.0,0.6312708564814813,25.100331572633927,0.0,0.0
2025-07-23 01:00:00,0.0,3.96,26.37,99.97,0.0,1.43748,24.749285247071608,0.0,0.0
2025-07-23 02:00:00,0.0,4.94,26.12,99.93,0.0,2.7905968518518525,23.325709076151814,0.0,0.0
2025-07-23 03:00:00,0.0,5.28,25.82,99.92,0.0,3.4073600000000006,27.150232828141988,0.0,0.0
2025-07-23 04:00:00,0.0,5.03,25.55,99.91,0.0,2.945914976851852,26.148051842240854,0.0,0.0
2025-07-23 05:00:00,6.25,4.71,25.37,100.0,1.0,2.418683125,30.26763952803396,0.0,0.0
2025-07-23 06:00:00,66.0,5.11,25.89,99.88,10.560000000000002,3.088722939814815,32.448339792286085,0.0,0.0
2025-07-23 07:00:00,129.43,5.98,26.92,100.0,20.708800000000004,4.9501664814814825,37.70645086244206,0.0,0.0
2025-07-23 08:00:00,207.02,6.54,28.26,99.71,33.123200000000004,6.475145,39.59360691437338,0.004738085626620148,0.009476171253240295
2025-07-23 09:00:00,350.67,6.39,29.63,99.74,56.10720000000001,6.039748124999998,52.61159460234322,9.540091608283412,19.080183216566823
2025-07-23 10:00:00,586.7,5.73,30.71,93.55,93.872,4.354919375000001,64.50082545968917,19.54009160828341,39.08018321656682
2025-07-23 11:00:00,604.08,5.05,31.3,84.43,96.6528,2.9811950231481483,68.26092881733142,29.54009160828341,59.08018321656683
2025-07-23 12:00:00,594.17,4.6,31.62,89.26,95.0672,2.253148148148148,77.80613498128153,39.54009160828341,79.08018321656682
2025-07-23 13:00:00,601.53,4.32,31.72,97.97,96.2448,1.86624,82.68220874793431,49.54009160828341,99.08018321656682
2025-07-23 14:00:00,497.05,4.15,31.61,93.74,79.528,1.6544762731481486,82.85550346196773,47.86706441946384,95.73412883892767
2025-07-23 15:00:00,355.08,3.98,31.19,88.82,56.81280000000001,1.459370185185185,81.0611340051368,37.86706441946384,75.73412883892767
2025-07-23 16:00:00,216.45,3.63,30.43,93.0,34.632,1.107225625,78.0465456126827,27.867064419463837,55.734128838927674
2025-07-23 17:00:00,97.53,3.09,29.45,95.33,15.6048,0.6829543749999999,67.59678773921301,17.867064419463837,35.734128838927674
2025-07-23 18:00:00,13.6,2.48,28.21,97.27,2.176,0.0,62.645759144462225,7.867064419463837,15.734128838927674
2025-07-23 19:00:00,0.0,2.62,27.54,97.34,0.0,0.0,47.721989054990985,0.0,0.0
2025-07-23 20:00:00,0.0,2.89,27.17,96.77,0.0,0.0,46.25822283467123,0.0,0.0
2025-07-23 21:00:00,0.0,3.24,26.78,98.24,0.0,0.7873200000000001,39.41309593765618,0.0,0.0
2025-07-23 22:00:00,0.0,3.82,26.41,99.46,0.0,1.2903464814814811,30.590786863520727,0.0,0.0
2025-07-23 23:00:00,0.0,4.43,26.05,99.27,0.0,2.0124608101851846,28.391818833801604,0.0,0.0
2025-07-24 00:00:00,0.0,4.74,25.67,99.57,0.0,2.4651950000000005,24.1594875535063,0.0,0.0
2025-07-24 01:00:00,0.0,4.8,25.34,99.98,0.0,2.56,24.129323085401417,0.0,0.0
2025-07-24 02:00:00,0.0,4.68,25.13,99.84,0.0,2.3727599999999995,25.78225195616027,0.0,0.0
2025-07-24 03:00:00,0.0,4.83,25.03,99.96,0.0,2.608300625,25.79528545032068,0.0,0.0
2025-07-24 04:00:00,0.0,4.35,24.79,99.86,0.0,1.9053906249999997,26.9386654056278,0.0,0.0
2025-07-24 05:00:00,11.1,3.99,24.71,83.54,1.7760000000000002,1.4703981250000004,27.247375538686605,0.0,0.0
2025-07-24 06:00:00,104.55,4.89,25.65,66.72,16.728,2.7067168749999992,28.786049257014305,0.0,0.0
2025-07-24 07:00:00,264.23,5.48,26.99,50.02,42.27680000000001,3.809411851851853,36.626837859394335,9.459373992457529,18.918747984915058
2025-07-24 08:00:00,420.25,5.42,28.46,36.87,67.24,3.685650185185185,45.888376711327766,19.45937399245753,38.91874798491506
2025-07-24 09:00:00,572.17,4.89,29.75,30.11,91.5472,2.7067168749999992,52.08743959046746,29.45937399245753,58.91874798491506
2025-07-24 10:00:00,674.3,4.27,30.76,31.22,107.888,1.802187106481481,55.96543699213162,39.45937399245753,78.91874798491506
2025-07-24 11:00:00,795.33,3.89,31.38,28.55,127.25280000000004,1.3625895601851854,71.1851165417076,49.45937399245753,98.91874798491506
2025-07-24 12:00:00,683.72,3.74,31.73,50.2,109.3952,1.2109635185185188,71.08022292564613,50.0,100.0
2025-07-24 13:00:00,677.62,3.7,31.92,43.19,108.4192,1.1725231481481482,74.4765509779499,50.0,100.0
2025-07-24 14:00:00,605.2,3.57,31.84,38.11,96.83200000000002,1.053224375,85.1740880866206,50.0,100.0
2025-07-24 15:00:00,482.17,3.51,31.76,39.76,77.14720000000001,1.0010081249999998,81.80877360244226,46.33943452255775,92.6788690451155
2025-07-24 16:00:00,287.5,3.35,31.17,53.69,46.0,0.8702633101851853,82.33417487161603,36.33943452255775,72.6788690451155
2025-07-24 17:00:00,130.4,3.08,30.23,66.38,20.864000000000004,0.6763451851851853,69.46781525247592,26.339434522557752,52.678869045115505
2025-07-24 18:00:00,15.15,2.6,28.61,83.66,2.4240000000000004,0.0,57.05331541957607,16.339434522557752,32.678869045115505
2025-07-24 19:00:00,0.0,2.99,27.65,99.9,0.0,0.0,48.3666791025653,6.339434522557752,12.678869045115505
2025-07-24 20:00:00,0.0,3.55,27.17,99.93,0.0,1.0356221064814817,42.14568292440222,0.0,0.0
2025-07-24 21:00:00,0.0,4.04,26.76,99.98,0.0,1.526371851851852,36.11299221915101,0.0,0.0
2025-07-24 22:00:00,0.0,4.49,26.37,99.94,0.0,2.095343726851852,33.65290089070679,0.0,0.0
2025-07-24 23:00:00,0.0,4.78,26.01,99.87,0.0,2.5281331481481484,29.649991209169883,0.0,0.0
2025-07-25 00:00:00,0.0,5.02,25.65,99.52,0.0,2.928379814814814,23.479432573403415,0.0,0.0
2025-07-25 01:00:00,0.0,5.18,25.4,99.42,0.0,3.2174035185185184,26.19770837859813,0.0,0.0
2025-07-25 02:00:00,0.0,5.28,25.21,99.9,0.0,3.4073600000000006,23.616476103261252,0.0,0.0
2025-07-25 03:00:00,0.0,5.0,24.9,99.93,0.0,2.8935185185185186,23.707483859936094,0.0,0.0
2025-07-25 04:00:00,0.0,4.54,24.57,99.74,0.0,2.1661264814814816,24.632101156886986,0.0,0.0
2025-07-25 05:00:00,12.23,4.49,24.54,95.07,1.9568000000000003,2.095343726851852,28.986838276816247,0.0,0.0
2025-07-25 06:00:00,108.32,4.98,25.53,89.98,17.331200000000003,2.8589350000000007,30.151438973281564,0.0,0.0
2025-07-25 07:00:00,268.27,5.56,27.32,84.64,42.92320000000001,3.9786948148148142,36.77181375708502,10.0,20.0
2025-07-25 08:00:00,407.1,5.71,29.22,80.58,65.13600000000001,4.309477106481482,43.63476593496242,20.0,40.0
2025-07-25 09:00:00,601.05,5.2,30.74,96.09,96.168,3.254814814814815,48.127055978159625,30.0,60.0
2025-07-25 10:00:00,661.28,4.39,31.84,76.51,105.8048,1.9584379398148144,60.35349269594672,40.0,80.0
2025-07-25 11:00:00,774.0,3.65,32.23,61.0,123.84000000000002,1.1256278935185184,73.94730371375627,50.0,100.0
2025-07-25 12:00:00,792.92,3.25,32.28,80.69,126.8672,0.7946325231481481,78.01847856230184,50.0,100.0
2025-07-25 13:00:00,684.03,3.06,32.19,79.77,109.4448,0.6632550000000001,88.24493613570112,50.0,100.0
2025-07-25 14:00:00,605.08,2.93,32.04,57.69,96.81280000000002,0.0,79.53953713706183,50.0,100.0
2025-07-25 15:00:00,477.0,2.77,31.9,31.84,76.32,0.0,87.19207661866523,40.0,80.0
2025-07-25 16:00:00,320.33,2.36,31.46,45.29,51.25280000000001,0.0,72.87007434779173,30.0,60.0
2025-07-25 17:00:00,136.38,2.34,30.74,62.56,21.8208,0.0,63.30414454763415,20.0,40.0
2025-07-25 18:00:00,19.4,1.87,29.34,81.52,3.104,0.0,55.8039779932468,10.0,20.0
2025-07-25 19:00:00,0.0,2.07,28.51,99.81,0.0,0.0,51.855020622411786,0.0,0.0
2025-07-25 20:00:00,0.0,2.21,28.09,99.49,0.0,0.0,46.69463748486551,0.0,0.0
2025-07-25 21:00:00,0.0,2.32,27.7,98.37,0.0,0.0,40.02077347349041,0.0,0.0
2025-07-25 22:00:00,0.0,2.41,27.34,96.09,0.0,0.0,31.425733463672007,0.0,0.0
2025-07-25 23:00:00,0.0,2.43,27.0,96.46,0.0,0.0,27.143918714468786,0.0,0.0
2025-07-26 00:00:00,0.0,2.35,26.7,100.0,0.0,0.0,14.123911737520443,0.0,0.0
2025-07-26 01:00:00,0.0,2.3,26.43,98.87,0.0,0.0,14.840094704243358,0.0,0.0
2025-07-26 02:00:00,0.0,2.3,26.2,100.0,0.0,0.0,15.16615860281117,0.0,0.0
2025-07-26 03:00:00,0.0,2.38,26.03,99.25,0.0,0.0,14.151470872588044,0.0,0.0
2025-07-26 04:00:00,0.0,2.23,25.88,99.51,0.0,0.0,15.82033429521115,0.0,0.0
2025-07-26 05:00:00,1.3,2.02,25.94,100.0,0.208,0.0,17.814915519182513,0.0,0.0
2025-07-26 06:00:00,15.9,2.32,26.57,100.0,2.5440000000000005,0.0,18.431406101888612,0.0,0.0
2025-07-26 07:00:00,46.28,2.07,27.6,100.0,7.404800000000001,0.0,22.72431620135369,0.0,0.0
2025-07-26 08:00:00,83.3,1.7,29.0,100.0,13.328,0.0,28.90819703743295,0.0,0.0
2025-07-26 09:00:00,185.45,1.49,30.16,100.0,29.672,0.0,31.23862505369654,0.0,0.0
2025-07-26 10:00:00,257.55,1.7,31.23,100.0,41.208,0.0,36.100992609005495,5.107007390994504,10.214014781989007
2025-07-26 11:00:00,341.67,2.27,32.06,97.63,54.66720000000001,0.0,42.35121499987864,15.107007390994504,30.214014781989007
2025-07-26 12:00:00,412.2,2.59,32.57,93.31,65.952,0.0,48.89326262314751,25.107007390994504,50.214014781989
2025-07-26 13:00:00,451.08,2.57,32.83,95.13,72.1728,0.0,52.89848259315214,35.107007390994504,70.21401478198901
2025-07-26 14:00:00,495.2,2.44,32.7,95.1,79.232,0.0,51.038506787574036,45.107007390994504,90.21401478198901
2025-07-26 15:00:00,391.08,2.4,32.06,78.71,62.5728,0.0,49.33700115871299,50.0,100.0
2025-07-26 16:00:00,234.55,2.46,30.87,82.53,37.528000000000006,0.0,49.07031695057767,40.0,80.0
2025-07-26 17:00:00,119.18,2.37,29.65,85.16,19.068800000000003,0.0,40.448400232469304,30.0,60.0
2025-07-26 18:00:00,13.52,1.51,28.6,93.28,2.1632,0.0,39.06317917044193,20.0,40.0
2025-07-26 19:00:00,0.0,1.03,28.01,97.09,0.0,0.0,31.480081898423467,10.0,20.0
2025-07-26 20:00:00,0.0,1.2,27.56,99.73,0.0,0.0,28.762394626805072,0.0,0.0
2025-07-26 21:00:00,0.0,1.52,27.12,99.45,0.0,0.0,22.615049068442634,0.0,0.0
2025-07-26 22:00:00,0.0,1.66,26.65,99.65,0.0,0.0,18.651676849398946,0.0,0.0
2025-07-26 23:00:00,0.0,1.63,26.19,99.27,0.0,0.0,18.81832547123417,0.0,0.0
2025-07-27 00:00:00,0.0,1.54,25.86,99.53,0.0,0.0,13.54596834141334,0.0,0.0
2025-07-27 01:00:00,0.0,1.34,25.83,99.36,0.0,0.0,14.558520403998864,0.0,0.0
2025-07-27 02:00:00,0.0,1.13,25.87,100.0,0.0,0.0,16.836790901371057,0.0,0.0
2025-07-27 03:00:00,0.0,0.8,25.85,99.61,0.0,0.0,14.967284972429049,0.0,0.0
2025-07-27 04:00:00,0.0,0.75,25.82,99.61,0.0,0.0,16.05690891832914,0.0,0.0
2025-07-27 05:00:00,6.78,1.07,25.96,99.77,1.0848000000000002,0.0,17.154904235410605,0.0,0.0
2025-07-27 06:00:00,73.82,2.06,26.92,98.19,11.8112,0.0,18.56878573932781,0.0,0.0
2025-07-27 07:00:00,179.8,3.13,28.12,99.22,28.768,0.7098216898148147,22.567786292475297,6.9100353973395165,13.820070794679031
2025-07-27 08:00:00,302.42,4.3,29.37,99.43,48.38720000000001,1.840439814814815,28.994550752639,16.910035397339517,33.82007079467903
2025-07-27 09:00:00,441.73,5.02,30.48,90.24,70.6768,2.928379814814814,34.02480726715559,26.910035397339517,53.82007079467903
2025-07-27 10:00:00,445.67,5.32,31.58,98.07,71.30720000000001,3.485388148148149,37.404657662530084,36.91003539733951,73.82007079467903
2025-07-27 11:00:00,489.12,5.43,32.42,95.74,78.2592,3.706088125,46.44713409156903,46.91003539733951,93.82007079467903
2025-07-27 12:00:00,242.75,5.32,32.89,98.87,38.84,3.485388148148149,48.154827801855305,41.08059574363236,82.16119148726472
2025-07-27 13:00:00,257.58,5.1,33.07,99.69,41.2128,3.070625,47.66845068577308,37.69557005785928,75.39114011571856
2025-07-27 14:00:00,446.23,4.71,33.16,94.2,71.39680000000001,2.418683125,45.61322735115386,47.69557005785928,95.39114011571856
2025-07-27 15:00:00,377.42,4.23,32.86,77.51,60.38720000000001,1.7520131250000006,50.80804577968957,50.0,100.0
2025-07-27 16:00:00,252.27,3.49,32.33,80.58,40.363200000000006,0.9839941898148152,48.522500003862206,42.824694185952616,85.64938837190523
2025-07-27 17:00:00,114.47,2.99,31.41,85.32,18.3152,0.0,42.201559576980806,32.824694185952616,65.64938837190523
2025-07-27 18:00:00,15.65,2.05,29.74,93.41,2.5040000000000004,0.0,36.09657111622291,22.824694185952616,45.64938837190523
2025-07-27 19:00:00,0.0,1.94,28.97,96.15,0.0,0.0,30.56821794248794,12.824694185952616,25.64938837190523
2025-07-27 20:00:00,0.0,1.87,28.61,96.91,0.0,0.0,24.558748268239068,2.824694185952616,5.649388371905232
2025-07-27 21:00:00,0.0,1.72,28.32,95.72,0.0,0.0,21.04838003308833,0.0,0.0
2025-07-27 22:00:00,0.0,1.6,28.14,97.73,0.0,0.0,18.454126507624245,0.0,0.0
2025-07-27 23:00:00,0.0,1.83,27.86,98.08,0.0,0.0,17.10027665467032,0.0,0.0
2025-07-28 00:00:00,0.0,2.28,27.31,99.36,0.0,0.0,25.302604060238174,0.0,0.0
2025-07-28 01:00:00,0.0,2.7,26.83,99.99,0.0,0.0,23.379238063459958,0.0,0.0
2025-07-28 02:00:00,0.0,2.59,26.52,98.7,0.0,0.0,23.50404088628923,0.0,0.0
2025-07-28 03:00:00,0.0,2.34,26.35,98.34,0.0,0.0,25.605180004424437,0.0,0.0
2025-07-28 04:00:00,0.0,2.26,26.24,98.2,0.0,0.0,25.72632381047726,0.0,0.0
2025-07-28 05:00:00,7.38,2.32,26.26,98.15,1.1808,0.0,28.44962686086231,0.0,0.0
2025-07-28 06:00:00,70.4,3.13,26.75,99.17,11.264,0.7098216898148147,30.624507937894275,0.0,0.0
2025-07-28 07:00:00,165.73,3.41,27.3,99.49,26.516800000000003,0.917866226851852,37.25094371305864,0.0,0.0
2025-07-28 08:00:00,264.65,3.72,27.83,99.55,42.344,1.1916400000000005,40.72873575624643,2.8069042437535714,5.613808487507143
2025-07-28 09:00:00,429.98,3.93,28.23,94.51,68.7968,1.405056875,53.25173272292366,12.806904243753571,25.613808487507146
2025-07-28 10:00:00,538.3,3.8,28.62,92.59,86.128,1.270185185185185,55.24651926507042,22.80690424375357,45.61380848750714
2025-07-28 11:00:00,653.85,3.47,29.11,57.45,104.616,0.9671741435185188,69.50137612578223,32.80690424375357,65.61380848750714
2025-07-28 12:00:00,713.88,3.2,29.58,54.56,114.2208,0.7585185185185186,79.56055883518782,42.80690424375357,85.61380848750714
2025-07-28 13:00:00,654.6,3.06,30.0,84.76,104.73600000000002,0.6632550000000001,76.88458059867207,50.0,100.0
2025-07-28 14:00:00,539.53,3.06,30.22,97.26,86.3248,0.6632550000000001,88.53024334842252,48.45781165157749,96.91562330315497
2025-07-28 15:00:00,422.38,2.96,30.44,89.51,67.5808,0.0,84.81843478032678,38.45781165157749,76.91562330315497
2025-07-28 16:00:00,242.98,2.71,30.39,85.82,38.8768,0.0,85.35031999942598,28.457811651577487,56.91562330315497
2025-07-28 17:00:00,114.07,2.3,30.06,81.98,18.2512,0.0,71.52637280276646,18.457811651577487,36.91562330315497
2025-07-28 18:00:00,13.3,1.0,29.45,98.78,2.128,0.0,63.94695736078942,8.457811651577487,16.915623303154973
2025-07-28 19:00:00,0.0,1.28,28.9,99.58,0.0,0.0,44.64839488479922,0.0,0.0
2025-07-28 20:00:00,0.0,1.89,27.99,99.47,0.0,0.0,47.715961965547706,0.0,0.0
2025-07-28 21:00:00,0.0,2.35,27.42,99.16,0.0,0.0,36.033836314317476,0.0,0.0
2025-07-28 22:00:00,0.0,2.92,27.0,98.56,0.0,0.0,32.26518701289392,0.0,0.0
2025-07-28 23:00:00,0.0,3.56,26.63,98.82,0.0,1.0443985185185187,27.584055129843755,0.0,0.0
2025-07-29 00:00:00,0.0,3.61,26.24,99.29,0.0,1.089025023148148,25.361145792687584,0.0,0.0
2025-07-29 01:00:00,0.0,3.39,25.96,99.97,0.0,0.9018106250000002,24.20890517181573,0.0,0.0
2025-07-29 02:00:00,0.0,3.3,25.75,100.0,0.0,0.8318749999999999,26.335162073306822,0.0,0.0
2025-07-29 03:00:00,0.0,3.41,25.56,98.96,0.0,0.917866226851852,26.143176996878083,0.0,0.0
2025-07-29 04:00:00,0.0,3.74,25.41,98.92,0.0,1.2109635185185188,26.37834880782635,0.0,0.0
2025-07-29 05:00:00,6.57,4.2,25.35,88.29,1.0512,1.715,28.59601284182088,0.0,0.0
2025-07-29 06:00:00,73.47,5.07,25.94,77.37,11.7552,3.0167556250000005,34.16424226928694,0.0,0.0
2025-07-29 07:00:00,194.18,5.29,26.93,67.71,31.068800000000007,3.426756689814815,34.710298235892424,0.0,0.0
2025-07-29 08:00:00,310.67,5.75,28.35,59.61,49.7072,4.400679976851852,45.83618070671245,8.271699270139408,16.543398540278815
2025-07-29 09:00:00,483.27,5.95,29.78,60.34,77.3232,4.8760387731481485,55.20783403860098,18.271699270139408,36.543398540278815
2025-07-29 10:00:00,476.95,5.8,31.01,85.91,76.312,4.516481481481481,64.07197977592116,28.271699270139408,56.54339854027881
2025-07-29 11:00:00,500.77,5.39,31.91,87.71,80.1232,3.6247874768518513,71.87312211517288,38.27169927013941,76.54339854027882
2025-07-29 12:00:00,495.95,4.83,32.36,99.91,79.352,2.608300625,76.8639177336148,43.36808216152461,86.73616432304922
2025-07-29 13:00:00,457.95,4.28,32.46,99.82,73.27199999999999,1.8148785185185188,85.90931327177563,33.36808216152461,66.73616432304922
2025-07-29 14:00:00,317.67,3.61,32.21,99.46,50.827200000000005,1.089025023148148,87.6147617710414,23.36808216152461,46.73616432304922
2025-07-29 15:00:00,264.45,3.06,31.82,99.38,42.312,0.6632550000000001,81.9020495759169,13.368082161524612,26.736164323049223
2025-07-29 16:00:00,165.23,2.71,31.23,99.1,26.4368,0.0,79.10741118546083,3.3680821615246117,6.736164323049223
2025-07-29 17:00:00,77.47,2.25,30.4,99.17,12.3952,0.0,71.28211676833006,0.0,0.0
2025-07-29 18:00:00,9.23,1.55,29.27,99.95,1.4768,0.0,56.37495982665788,0.0,0.0
2025-07-29 19:00:00,0.0,1.67,28.59,99.52,0.0,0.0,51.61396402716909,0.0,0.0
2025-07-29 20:00:00,0.0,1.81,28.11,99.41,0.0,0.0,45.01598498455655,0.0,0.0
2025-07-29 21:00:00,0.0,2.0,27.65,99.39,0.0,0.0,40.31256689893794,0.0,0.0
2025-07-29 22:00:00,0.0,2.26,27.18,99.74,0.0,0.0,30.252871373297154,0.0,0.0
2025-07-29 23:00:00,0.0,2.49,26.65,99.34,0.0,0.0,30.327647734610554,0.0,0.0
2025-07-30 00:00:00,0.0,3.06,26.21,99.22,0.0,0.6632550000000001,24.00670073293251,0.0,0.0
2025-07-30 01:00:00,0.0,3.41,25.75,100.0,0.0,0.917866226851852,24.715341962136073,0.0,0.0
2025-07-30 02:00:00,0.0,3.12,25.4,99.5,0.0,0.7030400000000001,24.757138254543072,0.0,0.0
2025-07-30 03:00:00,0.0,2.68,25.2,99.2,0.0,0.0,25.924845877400283,0.0,0.0
2025-07-30 04:00:00,0.0,2.44,25.06,99.16,0.0,0.0,27.68170254544327,0.0,0.0
2025-07-30 05:00:00,2.55,2.25,25.0,100.0,0.4079999999999999,0.0,28.576228027160916,0.0,0.0
2025-07-30 06:00:00,21.73,2.64,25.31,100.0,3.4768000000000003,0.0,35.88400204520519,0.0,0.0
2025-07-30 07:00:00,44.03,3.18,25.86,100.0,7.0448,0.7443850000000002,35.979307309128856,0.0,0.0
2025-07-30 08:00:00,66.65,3.67,26.57,100.0,10.664,1.1442329398148148,41.20806673329137,0.0,0.0
2025-07-30 09:00:00,101.03,4.0,27.34,99.64,16.1648,1.4814814814814814,48.713749291653386,0.0,0.0
2025-07-30 10:00:00,151.43,4.18,28.09,100.0,24.228800000000003,1.6906164814814812,55.27675827735771,0.0,0.0
2025-07-30 11:00:00,211.45,4.22,28.64,98.27,33.832,1.7396168518518516,68.59186554140885,0.0,0.0
2025-07-30 12:00:00,318.85,4.16,28.87,99.79,51.016000000000005,1.6664651851851853,78.38937250024044,0.0,0.0
2025-07-30 13:00:00,362.8,4.14,28.89,99.95,58.048,1.6425449999999997,83.3617162277863,0.0,0.0
2025-07-30 14:00:00,221.07,4.0,28.86,99.31,35.3712,1.4814814814814814,92.82801377105089,0.0,0.0
2025-07-30 15:00:00,189.2,3.73,28.74,98.51,30.272,1.2012758564814814,81.44683596840798,0.0,0.0
2025-07-30 16:00:00,90.07,3.31,28.42,99.42,14.4112,0.8394604398148148,76.1267876836429,0.0,0.0
2025-07-30 17:00:00,52.33,2.79,27.88,97.57,8.372800000000002,0.0,74.40875457919684,0.0,0.0
2025-07-30 18:00:00,5.97,2.41,27.09,100.0,0.9552,0.0,59.98163143865288,0.0,0.0
2025-07-30 19:00:00,0.0,2.65,26.66,100.0,0.0,0.0,51.5466680568754,0.0,0.0
2025-07-30 20:00:00,0.0,2.9,26.35,99.95,0.0,0.0,44.803262776191005,0.0,0.0
2025-07-30 21:00:00,0.0,3.0,26.02,99.69,0.0,0.625,36.5050569911489,0.0,0.0
2025-07-30 22:00:00,0.0,3.04,25.67,100.0,0.0,0.6503348148148148,30.561954393529106,0.0,0.0
2025-07-30 23:00:00,0.0,3.02,25.37,100.0,0.0,0.6375835185185185,28.082676415186704,0.0,0.0
2025-07-31 00:00:00,0.0,2.94,25.12,99.76,0.0,0.0,24.24204908798917,0.0,0.0
2025-07-31 01:00:00,0.0,2.85,24.94,99.94,0.0,0.0,24.237459839027554,0.0,0.0
2025-07-31 02:00:00,0.0,2.76,24.76,99.65,0.0,0.0,24.04528685892574,0.0,0.0
2025-07-31 03:00:00,0.0,2.66,24.62,100.0,0.0,0.0,25.43198663310588,0.0,0.0
2025-07-31 04:00:00,0.0,2.75,24.49,100.0,0.0,0.0,25.659877706460858,0.0,0.0
2025-07-31 05:00:00,3.38,3.0,24.42,100.0,0.5408,0.625,30.893221635051713,0.0,0.0
2025-07-31 06:00:00,33.47,3.52,24.63,100.0,5.3552,1.009588148148148,31.51989771003237,0.0,0.0
2025-07-31 07:00:00,74.7,4.39,25.02,100.0,11.952000000000002,1.9584379398148144,37.871411194518174,0.0,0.0
2025-07-31 08:00:00,106.0,5.75,25.44,99.8,16.96,4.400679976851852,43.65517965880662,0.0,0.0
2025-07-31 09:00:00,120.6,6.45,26.01,98.77,19.296000000000003,6.211484375,47.74096996488717,0.0,0.0
2025-07-31 10:00:00,180.48,6.62,26.64,99.85,28.876800000000003,6.715683518518518,63.05014107072946,0.0,0.0
2025-07-31 11:00:00,151.88,6.49,27.15,99.05,24.3008,6.327765023148149,61.01398854538684,0.0,0.0
2025-07-31 12:00:00,149.2,6.3,27.49,99.93,23.872,5.788124999999999,77.56565887363537,0.0,0.0
2025-07-31 13:00:00,149.35,6.09,27.59,99.72,23.896,5.228391874999999,79.09663489355975,0.0,0.0
2025-07-31 14:00:00,121.28,5.69,27.56,99.31,19.4048,4.264352060185185,79.8638004942116,0.0,0.0
2025-07-31 15:00:00,126.93,5.13,27.29,100.0,20.308800000000005,3.125131875,83.3703872949916,0.0,0.0
2025-07-31 16:00:00,78.6,4.59,26.83,100.0,12.576,2.238485625,73.78266222985066,0.0,0.0
2025-07-31 17:00:00,33.7,4.0,26.27,100.0,5.392,1.4814814814814814,67.64233002999539,0.0,0.0
2025-07-31 18:00:00,5.6,3.53,25.69,100.0,0.8959999999999999,1.018217060185185,60.54500190217774,0.0,0.0
2025-07-31 19:00:00,0.0,3.88,25.31,99.37,0.0,1.352108148148148,48.84213598863283,0.0,0.0
2025-07-31 20:00:00,0.0,4.31,24.99,99.57,0.0,1.8533099768518515,40.58942025373806,0.0,0.0
2025-07-31 21:00:00,0.0,4.44,24.7,99.87,0.0,2.0261200000000006,38.2479750331424,0.0,0.0
2025-07-31 22:00:00,0.0,4.3,24.46,99.86,0.0,1.840439814814815,28.606878234576058,0.0,0.0
2025-07-31 23:00:00,0.0,4.13,24.24,99.83,0.0,1.630671226851852,29.646389856574963,0.0,0.0
2025-08-01 00:00:00,0.0,3.72,24.08,99.93,0.0,1.1916400000000005,24.53825831133196,0.0,0.0
2025-08-01 01:00:00,0.0,3.74,24.0,99.75,0.0,1.2109635185185188,24.81821662625999,0.0,0.0
2025-08-01 02:00:00,0.0,3.93,23.94,98.66,0.0,1.405056875,24.450333354244798,0.0,0.0
2025-08-01 03:00:00,0.0,4.05,23.87,100.0,0.0,1.5377343749999997,22.944677054007276,0.0,0.0
2025-08-01 04:00:00,0.0,4.27,23.82,100.0,0.0,1.802187106481481,26.3496357882357,0.0,0.0
2025-08-01 05:00:00,4.57,4.28,23.81,80.28,0.7312000000000001,1.8148785185185188,27.992387790930263,0.0,0.0
2025-08-01 06:00:00,50.15,5.06,24.36,81.05,8.024,2.998940185185184,32.38139043348923,0.0,0.0
2025-08-01 07:00:00,117.15,5.75,25.15,82.0,18.744,4.400679976851852,33.25636241585626,0.0,0.0
2025-08-01 08:00:00,207.85,6.46,26.03,81.64,33.256,6.240419814814815,39.926600960613015,0.0,0.0
2025-08-01 09:00:00,289.05,6.6,26.91,89.01,46.248000000000005,6.654999999999999,52.96562318340819,0.0,0.0
2025-08-01 10:00:00,321.15,6.25,27.76,90.0,51.38400000000001,5.651403356481481,58.82824805742092,0.0,0.0
2025-08-01 11:00:00,362.42,5.75,28.54,92.2,57.98720000000001,4.400679976851852,68.76368962385229,0.0,0.0
2025-08-01 12:00:00,450.9,5.3,29.16,93.67,72.14399999999999,3.4462268518518515,74.68566274907579,0.9045641027760496,1.8091282055520992
2025-08-01 13:00:00,587.75,5.0,29.52,73.53,94.04,2.8935185185185186,73.61621227421023,10.90456410277605,21.8091282055521
2025-08-01 14:00:00,610.55,4.79,29.71,53.85,97.688,2.5440333101851853,84.19739218928738,20.90456410277605,41.8091282055521
2025-08-01 15:00:00,500.55,4.66,29.71,36.15,80.08800000000002,2.342469814814815,89.19306524288534,14.141968674705552,28.283937349411104
2025-08-01 16:00:00,292.62,4.61,29.46,50.29,46.8192,2.2678745601851857,75.79398692873846,4.141968674705552,8.283937349411104
2025-08-01 17:00:00,122.28,3.76,28.58,65.21,19.5648,1.2304948148148147,70.75518797407679,0.0,0.0
2025-08-01 18:00:00,13.88,2.67,27.11,82.55,2.2208,0.0,62.56266690204317,0.0,0.0
2025-08-01 19:00:00,0.0,2.77,26.35,98.59,0.0,0.0,49.07028170168637,0.0,0.0
2025-08-01 20:00:00,0.0,3.09,26.01,98.73,0.0,0.6829543749999999,44.684803214859244,0.0,0.0
2025-08-01 21:00:00,0.0,3.61,25.69,95.13,0.0,1.089025023148148,36.44091294685526,0.0,0.0
2025-08-01 22:00:00,0.0,4.09,25.37,91.37,0.0,1.5837483564814812,29.61401384549965,0.0,0.0
2025-08-01 23:00:00,0.0,4.43,25.0,92.66,0.0,2.0124608101851846,29.519388949421188,0.0,0.0
2025-08-02 00:00:00,0.0,4.35,24.64,92.16,0.0,1.9053906249999997,14.463978562857609,0.0,0.0
2025-08-02 01:00:00,0.0,4.23,24.35,65.57,0.0,1.7520131250000006,13.921057346453608,0.0,0.0
2025-08-02 02:00:00,0.0,3.99,24.17,94.64,0.0,1.4703981250000004,15.130668076531776,0.0,0.0
2025-08-02 03:00:00,0.0,3.8,24.07,89.1,0.0,1.270185185185185,15.260412910270073,0.0,0.0
2025-08-02 04:00:00,0.0,3.84,23.99,93.97,0.0,1.3107199999999997,15.295897557742887,0.0,0.0
2025-08-02 05:00:00,6.38,3.95,24.03,94.83,1.0208000000000002,1.426617476851852,15.75050473366879,0.0,0.0
2025-08-02 06:00:00,69.43,4.98,24.88,95.87,11.108800000000002,2.8589350000000007,20.014125494920762,0.0,0.0
2025-08-02 07:00:00,172.43,6.37,26.2,96.7,27.5888,5.983214189814815,20.954453738863094,10.0,20.0
2025-08-02 08:00:00,355.52,7.01,27.7,97.47,56.8832,7.97389122685185,24.84979406060502,20.0,40.0
2025-08-02 09:00:00,505.48,6.86,29.03,79.34,80.8768,7.472890185185186,31.45020303334599,30.0,60.0
2025-08-02 10:00:00,655.88,6.5,30.04,60.74,104.94080000000002,6.357060185185185,30.151639052874792,40.0,80.0
2025-08-02 11:00:00,757.7,6.13,30.82,60.24,121.23200000000004,5.332092523148147,43.30291613931917,50.0,100.0
2025-08-02 12:00:00,761.0,5.83,31.27,63.63,121.76,4.586927939814815,45.967959534945045,50.0,100.0
2025-08-02 13:00:00,654.78,5.7,31.59,63.69,104.7648,4.286875,44.34261573426488,50.0,100.0
2025-08-02 14:00:00,584.83,5.53,31.41,75.52,93.57280000000002,3.9146383564814817,51.28053749612924,50.0,100.0
2025-08-02 15:00:00,481.35,5.22,31.13,81.98,77.016,3.292514999999999,50.4903161310751,50.0,100.0
2025-08-02 16:00:00,301.58,4.68,30.41,86.43,48.25279999999999,2.3727599999999995,45.08305349976092,50.0,100.0
2025-08-02 17:00:00,128.55,3.73,29.18,90.11,20.568,1.2012758564814814,40.25956083644065,40.0,80.0
2025-08-02 18:00:00,15.95,3.01,27.57,94.65,2.552,0.6312708564814813,34.838584782388104,30.0,60.0
2025-08-02 19:00:00,0.0,3.13,26.75,99.68,0.0,0.7098216898148147,31.18217226458706,20.0,40.0
2025-08-02 20:00:00,0.0,3.15,26.29,99.39,0.0,0.7235156249999999,24.63639468610308,10.0,20.0
2025-08-02 21:00:00,0.0,3.2,25.9,98.87,0.0,0.7585185185185186,21.10851468829896,0.0,0.0
2025-08-02 22:00:00,0.0,3.77,25.56,99.04,0.0,1.240338726851852,19.507954754133173,0.0,0.0
2025-08-02 23:00:00,0.0,4.33,25.19,99.31,0.0,1.879230023148148,16.686852817753707,0.0,0.0
2025-08-03 00:00:00,0.0,4.44,24.79,98.9,0.0,2.0261200000000006,13.935812952586994,0.0,0.0
2025-08-03 01:00:00,0.0,4.31,24.43,99.96,0.0,1.8533099768518515,14.700357385926067,0.0,0.0
2025-08-03 02:00:00,0.0,3.99,24.15,99.78,0.0,1.4703981250000004,15.031870338506467,0.0,0.0
2025-08-03 03:00:00,0.0,3.96,24.11,95.91,0.0,1.43748,16.93208080130911,0.0,0.0
2025-08-03 04:00:00,0.0,4.2,24.12,93.42,0.0,1.715,16.277356392982462,0.0,0.0
2025-08-03 05:00:00,6.07,4.55,24.15,85.84,0.9712,2.1804716435185183,16.412780804576535,0.0,0.0
2025-08-03 06:00:00,82.7,5.48,24.87,77.39,13.232000000000005,3.809411851851853,17.600278149550174,0.0,0.0
2025-08-03 07:00:00,212.9,6.05,26.07,71.14,34.064,5.126044560185185,21.192608057623485,10.0,20.0
2025-08-03 08:00:00,392.98,6.72,27.43,64.39,62.8768,7.024639999999999,25.84167407993455,20.0,40.0
2025-08-03 09:00:00,597.38,6.79,28.77,53.68,95.5808,7.24645460648148,28.85297117951265,30.0,60.0
2025-08-03 10:00:00,753.22,6.12,29.9,39.6,120.5152,5.306040000000001,35.3335498837309,40.0,80.0
2025-08-03 11:00:00,800.28,5.31,30.61,58.78,128.0448,3.465770625,40.14434235102279,50.0,100.0
2025-08-03 12:00:00,760.1,4.7,31.05,94.29,121.616,2.403310185185185,48.806170089201714,50.0,100.0
2025-08-03 13:00:00,654.22,4.22,31.21,94.35,104.6752,1.7396168518518516,47.5271378029016,50.0,100.0
2025-08-03 14:00:00,520.4,3.85,31.21,95.16,83.26400000000001,1.3209866898148148,51.57141321436734,50.0,100.0
2025-08-03 15:00:00,341.27,3.42,30.81,98.99,54.6032,0.9259649999999998,49.249242776574604,50.0,100.0
2025-08-03 16:00:00,205.68,3.12,30.27,99.66,32.90880000000001,0.7030400000000001,47.97094436218484,40.0,80.0
2025-08-03 17:00:00,85.82,2.86,29.24,98.4,13.7312,0.0,43.94943266976394,30.0,60.0
2025-08-03 18:00:00,10.77,2.51,27.73,97.37,1.7232,0.0,33.3391227064562,20.0,40.0
2025-08-03 19:00:00,0.0,2.83,26.96,97.4,0.0,0.0,30.29167323604686,10.0,20.0
2025-08-03 20:00:00,0.0,2.98,26.58,98.98,0.0,0.0,25.10120964221175,0.0,0.0
2025-08-03 21:00:00,0.0,2.95,26.26,99.74,0.0,0.0,22.522639603561462,0.0,0.0
2025-08-03 22:00:00,0.0,3.02,25.96,97.19,0.0,0.6375835185185185,19.760845441793034,0.0,0.0
2025-08-03 23:00:00,0.0,3.18,25.65,96.14,0.0,0.7443850000000002,16.450999718123956,0.0,0.0
2025-08-04 00:00:00,0.0,3.49,25.32,98.28,0.0,0.9839941898148152,25.349770768590165,0.0,0.0
2025-08-04 01:00:00,0.0,4.06,25.08,98.1,0.0,1.5491531481481478,23.761079054679886,0.0,0.0
2025-08-04 02:00:00,0.0,4.93,24.89,74.06,0.0,2.773684189814815,24.676687532400205,0.0,0.0
2025-08-04 03:00:00,0.0,5.21,24.52,99.84,0.0,3.273628726851852,25.465613201708578,0.0,0.0
2025-08-04 04:00:00,0.0,5.24,24.28,99.7,0.0,3.330505185185185,26.751857722877585,0.0,0.0
2025-08-04 05:00:00,7.72,5.5,24.24,88.21,1.2352,3.851273148148149,29.669376825596103,0.0,0.0
2025-08-04 06:00:00,91.4,6.13,24.91,76.77,14.624000000000002,5.332092523148147,32.75130647831921,0.0,0.0
2025-08-04 07:00:00,234.0,6.48,26.14,65.63,37.440000000000005,6.298560000000001,33.32992845285227,10.0,20.0
2025-08-04 08:00:00,405.67,6.95,27.59,54.39,64.9072,7.770888310185185,45.85617776431901,20.0,40.0
2025-08-04 09:00:00,555.72,6.74,28.99,57.06,88.91520000000001,7.087546851851853,50.81855864631164,30.0,60.0
2025-08-04 10:00:00,617.83,6.09,30.19,97.36,98.8528,5.228391874999999,63.98854937340936,40.0,80.0
2025-08-04 11:00:00,665.92,5.4,31.02,87.42,106.5472,3.645000000000001,71.76221463712821,50.0,100.0
2025-08-04 12:00:00,621.47,5.01,31.49,96.78,99.4352,2.910914375,75.87707906630628,50.0,100.0
2025-08-04 13:00:00,538.2,4.91,31.59,98.45,86.11200000000001,2.7400641435185187,80.01849901239797,50.0,100.0
2025-08-04 14:00:00,429.67,4.87,31.46,98.49,68.7472,2.6736412731481485,86.39317167983168,40.0,80.0
2025-08-04 15:00:00,307.0,4.69,31.17,95.95,49.120000000000005,2.388002523148149,83.6482383363692,30.0,60.0
2025-08-04 16:00:00,198.82,4.38,30.52,96.07,31.8112,1.945085,81.61695021055748,20.0,40.0
2025-08-04 17:00:00,90.7,3.55,29.42,95.82,14.512,1.0356221064814817,74.48277115297134,10.0,20.0
2025-08-04 18:00:00,12.43,2.78,27.87,96.7,1.9888000000000003,0.0,60.82578153462014,0.0,0.0
2025-08-04 19:00:00,0.0,2.88,27.21,98.97,0.0,0.0,49.367296631286344,0.0,0.0
2025-08-04 20:00:00,0.0,3.07,26.86,99.52,0.0,0.669778773148148,43.616186141596295,0.0,0.0
2025-08-04 21:00:00,0.0,3.37,26.48,99.42,0.0,0.8859433564814816,40.4047303322364,0.0,0.0
2025-08-04 22:00:00,0.0,3.82,26.12,99.23,0.0,1.2903464814814811,31.232178045373637,0.0,0.0
2025-08-04 23:00:00,0.0,4.2,25.67,99.07,0.0,1.715,27.07238356487887,0.0,0.0
2025-08-05 00:00:00,0.0,4.39,25.24,99.49,0.0,1.9584379398148144,23.308906760824232,0.0,0.0
2025-08-05 01:00:00,0.0,4.48,24.91,99.36,0.0,2.0813748148148155,24.873710221285155,0.0,0.0
2025-08-05 02:00:00,0.0,4.75,24.65,88.6,0.0,2.480830439814815,22.445909504439324,0.0,0.0
2025-08-05 03:00:00,0.0,4.79,24.42,99.6,0.0,2.5440333101851853,24.073569276956654,0.0,0.0
2025-08-05 04:00:00,0.0,4.7,24.24,99.5,0.0,2.403310185185185,25.9280606553233,0.0,0.0
2025-08-05 05:00:00,6.55,5.24,24.17,94.51,1.0479999999999998,3.330505185185185,27.756451969555833,0.0,0.0
2025-08-05 06:00:00,76.72,5.82,24.71,88.9,12.2752,4.563365000000001,29.640802174468217,0.0,0.0
2025-08-05 07:00:00,183.52,6.08,25.78,83.61,29.363200000000003,5.202678518518519,34.060458782350196,0.5054197361683279,1.0108394723366558
2025-08-05 08:00:00,313.5,6.2,27.14,77.75,50.16,5.516851851851853,45.605693554991916,10.505419736168328,21.010839472336656
2025-08-05 09:00:00,423.4,6.31,28.46,89.88,67.74400000000001,5.815731273148147,51.90391531231128,20.505419736168328,41.010839472336656
2025-08-05 10:00:00,539.6,6.25,29.61,82.77,86.336,5.651403356481481,56.07367984453885,30.505419736168328,61.010839472336656
2025-08-05 11:00:00,657.95,6.21,30.27,91.52,105.272,5.543589375,63.723301621668355,40.50541973616833,81.01083947233666
2025-08-05 12:00:00,678.15,6.23,30.52,98.53,108.504,5.597323310185186,85.0625466592204,50.0,100.0
2025-08-05 13:00:00,699.47,6.24,30.58,89.82,111.9152,5.624320000000001,81.092452852998,50.0,100.0
2025-08-05 14:00:00,578.78,5.96,30.41,66.67,92.6048,4.9006651851851855,89.43640005901509,50.0,100.0
2025-08-05 15:00:00,426.6,5.35,29.99,69.7,68.25600000000001,3.5446846064814808,80.17878110692587,41.62190349955563,83.24380699911126
2025-08-05 16:00:00,248.25,4.46,29.31,77.17,39.72,2.0536235185185188,81.29035995169622,31.62190349955563,63.24380699911125
2025-08-05 17:00:00,103.9,3.33,28.17,84.27,16.624000000000002,0.854769375,68.23072102858522,21.62190349955563,43.24380699911126
2025-08-05 18:00:00,11.68,2.46,26.66,92.47,1.8688,0.0,55.12723506928413,11.621903499555629,23.243806999111257
2025-08-05 19:00:00,0.0,2.48,25.85,99.7,0.0,0.0,49.14369112780985,1.6219034995556285,3.2438069991112566
2025-08-05 20:00:00,0.0,2.79,25.36,99.72,0.0,0.0,43.90284705871543,0.0,0.0
2025-08-05 21:00:00,0.0,3.03,24.95,98.77,0.0,0.6439381249999998,36.605969823383575,0.0,0.0
2025-08-05 22:00:00,0.0,3.19,24.65,99.79,0.0,0.7514296064814816,31.44369310753059,0.0,0.0
2025-08-05 23:00:00,0.0,3.41,24.37,98.19,0.0,0.917866226851852,28.314263704447114,0.0,0.0
2025-08-06 00:00:00,0.0,3.67,24.09,99.98,0.0,1.1442329398148148,23.317926222286804,0.0,0.0
2025-08-06 01:00:00,0.0,3.74,23.8,100.0,0.0,1.2109635185185188,24.226587473079245,0.0,0.0
2025-08-06 02:00:00,0.0,3.44,23.57,92.14,0.0,0.942305185185185,23.542814911000068,0.0,0.0
2025-08-06 03:00:00,0.0,3.07,23.41,100.0,0.0,0.669778773148148,25.90413528545023,0.0,0.0
2025-08-06 04:00:00,0.0,2.84,23.28,99.99,0.0,0.0,26.28073104558722,0.0,0.0
2025-08-06 05:00:00,5.9,3.07,23.33,88.4,0.9440000000000002,0.669778773148148,28.81725663460818,0.0,0.0
2025-08-06 06:00:00,74.62,4.28,24.41,76.85,11.9392,1.8148785185185188,33.17939448046662,0.0,0.0
2025-08-06 07:00:00,201.43,5.32,26.0,65.95,32.2288,3.485388148148149,40.001403587093954,0.0,0.0
2025-08-06 08:00:00,425.5,5.47,27.43,54.7,68.08,3.7885954398148143,43.5044197436472,10.0,20.0
2025-08-06 09:00:00,630.05,5.04,28.56,30.47,100.808,2.96352,52.30310311776266,20.0,40.0
2025-08-06 10:00:00,790.38,4.61,29.47,15.84,126.4608,2.2678745601851857,60.91613115961235,30.0,60.0
2025-08-06 11:00:00,799.12,4.32,30.11,30.86,127.85920000000002,1.86624,71.16704859377978,40.0,80.0
2025-08-06 12:00:00,765.88,4.14,30.48,49.22,122.5408,1.6425449999999997,73.78985592461562,50.0,100.0
2025-08-06 13:00:00,689.15,4.0,30.67,49.62,110.264,1.4814814814814814,78.66342183378828,50.0,100.0
2025-08-06 14:00:00,667.05,3.81,30.73,31.28,106.728,1.2802393750000003,96.19379884858323,50.0,100.0
2025-08-06 15:00:00,512.1,3.61,30.67,20.55,81.936,1.089025023148148,83.8972295711528,49.127795451995354,98.25559090399071
2025-08-06 16:00:00,300.77,3.34,30.27,38.6,48.1232,0.8624931481481479,77.8417040808663,39.127795451995354,78.25559090399071
2025-08-06 17:00:00,115.5,2.94,29.25,57.81,18.48,0.0,64.10886993108777,29.127795451995354,58.25559090399071
2025-08-06 18:00:00,10.57,2.46,27.42,79.9,1.6912,0.0,57.178320284103,19.127795451995354,38.25559090399071
2025-08-06 19:00:00,0.0,2.81,26.49,99.97,0.0,0.0,49.34816849965629,9.127795451995354,18.255590903990708
2025-08-06 20:00:00,0.0,3.32,26.03,96.93,0.0,0.8470918518518518,44.78508365888571,0.0,0.0
2025-08-06 21:00:00,0.0,3.71,25.58,98.89,0.0,1.182055810185185,34.43076270166031,0.0,0.0
2025-08-06 22:00:00,0.0,3.91,25.11,99.48,0.0,1.3837146064814818,31.77965979603217,0.0,0.0
2025-08-06 23:00:00,0.0,3.92,24.64,100.0,0.0,1.3943585185185183,28.408832793563032,0.0,0.0
2025-08-07 00:00:00,0.0,3.86,24.21,99.87,0.0,1.3313068518518518,23.38720891236011,0.0,0.0
2025-08-07 01:00:00,0.0,3.81,23.86,99.83,0.0,1.2802393750000003,25.24815279264215,0.0,0.0
2025-08-07 02:00:00,0.0,3.75,23.57,95.3,0.0,1.220703125,25.286010009694166,0.0,0.0
2025-08-07 03:00:00,0.0,3.69,23.35,99.79,0.0,1.163041875,24.90428615370082,0.0,0.0
2025-08-07 04:00:00,0.0,3.71,23.23,99.84,0.0,1.182055810185185,27.31107145522869,0.0,0.0
2025-08-07 05:00:00,7.47,3.98,23.3,77.54,1.1952,1.459370185185185,29.846830665193504,0.0,0.0
2025-08-07 06:00:00,100.9,4.86,24.37,53.26,16.144000000000002,2.6572050000000003,32.704172871532926,0.0,0.0
2025-08-07 07:00:00,275.45,5.61,26.25,32.49,44.072,4.087001875000001,37.56457307188014,10.0,20.0
2025-08-07 08:00:00,487.6,6.0,28.19,11.96,78.01600000000002,5.0,43.80455364577625,20.0,40.0
2025-08-07 09:00:00,633.03,5.31,29.63,47.47,101.2848,3.465770625,53.81622851914911,30.0,60.0
2025-08-07 10:00:00,732.6,4.4,30.55,52.78,117.216,1.9718518518518524,58.719468635868544,40.0,80.0
2025-08-07 11:00:00,662.78,3.86,31.15,82.31,106.0448,1.3313068518518518,73.74124964374103,50.0,100.0
2025-08-07 12:00:00,669.33,3.73,31.55,89.14,107.0928,1.2012758564814814,84.3999250400451,50.0,100.0
2025-08-07 13:00:00,648.4,3.86,31.79,70.46,103.744,1.3313068518518518,80.49872694496011,50.0,100.0
2025-08-07 14:00:00,681.7,4.03,31.8,26.15,109.072,1.5150654398148151,80.86380656262685,50.0,100.0
2025-08-07 15:00:00,534.15,4.0,31.36,9.04,85.464,1.4814814814814814,82.80939215995977,50.0,100.0
2025-08-07 16:00:00,312.08,4.0,30.73,28.63,49.9328,1.4814814814814814,84.35173128414286,40.0,80.0
2025-08-07 17:00:00,117.72,3.38,29.54,50.08,18.8352,0.8938535185185186,80.40438168076845,30.0,60.0
2025-08-07 18:00:00,9.57,2.84,27.78,76.61,1.5312,0.0,60.03917389410574,20.0,40.0
2025-08-07 19:00:00,0.0,3.18,26.88,99.95,0.0,0.7443850000000002,50.63972591833216,10.0,20.0
2025-08-07 20:00:00,0.0,3.72,26.32,99.95,0.0,1.1916400000000005,42.75727915416896,0.0,0.0
2025-08-07 21:00:00,0.0,4.17,25.77,99.95,0.0,1.678511875,35.48353414356184,0.0,0.0
2025-08-07 22:00:00,0.0,4.44,25.19,99.96,0.0,2.0261200000000006,29.485947888960297,0.0,0.0
2025-08-07 23:00:00,0.0,4.5,24.61,99.97,0.0,2.109375,29.465076247350723,0.0,0.0
2025-08-08 00:00:00,0.0,4.61,24.1,99.97,0.0,2.2678745601851857,24.074103950438644,0.0,0.0
2025-08-08 01:00:00,0.0,4.64,23.69,57.87,0.0,2.3124385185185177,24.526004430490474,0.0,0.0
2025-08-08 02:00:00,0.0,4.53,23.41,99.91,0.0,2.151844375,24.717247377195505,0.0,0.0
2025-08-08 03:00:00,0.0,4.47,23.33,99.83,0.0,2.0674681249999995,24.53606499542474,0.0,0.0
2025-08-08 04:00:00,0.0,4.68,23.45,99.61,0.0,2.3727599999999995,25.37376556776872,0.0,0.0
2025-08-08 05:00:00,7.0,4.64,23.54,82.39,1.12,2.3124385185185177,30.239717754475016,0.0,0.0
2025-08-08 06:00:00,100.7,5.28,24.56,62.24,16.112000000000002,3.4073600000000006,33.31556356641448,0.0,0.0
2025-08-08 07:00:00,275.23,5.63,26.11,44.68,44.03680000000001,4.130869143518518,34.85674018743668,10.0,20.0
2025-08-08 08:00:00,481.2,5.92,27.88,27.29,76.992,4.802654814814814,44.39194442211721,20.0,40.0
2025-08-08 09:00:00,665.7,5.64,29.6,18.86,106.512,4.152919999999999,50.0085253532657,30.0,60.0
2025-08-08 10:00:00,795.62,4.87,31.0,25.88,127.2992,2.6736412731481485,57.48618511673413,40.0,80.0
2025-08-08 11:00:00,814.0,4.2,31.87,52.37,130.23999999999998,1.715,67.90514868404178,50.0,100.0
2025-08-08 12:00:00,729.33,3.9,32.3,88.13,116.69280000000002,1.3731249999999997,74.664626485965,50.0,100.0
2025-08-08 13:00:00,675.88,3.86,32.4,90.62,108.1408,1.3313068518518518,95.79056344368554,50.0,100.0
2025-08-08 14:00:00,533.6,3.74,32.24,94.92,85.37600000000002,1.2109635185185188,81.43320527277956,50.0,100.0
2025-08-08 15:00:00,350.35,3.37,31.7,99.18,56.05600000000001,0.8859433564814816,90.31692042783526,40.0,80.0
2025-08-08 16:00:00,210.32,2.95,30.77,99.76,33.6512,0.0,82.75011920629323,30.0,60.0
2025-08-08 17:00:00,88.3,2.72,29.56,98.75,14.128,0.0,67.61443777289094,20.0,40.0
2025-08-08 18:00:00,10.0,2.26,27.98,97.66,1.6,0.0,57.37567790768894,10.0,20.0
2025-08-08 19:00:00,0.0,2.49,27.23,97.78,0.0,0.0,52.27842236569046,0.0,0.0
2025-08-08 20:00:00,0.0,2.71,26.75,99.61,0.0,0.0,40.87104351809504,0.0,0.0
2025-08-08 21:00:00,0.0,2.95,26.32,99.77,0.0,0.0,34.23943739935512,0.0,0.0
2025-08-08 22:00:00,0.0,3.14,25.93,99.6,0.0,0.716646851851852,32.42158907744894,0.0,0.0
2025-08-08 23:00:00,0.0,3.16,25.52,99.78,0.0,0.7304281481481483,28.789544518798735,0.0,0.0
2025-08-09 00:00:00,0.0,3.27,25.09,98.25,0.0,0.8093931249999999,13.76499581155561,0.0,0.0
2025-08-09 01:00:00,0.0,3.67,24.71,99.95,0.0,1.1442329398148148,14.26220414133779,0.0,0.0
2025-08-09 02:00:00,0.0,3.86,24.34,77.65,0.0,1.3313068518518518,14.761661174072723,0.0,0.0
2025-08-09 03:00:00,0.0,4.06,24.09,93.48,0.0,1.5491531481481478,14.73484198359881,0.0,0.0
2025-08-09 04:00:00,0.0,4.26,23.84,87.09,0.0,1.789555,16.531619679181887,0.0,0.0
2025-08-09 05:00:00,7.65,4.29,23.73,88.94,1.2240000000000002,1.8276293750000003,17.88002855697364,0.0,0.0
2025-08-09 06:00:00,85.25,4.79,24.43,92.52,13.64,2.5440333101851853,19.23625613353967,0.0,0.0
2025-08-09 07:00:00,202.8,4.75,25.82,95.14,32.448,2.480830439814815,22.301148019431515,10.0,20.0
2025-08-09 08:00:00,346.83,5.0,27.48,96.88,55.4928,2.8935185185185186,26.625379400641634,20.0,40.0
2025-08-09 09:00:00,458.7,5.14,29.07,97.96,73.392,3.1434431481481475,31.133524669905555,30.0,60.0
2025-08-09 10:00:00,519.3,4.54,30.48,99.41,83.08800000000001,2.1661264814814816,33.69684247827793,40.0,80.0
2025-08-09 11:00:00,537.55,3.53,31.4,96.19,86.008,1.018217060185185,40.63363747578736,50.0,100.0
2025-08-09 12:00:00,515.33,2.8,31.84,98.93,82.45280000000002,0.0,50.3296293766899,50.0,100.0
2025-08-09 13:00:00,511.67,2.28,31.7,96.95,81.86720000000003,0.0,47.83923255061754,50.0,100.0
2025-08-09 14:00:00,428.12,2.01,31.4,96.42,68.4992,0.0,52.42514311975313,50.0,100.0
2025-08-09 15:00:00,330.45,1.82,30.94,98.86,52.87199999999999,0.0,49.23317456617488,50.0,100.0
2025-08-09 16:00:00,202.05,1.61,30.22,98.62,32.328,0.0,44.044218181827304,40.0,80.0
2025-08-09 17:00:00,85.93,1.68,29.17,99.09,13.7488,0.0,37.59354485788275,30.0,60.0
2025-08-09 18:00:00,10.82,1.58,27.78,98.52,1.7312000000000003,0.0,36.73914981336946,20.0,40.0
2025-08-09 19:00:00,0.0,1.84,26.91,99.58,0.0,0.0,32.30349866822933,10.0,20.0
2025-08-09 20:00:00,0.0,2.1,26.33,98.56,0.0,0.0,23.97270627827189,0.0,0.0
2025-08-09 21:00:00,0.0,2.23,25.84,98.74,0.0,0.0,23.46597910988937,0.0,0.0
2025-08-09 22:00:00,0.0,2.31,25.42,99.72,0.0,0.0,18.283236268604426,0.0,0.0
2025-08-09 23:00:00,0.0,2.33,25.05,99.72,0.0,0.0,17.35637792456803,0.0,0.0
2025-08-10 00:00:00,0.0,2.34,24.69,99.79,0.0,0.0,14.17351700546196,0.0,0.0
2025-08-10 01:00:00,0.0,2.4,24.32,95.54,0.0,0.0,15.56372340645522,0.0,0.0
2025-08-10 02:00:00,0.0,2.51,24.0,99.76,0.0,0.0,14.281670127138119,0.0,0.0
2025-08-10 03:00:00,0.0,2.56,23.75,99.32,0.0,0.0,16.323581020116787,0.0,0.0
2025-08-10 04:00:00,0.0,2.6,23.55,98.86,0.0,0.0,15.473054959839017,0.0,0.0
2025-08-10 05:00:00,5.72,2.96,23.57,89.02,0.9152,0.0,16.450604579920174,0.0,0.0
2025-08-10 06:00:00,79.75,4.22,24.49,79.49,12.760000000000002,1.7396168518518516,20.89487649486785,0.0,0.0
2025-08-10 07:00:00,213.18,4.68,26.03,70.12,34.1088,2.3727599999999995,22.678437223724462,10.0,20.0
2025-08-10 08:00:00,398.08,5.09,27.77,60.67,63.692800000000005,3.052597893518518,27.471401517545168,20.0,40.0
2025-08-10 09:00:00,618.6,5.11,29.13,42.84,98.976,3.088722939814815,32.555944572238914,30.0,60.0
2025-08-10 10:00:00,752.62,4.6,30.18,40.21,120.4192,2.253148148148148,36.28059514316363,40.0,80.0
2025-08-10 11:00:00,773.45,3.95,31.08,48.8,123.75200000000002,1.426617476851852,43.97762326177603,50.0,100.0
2025-08-10 12:00:00,580.78,3.48,31.64,67.45,92.9248,0.97556,45.81104725525194,50.0,100.0
2025-08-10 13:00:00,572.3,3.13,31.85,79.27,91.56799999999998,0.7098216898148147,51.809624899352634,50.0,100.0
2025-08-10 14:00:00,447.77,2.98,31.93,79.24,71.64320000000001,0.0,48.17306982334228,50.0,100.0
2025-08-10 15:00:00,363.3,3.06,31.65,78.73,58.128,0.6632550000000001,51.30986036731174,50.0,100.0
2025-08-10 16:00:00,202.18,3.18,31.09,84.34,32.348800000000004,0.7443850000000002,40.56706693808512,42.526118061914886,85.05223612382977
2025-08-10 17:00:00,91.7,2.89,29.93,88.98,14.672,0.0,40.78379770315962,32.526118061914886,65.05223612382977
2025-08-10 18:00:00,9.15,2.35,28.01,95.03,1.4640000000000002,0.0,36.603402313582116,22.526118061914886,45.05223612382977
2025-08-10 19:00:00,0.0,2.6,27.09,100.0,0.0,0.0,31.6915764955073,12.526118061914886,25.052236123829775
2025-08-10 20:00:00,0.0,2.98,26.55,99.78,0.0,0.0,27.62653070575501,2.526118061914886,5.052236123829772
2025-08-10 21:00:00,0.0,3.35,26.1,99.91,0.0,0.8702633101851853,19.975087778122735,0.0,0.0
2025-08-10 22:00:00,0.0,3.63,25.68,99.89,0.0,1.107225625,20.334184766938943,0.0,0.0
2025-08-10 23:00:00,0.0,3.85,25.31,96.34,0.0,1.3209866898148148,17.029875110901973,0.0,0.0
2025-08-11 00:00:00,0.0,3.96,25.02,99.95,0.0,1.43748,23.736298590421814,0.0,0.0
2025-08-11 01:00:00,0.0,4.03,24.73,99.76,0.0,1.5150654398148151,25.153764444772833,0.0,0.0
2025-08-11 02:00:00,0.0,4.26,24.44,98.32,0.0,1.789555,22.533375585969583,0.0,0.0
2025-08-11 03:00:00,0.0,4.58,24.22,99.96,0.0,2.2238868518518515,26.35885859359808,0.0,0.0
2025-08-11 04:00:00,0.0,4.48,23.99,99.64,0.0,2.0813748148148155,25.087836621801376,0.0,0.0
2025-08-11 05:00:00,6.2,4.28,23.89,85.51,0.992,1.8148785185185188,27.952882848478737,0.0,0.0
2025-08-11 06:00:00,80.88,4.87,24.5,73.58,12.9408,2.6736412731481485,32.411870584394606,0.0,0.0
2025-08-11 07:00:00,224.55,5.44,25.82,62.94,35.928,3.726601481481482,34.02381993613299,5.630781545348491,11.261563090696981
2025-08-11 08:00:00,405.4,6.03,27.51,53.06,64.864,5.075375625,44.5800405208618,15.63078154534849,31.26156309069698
2025-08-11 09:00:00,592.4,5.68,29.04,53.06,94.784,4.241908148148148,51.48675181820708,25.63078154534849,51.26156309069698
2025-08-11 10:00:00,652.75,5.05,30.21,73.74,104.44,2.9811950231481483,64.99547223496788,35.63078154534849,71.26156309069698
2025-08-11 11:00:00,667.38,4.39,31.06,73.09,106.7808,1.9584379398148144,68.42636264311977,45.63078154534849,91.26156309069698
2025-08-11 12:00:00,686.47,3.88,31.48,79.08,109.8352,1.352108148148148,85.08842689808216,50.0,100.0
2025-08-11 13:00:00,660.22,3.85,31.5,85.71,105.6352,1.3209866898148148,87.75904977956131,50.0,100.0
2025-08-11 14:00:00,523.7,3.79,31.12,80.42,83.79200000000002,1.2601837731481482,83.09609012870033,50.0,100.0
2025-08-11 15:00:00,430.2,3.46,30.49,50.86,68.832,0.9588364814814814,82.73348997370962,40.0,80.0
2025-08-11 16:00:00,248.82,3.11,29.73,62.73,39.8112,0.6963016435185185,81.57431962009701,30.0,60.0
2025-08-11 17:00:00,104.5,2.54,28.71,73.48,16.72,0.0,70.3810374516514,20.0,40.0
2025-08-11 18:00:00,9.93,2.41,27.51,87.8,1.5888,0.0,62.279050289554554,10.0,20.0
2025-08-11 19:00:00,0.0,2.73,26.89,98.54,0.0,0.0,49.389154943007085,0.0,0.0
2025-08-11 20:00:00,0.0,3.19,26.41,98.31,0.0,0.7514296064814816,44.08743008284729,0.0,0.0
2025-08-11 21:00:00,0.0,3.73,25.85,98.94,0.0,1.2012758564814814,35.8917328191329,0.0,0.0
2025-08-11 22:00:00,0.0,4.29,25.33,99.27,0.0,1.8276293750000003,30.55424896538484,0.0,0.0
2025-08-11 23:00:00,0.0,4.39,24.84,99.61,0.0,1.9584379398148144,27.140717704048935,0.0,0.0
2025-08-12 00:00:00,0.0,3.88,24.36,99.67,0.0,1.352108148148148,24.310230751792893,0.0,0.0
2025-08-12 01:00:00,0.0,3.42,24.06,99.56,0.0,0.9259649999999998,24.325873904794737,0.0,0.0
2025-08-12 02:00:00,0.0,3.43,23.9,99.87,0.0,0.9341112731481482,24.586148728356523,0.0,0.0
2025-08-12 03:00:00,0.0,3.47,23.8,99.34,0.0,0.9671741435185188,24.365549358632578,0.0,0.0
2025-08-12 04:00:00,0.0,3.41,23.7,99.7,0.0,0.917866226851852,26.920768800243245,0.0,0.0
2025-08-12 05:00:00,6.18,3.29,23.73,81.09,0.9888,0.8243353935185185,26.948356193048692,0.0,0.0
2025-08-12 06:00:00,94.22,3.89,24.7,60.93,15.075200000000002,1.3625895601851854,30.607604024750863,0.0,0.0
2025-08-12 07:00:00,260.1,5.12,26.15,43.39,41.616,3.106891851851852,34.92257442408741,9.80031742776444,19.60063485552888
2025-08-12 08:00:00,461.92,5.97,27.78,25.73,73.9072,4.925374375,44.89808036991901,19.80031742776444,39.60063485552888
2025-08-12 09:00:00,657.75,5.86,29.32,14.07,105.24,4.6581031481481485,46.751674233749505,29.80031742776444,59.60063485552888
2025-08-12 10:00:00,804.17,5.38,30.68,4.62,128.66719999999998,3.604649814814814,58.094002226918874,39.80031742776444,79.60063485552888
2025-08-12 11:00:00,868.58,4.94,31.74,24.29,138.9728,2.7905968518518525,69.6629457844915,49.80031742776444,99.60063485552888
2025-08-12 12:00:00,833.15,4.56,32.34,56.43,133.304,2.1948799999999995,79.28780095703995,50.0,100.0
2025-08-12 13:00:00,755.22,4.26,32.58,73.11,120.8352,1.789555,82.48938649523542,50.0,100.0
2025-08-12 14:00:00,652.17,4.18,32.38,45.4,104.3472,1.6906164814814812,88.36611146343117,50.0,100.0
2025-08-12 15:00:00,461.4,4.02,32.14,63.22,73.824,1.5038149999999997,78.41612814126692,46.91168685873308,93.82337371746615
2025-08-12 16:00:00,267.27,3.7,31.39,71.85,42.763200000000005,1.1725231481481482,76.05753995878827,36.91168685873308,73.82337371746615
2025-08-12 17:00:00,101.78,3.22,30.06,80.34,16.2848,0.772829814814815,66.3030723801912,26.911686858733077,53.82337371746615
2025-08-12 18:00:00,8.45,2.64,28.06,88.64,1.352,0.0,61.026999122597,16.911686858733077,33.823373717466154
2025-08-12 19:00:00,0.0,2.99,27.09,97.19,0.0,0.0,50.06994638799751,6.911686858733077,13.823373717466152
2025-08-12 20:00:00,0.0,3.61,26.53,98.82,0.0,1.089025023148148,41.53985924068899,0.0,0.0
2025-08-12 21:00:00,0.0,3.89,25.98,99.03,0.0,1.3625895601851854,38.89063155394896,0.0,0.0
2025-08-12 22:00:00,0.0,3.46,25.4,97.88,0.0,0.9588364814814814,31.41829229707111,0.0,0.0
2025-08-12 23:00:00,0.0,3.11,24.96,97.91,0.0,0.6963016435185185,29.533140480841205,0.0,0.0
2025-08-13 00:00:00,0.0,3.28,24.63,98.52,0.0,0.8168414814814813,23.461722564989085,0.0,0.0
2025-08-13 01:00:00,0.0,3.93,24.37,100.0,0.0,1.405056875,22.882524643277343,0.0,0.0
2025-08-13 02:00:00,0.0,4.01,24.03,99.43,0.0,1.492620393518518,26.404493787814697,0.0,0.0
2025-08-13 03:00:00,0.0,3.32,23.78,99.8,0.0,0.8470918518518518,26.00371103623863,0.0,0.0
2025-08-13 04:00:00,0.0,2.66,23.76,99.68,0.0,0.0,24.593223614233313,0.0,0.0
2025-08-13 05:00:00,6.6,3.02,23.88,89.02,1.056,0.6375835185185185,31.28480434394776,0.0,0.0
2025-08-13 06:00:00,103.12,4.23,24.7,78.09,16.499200000000002,1.7520131250000006,29.64284151103059,0.0,0.0
2025-08-13 07:00:00,281.55,4.32,26.0,67.66,45.048,1.86624,38.012032313755796,8.902207686244203,17.804415372488407
2025-08-13 08:00:00,479.92,4.71,27.52,57.05,76.78720000000001,2.418683125,45.24628937563864,18.902207686244203,37.80441537248841
2025-08-13 09:00:00,655.15,4.05,28.87,63.69,104.824,1.5377343749999997,52.426982023418255,28.902207686244203,57.80441537248841
2025-08-13 10:00:00,786.62,2.87,29.64,49.32,125.8592,0.0,58.18775623314841,38.9022076862442,77.8044153724884
2025-08-13 11:00:00,738.33,2.03,29.94,72.81,118.1328,0.0,71.92700882514576,48.9022076862442,97.8044153724884
2025-08-13 12:00:00,742.35,2.02,30.09,70.48,118.77600000000002,0.0,72.7191680468764,50.0,100.0
2025-08-13 13:00:00,667.62,2.57,30.12,92.23,106.8192,0.0,85.43797591267611,50.0,100.0
2025-08-13 14:00:00,492.58,3.02,29.81,80.92,78.8128,0.6375835185185185,85.6206577372894,43.829725781229115,87.65945156245823
2025-08-13 15:00:00,315.92,3.36,29.08,99.65,50.5472,0.8780799999999999,85.23973388798923,33.829725781229115,67.65945156245823
2025-08-13 16:00:00,196.73,3.62,28.28,99.87,31.4768,1.0981001851851853,77.06640544403898,23.829725781229115,47.65945156245823
2025-08-13 17:00:00,83.22,3.39,27.34,99.82,13.315200000000004,0.9018106250000002,64.0107748461687,13.829725781229115,27.65945156245823
2025-08-13 18:00:00,8.2,2.7,26.36,99.53,1.3119999999999998,0.0,63.137559580352246,3.829725781229115,7.65945156245823
2025-08-13 19:00:00,0.0,2.5,25.87,98.6,0.0,0.0,48.21380683598192,0.0,0.0
2025-08-13 20:00:00,0.0,2.31,25.57,99.07,0.0,0.0,40.52405326768893,0.0,0.0
2025-08-13 21:00:00,0.0,2.09,25.38,98.86,0.0,0.0,35.353949375659056,0.0,0.0
2025-08-13 22:00:00,0.0,1.91,25.32,97.95,0.0,0.0,31.698602816851086,0.0,0.0
2025-08-13 23:00:00,0.0,1.73,25.3,99.25,0.0,0.0,28.451547136131136,0.0,0.0
2025-08-14 00:00:00,0.0,1.62,25.23,99.22,0.0,0.0,22.57700533156744,0.0,0.0
2025-08-14 01:00:00,0.0,1.58,25.09,100.0,0.0,0.0,25.161545390879738,0.0,0.0
2025-08-14 02:00:00,0.0,1.42,24.95,99.75,0.0,0.0,25.20223114747637,0.0,0.0
2025-08-14 03:00:00,0.0,1.21,24.86,99.17,0.0,0.0,24.845728705620154,0.0,0.0
2025-08-14 04:00:00,0.0,1.06,24.82,99.4,0.0,0.0,25.645202323872525,0.0,0.0
2025-08-14 05:00:00,2.42,1.01,24.89,100.0,0.3872,0.0,30.77088431314081,0.0,0.0
2025-08-14 06:00:00,35.2,1.13,25.49,100.0,5.632000000000001,0.0,30.929453357226812,0.0,0.0
2025-08-14 07:00:00,85.57,0.67,26.33,100.0,13.691199999999998,0.0,37.505757426745376,0.0,0.0
2025-08-14 08:00:00,143.43,1.11,27.18,99.88,22.9488,0.0,47.05001936346582,0.0,0.0
2025-08-14 09:00:00,162.12,1.68,27.78,98.65,25.9392,0.0,48.81375683341772,0.0,0.0
2025-08-14 10:00:00,165.95,2.06,28.26,99.5,26.552,0.0,58.45830456780673,0.0,0.0
2025-08-14 11:00:00,158.77,2.5,28.4,99.05,25.403200000000005,0.0,73.61183674924958,0.0,0.0
2025-08-14 12:00:00,266.35,3.04,28.26,100.0,42.61600000000001,0.6503348148148148,81.00780809496729,0.0,0.0
2025-08-14 13:00:00,197.75,3.35,28.12,98.92,31.640000000000004,0.8702633101851853,80.73889995061555,0.0,0.0
2025-08-14 14:00:00,208.2,2.93,28.17,99.51,33.312000000000005,0.0,87.124483139444,0.0,0.0
2025-08-14 15:00:00,272.35,2.0,28.23,99.34,43.57600000000001,0.0,69.08392634250036,0.0,0.0
2025-08-14 16:00:00,176.8,1.36,28.23,99.21,28.288,0.0,70.77424353827345,0.0,0.0
2025-08-14 17:00:00,68.95,1.12,27.77,98.8,11.032,0.0,65.29444534577763,0.0,0.0
2025-08-14 18:00:00,7.7,1.06,26.68,97.34,1.2320000000000002,0.0,62.25358290251734,0.0,0.0
2025-08-14 19:00:00,0.0,1.33,26.07,98.23,0.0,0.0,49.36215274357034,0.0,0.0
2025-08-14 20:00:00,0.0,1.67,25.76,99.79,0.0,0.0,45.53377427334365,0.0,0.0
2025-08-14 21:00:00,0.0,2.06,25.52,99.81,0.0,0.0,34.808639336901,0.0,0.0
2025-08-14 22:00:00,0.0,2.48,25.31,99.89,0.0,0.0,32.885364568455714,0.0,0.0
2025-08-14 23:00:00,0.0,2.63,25.15,99.91,0.0,0.0,29.976526189675564,0.0,0.0
2025-08-15 00:00:00,0.0,2.47,24.96,97.44,0.0,0.0,23.372519013080595,0.0,0.0
2025-08-15 01:00:00,0.0,2.26,24.75,94.3,0.0,0.0,23.340595741486627,0.0,0.0
2025-08-15 02:00:00,0.0,2.11,24.59,93.79,0.0,0.0,23.66760011651599,0.0,0.0
2025-08-15 03:00:00,0.0,2.07,24.47,92.41,0.0,0.0,25.59302840275442,0.0,0.0
2025-08-15 04:00:00,0.0,2.16,24.37,90.7,0.0,0.0,26.948663742226895,0.0,0.0
2025-08-15 05:00:00,3.9,2.26,24.33,92.81,0.624,0.0,27.901744607358516,0.0,0.0
2025-08-15 06:00:00,54.58,3.26,25.21,96.57,8.7328,0.8019901851851851,32.71388063317703,0.0,0.0
2025-08-15 07:00:00,144.07,3.57,26.54,98.08,23.0512,1.053224375,38.7828586463894,0.0,0.0
2025-08-15 08:00:00,265.27,3.22,28.15,99.52,42.4432,0.772829814814815,44.78776289144758,0.0,0.0
2025-08-15 09:00:00,435.42,2.77,29.33,88.19,69.66720000000001,0.0,51.56424442060859,10.0,20.0
2025-08-15 10:00:00,647.33,2.58,30.15,60.52,103.57280000000002,0.0,60.53004759643703,20.0,40.0
2025-08-15 11:00:00,688.62,2.6,30.7,56.87,110.1792,0.0,73.21836079909767,30.0,60.0
2025-08-15 12:00:00,698.88,2.71,31.05,71.16,111.8208,0.0,78.96706335363777,40.0,80.0
2025-08-15 13:00:00,659.28,2.79,31.45,65.62,105.4848,0.0,82.95858986332652,50.0,100.0
2025-08-15 14:00:00,548.97,2.76,31.61,63.58,87.83520000000001,0.0,85.38907417688772,50.0,100.0
2025-08-15 15:00:00,381.9,2.71,31.5,58.92,61.104,0.0,86.13221500069552,40.0,80.0
2025-08-15 16:00:00,216.35,2.58,30.98,68.35,34.616,0.0,82.19626203043565,30.0,60.0
2025-08-15 17:00:00,82.9,2.28,29.94,78.36,13.264000000000005,0.0,68.2600682248941,20.0,40.0
2025-08-15 18:00:00,6.78,1.92,28.32,88.09,1.0848000000000002,0.0,63.66165178026531,10.0,20.0
2025-08-15 19:00:00,0.0,1.95,27.44,99.2,0.0,0.0,57.59355065241994,0.0,0.0
2025-08-15 20:00:00,0.0,2.06,26.91,99.56,0.0,0.0,47.60111210024325,0.0,0.0
2025-08-15 21:00:00,0.0,2.19,26.48,99.18,0.0,0.0,36.0123981263959,0.0,0.0
2025-08-15 22:00:00,0.0,2.39,26.1,99.82,0.0,0.0,31.073372552694924,0.0,0.0
2025-08-15 23:00:00,0.0,2.64,25.74,99.16,0.0,0.0,29.187570225630374,0.0,0.0
2025-08-16 00:00:00,0.0,2.75,25.37,95.86,0.0,0.0,16.563042170799253,0.0,0.0
2025-08-16 01:00:00,0.0,2.68,25.02,99.62,0.0,0.0,15.416263735039243,0.0,0.0
2025-08-16 02:00:00,0.0,2.32,24.73,73.06,0.0,0.0,14.569637640161664,0.0,0.0
2025-08-16 03:00:00,0.0,2.12,24.51,84.77,0.0,0.0,14.548189406914792,0.0,0.0
2025-08-16 04:00:00,0.0,2.04,24.34,81.89,0.0,0.0,16.45854151141483,0.0,0.0
2025-08-16 05:00:00,4.07,2.08,24.31,86.42,0.6512000000000002,0.0,18.329001210750857,0.0,0.0
2025-08-16 06:00:00,61.5,2.89,25.29,91.81,9.840000000000002,0.0,16.84481704243734,0.0,0.0
2025-08-16 07:00:00,156.35,3.45,27.17,96.07,25.016,0.9505468750000002,24.07751353822101,1.88903333677899,3.7780666735579804
2025-08-16 08:00:00,265.12,3.74,28.7,99.88,42.4192,1.2109635185185188,28.62386293247401,11.88903333677899,23.77806667355798
2025-08-16 09:00:00,415.25,3.81,29.78,99.31,66.44,1.2802393750000003,31.861959827053344,21.88903333677899,43.77806667355798
2025-08-16 10:00:00,519.17,3.82,30.6,95.44,83.06719999999999,1.2903464814814811,36.857061288883536,31.88903333677899,63.77806667355797
2025-08-16 11:00:00,580.22,3.82,31.12,83.32,92.8352,1.2903464814814811,45.03672241321356,41.88903333677899,83.77806667355799
2025-08-16 12:00:00,592.25,3.85,31.52,77.59,94.76000000000002,1.3209866898148148,46.10632271334523,50.0,100.0
2025-08-16 13:00:00,635.3,3.82,31.73,69.92,101.648,1.2903464814814811,47.14553761436271,50.0,100.0
2025-08-16 14:00:00,559.47,3.7,31.75,64.69,89.51520000000001,1.1725231481481482,52.52700865735926,50.0,100.0
2025-08-16 15:00:00,418.67,3.6,31.57,80.35,66.98720000000002,1.08,48.409878835405806,50.0,100.0
2025-08-16 16:00:00,237.98,3.4,31.04,84.58,38.0768,0.9098148148148146,46.77812634298221,42.2084884718326,84.4169769436652
2025-08-16 17:00:00,92.75,2.83,29.95,89.56,14.840000000000002,0.0,42.630860076483465,32.2084884718326,64.4169769436652
2025-08-16 18:00:00,7.18,2.15,28.32,94.12,1.1488,0.0,35.74549047592944,22.208488471832602,44.416976943665205
2025-08-16 19:00:00,0.0,2.12,27.58,98.65,0.0,0.0,28.967093914571315,12.208488471832602,24.416976943665205
2025-08-16 20:00:00,0.0,2.21,27.16,99.6,0.0,0.0,23.79598825740532,2.2084884718326023,4.416976943665205
2025-08-16 21:00:00,0.0,2.43,26.77,99.64,0.0,0.0,22.215463294542356,0.0,0.0
2025-08-16 22:00:00,0.0,2.84,26.41,99.65,0.0,0.0,19.69440512052063,0.0,0.0
2025-08-16 23:00:00,0.0,3.33,26.08,99.76,0.0,0.854769375,16.65722776039516,0.0,0.0
2025-08-17 00:00:00,0.0,3.64,25.85,99.04,0.0,1.1164014814814818,13.77991860701069,0.0,0.0
2025-08-17 01:00:00,0.0,3.71,25.72,99.58,0.0,1.182055810185185,14.249556475218606,0.0,0.0
2025-08-17 02:00:00,0.0,3.29,25.54,99.0,0.0,0.8243353935185185,13.768314946216043,0.0,0.0
2025-08-17 03:00:00,0.0,2.88,25.33,99.65,0.0,0.0,15.022236403749696,0.0,0.0
2025-08-17 04:00:00,0.0,2.84,25.18,99.64,0.0,0.0,15.393465905132214,0.0,0.0
2025-08-17 05:00:00,4.38,3.02,25.06,78.18,0.7008000000000001,0.6375835185185185,16.840433719040924,0.0,0.0
2025-08-17 06:00:00,84.6,4.13,25.89,55.79,13.536,1.630671226851852,19.483963937647697,0.0,0.0
2025-08-17 07:00:00,256.05,4.84,27.43,35.88,40.968,2.6245348148148144,21.96260197121092,10.0,20.0
2025-08-17 08:00:00,493.95,5.67,28.95,16.11,79.03200000000001,4.219543125,27.060683990973608,20.0,40.0
2025-08-17 09:00:00,596.08,5.96,30.07,57.95,95.3728,4.9006651851851855,33.31215416366694,30.0,60.0
2025-08-17 10:00:00,785.53,5.92,31.06,20.24,125.6848,4.802654814814814,39.12621756825306,40.0,80.0
2025-08-17 11:00:00,822.38,5.82,31.83,31.75,131.5808,4.563365000000001,41.000984825129926,50.0,100.0
2025-08-17 12:00:00,684.62,5.79,32.31,60.79,109.5392,4.493160625000001,47.502786260774556,50.0,100.0
2025-08-17 13:00:00,704.75,5.78,32.39,49.11,112.76,4.4699201851851855,52.463514889964905,50.0,100.0
2025-08-17 14:00:00,604.28,5.59,32.16,63.12,96.6848,4.043446273148148,50.847963383317754,50.0,100.0
2025-08-17 15:00:00,459.0,5.29,31.73,59.62,73.44,3.426756689814815,54.41275435150538,50.0,100.0
2025-08-17 16:00:00,273.33,4.59,30.83,68.77,43.7328,2.238485625,47.01437149832221,48.95691412667779,97.91382825335558
2025-08-17 17:00:00,98.72,3.42,29.56,78.81,15.7952,0.9259649999999998,43.43320210835078,38.95691412667779,77.91382825335558
2025-08-17 18:00:00,7.07,2.6,28.18,88.64,1.1312,0.0,35.65941931142641,28.956914126677788,57.91382825335557
2025-08-17 19:00:00,0.0,2.8,27.61,99.25,0.0,0.0,27.3050358132497,18.956914126677788,37.913828253355575
2025-08-17 20:00:00,0.0,3.24,27.27,98.89,0.0,0.7873200000000001,25.11823236302936,8.956914126677788,17.913828253355575
2025-08-17 21:00:00,0.0,3.52,26.95,99.13,0.0,1.009588148148148,21.0183082930204,0.0,0.0
2025-08-17 22:00:00,0.0,3.44,26.68,99.4,0.0,0.942305185185185,19.324962797029357,0.0,0.0
2025-08-17 23:00:00,0.0,3.37,26.48,99.59,0.0,0.8859433564814816,17.27385669466673,0.0,0.0
2025-08-18 00:00:00,0.0,3.46,26.34,99.12,0.0,0.9588364814814814,24.996509539382004,0.0,0.0
2025-08-18 01:00:00,0.0,3.55,26.19,99.46,0.0,1.0356221064814817,24.032739603633605,0.0,0.0
2025-08-18 02:00:00,0.0,3.52,26.01,99.72,0.0,1.009588148148148,23.296829427444038,0.0,0.0
2025-08-18 03:00:00,0.0,3.38,25.83,99.25,0.0,0.8938535185185186,24.96357025969556,0.0,0.0
2025-08-18 04:00:00,0.0,3.34,25.64,99.75,0.0,0.8624931481481479,26.65200558416631,0.0,0.0
2025-08-18 05:00:00,5.43,3.54,25.56,91.94,0.8688000000000001,1.026895,27.850553405300904,0.0,0.0
2025-08-18 06:00:00,89.07,4.41,26.32,84.94,14.2512,1.985326875,30.091011008537546,0.0,0.0
2025-08-18 07:00:00,228.77,4.93,27.73,78.2,36.6032,2.773684189814815,33.17057728939935,6.20630690041547,12.41261380083094
2025-08-18 08:00:00,425.67,5.74,29.1,71.77,68.1072,4.377759814814816,42.98907803815186,16.20630690041547,32.41261380083094
2025-08-18 09:00:00,541.75,6.19,30.08,86.86,86.68,5.490200439814816,54.73839394740892,26.20630690041547,52.41261380083094
2025-08-18 10:00:00,636.8,6.52,30.64,80.82,101.888,6.41592148148148,62.335227720208344,36.20630690041547,72.41261380083094
2025-08-18 11:00:00,677.97,6.88,30.91,65.54,108.47520000000004,7.53844148148148,75.56928582906608,46.20630690041547,92.41261380083094
2025-08-18 12:00:00,712.3,7.14,31.05,61.77,113.968,8.425794999999999,84.46173913923094,50.0,100.0
2025-08-18 13:00:00,621.92,7.14,30.92,47.49,99.5072,8.425794999999999,84.99739530740985,50.0,100.0
2025-08-18 14:00:00,515.25,6.71,30.78,56.45,82.44,6.993326643518519,82.2966744342793,50.0,100.0
2025-08-18 15:00:00,356.1,5.9,30.44,67.78,56.976,4.75414351851852,87.08173035658501,40.0,80.0
2025-08-18 16:00:00,203.8,4.92,29.78,76.19,32.608000000000004,2.75684,82.61240986458668,30.0,60.0
2025-08-18 17:00:00,79.85,3.43,28.65,83.19,12.776,0.9341112731481482,68.73855642638658,20.0,40.0
2025-08-18 18:00:00,6.1,2.3,27.16,90.78,0.976,0.0,60.63541828304874,10.0,20.0
2025-08-18 19:00:00,0.0,2.14,26.51,99.32,0.0,0.0,51.15581191033712,0.0,0.0
2025-08-18 20:00:00,0.0,2.21,26.24,99.5,0.0,0.0,44.47857572920963,0.0,0.0
2025-08-18 21:00:00,0.0,2.45,26.05,99.43,0.0,0.0,38.40298843628535,0.0,0.0
2025-08-18 22:00:00,0.0,2.67,25.84,98.69,0.0,0.0,33.562784128572495,0.0,0.0
2025-08-18 23:00:00,0.0,2.7,25.58,99.71,0.0,0.0,28.514419799015503,0.0,0.0
2025-08-19 00:00:00,0.0,2.68,25.32,99.41,0.0,0.0,24.90200741447996,0.0,0.0
2025-08-19 01:00:00,0.0,2.61,25.06,98.55,0.0,0.0,25.671959409841207,0.0,0.0
2025-08-19 02:00:00,0.0,2.56,24.9,98.23,0.0,0.0,26.89859248384047,0.0,0.0
2025-08-19 03:00:00,0.0,2.51,24.79,99.83,0.0,0.0,27.059992964426822,0.0,0.0
2025-08-19 04:00:00,0.0,2.56,24.69,99.36,0.0,0.0,24.92104289227146,0.0,0.0
2025-08-19 05:00:00,4.35,2.89,24.79,90.82,0.696,0.0,30.188834898017646,0.0,0.0
2025-08-19 06:00:00,82.53,3.99,25.97,82.17,13.2048,1.4703981250000004,32.33641361064077,0.0,0.0
2025-08-19 07:00:00,233.52,4.46,27.81,74.08,37.3632,2.0536235185185188,37.65188849173164,1.7649350267868797,3.5298700535737595
2025-08-19 08:00:00,428.52,4.87,29.35,65.71,68.5632,2.6736412731481485,45.37062350656923,11.76493502678688,23.52987005357376
2025-08-19 09:00:00,663.08,4.8,30.29,24.35,106.0928,2.56,49.52444080804904,21.76493502678688,43.52987005357376
2025-08-19 10:00:00,718.35,4.82,30.94,44.4,114.93600000000002,2.5921335185185197,58.450879822411714,31.76493502678688,63.52987005357376
2025-08-19 11:00:00,619.1,4.93,31.44,77.91,99.056,2.773684189814815,67.70441200120351,41.76493502678688,83.52987005357376
2025-08-19 12:00:00,657.62,5.04,31.73,63.62,105.2192,2.96352,78.34933395940693,50.0,100.0
2025-08-19 13:00:00,601.12,5.1,31.78,75.19,96.1792,3.070625,81.00853034127907,50.0,100.0
2025-08-19 14:00:00,574.53,5.1,31.71,52.48,91.9248,3.070625,83.1834269844153,50.0,100.0
2025-08-19 15:00:00,501.75,4.96,31.47,20.71,80.28000000000002,2.824628148148148,83.02822163861781,50.0,100.0
2025-08-19 16:00:00,288.6,4.68,30.85,41.08,46.17600000000001,2.3727599999999995,77.5439416064156,40.0,80.0
2025-08-19 17:00:00,97.47,3.75,29.38,59.78,15.5952,1.220703125,69.15109297729244,30.0,60.0
2025-08-19 18:00:00,5.15,3.11,27.76,80.62,0.8240000000000001,0.6963016435185185,59.145597911488444,20.0,40.0
2025-08-19 19:00:00,0.0,3.48,27.09,99.89,0.0,0.97556,51.38698116767284,10.0,20.0
2025-08-19 20:00:00,0.0,3.79,26.68,99.87,0.0,1.2601837731481482,46.12423765871617,0.0,0.0
2025-08-19 21:00:00,0.0,3.62,26.27,99.39,0.0,1.0981001851851853,37.78074160137569,0.0,0.0
2025-08-19 22:00:00,0.0,3.26,25.87,98.75,0.0,0.8019901851851851,29.56094019001392,0.0,0.0
2025-08-19 23:00:00,0.0,3.14,25.63,99.92,0.0,0.716646851851852,28.17878875349008,0.0,0.0
2025-08-20 00:00:00,0.0,3.07,25.45,99.98,0.0,0.669778773148148,23.021249674747764,0.0,0.0
2025-08-20 01:00:00,0.0,3.05,25.35,99.97,0.0,0.6567737268518516,24.561583687343195,0.0,0.0
2025-08-20 02:00:00,0.0,3.22,25.26,99.98,0.0,0.772829814814815,26.430062631226292,0.0,0.0
2025-08-20 03:00:00,0.0,3.5,25.17,98.94,0.0,0.992476851851852,25.23958219309832,0.0,0.0
2025-08-20 04:00:00,0.0,3.75,25.07,99.94,0.0,1.220703125,28.41015973514513,0.0,0.0
2025-08-20 05:00:00,3.55,4.01,25.04,94.67,0.568,1.492620393518518,28.300585634504117,0.0,0.0
2025-08-20 06:00:00,70.22,5.08,25.94,89.42,11.2352,3.034641481481482,33.90953037854,0.0,0.0
2025-08-20 07:00:00,213.7,5.99,27.46,84.45,34.192,4.975041643518519,36.19924455631141,2.967797087207103,5.935594174414206
2025-08-20 08:00:00,422.5,6.25,28.84,79.55,67.60000000000001,5.651403356481481,43.335654215255445,12.967797087207103,25.935594174414206
2025-08-20 09:00:00,683.1,6.02,29.89,22.87,109.296,5.05016685185185,54.57492516854129,22.967797087207103,45.935594174414206
2025-08-20 10:00:00,799.75,5.8,30.73,24.61,127.96,4.516481481481481,61.433550886076304,32.9677970872071,65.9355941744142
2025-08-20 11:00:00,878.03,5.66,31.32,14.6,140.4848,4.1972568518518525,71.21614814294689,42.9677970872071,85.9355941744142
2025-08-20 12:00:00,742.62,5.57,31.62,45.6,118.8192,4.0002012268518525,77.05646742474248,50.0,100.0
2025-08-20 13:00:00,607.72,5.47,31.73,63.7,97.23520000000002,3.7885954398148143,82.47179666686755,50.0,100.0
2025-08-20 14:00:00,517.67,5.24,31.6,73.83,82.8272,3.330505185185185,83.42501790890705,50.0,100.0
2025-08-20 15:00:00,418.83,4.91,31.28,60.68,67.0128,2.7400641435185187,86.84939464231196,40.0,80.0
2025-08-20 16:00:00,240.1,4.35,30.66,69.36,38.416,1.9053906249999997,80.14656750432744,30.0,60.0
2025-08-20 17:00:00,87.35,3.37,29.44,79.5,13.976,0.8859433564814816,71.50347665404264,20.0,40.0
2025-08-20 18:00:00,5.82,2.37,27.74,88.58,0.9312,0.0,64.27949942507172,10.0,20.0
2025-08-20 19:00:00,0.0,2.42,27.07,98.66,0.0,0.0,50.203489586208256,0.0,0.0
2025-08-20 20:00:00,0.0,2.7,26.67,98.09,0.0,0.0,44.43651155226035,0.0,0.0
2025-08-20 21:00:00,0.0,2.99,26.31,97.99,0.0,0.0,37.866417466676666,0.0,0.0
2025-08-20 22:00:00,0.0,3.16,25.98,98.34,0.0,0.7304281481481483,32.9536147892168,0.0,0.0
2025-08-20 23:00:00,0.0,3.13,25.64,97.95,0.0,0.7098216898148147,28.297623982256493,0.0,0.0
2025-08-21 00:00:00,0.0,3.05,25.38,99.24,0.0,0.6567737268518516,22.786643235900726,0.0,0.0
2025-08-21 01:00:00,0.0,3.08,25.18,99.76,0.0,0.6763451851851853,24.43945664810982,0.0,0.0
2025-08-21 02:00:00,0.0,3.06,25.05,99.34,0.0,0.6632550000000001,23.188928568295882,0.0,0.0
2025-08-21 03:00:00,0.0,3.16,25.0,99.5,0.0,0.7304281481481483,24.424345082051197,0.0,0.0
2025-08-21 04:00:00,0.0,3.35,24.97,99.65,0.0,0.8702633101851853,27.068555016560932,0.0,0.0
2025-08-21 05:00:00,1.58,3.5,25.0,99.87,0.2528,0.992476851851852,30.222340520885506,0.0,0.0
2025-08-21 06:00:00,44.0,4.0,25.51,98.62,7.039999999999999,1.4814814814814814,32.16425465767282,0.0,0.0
2025-08-21 07:00:00,120.55,4.18,26.31,99.62,19.288,1.6906164814814812,37.82995457098969,0.0,0.0
2025-08-21 08:00:00,222.88,4.6,27.15,99.88,35.6608,2.253148148148148,44.984191887239525,0.0,0.0
2025-08-21 09:00:00,415.4,4.64,27.93,98.48,66.464,2.3124385185185177,49.015679261065024,10.0,20.0
2025-08-21 10:00:00,501.4,4.59,28.54,95.86,80.22399999999999,2.238485625,58.43587836830769,20.0,40.0
2025-08-21 11:00:00,626.72,4.48,28.99,82.13,100.2752,2.0813748148148155,68.29766075980622,30.0,60.0
2025-08-21 12:00:00,565.95,4.28,29.3,97.21,90.55200000000002,1.8148785185185188,74.32377601326843,40.0,80.0
2025-08-21 13:00:00,330.55,4.03,29.47,97.74,52.888000000000005,1.5150654398148151,73.07003551587853,30.0,60.0
2025-08-21 14:00:00,341.67,3.67,29.4,96.91,54.66720000000001,1.1442329398148148,84.41556637809417,20.0,40.0
2025-08-21 15:00:00,103.2,3.2,29.14,96.9,16.512,0.7585185185185186,87.34284834931096,10.0,20.0
2025-08-21 16:00:00,68.57,2.64,28.73,97.77,10.9712,0.0,75.58361685180311,0.0,0.0
2025-08-21 17:00:00,30.12,2.14,28.02,99.63,4.8192,0.0,67.72657491158493,0.0,0.0
2025-08-21 18:00:00,2.55,1.57,26.84,99.68,0.4079999999999999,0.0,61.153170816031945,0.0,0.0
2025-08-21 19:00:00,0.0,1.52,26.39,97.73,0.0,0.0,49.131359335348314,0.0,0.0
2025-08-21 20:00:00,0.0,1.52,26.09,98.79,0.0,0.0,44.1441374825165,0.0,0.0
2025-08-21 21:00:00,0.0,1.54,25.79,99.06,0.0,0.0,34.673429652406526,0.0,0.0
2025-08-21 22:00:00,0.0,1.39,25.55,99.24,0.0,0.0,31.515553958771164,0.0,0.0
2025-08-21 23:00:00,0.0,1.13,25.36,99.67,0.0,0.0,28.24920202575428,0.0,0.0
2025-08-22 00:00:00,0.0,0.84,25.28,99.71,0.0,0.0,24.06824929617108,0.0,0.0
2025-08-22 01:00:00,0.0,0.77,25.14,97.79,0.0,0.0,23.489487887047684,0.0,0.0
2025-08-22 02:00:00,0.0,1.14,24.9,91.95,0.0,0.0,23.758799125074084,0.0,0.0
2025-08-22 03:00:00,0.0,1.53,24.81,98.02,0.0,0.0,26.100232919870315,0.0,0.0
2025-08-22 04:00:00,0.0,1.82,24.8,99.37,0.0,0.0,24.248704863169184,0.0,0.0
2025-08-22 05:00:00,1.3,2.1,24.88,100.0,0.208,0.0,26.982945397596556,0.0,0.0
2025-08-22 06:00:00,25.77,2.99,25.81,99.73,4.1232,0.0,32.066421127477355,0.0,0.0
2025-08-22 07:00:00,72.82,3.36,26.71,99.85,11.6512,0.8780799999999999,30.55077862241314,0.0,0.0
2025-08-22 08:00:00,133.98,3.07,28.12,99.87,21.4368,0.669778773148148,44.5866395638942,0.0,0.0
2025-08-22 09:00:00,173.18,2.87,29.11,99.9,27.708800000000004,0.0,53.08229254484477,0.0,0.0
2025-08-22 10:00:00,179.07,2.8,29.7,100.0,28.651200000000003,0.0,62.39703025402826,0.0,0.0
2025-08-22 11:00:00,135.73,2.93,30.08,99.05,21.7168,0.0,65.52043839947179,0.0,0.0
2025-08-22 12:00:00,95.28,3.16,30.24,98.2,15.2448,0.7304281481481483,74.27228910788727,0.0,0.0
2025-08-22 13:00:00,99.7,3.45,30.31,99.73,15.951999999999998,0.9505468750000002,84.42048005275247,0.0,0.0
2025-08-22 14:00:00,114.57,3.51,30.17,98.84,18.3312,1.0010081249999998,85.81131749278008,0.0,0.0
2025-08-22 15:00:00,166.82,3.28,29.93,99.84,26.6912,0.8168414814814813,81.56975600547985,0.0,0.0
2025-08-22 16:00:00,99.93,3.03,29.46,99.97,15.9888,0.6439381249999998,68.92974129238026,0.0,0.0
2025-08-22 17:00:00,39.7,2.79,28.56,99.67,6.352000000000001,0.0,62.06320760915934,0.0,0.0
2025-08-22 18:00:00,2.42,2.74,27.29,99.8,0.3872,0.0,62.06573004270693,0.0,0.0
2025-08-22 19:00:00,0.0,3.05,26.64,99.31,0.0,0.6567737268518516,49.05992001687305,0.0,0.0
2025-08-22 20:00:00,0.0,3.33,26.2,99.37,0.0,0.854769375,42.447188923982,0.0,0.0
2025-08-22 21:00:00,0.0,3.71,25.81,98.5,0.0,1.182055810185185,35.56337839648281,0.0,0.0
2025-08-22 22:00:00,0.0,3.91,25.42,96.73,0.0,1.3837146064814818,30.323926342256247,0.0,0.0
2025-08-22 23:00:00,0.0,3.76,25.13,95.92,0.0,1.2304948148148147,26.63654183723587,0.0,0.0
2025-08-23 00:00:00,0.0,4.06,24.97,95.24,0.0,1.5491531481481478,14.003710866627683,0.0,0.0
2025-08-23 01:00:00,0.0,4.07,24.81,98.65,0.0,1.5606283101851857,13.68751203536569,0.0,0.0
2025-08-23 02:00:00,0.0,4.03,24.69,100.0,0.0,1.5150654398148151,14.89540777593676,0.0,0.0
2025-08-23 03:00:00,0.0,3.87,24.55,99.74,0.0,1.3416806250000002,14.972046154424781,0.0,0.0
2025-08-23 04:00:00,0.0,3.69,24.46,99.32,0.0,1.163041875,17.674972487891036,0.0,0.0
2025-08-23 05:00:00,0.5,3.5,24.46,100.0,0.08,0.992476851851852,17.86034481068739,0.0,0.0
2025-08-23 06:00:00,9.02,3.96,24.96,100.0,1.4432,1.43748,19.01376014942056,0.0,0.0
2025-08-23 07:00:00,24.3,4.47,25.97,100.0,3.888,2.0674681249999995,21.112866892082437,0.0,0.0
2025-08-23 08:00:00,40.75,4.57,27.39,100.0,6.5200000000000005,2.2093516898148158,23.860639389433228,0.0,0.0
2025-08-23 09:00:00,88.72,4.23,28.68,99.56,14.1952,1.7520131250000006,32.21011977651599,0.0,0.0
2025-08-23 10:00:00,129.3,3.7,29.55,99.93,20.688,1.1725231481481482,38.36344156422087,0.0,0.0
2025-08-23 11:00:00,135.45,3.37,30.06,99.91,21.672,0.8859433564814816,40.06902849082694,0.0,0.0
2025-08-23 12:00:00,105.4,3.24,30.47,95.83,16.864,0.7873200000000001,46.89608499177883,0.0,0.0
2025-08-23 13:00:00,58.67,3.0,30.4,99.71,9.3872,0.625,47.69386719519632,0.0,0.0
2025-08-23 14:00:00,54.75,2.83,30.08,97.69,8.76,0.0,48.7818663370974,0.0,0.0
2025-08-23 15:00:00,39.95,2.76,29.68,97.98,6.392,0.0,48.42309574543973,0.0,0.0
2025-08-23 16:00:00,26.62,2.58,29.03,98.34,4.2592,0.0,47.91009767031321,0.0,0.0
2025-08-23 17:00:00,11.98,2.56,28.2,98.86,1.9168000000000005,0.0,41.50313374969298,0.0,0.0
2025-08-23 18:00:00,0.93,2.28,27.13,99.36,0.1488,0.0,35.3866009100587,0.0,0.0
2025-08-23 19:00:00,0.0,2.39,26.6,99.36,0.0,0.0,30.912444757115022,0.0,0.0
2025-08-23 20:00:00,0.0,2.35,26.19,98.59,0.0,0.0,22.836799027906075,0.0,0.0
2025-08-23 21:00:00,0.0,2.17,25.75,99.23,0.0,0.0,23.840202494614175,0.0,0.0
2025-08-23 22:00:00,0.0,2.08,25.38,99.47,0.0,0.0,20.171845515913954,0.0,0.0
2025-08-23 23:00:00,0.0,2.15,25.04,99.22,0.0,0.0,16.20413439719943,0.0,0.0
2025-08-24 00:00:00,0.0,2.1,24.77,99.3,0.0,0.0,13.280898761733537,0.0,0.0
2025-08-24 01:00:00,0.0,1.78,24.56,99.54,0.0,0.0,14.389877598888635,0.0,0.0
2025-08-24 02:00:00,0.0,1.52,24.45,100.0,0.0,0.0,16.3637010143432,0.0,0.0
2025-08-24 03:00:00,0.0,1.53,24.39,99.64,0.0,0.0,15.730396543847618,0.0,0.0
2025-08-24 04:00:00,0.0,1.57,24.32,99.7,0.0,0.0,16.983274169523867,0.0,0.0
2025-08-24 05:00:00,2.6,1.61,24.32,99.87,0.416,0.0,17.2121549875269,0.0,0.0
2025-08-24 06:00:00,43.08,2.25,25.42,99.75,6.8928,0.0,20.692738092301553,0.0,0.0
2025-08-24 07:00:00,119.53,2.18,26.73,99.62,19.1248,0.0,22.47662667479754,0.0,0.0
2025-08-24 08:00:00,206.68,1.99,28.13,99.85,33.0688,0.0,26.30912388723868,6.759676112761323,13.519352225522645
2025-08-24 09:00:00,289.0,2.26,29.22,99.59,46.24,0.0,29.737767129350654,16.759676112761323,33.519352225522645
2025-08-24 10:00:00,336.15,2.56,29.98,99.61,53.784000000000006,0.0,36.95640612708673,26.759676112761323,53.519352225522645
2025-08-24 11:00:00,482.3,2.54,30.47,96.9,77.168,0.0,41.05102109687097,36.759676112761326,73.51935222552265
2025-08-24 12:00:00,527.65,2.27,30.86,93.58,84.42399999999999,0.0,44.51633416494997,46.759676112761326,93.51935222552265
2025-08-24 13:00:00,554.05,1.78,31.1,80.37,88.648,0.0,49.24877324953918,50.0,100.0
2025-08-24 14:00:00,600.47,1.06,31.13,54.14,96.0752,0.0,48.11973733696734,50.0,100.0
2025-08-24 15:00:00,444.67,0.47,30.85,54.04,71.1472,0.0,48.1901492612099,50.0,100.0
2025-08-24 16:00:00,256.6,0.88,30.28,64.66,41.05600000000001,0.0,49.10683132242057,41.94916867757944,83.89833735515889
2025-08-24 17:00:00,90.35,1.42,29.3,74.59,14.456,0.0,43.787375700088916,31.949168677579443,63.89833735515889
2025-08-24 18:00:00,3.75,1.51,27.83,88.46,0.6000000000000001,0.0,34.97779228013689,21.949168677579443,43.89833735515889
2025-08-24 19:00:00,0.0,1.68,27.0,97.93,0.0,0.0,29.991003786403237,11.949168677579443,23.898337355158887
2025-08-24 20:00:00,0.0,1.8,26.5,99.2,0.0,0.0,23.55829491259994,1.9491686775794435,3.8983373551588865
2025-08-24 21:00:00,0.0,1.8,26.11,98.59,0.0,0.0,21.916280806653567,0.0,0.0
2025-08-24 22:00:00,0.0,1.77,25.76,99.19,0.0,0.0,21.914677539017372,0.0,0.0
2025-08-24 23:00:00,0.0,1.75,25.48,99.11,0.0,0.0,17.729813767692868,0.0,0.0
2025-08-25 00:00:00,0.0,1.86,25.19,89.28,0.0,0.0,24.468979134160996,0.0,0.0
2025-08-25 01:00:00,0.0,2.03,24.95,68.24,0.0,0.0,23.174958510199914,0.0,0.0
2025-08-25 02:00:00,0.0,2.26,24.78,91.74,0.0,0.0,23.382247627589187,0.0,0.0
2025-08-25 03:00:00,0.0,2.55,24.62,94.76,0.0,0.0,24.11657338655271,0.0,0.0
2025-08-25 04:00:00,0.0,2.77,24.42,79.76,0.0,0.0,27.939161186892356,0.0,0.0
2025-08-25 05:00:00,3.3,2.78,24.3,84.46,0.528,0.0,27.132403089583192,0.0,0.0
2025-08-25 06:00:00,58.38,3.29,24.94,90.55,9.3408,0.8243353935185185,32.048724562619086,0.0,0.0
2025-08-25 07:00:00,150.95,3.09,26.23,95.64,24.152,0.6829543749999999,36.04335225548232,0.0,0.0
2025-08-25 08:00:00,278.65,2.61,27.73,99.42,44.584,0.0,42.62220869326167,1.9617913067383341,3.9235826134766687
2025-08-25 09:00:00,422.6,2.11,28.97,92.05,67.61600000000001,0.0,52.411013844629245,11.961791306738334,23.92358261347667
2025-08-25 10:00:00,493.98,1.87,29.93,89.75,79.03680000000001,0.0,63.41160363592179,21.961791306738334,43.92358261347667
2025-08-25 11:00:00,489.67,2.11,30.74,97.49,78.3472,0.0,66.64647637877614,31.961791306738334,63.92358261347667
2025-08-25 12:00:00,583.45,2.44,31.22,90.44,93.352,0.0,83.01727370369171,41.961791306738334,83.92358261347667
2025-08-25 13:00:00,553.17,2.79,31.31,86.51,88.5072,0.0,75.40433765442673,50.0,100.0
2025-08-25 14:00:00,473.9,2.93,31.22,80.67,75.824,0.0,87.0062937453328,40.0,80.0
2025-08-25 15:00:00,371.42,2.9,30.74,78.91,59.427200000000006,0.0,83.00200526499495,30.0,60.0
2025-08-25 16:00:00,221.65,2.72,30.04,84.36,35.464000000000006,0.0,79.07702850373532,20.0,40.0
2025-08-25 17:00:00,83.4,2.3,28.99,88.98,13.344,0.0,72.22167865069724,10.0,20.0
2025-08-25 18:00:00,4.05,1.72,27.7,94.39,0.648,0.0,54.910170430102895,0.0,0.0
2025-08-25 19:00:00,0.0,1.5,27.13,98.47,0.0,0.0,50.2862202796123,0.0,0.0
2025-08-25 20:00:00,0.0,1.44,26.78,99.45,0.0,0.0,41.81301592437329,0.0,0.0
2025-08-25 21:00:00,0.0,1.32,26.46,99.28,0.0,0.0,39.51498044248663,0.0,0.0
2025-08-25 22:00:00,0.0,1.1,26.2,98.73,0.0,0.0,31.99563826993514,0.0,0.0
2025-08-25 23:00:00,0.0,0.83,25.98,97.72,0.0,0.0,29.269448192177887,0.0,0.0
2025-08-26 00:00:00,0.0,0.59,25.81,95.77,0.0,0.0,26.154218007143157,0.0,0.0
2025-08-26 01:00:00,0.0,0.3,25.76,96.19,0.0,0.0,25.355785180214095,0.0,0.0
2025-08-26 02:00:00,0.0,0.45,25.55,99.37,0.0,0.0,23.930374771408477,0.0,0.0
2025-08-26 03:00:00,0.0,0.71,25.22,99.87,0.0,0.0,23.798012129088605,0.0,0.0
2025-08-26 04:00:00,0.0,0.8,25.01,82.96,0.0,0.0,27.29132928713222,0.0,0.0
2025-08-26 05:00:00,3.7,0.93,24.9,76.89,0.592,0.0,27.892349393369322,0.0,0.0
2025-08-26 06:00:00,80.22,1.42,25.53,71.57,12.8352,0.0,33.83119382285884,0.0,0.0
2025-08-26 07:00:00,221.2,1.2,26.6,66.58,35.392,0.0,34.984945917875464,0.40705408212453875,0.8141081642490775
2025-08-26 08:00:00,382.42,1.05,27.72,61.37,61.18720000000001,0.0,48.0681973386805,10.407054082124539,20.814108164249078
2025-08-26 09:00:00,610.92,0.9,28.75,50.39,97.7472,0.0,57.17267919351398,20.40705408212454,40.81410816424908
2025-08-26 10:00:00,726.47,0.71,29.54,48.41,116.23520000000002,0.0,60.38017780201272,30.40705408212454,60.81410816424908
2025-08-26 11:00:00,750.55,0.53,30.22,46.77,120.088,0.0,67.5215312336866,40.40705408212454,80.81410816424908
2025-08-26 12:00:00,716.9,0.68,30.59,50.94,114.704,0.0,67.46129467287288,50.0,100.0
2025-08-26 13:00:00,609.7,1.05,30.85,63.53,97.552,0.0,76.69024872316204,50.0,100.0
2025-08-26 14:00:00,422.0,1.55,30.8,77.18,67.52,0.0,88.97031255589694,40.0,80.0
2025-08-26 15:00:00,358.9,2.12,30.18,60.2,57.42400000000001,0.0,83.96190416345374,30.0,60.0
2025-08-26 16:00:00,202.32,2.46,29.32,68.39,32.3712,0.0,71.42379779817693,20.0,40.0
2025-08-26 17:00:00,70.93,2.16,28.36,75.11,11.348800000000002,0.0,71.3377467562581,10.0,20.0
2025-08-26 18:00:00,2.17,1.66,27.29,91.08,0.3472,0.0,59.16397169543188,0.0,0.0
2025-08-26 19:00:00,0.0,1.52,26.71,98.41,0.0,0.0,49.52218092435686,0.0,0.0
2025-08-26 20:00:00,0.0,1.62,26.3,97.79,0.0,0.0,43.24736590494815,0.0,0.0
2025-08-26 21:00:00,0.0,1.85,25.99,97.92,0.0,0.0,35.028400382426994,0.0,0.0
2025-08-26 22:00:00,0.0,2.17,25.73,99.43,0.0,0.0,30.601773709278174,0.0,0.0
2025-08-26 23:00:00,0.0,2.47,25.51,99.57,0.0,0.0,28.352229354089026,0.0,0.0
2025-08-27 00:00:00,0.0,2.67,25.32,92.56,0.0,0.0,24.407524258344576,0.0,0.0
2025-08-27 01:00:00,0.0,2.63,25.16,97.84,0.0,0.0,22.956681693538066,0.0,0.0
2025-08-27 02:00:00,0.0,2.37,24.99,95.67,0.0,0.0,24.91008813896632,0.0,0.0
2025-08-27 03:00:00,0.0,2.03,24.83,99.97,0.0,0.0,24.682699533845437,0.0,0.0
2025-08-27 04:00:00,0.0,1.75,24.68,98.45,0.0,0.0,27.82221889805055,0.0,0.0
2025-08-27 05:00:00,2.92,1.53,24.64,98.52,0.4672,0.0,32.18878212675409,0.0,0.0
2025-08-27 06:00:00,52.1,1.92,25.6,98.94,8.336,0.0,31.836225061656886,0.0,0.0
2025-08-27 07:00:00,133.6,1.95,26.92,99.3,21.376,0.0,38.75161940464877,0.0,0.0
2025-08-27 08:00:00,245.95,2.0,28.6,99.2,39.352,0.0,42.07656798951533,0.0,0.0
2025-08-27 09:00:00,377.4,1.93,29.91,94.58,60.38399999999999,0.0,52.08680825007441,8.297191749925581,16.594383499851162
2025-08-27 10:00:00,576.45,1.76,30.81,80.28,92.232,0.0,60.98106730798866,18.29719174992558,36.59438349985116
2025-08-27 11:00:00,779.5,1.49,31.44,52.72,124.72,0.0,69.42772280869441,28.29719174992558,56.59438349985116
2025-08-27 12:00:00,773.05,1.18,31.74,42.66,123.688,0.0,83.13058889954297,38.29719174992558,76.59438349985116
2025-08-27 13:00:00,635.62,0.9,31.89,47.57,101.6992,0.0,88.44383538536775,48.29719174992558,96.59438349985116
2025-08-27 14:00:00,519.25,0.83,31.81,57.38,83.08,0.0,89.1101588295316,42.26703292039398,84.53406584078796
2025-08-27 15:00:00,336.6,0.96,31.45,76.84,53.85600000000001,0.0,81.52303781625287,32.26703292039398,64.53406584078796
2025-08-27 16:00:00,195.12,1.06,30.85,82.48,31.2192,0.0,80.14019336468392,22.26703292039398,44.53406584078796
2025-08-27 17:00:00,67.18,1.31,29.81,87.74,10.7488,0.0,66.12301906072268,12.26703292039398,24.53406584078796
2025-08-27 18:00:00,2.83,1.21,28.59,92.74,0.4528000000000001,0.0,64.36276941871127,2.26703292039398,4.53406584078796
2025-08-27 19:00:00,0.0,1.32,27.85,98.9,0.0,0.0,45.70306525752999,0.0,0.0
2025-08-27 20:00:00,0.0,1.3,27.28,99.75,0.0,0.0,40.91053522860953,0.0,0.0
2025-08-27 21:00:00,0.0,1.15,26.83,99.71,0.0,0.0,34.883251156465896,0.0,0.0
2025-08-27 22:00:00,0.0,0.89,26.52,99.55,0.0,0.0,36.043944938069416,0.0,0.0
2025-08-27 23:00:00,0.0,0.53,26.3,99.76,0.0,0.0,26.870250497673005,0.0,0.0
2025-08-28 00:00:00,0.0,0.2,25.97,97.2,0.0,0.0,24.51302900461443,0.0,0.0
2025-08-28 01:00:00,0.0,0.17,25.68,97.11,0.0,0.0,23.938301582185485,0.0,0.0
2025-08-28 02:00:00,0.0,0.38,25.51,93.76,0.0,0.0,23.682410732268995,0.0,0.0
2025-08-28 03:00:00,0.0,0.63,25.34,99.54,0.0,0.0,27.207622037526164,0.0,0.0
2025-08-28 04:00:00,0.0,0.81,25.16,99.74,0.0,0.0,25.733436170732322,0.0,0.0
2025-08-28 05:00:00,3.3,0.88,25.07,78.98,0.528,0.0,28.894689452956886,0.0,0.0
2025-08-28 06:00:00,84.8,1.14,26.26,57.37,13.568,0.0,31.16256451445861,0.0,0.0
2025-08-28 07:00:00,261.58,1.52,27.65,37.58,41.8528,0.0,36.977071963695465,4.875728036304537,9.751456072609074
2025-08-28 08:00:00,486.02,1.79,28.84,18.17,77.76320000000001,0.0,44.91848822458896,14.875728036304537,29.751456072609074
2025-08-28 09:00:00,635.72,1.88,29.72,29.4,101.7152,0.0,47.340014664841355,24.875728036304537,49.75145607260907
2025-08-28 10:00:00,740.95,1.81,30.16,33.0,118.552,0.0,62.91574762826799,34.87572803630454,69.75145607260907
2025-08-28 11:00:00,768.67,1.79,30.26,43.65,122.9872,0.0,71.83641378071651,44.87572803630454,89.75145607260907
2025-08-28 12:00:00,708.17,1.86,30.24,52.98,113.3072,0.0,81.56662734065895,50.0,100.0
2025-08-28 13:00:00,482.17,2.05,29.98,79.32,77.14720000000001,0.0,80.4653686890859,46.681831310914106,93.36366262182821
2025-08-28 14:00:00,191.75,2.22,29.62,95.93,30.680000000000003,0.0,88.23893591647767,36.681831310914106,73.36366262182821
2025-08-28 15:00:00,117.1,2.34,29.23,98.42,18.736,0.0,87.91892295319589,26.681831310914106,53.36366262182821
2025-08-28 16:00:00,57.1,2.35,28.67,100.0,9.136,0.0,78.23941378854302,16.681831310914106,33.36366262182821
2025-08-28 17:00:00,25.7,1.99,27.9,99.72,4.112000000000001,0.0,64.18309391177517,6.681831310914106,13.363662621828212
2025-08-28 18:00:00,1.65,1.82,27.16,97.89,0.264,0.0,61.24534723055075,0.0,0.0
2025-08-28 19:00:00,0.0,1.87,26.86,98.12,0.0,0.0,54.291717089951426,0.0,0.0
2025-08-28 20:00:00,0.0,1.93,26.61,98.22,0.0,0.0,41.641261079761094,0.0,0.0
2025-08-28 21:00:00,0.0,1.97,26.27,98.09,0.0,0.0,34.77579534160207,0.0,0.0
2025-08-28 22:00:00,0.0,1.96,25.93,99.13,0.0,0.0,32.2007494116848,0.0,0.0
2025-08-28 23:00:00,0.0,1.91,25.7,98.92,0.0,0.0,28.812113292985757,0.0,0.0
2025-08-29 00:00:00,0.0,2.09,25.55,98.95,0.0,0.0,24.037586086778322,0.0,0.0
2025-08-29 01:00:00,0.0,2.58,25.49,100.0,0.0,0.0,24.374291731480763,0.0,0.0
2025-08-29 02:00:00,0.0,2.66,25.4,99.41,0.0,0.0,26.19033422859726,0.0,0.0
2025-08-29 03:00:00,0.0,2.39,25.31,99.53,0.0,0.0,26.76715291394401,0.0,0.0
2025-08-29 04:00:00,0.0,2.25,25.22,99.58,0.0,0.0,27.375267845874212,0.0,0.0
2025-08-29 05:00:00,2.78,2.14,25.18,96.32,0.4448,0.0,30.703058403789004,0.0,0.0
2025-08-29 06:00:00,57.28,2.8,25.69,96.57,9.1648,0.0,32.252307706136065,0.0,0.0
2025-08-29 07:00:00,156.27,3.24,26.58,95.55,25.003200000000007,0.7873200000000001,38.26724071127835,0.0,0.0
2025-08-29 08:00:00,288.02,3.57,27.76,94.52,46.083200000000005,1.053224375,42.48015823021632,4.656266144783686,9.312532289567372
2025-08-29 09:00:00,374.98,4.03,28.67,98.27,59.99680000000001,1.5150654398148151,49.33778163331306,14.656266144783686,29.312532289567372
2025-08-29 10:00:00,371.67,4.36,29.29,99.43,59.467200000000005,1.918561481481482,63.34262873092458,12.699398895340593,25.398797790681186
2025-08-29 11:00:00,245.3,4.64,29.88,99.7,39.248000000000005,2.3124385185185177,74.87213775241605,2.699398895340593,5.398797790681186
2025-08-29 12:00:00,123.82,4.8,30.22,98.89,19.8112,2.56,71.14273202712192,0.0,0.0
2025-08-29 13:00:00,142.7,4.72,30.11,99.98,22.832,2.434121481481481,83.54899795428543,0.0,0.0
2025-08-29 14:00:00,97.07,4.3,29.84,97.99,15.531199999999998,1.840439814814815,85.08795939294308,0.0,0.0
2025-08-29 15:00:00,131.55,3.64,29.47,98.9,21.048,1.1164014814814818,80.69808186056784,0.0,0.0
2025-08-29 16:00:00,78.72,3.16,28.9,99.97,12.5952,0.7304281481481483,78.71841803120759,0.0,0.0
2025-08-29 17:00:00,35.47,2.56,27.98,98.63,5.6752,0.0,67.46327609975496,0.0,0.0
2025-08-29 18:00:00,0.0,2.52,27.05,97.65,0.0,0.0,58.43614475886596,0.0,0.0
2025-08-29 19:00:00,0.0,2.62,26.68,97.88,0.0,0.0,49.402872601222924,0.0,0.0
2025-08-29 20:00:00,0.0,2.55,26.39,97.66,0.0,0.0,40.59195892401287,0.0,0.0
2025-08-29 21:00:00,0.0,2.47,26.14,97.93,0.0,0.0,36.509930719841556,0.0,0.0
2025-08-29 22:00:00,0.0,2.79,25.95,98.37,0.0,0.0,30.762243020862964,0.0,0.0
2025-08-29 23:00:00,0.0,3.57,25.8,98.88,0.0,1.053224375,29.61630807093252,0.0,0.0
2025-08-30 00:00:00,0.0,4.06,25.66,99.18,0.0,1.5491531481481478,14.513210092497165,0.0,0.0
2025-08-30 01:00:00,0.0,4.37,25.47,98.16,0.0,1.931792893518519,13.49271195708538,0.0,0.0
2025-08-30 02:00:00,0.0,4.19,25.29,98.24,0.0,1.7027791435185191,14.73786160788068,0.0,0.0
2025-08-30 03:00:00,0.0,3.92,25.11,96.2,0.0,1.3943585185185183,15.830347724105792,0.0,0.0
2025-08-30 04:00:00,0.0,3.76,24.97,95.27,0.0,1.2304948148148147,14.992795006042138,0.0,0.0
2025-08-30 05:00:00,2.4,3.69,24.86,98.81,0.384,1.163041875,17.383706862728623,0.0,0.0
2025-08-30 06:00:00,63.53,4.05,25.21,97.67,10.1648,1.5377343749999997,18.5206640394929,0.0,0.0
2025-08-30 07:00:00,179.73,4.44,26.12,97.03,28.7568,2.0261200000000006,21.740170073281142,9.042749926718855,18.08549985343771
2025-08-30 08:00:00,316.58,4.72,27.45,95.27,50.6528,2.434121481481481,26.4865662987095,19.042749926718855,38.08549985343771
2025-08-30 09:00:00,488.02,4.65,28.77,76.5,78.0832,2.3274218750000006,31.111442593552088,29.042749926718855,58.0854998534377
2025-08-30 10:00:00,604.0,4.53,29.5,56.76,96.64,2.151844375,36.56423802463532,39.042749926718855,78.08549985343771
2025-08-30 11:00:00,698.35,4.4,29.92,55.21,111.73600000000002,1.9718518518518524,43.07139564598438,49.042749926718855,98.08549985343771
2025-08-30 12:00:00,647.7,4.17,30.03,90.39,103.63200000000002,1.678511875,42.55102362987947,50.0,100.0
2025-08-30 13:00:00,636.97,3.76,30.02,69.69,101.9152,1.2304948148148147,47.735183995166345,50.0,100.0
2025-08-30 14:00:00,481.2,2.89,29.74,89.5,76.992,0.0,50.57042765672643,50.0,100.0
2025-08-30 15:00:00,351.65,1.72,29.41,89.91,56.264,0.0,46.284948939539404,50.0,100.0
2025-08-30 16:00:00,195.1,1.38,29.1,92.6,31.216,0.0,47.25874715163459,40.0,80.0
2025-08-30 17:00:00,67.1,0.98,28.41,94.8,10.736,0.0,40.726791889392395,30.0,60.0
2025-08-30 18:00:00,0.0,0.83,27.47,98.45,0.0,0.0,35.46549286583456,20.0,40.0
2025-08-30 19:00:00,0.0,0.7,27.16,96.2,0.0,0.0,29.500575919170366,10.0,20.0
2025-08-30 20:00:00,0.0,0.58,26.94,97.65,0.0,0.0,27.440833995711476,0.0,0.0
2025-08-30 21:00:00,0.0,1.0,26.48,99.8,0.0,0.0,22.415088756974207,0.0,0.0
2025-08-30 22:00:00,0.0,1.45,26.11,100.0,0.0,0.0,18.726417196056683,0.0,0.0
2025-08-30 23:00:00,0.0,1.85,25.85,99.9,0.0,0.0,16.142510266888408,0.0,0.0
2025-08-31 00:00:00,0.0,2.09,25.58,99.48,0.0,0.0,14.331342848822644,0.0,0.0
2025-08-31 01:00:00,0.0,1.87,25.3,100.0,0.0,0.0,14.562636557277358,0.0,0.0
2025-08-31 02:00:00,0.0,1.43,25.11,99.82,0.0,0.0,14.310982192634574,0.0,0.0
2025-08-31 03:00:00,0.0,1.03,25.05,99.0,0.0,0.0,15.092213162164052,0.0,0.0
2025-08-31 04:00:00,0.0,0.84,24.99,98.31,0.0,0.0,15.726493618625465,0.0,0.0
2025-08-31 05:00:00,2.08,0.85,24.94,95.61,0.3328,0.0,17.541318581108555,0.0,0.0
2025-08-31 06:00:00,54.5,1.47,25.46,90.91,8.72,0.0,19.156283779483395,0.0,0.0
2025-08-31 07:00:00,149.6,2.0,26.24,86.3,23.936,0.0,21.344508051921025,2.591491948078975,5.18298389615795
2025-08-31 08:00:00,282.3,2.43,27.18,82.44,45.168000000000006,0.0,26.969667273743738,12.591491948078975,25.18298389615795
2025-08-31 09:00:00,373.27,2.78,28.07,96.1,59.7232,0.0,33.17979090312029,22.591491948078975,45.18298389615795
2025-08-31 10:00:00,441.15,3.02,28.73,99.71,70.584,0.6375835185185185,37.25771612251941,32.591491948078975,65.18298389615795
2025-08-31 11:00:00,606.58,3.17,29.23,85.49,97.0528,0.7373845601851852,41.786832346600605,42.591491948078975,85.18298389615795
2025-08-31 12:00:00,568.22,3.1,29.57,96.6,90.9152,0.6896064814814816,41.81944057231533,50.0,100.0
2025-08-31 13:00:00,453.48,2.78,29.55,86.3,72.5568,0.0,49.63352137770972,50.0,100.0
2025-08-31 14:00:00,335.15,2.26,29.24,98.05,53.624,0.0,52.30781841839948,50.0,100.0
2025-08-31 15:00:00,95.3,1.84,28.89,99.56,15.248,0.0,48.35474364486008,40.0,80.0
2025-08-31 16:00:00,55.45,1.82,28.38,100.0,8.872000000000002,0.0,46.88613568401778,30.0,60.0
2025-08-31 17:00:00,12.95,1.97,27.52,100.0,2.072,0.0,40.921491438426806,20.0,40.0
2025-08-31 18:00:00,0.0,2.08,26.62,98.96,0.0,0.0,35.38321400025872,10.0,20.0
2025-08-31 19:00:00,0.0,2.39,26.2,99.17,0.0,0.0,29.153266673407128,0.0,0.0
2025-08-31 20:00:00,0.0,2.75,25.89,99.13,0.0,0.0,26.413010221540766,0.0,0.0
2025-08-31 21:00:00,0.0,3.11,25.7,99.0,0.0,0.6963016435185185,21.94402114848753,0.0,0.0
2025-08-31 22:00:00,0.0,3.15,25.5,98.59,0.0,0.7235156249999999,18.549948620423656,0.0,0.0
2025-08-31 23:00:00,0.0,2.83,25.25,99.08,0.0,0.0,17.087094432188984,0.0,0.0
2025-09-01 00:00:00,0.0,2.65,25.02,99.96,0.0,0.0,24.165360286073547,0.0,0.0
2025-09-01 01:00:00,0.0,2.53,24.86,98.95,0.0,0.0,23.24160817532457,0.0,0.0
2025-09-01 02:00:00,0.0,2.45,24.72,93.1,0.0,0.0,24.730451840804015,0.0,0.0
2025-09-01 03:00:00,0.0,2.75,24.59,99.62,0.0,0.0,23.578189791991775,0.0,0.0
2025-09-01 04:00:00,0.0,3.22,24.52,98.48,0.0,0.772829814814815,26.338033528398235,0.0,0.0
2025-09-01 05:00:00,0.45,3.88,24.34,92.06,0.072,1.352108148148148,29.670018384093265,0.0,0.0
2025-09-01 06:00:00,6.03,4.68,24.31,100.0,0.9648000000000002,2.3727599999999995,33.539594811710295,0.0,0.0
2025-09-01 07:00:00,31.55,5.59,24.57,98.67,5.048000000000001,4.043446273148148,32.93433590961592,0.0,0.0
2025-09-01 08:00:00,59.3,6.51,25.1,98.48,9.488,6.386445624999999,41.5514612189704,0.0,0.0
2025-09-01 09:00:00,85.6,7.01,25.61,100.0,13.695999999999998,7.97389122685185,50.1371291134359,0.0,0.0
2025-09-01 10:00:00,90.28,6.69,26.17,99.27,14.4448,6.9309793750000015,56.80036453173329,0.0,0.0
2025-09-01 11:00:00,208.0,6.23,26.9,100.0,33.28,5.597323310185186,68.66626117717637,0.0,0.0
2025-09-01 12:00:00,255.77,5.74,27.51,99.88,40.9232,4.377759814814816,72.75712932056969,0.0,0.0
2025-09-01 13:00:00,258.2,5.19,27.82,99.71,41.312000000000005,3.2360731250000008,79.81182598311041,0.0,0.0
2025-09-01 14:00:00,303.58,4.37,27.91,99.71,48.5728,1.931792893518519,74.05968756235754,0.0,0.0
2025-09-01 15:00:00,242.5,3.36,27.67,94.39,38.8,0.8780799999999999,81.25756522736967,0.0,0.0
2025-09-01 16:00:00,139.8,2.43,27.28,95.84,22.368,0.0,70.91575487878556,0.0,0.0
2025-09-01 17:00:00,46.55,1.9,26.68,97.81,7.447999999999999,0.0,67.76566688141438,0.0,0.0
2025-09-01 18:00:00,0.0,1.67,25.88,98.75,0.0,0.0,56.988659366019306,0.0,0.0
2025-09-01 19:00:00,0.0,2.27,25.58,99.68,0.0,0.0,51.02227444621689,0.0,0.0
2025-09-01 20:00:00,0.0,2.86,25.3,99.47,0.0,0.0,42.90241277111572,0.0,0.0
2025-09-01 21:00:00,0.0,3.07,25.06,99.49,0.0,0.669778773148148,34.31189197129558,0.0,0.0
2025-09-01 22:00:00,0.0,3.01,24.87,99.71,0.0,0.6312708564814813,29.65129541265179,0.0,0.0
2025-09-01 23:00:00,0.0,3.1,24.69,99.58,0.0,0.6896064814814816,30.157925315291862,0.0,0.0
2025-09-02 00:00:00,0.0,3.35,24.45,99.51,0.0,0.8702633101851853,24.839703515534477,0.0,0.0
2025-09-02 01:00:00,0.0,3.67,24.23,95.65,0.0,1.1442329398148148,23.288842126014377,0.0,0.0
2025-09-02 02:00:00,0.0,3.66,23.98,90.42,0.0,1.134905,24.064763738177824,0.0,0.0
2025-09-02 03:00:00,0.0,3.53,23.73,92.1,0.0,1.018217060185185,22.716194100632503,0.0,0.0
2025-09-02 04:00:00,0.0,3.39,23.51,85.93,0.0,0.9018106250000002,27.31722323693476,0.0,0.0
2025-09-02 05:00:00,2.22,3.31,23.34,81.13,0.3552,0.8394604398148148,28.953323445669973,0.0,0.0
2025-09-02 06:00:00,55.85,4.12,23.91,77.62,8.936,1.618854814814815,33.203438768661655,0.0,0.0
2025-09-02 07:00:00,178.95,4.89,25.21,73.1,28.632,2.7067168749999992,38.677669649728614,0.0,0.0
2025-09-02 08:00:00,298.77,5.65,26.79,69.44,47.8032,4.175049189814815,38.00844183751784,10.0,20.0
2025-09-02 09:00:00,400.33,5.93,28.11,81.07,64.05279999999999,4.827033726851852,47.09220996399115,20.0,40.0
2025-09-02 10:00:00,557.65,5.82,29.08,72.78,89.224,4.563365000000001,60.10630726168474,30.0,60.0
2025-09-02 11:00:00,697.58,5.52,29.8,57.35,111.61280000000002,3.893439999999999,64.8670542724216,40.0,80.0
2025-09-02 12:00:00,680.15,5.13,30.28,62.26,108.824,3.125131875,70.94101366274155,50.0,100.0
2025-09-02 13:00:00,621.05,4.74,30.53,77.81,99.368,2.4651950000000005,80.16964336369993,50.0,100.0
2025-09-02 14:00:00,488.85,4.3,30.55,71.04,78.21600000000001,1.840439814814815,87.2339931395152,42.82244667529962,85.64489335059923
2025-09-02 15:00:00,352.12,3.75,30.27,76.99,56.3392,1.220703125,78.79761662565424,32.82244667529962,65.64489335059923
2025-09-02 16:00:00,193.55,2.91,29.62,84.02,30.968000000000004,0.0,79.284563309535,22.822446675299616,45.64489335059923
2025-09-02 17:00:00,64.62,2.31,28.59,91.59,10.339200000000003,0.0,70.09253582001529,12.822446675299616,25.644893350599236
2025-09-02 18:00:00,0.0,1.46,27.28,99.34,0.0,0.0,60.95465317631988,2.8224466752996165,5.644893350599233
2025-09-02 19:00:00,0.0,1.15,27.14,99.68,0.0,0.0,50.79222062572499,0.0,0.0
2025-09-02 20:00:00,0.0,0.7,27.06,97.13,0.0,0.0,42.66643583736197,0.0,0.0
2025-09-02 21:00:00,0.0,0.38,26.79,96.1,0.0,0.0,37.690478886450684,0.0,0.0
2025-09-02 22:00:00,0.0,0.63,26.16,99.36,0.0,0.0,31.81439886126552,0.0,0.0
2025-09-02 23:00:00,0.0,0.9,25.6,99.35,0.0,0.0,28.865591399341504,0.0,0.0
2025-09-03 00:00:00,0.0,0.99,25.14,99.81,0.0,0.0,24.71942661897542,0.0,0.0
2025-09-03 01:00:00,0.0,1.0,24.72,99.94,0.0,0.0,24.601203387033294,0.0,0.0
2025-09-03 02:00:00,0.0,0.88,24.41,99.8,0.0,0.0,26.6821246083717,0.0,0.0
2025-09-03 03:00:00,0.0,0.87,24.09,98.2,0.0,0.0,25.615608455217412,0.0,0.0
2025-09-03 04:00:00,0.0,1.05,23.85,92.91,0.0,0.0,27.08364702306126,0.0,0.0
2025-09-03 05:00:00,2.33,1.3,23.68,92.36,0.3728,0.0,27.802173911071208,0.0,0.0
2025-09-03 06:00:00,58.15,2.18,24.6,94.45,9.304,0.0,28.826998877697704,0.0,0.0
2025-09-03 07:00:00,149.98,2.61,25.77,95.73,23.996800000000004,0.0,35.89396607659945,0.0,0.0
2025-09-03 08:00:00,298.48,3.0,27.17,96.86,47.756800000000005,0.625,43.97195621451705,4.4098437854829555,8.819687570965911
2025-09-03 09:00:00,258.7,3.42,28.29,99.05,41.392,0.9259649999999998,52.56038907405963,0.0,0.0
2025-09-03 10:00:00,183.07,3.72,28.99,99.36,29.2912,1.1916400000000005,62.872385856375544,0.0,0.0
2025-09-03 11:00:00,287.45,3.75,29.35,98.73,45.992,1.220703125,70.86209606509775,0.0,0.0
2025-09-03 12:00:00,414.62,3.8,29.54,93.97,66.33919999999999,1.270185185185185,71.54741345918035,0.0,0.0
2025-09-03 13:00:00,460.33,3.79,29.54,86.97,73.6528,1.2601837731481482,81.25387584791105,0.0,0.0
2025-09-03 14:00:00,466.4,3.71,29.13,91.31,74.62400000000001,1.182055810185185,82.44337568320164,0.0,0.0
2025-09-03 15:00:00,361.27,3.65,28.55,92.71,57.8032,1.1256278935185184,75.48589530764494,0.0,0.0
2025-09-03 16:00:00,204.57,3.38,27.81,96.4,32.7312,0.8938535185185186,70.7805175051506,0.0,0.0
2025-09-03 17:00:00,66.65,2.84,26.78,97.7,10.664,0.0,64.61275182214372,0.0,0.0
2025-09-03 18:00:00,0.0,2.16,25.7,99.64,0.0,0.0,55.95151122123534,0.0,0.0
2025-09-03 19:00:00,0.0,2.1,25.24,99.65,0.0,0.0,48.83381375640636,0.0,0.0
2025-09-03 20:00:00,0.0,2.07,24.92,99.09,0.0,0.0,44.30115904165734,0.0,0.0
2025-09-03 21:00:00,0.0,2.01,24.64,98.82,0.0,0.0,35.848480577320025,0.0,0.0
2025-09-03 22:00:00,0.0,2.02,24.42,99.43,0.0,0.0,29.64660536454804,0.0,0.0
2025-09-03 23:00:00,0.0,2.16,24.26,99.73,0.0,0.0,27.32578766360254,0.0,0.0
2025-09-04 00:00:00,0.0,2.32,24.18,99.86,0.0,0.0,24.01946219138411,0.0,0.0
2025-09-04 01:00:00,0.0,2.46,24.12,99.94,0.0,0.0,23.979041424532575,0.0,0.0
2025-09-04 02:00:00,0.0,2.66,24.06,99.81,0.0,0.0,25.426399520132765,0.0,0.0
2025-09-04 03:00:00,0.0,2.78,23.99,99.7,0.0,0.0,24.358490430676465,0.0,0.0
2025-09-04 04:00:00,0.0,2.82,23.92,99.92,0.0,0.0,27.408863371004674,0.0,0.0
2025-09-04 05:00:00,0.0,2.89,23.85,99.98,0.0,0.0,27.043146012933075,0.0,0.0
2025-09-04 06:00:00,51.12,3.33,24.39,99.48,8.1792,0.854769375,30.201217098692705,0.0,0.0
2025-09-04 07:00:00,135.23,3.62,25.22,99.12,21.6368,1.0981001851851853,36.44464627638214,0.0,0.0
2025-09-04 08:00:00,247.65,3.83,26.21,99.16,39.624,1.3005066435185186,41.901385928579394,0.0,0.0
2025-09-04 09:00:00,394.62,3.89,27.1,86.71,63.13920000000001,1.3625895601851854,52.79442564276019,10.0,20.0
2025-09-04 10:00:00,604.45,3.79,27.93,56.56,96.71200000000002,1.2601837731481482,59.64247052636394,20.0,40.0
2025-09-04 11:00:00,681.97,3.65,28.66,66.43,109.11520000000002,1.1256278935185184,67.69398082179266,30.0,60.0
2025-09-04 12:00:00,683.88,3.59,29.15,53.05,109.4208,1.0710249768518516,80.35611457857364,40.0,80.0
2025-09-04 13:00:00,583.67,3.66,29.44,76.1,93.3872,1.134905,84.95202005322332,49.57008494677669,99.14016989355338
2025-09-04 14:00:00,463.05,3.55,29.35,69.6,74.08800000000001,1.0356221064814817,85.55672142794086,39.57008494677669,79.14016989355338
2025-09-04 15:00:00,306.02,3.53,29.04,72.17,48.9632,1.018217060185185,73.7367893555881,29.57008494677669,59.14016989355338
2025-09-04 16:00:00,159.93,3.36,28.34,77.84,25.58880000000001,0.8780799999999999,79.48544948023658,19.57008494677669,39.14016989355338
2025-09-04 17:00:00,46.75,2.98,27.24,88.24,7.48,0.0,67.92386035671502,9.570084946776689,19.140169893553377
2025-09-04 18:00:00,0.0,2.85,26.1,99.21,0.0,0.0,60.52021947606415,0.0,0.0
2025-09-04 19:00:00,0.0,3.22,25.71,98.53,0.0,0.772829814814815,51.55288910142347,0.0,0.0
2025-09-04 20:00:00,0.0,3.51,25.41,96.81,0.0,1.0010081249999998,41.0392429388712,0.0,0.0
2025-09-04 21:00:00,0.0,3.62,25.06,96.7,0.0,1.0981001851851853,36.81831742553893,0.0,0.0
2025-09-04 22:00:00,0.0,3.76,24.74,98.78,0.0,1.2304948148148147,32.151579454622926,0.0,0.0
2025-09-04 23:00:00,0.0,4.14,24.53,98.86,0.0,1.6425449999999997,27.82554543056361,0.0,0.0
2025-09-05 00:00:00,0.0,4.39,24.34,99.57,0.0,1.9584379398148144,24.289494407149686,0.0,0.0
2025-09-05 01:00:00,0.0,4.26,24.19,97.93,0.0,1.789555,22.18181253321013,0.0,0.0
2025-09-05 02:00:00,0.0,4.05,24.09,94.1,0.0,1.5377343749999997,24.716743766691277,0.0,0.0
2025-09-05 03:00:00,0.0,3.99,23.99,87.05,0.0,1.4703981250000004,24.511758558264134,0.0,0.0
2025-09-05 04:00:00,0.0,3.93,23.88,64.68,0.0,1.405056875,25.635663360564713,0.0,0.0
2025-09-05 05:00:00,0.0,3.88,23.77,72.74,0.0,1.352108148148148,29.953672886544165,0.0,0.0
2025-09-05 06:00:00,67.6,4.52,24.34,65.95,10.816,2.1376251851851844,32.219680007585765,0.0,0.0
2025-09-05 07:00:00,196.02,5.28,25.47,60.23,31.363200000000003,3.4073600000000006,36.752986311853185,0.0,0.0
2025-09-05 08:00:00,361.2,5.86,26.78,56.42,57.792,4.6581031481481485,39.6750555739197,10.0,20.0
2025-09-05 09:00:00,422.65,6.13,27.99,81.08,67.62400000000001,5.332092523148147,54.1630805041031,20.0,40.0
2025-09-05 10:00:00,363.2,6.27,28.83,84.94,58.112,5.705830624999999,59.896170332206,23.921660292794,47.843320585588
2025-09-05 11:00:00,336.65,6.15,29.27,92.78,53.864,5.384453125000002,72.24367761496933,13.921660292794002,27.843320585588003
2025-09-05 12:00:00,392.65,5.89,29.61,91.44,62.824000000000005,4.7300108564814805,81.15365517984657,3.9216602927940016,7.843320585588004
2025-09-05 13:00:00,312.25,5.56,29.82,94.01,49.96000000000001,3.9786948148148142,90.7282595975643,0.0,0.0
2025-09-05 14:00:00,274.27,5.14,29.85,89.41,43.8832,3.1434431481481475,84.11676813258296,0.0,0.0
2025-09-05 15:00:00,152.23,4.52,29.4,96.21,24.3568,2.1376251851851844,87.13768094310467,0.0,0.0
2025-09-05 16:00:00,97.7,3.66,28.61,97.74,15.632000000000003,1.134905,76.91046700224058,0.0,0.0
2025-09-05 17:00:00,30.25,2.68,27.59,98.49,4.84,0.0,66.14289091139736,0.0,0.0
2025-09-05 18:00:00,0.0,1.93,26.61,98.36,0.0,0.0,62.10279302004496,0.0,0.0
2025-09-05 19:00:00,0.0,1.68,26.27,99.79,0.0,0.0,51.972093168524346,0.0,0.0
2025-09-05 20:00:00,0.0,1.35,26.03,99.72,0.0,0.0,42.50992238464872,0.0,0.0
2025-09-05 21:00:00,0.0,1.86,25.92,99.4,0.0,0.0,39.142985359033844,0.0,0.0
2025-09-05 22:00:00,0.0,2.74,25.76,99.77,0.0,0.0,33.51989550325689,0.0,0.0
2025-09-05 23:00:00,0.0,3.37,25.51,99.51,0.0,0.8859433564814816,28.615319593512098,0.0,0.0
2025-09-06 00:00:00,0.0,3.91,25.3,99.68,0.0,1.3837146064814818,13.969879325507774,0.0,0.0
2025-09-06 01:00:00,0.0,4.2,25.06,99.54,0.0,1.715,14.342892780873454,0.0,0.0
2025-09-06 02:00:00,0.0,4.36,24.86,99.57,0.0,1.918561481481482,14.311537917600878,0.0,0.0
2025-09-06 03:00:00,0.0,4.66,24.67,99.09,0.0,2.342469814814815,14.938000011787697,0.0,0.0
2025-09-06 04:00:00,0.0,4.9,24.5,92.49,0.0,2.723356481481482,15.206110792380304,0.0,0.0
2025-09-06 05:00:00,0.0,5.15,24.34,69.82,0.0,3.161825810185186,17.565622703978033,0.0,0.0
2025-09-06 06:00:00,50.67,5.51,24.66,77.89,8.1072,3.872318310185185,18.482502231770045,0.0,0.0
2025-09-06 07:00:00,115.2,6.16,25.76,83.34,18.432,5.410761481481482,20.282474250799527,3.560287230681954,7.120574461363908
2025-09-06 08:00:00,193.88,7.3,27.06,86.87,31.0208,9.005023148148148,26.658164183229875,13.560287230681954,27.120574461363912
2025-09-06 09:00:00,296.8,8.01,28.04,75.96,47.488,11.896351874999995,30.87599361374433,23.560287230681954,47.12057446136391
2025-09-06 10:00:00,367.38,8.18,28.74,86.56,58.7808,12.66998685185185,36.53469499968939,33.56028723068195,67.1205744613639
2025-09-06 11:00:00,553.47,8.1,29.37,80.27,88.55520000000001,12.301874999999995,42.93288455145452,43.56028723068195,87.1205744613639
2025-09-06 12:00:00,621.28,7.93,29.81,66.15,99.4048,11.543455023148146,46.25433944261664,50.0,100.0
2025-09-06 13:00:00,497.45,7.79,29.95,76.75,79.592,10.94280414351852,54.98319532948465,50.0,100.0
2025-09-06 14:00:00,453.05,7.26,29.53,67.01,72.488,8.857804999999999,45.71999823481372,50.0,100.0
2025-09-06 15:00:00,285.95,6.64,28.97,79.78,45.752,6.776734814814814,44.72168719798181,50.0,100.0
2025-09-06 16:00:00,159.1,5.73,28.34,84.89,25.456,4.354919375000001,47.89580923503803,40.0,80.0
2025-09-06 17:00:00,42.6,4.72,27.48,92.75,6.816,2.434121481481481,40.559582036179194,30.0,60.0
2025-09-06 18:00:00,0.0,4.58,26.61,96.86,0.0,2.2238868518518515,36.36134413796513,20.0,40.0
2025-09-06 19:00:00,0.0,4.47,26.24,99.23,0.0,2.0674681249999995,32.04205969471866,10.0,20.0
2025-09-06 20:00:00,0.0,4.27,25.95,95.7,0.0,1.802187106481481,24.8537434846809,0.0,0.0
2025-09-06 21:00:00,0.0,4.44,25.76,95.54,0.0,2.0261200000000006,22.9192444031205,0.0,0.0
2025-09-06 22:00:00,0.0,4.62,25.63,99.55,0.0,2.282665,17.984856702663734,0.0,0.0
2025-09-06 23:00:00,0.0,4.71,25.5,99.27,0.0,2.418683125,17.859491096252977,0.0,0.0
2025-09-07 00:00:00,0.0,4.63,25.27,98.79,0.0,2.2975196064814813,15.000342074886948,0.0,0.0
2025-09-07 01:00:00,0.0,4.67,24.9,96.23,0.0,2.357582476851852,14.884972744030307,0.0,0.0
2025-09-07 02:00:00,0.0,4.49,24.43,81.33,0.0,2.095343726851852,15.347464175213059,0.0,0.0
2025-09-07 03:00:00,0.0,3.82,24.01,83.8,0.0,1.2903464814814811,16.306656170340336,0.0,0.0
2025-09-07 04:00:00,0.0,3.43,23.69,66.28,0.0,0.9341112731481482,15.681657434413314,0.0,0.0
2025-09-07 05:00:00,0.0,3.55,23.52,69.37,0.0,1.0356221064814817,17.293516250070105,0.0,0.0
2025-09-07 06:00:00,67.75,4.53,23.97,76.81,10.840000000000002,2.151844375,18.279994697406266,0.0,0.0
2025-09-07 07:00:00,161.25,5.1,24.94,83.41,25.8,3.070625,23.71533579854144,5.155289201458562,10.310578402917123
2025-09-07 08:00:00,268.25,5.71,26.19,88.36,42.92,4.309477106481482,26.6818044174993,15.155289201458562,30.31057840291712
2025-09-07 09:00:00,401.98,6.45,27.38,66.08,64.3168,6.211484375,28.555894482238557,25.15528920145856,50.31057840291713
2025-09-07 10:00:00,504.75,6.95,28.21,73.79,80.76,7.770888310185185,37.912751136778276,35.15528920145856,70.31057840291712
2025-09-07 11:00:00,559.5,7.16,28.72,76.82,89.52000000000001,8.496798518518519,41.35507020590386,45.15528920145856,90.31057840291712
2025-09-07 12:00:00,698.9,7.19,28.97,60.1,111.824,8.604049976851853,48.56226186289094,50.0,100.0
2025-09-07 13:00:00,656.15,7.11,29.01,37.23,104.984,8.320033125000002,47.76554988622965,50.0,100.0
2025-09-07 14:00:00,511.83,6.82,28.92,52.97,81.89280000000001,7.342929814814816,49.47939811574575,50.0,100.0
2025-09-07 15:00:00,323.23,6.31,28.67,70.43,51.716800000000006,5.815731273148147,46.63022966074257,50.0,100.0
2025-09-07 16:00:00,164.35,5.41,28.07,79.1,26.296,3.665287523148149,48.798446593623325,40.0,80.0
2025-09-07 17:00:00,46.55,3.94,27.06,87.25,7.447999999999999,1.4158098148148146,42.80666335396344,30.0,60.0
2025-09-07 18:00:00,0.0,3.16,25.82,95.45,0.0,0.7304281481481483,34.37880255794986,20.0,40.0
2025-09-07 19:00:00,0.0,3.52,25.5,96.75,0.0,1.009588148148148,30.763097415324676,10.0,20.0
2025-09-07 20:00:00,0.0,4.06,25.28,87.31,0.0,1.5491531481481478,24.137291272624996,0.0,0.0
2025-09-07 21:00:00,0.0,4.61,25.13,96.43,0.0,2.2678745601851857,21.919413874375252,0.0,0.0
2025-09-07 22:00:00,0.0,4.85,24.89,90.14,0.0,2.640836226851851,20.088932260425747,0.0,0.0
2025-09-07 23:00:00,0.0,4.7,24.56,89.54,0.0,2.403310185185185,16.548267719841217,0.0,0.0
2025-09-08 00:00:00,0.0,4.21,24.18,85.12,0.0,1.7272791898148143,23.86656425519124,0.0,0.0
2025-09-08 01:00:00,0.0,3.82,23.87,62.12,0.0,1.2903464814814811,23.448979651247623,0.0,0.0
2025-09-08 02:00:00,0.0,3.39,23.58,46.83,0.0,0.9018106250000002,23.97086113947508,0.0,0.0
2025-09-08 03:00:00,0.0,3.07,23.32,36.64,0.0,0.669778773148148,25.306041877960414,0.0,0.0
2025-09-08 04:00:00,0.0,2.95,23.12,37.63,0.0,0.0,25.094713947260608,0.0,0.0
2025-09-08 05:00:00,0.0,3.0,22.95,62.07,0.0,0.625,30.142348344861215,0.0,0.0
2025-09-08 06:00:00,67.03,3.83,23.48,55.01,10.724800000000002,1.3005066435185186,29.896614444526932,0.0,0.0
2025-09-08 07:00:00,206.95,4.22,24.51,50.88,33.112,1.7396168518518516,37.529161349896455,0.0,0.0
2025-09-08 08:00:00,402.33,4.62,25.96,46.25,64.3728,2.282665,46.05643889206036,10.0,20.0
2025-09-08 09:00:00,599.17,5.2,27.34,27.09,95.8672,3.254814814814815,49.244855450149686,20.0,40.0
2025-09-08 10:00:00,718.97,5.55,28.29,27.54,115.03520000000002,3.9572656249999993,59.11037504465901,30.0,60.0
2025-09-08 11:00:00,788.3,5.65,28.86,29.93,126.128,4.175049189814815,72.79442039141429,40.0,80.0
2025-09-08 12:00:00,673.6,5.61,29.15,68.88,107.776,4.087001875000001,78.53116899704538,50.0,100.0
2025-09-08 13:00:00,563.62,5.45,29.31,62.08,90.1792,3.747190393518519,73.81651296993313,50.0,100.0
2025-09-08 14:00:00,525.28,5.08,29.2,56.48,84.04480000000001,3.034641481481482,79.7180772372985,50.0,100.0
2025-09-08 15:00:00,401.62,4.59,28.86,39.35,64.2592,2.238485625,84.1325490607579,40.0,80.0
2025-09-08 16:00:00,179.5,3.8,28.12,58.87,28.72,1.270185185185185,78.49023076645504,30.0,60.0
2025-09-08 17:00:00,42.78,2.74,26.89,79.57,6.844799999999999,0.0,68.51788289534274,20.0,40.0
2025-09-08 18:00:00,0.0,1.96,25.44,99.97,0.0,0.0,61.69447970513184,10.0,20.0
2025-09-08 19:00:00,0.0,1.93,24.87,99.79,0.0,0.0,43.41565433076188,0.0,0.0
2025-09-08 20:00:00,0.0,1.96,24.52,99.95,0.0,0.0,43.742712365644586,0.0,0.0
2025-09-08 21:00:00,0.0,2.09,24.23,99.84,0.0,0.0,34.21901822844579,0.0,0.0
2025-09-08 22:00:00,0.0,2.23,24.0,99.93,0.0,0.0,31.94619651470479,0.0,0.0
2025-09-08 23:00:00,0.0,2.37,23.77,99.43,0.0,0.0,28.836664154685295,0.0,0.0
2025-09-09 00:00:00,0.0,2.52,23.56,99.83,0.0,0.0,25.245290895386137,0.0,0.0
2025-09-09 01:00:00,0.0,2.62,23.34,97.12,0.0,0.0,23.49457932992965,0.0,0.0
2025-09-09 02:00:00,0.0,2.62,23.07,96.35,0.0,0.0,24.009093681836013,0.0,0.0
2025-09-09 03:00:00,0.0,2.49,22.8,99.94,0.0,0.0,24.95170658042894,0.0,0.0
2025-09-09 04:00:00,0.0,2.35,22.59,99.93,0.0,0.0,24.24774191027847,0.0,0.0
2025-09-09 05:00:00,0.0,2.21,22.37,95.9,0.0,0.0,31.954704839754424,0.0,0.0
2025-09-09 06:00:00,64.4,3.18,23.18,71.07,10.304,0.7443850000000002,29.724574422601286,0.0,0.0
2025-09-09 07:00:00,208.35,3.6,24.55,49.14,33.336000000000006,1.08,32.7739416900618,1.6420583099382071,3.2841166198764142
2025-09-09 08:00:00,421.42,3.78,26.31,26.6,67.42720000000001,1.2502349999999998,42.417632165466635,11.642058309938207,23.284116619876414
2025-09-09 09:00:00,653.97,3.36,27.86,3.52,104.6352,0.8780799999999999,47.88304018660899,21.642058309938207,43.284116619876414
2025-09-09 10:00:00,784.62,2.82,28.97,4.02,125.5392,0.0,61.77050206449938,31.642058309938207,63.28411661987642
2025-09-09 11:00:00,865.03,2.42,29.71,10.43,138.4048,0.0,77.25237894808227,41.64205830993821,83.28411661987641
2025-09-09 12:00:00,853.88,2.2,30.22,11.54,136.6208,0.0,77.32571920460822,50.0,100.0
2025-09-09 13:00:00,756.42,2.08,30.52,14.87,121.0272,0.0,78.52702019009891,50.0,100.0
2025-09-09 14:00:00,636.4,2.08,30.5,14.71,101.824,0.0,89.38533007865325,50.0,100.0
2025-09-09 15:00:00,452.33,2.18,30.22,14.08,72.37280000000001,0.0,83.62066820702735,40.0,80.0
2025-09-09 16:00:00,219.35,2.15,29.63,39.97,35.096,0.0,84.71888782304936,30.0,60.0
2025-09-09 17:00:00,49.55,2.04,28.39,68.9,7.928000000000001,0.0,75.79559369646628,20.0,40.0
2025-09-09 18:00:00,0.0,1.86,26.7,98.86,0.0,0.0,58.77029928264501,10.0,20.0
2025-09-09 19:00:00,0.0,2.14,25.93,98.37,0.0,0.0,50.62238563549852,0.0,0.0
2025-09-09 20:00:00,0.0,2.39,25.37,99.21,0.0,0.0,41.23140406855591,0.0,0.0
2025-09-09 21:00:00,0.0,2.72,24.91,99.94,0.0,0.0,38.92474558480006,0.0,0.0
2025-09-09 22:00:00,0.0,3.11,24.5,99.79,0.0,0.6963016435185185,30.096238773720287,0.0,0.0
2025-09-09 23:00:00,0.0,3.37,24.08,99.86,0.0,0.8859433564814816,27.240256155447618,0.0,0.0
2025-09-10 00:00:00,0.0,3.57,23.67,99.95,0.0,1.053224375,23.755650844081995,0.0,0.0
2025-09-10 01:00:00,0.0,3.78,23.27,99.86,0.0,1.2502349999999998,22.004377858132365,0.0,0.0
2025-09-10 02:00:00,0.0,3.94,22.93,99.96,0.0,1.4158098148148146,25.41595893331452,0.0,0.0
2025-09-10 03:00:00,0.0,4.07,22.67,99.99,0.0,1.5606283101851857,27.53918670603896,0.0,0.0
2025-09-10 04:00:00,0.0,4.42,22.5,99.92,0.0,1.998863148148148,25.995698022615322,0.0,0.0
2025-09-10 05:00:00,0.0,4.56,22.36,98.9,0.0,2.1948799999999995,29.384475093576793,0.0,0.0
2025-09-10 06:00:00,68.38,5.08,22.89,65.2,10.9408,3.034641481481482,32.194486073313925,0.0,0.0
2025-09-10 07:00:00,231.0,5.39,24.48,36.87,36.96,3.6247874768518513,37.261746769340256,3.323040707511595,6.646081415023191
2025-09-10 08:00:00,460.4,5.77,26.31,11.1,73.664,4.446760023148148,45.0313587081546,13.323040707511595,26.646081415023186
2025-09-10 09:00:00,652.62,5.42,27.77,7.72,104.4192,3.685650185185185,49.04634042341702,23.323040707511595,46.64608141502319
2025-09-10 10:00:00,788.6,4.79,28.9,2.02,126.176,2.5440333101851853,57.06299554641718,33.323040707511595,66.64608141502319
2025-09-10 11:00:00,866.3,4.35,29.59,10.76,138.608,1.9053906249999997,66.54722772016822,43.323040707511595,86.64608141502319
2025-09-10 12:00:00,826.92,4.26,29.98,20.17,132.3072,1.789555,70.92719494395476,50.0,100.0
2025-09-10 13:00:00,783.88,4.34,30.21,13.0,125.4208,1.8922801851851847,78.02855059415428,50.0,100.0
2025-09-10 14:00:00,647.1,4.48,30.16,12.09,103.53600000000002,2.0813748148148155,79.71369380906125,50.0,100.0
2025-09-10 15:00:00,463.08,4.48,29.75,10.51,74.0928,2.0813748148148155,79.58006067133688,46.59411414347794,93.18822828695588
2025-09-10 16:00:00,228.27,4.09,28.86,36.75,36.5232,1.5837483564814812,83.58006468807285,36.59411414347794,73.18822828695588
2025-09-10 17:00:00,51.2,3.37,27.24,64.79,8.192,0.8859433564814816,61.80477561598291,26.59411414347794,53.18822828695588
2025-09-10 18:00:00,0.0,3.25,25.56,95.36,0.0,0.7946325231481481,59.70995399115067,16.59411414347794,33.18822828695588
2025-09-10 19:00:00,0.0,3.81,24.94,98.38,0.0,1.2802393750000003,46.525446214331886,6.594114143477938,13.188228286955878
2025-09-10 20:00:00,0.0,4.16,24.4,95.05,0.0,1.6664651851851853,40.34979193783775,0.0,0.0
2025-09-10 21:00:00,0.0,4.38,23.89,94.93,0.0,1.945085,37.59742456450646,0.0,0.0
2025-09-10 22:00:00,0.0,4.53,23.42,99.91,0.0,2.151844375,32.94833671376338,0.0,0.0
2025-09-10 23:00:00,0.0,4.43,22.95,99.91,0.0,2.0124608101851846,28.652873911936314,0.0,0.0
2025-09-11 00:00:00,0.0,4.49,22.58,99.88,0.0,2.095343726851852,23.926772991630575,0.0,0.0
2025-09-11 01:00:00,0.0,4.62,22.23,98.34,0.0,2.282665,25.211000204891075,0.0,0.0
2025-09-11 02:00:00,0.0,4.66,21.93,99.94,0.0,2.342469814814815,23.471689207579427,0.0,0.0
2025-09-11 03:00:00,0.0,4.58,21.62,99.9,0.0,2.2238868518518515,25.17885979249499,0.0,0.0
2025-09-11 04:00:00,0.0,4.45,21.32,99.96,0.0,2.0398408564814816,27.896045044198384,0.0,0.0
2025-09-11 05:00:00,0.0,4.33,21.09,99.87,0.0,1.879230023148148,29.111990960977543,0.0,0.0
2025-09-11 06:00:00,75.7,4.83,21.63,69.84,12.112000000000002,2.608300625,33.07973201845856,0.0,0.0
2025-09-11 07:00:00,237.57,5.42,23.28,42.85,38.0112,3.685650185185185,37.15196753671236,4.5448826484728215,9.089765296945643
2025-09-11 08:00:00,458.23,5.92,25.29,16.56,73.3168,4.802654814814814,42.36582564163959,14.544882648472822,29.08976529694564
2025-09-11 09:00:00,619.8,5.64,27.02,26.09,99.168,4.152919999999999,47.30833309061723,24.54488264847282,49.08976529694564
2025-09-11 10:00:00,727.9,5.09,28.17,29.88,116.464,3.052597893518518,57.96886037799235,34.54488264847282,69.08976529694564
2025-09-11 11:00:00,844.6,4.77,28.96,23.66,135.13600000000002,2.512299375,70.28827272168486,44.54488264847282,89.08976529694564
2025-09-11 12:00:00,787.67,4.62,29.41,59.72,126.0272,2.282665,79.8799755110018,50.0,100.0
2025-09-11 13:00:00,741.33,4.56,29.57,23.55,118.61280000000002,2.1948799999999995,93.56353964097264,50.0,100.0
2025-09-11 14:00:00,624.3,4.56,29.56,15.39,99.888,2.1948799999999995,86.97570694317496,50.0,100.0
2025-09-11 15:00:00,442.77,4.37,29.27,12.18,70.84320000000001,1.931792893518519,83.38057001490273,40.0,80.0
2025-09-11 16:00:00,203.4,3.87,28.56,38.5,32.544000000000004,1.3416806250000002,78.67100822448832,30.0,60.0
2025-09-11 17:00:00,42.08,3.0,27.15,68.38,6.732800000000001,0.625,67.32357604977425,20.0,40.0
2025-09-11 18:00:00,0.0,2.83,25.54,99.39,0.0,0.0,54.11024083527185,10.0,20.0
2025-09-11 19:00:00,0.0,3.41,24.97,99.93,0.0,0.917866226851852,47.37345059803039,0.0,0.0
2025-09-11 20:00:00,0.0,4.01,24.47,99.81,0.0,1.492620393518518,42.314614875829776,0.0,0.0
2025-09-11 21:00:00,0.0,4.22,23.92,99.66,0.0,1.7396168518518516,41.7048916505845,0.0,0.0
2025-09-11 22:00:00,0.0,4.06,23.42,99.61,0.0,1.5491531481481478,30.520612313141708,0.0,0.0
2025-09-11 23:00:00,0.0,3.75,22.99,99.76,0.0,1.220703125,29.234761867470915,0.0,0.0
2025-09-12 00:00:00,0.0,3.71,22.7,99.31,0.0,1.182055810185185,25.491783901074843,0.0,0.0
2025-09-12 01:00:00,0.0,3.83,22.48,99.85,0.0,1.3005066435185186,23.89941682982905,0.0,0.0
2025-09-12 02:00:00,0.0,3.87,22.33,94.75,0.0,1.3416806250000002,25.7688028751225,0.0,0.0
2025-09-12 03:00:00,0.0,3.71,22.22,99.85,0.0,1.182055810185185,24.499631071101312,0.0,0.0
2025-09-12 04:00:00,0.0,3.41,22.13,97.38,0.0,0.917866226851852,27.30976492953039,0.0,0.0
2025-09-12 05:00:00,0.0,3.25,22.06,84.31,0.0,0.7946325231481481,30.392664575914214,0.0,0.0
2025-09-12 06:00:00,73.15,3.95,22.6,58.12,11.704,1.426617476851852,31.852371690900654,0.0,0.0
2025-09-12 07:00:00,241.18,4.79,24.09,33.8,38.588800000000006,2.5440333101851853,36.24514775636397,4.887685553821221,9.775371107642442
2025-09-12 08:00:00,475.6,4.84,25.8,11.31,76.096,2.6245348148148144,41.34603788364895,14.887685553821221,29.77537110764244
2025-09-12 09:00:00,641.58,4.23,27.46,17.47,102.6528,1.7520131250000006,47.05124595137434,24.88768555382122,49.77537110764244
2025-09-12 10:00:00,690.15,3.05,28.82,37.64,110.42399999999998,0.6567737268518516,63.20813293474116,34.88768555382122,69.77537110764244
2025-09-12 11:00:00,755.75,1.95,29.73,41.13,120.92000000000002,0.0,71.01902389184308,44.88768555382122,89.77537110764244
2025-09-12 12:00:00,782.03,1.56,30.25,31.47,125.1248,0.0,73.29079512275266,50.0,100.0
2025-09-12 13:00:00,699.75,1.88,30.51,27.11,111.96,0.0,81.89956269655146,50.0,100.0
2025-09-12 14:00:00,609.78,2.27,30.49,19.42,97.5648,0.0,77.42611074259423,50.0,100.0
2025-09-12 15:00:00,435.3,2.46,30.1,13.74,69.64800000000001,0.0,87.6934064517388,40.0,80.0
2025-09-12 16:00:00,203.7,2.47,29.41,34.24,32.592,0.0,76.56951853739236,30.0,60.0
2025-09-12 17:00:00,43.15,2.42,28.07,57.64,6.904000000000001,0.0,60.40293455182052,20.0,40.0
2025-09-12 18:00:00,0.0,2.16,26.35,81.92,0.0,0.0,54.89233714205521,10.0,20.0
2025-09-12 19:00:00,0.0,2.38,25.69,86.4,0.0,0.0,50.368368311604144,0.0,0.0
2025-09-12 20:00:00,0.0,2.53,25.16,97.45,0.0,0.0,38.943641795944856,0.0,0.0
2025-09-12 21:00:00,0.0,2.67,24.69,98.97,0.0,0.0,37.32589250482964,0.0,0.0
2025-09-12 22:00:00,0.0,2.83,24.2,99.5,0.0,0.0,31.889601085363495,0.0,0.0
2025-09-12 23:00:00,0.0,2.96,23.74,99.46,0.0,0.0,26.878210165809676,0.0,0.0
2025-09-13 00:00:00,0.0,3.03,23.27,100.0,0.0,0.6439381249999998,15.242801095297567,0.0,0.0
2025-09-13 01:00:00,0.0,3.16,22.87,100.0,0.0,0.7304281481481483,13.227382678031995,0.0,0.0
2025-09-13 02:00:00,0.0,3.24,22.53,55.97,0.0,0.7873200000000001,14.998180902412635,0.0,0.0
2025-09-13 03:00:00,0.0,3.25,22.27,99.98,0.0,0.7946325231481481,15.544462660726081,0.0,0.0
2025-09-13 04:00:00,0.0,3.24,22.01,99.97,0.0,0.7873200000000001,13.64170804252027,0.0,0.0
2025-09-13 05:00:00,0.0,3.1,21.76,97.98,0.0,0.6896064814814816,18.19433817887797,0.0,0.0
2025-09-13 06:00:00,76.03,3.77,22.53,70.43,12.1648,1.240338726851852,19.01964471461077,0.0,0.0
2025-09-13 07:00:00,247.98,3.55,24.18,48.02,39.6768,1.0356221064814817,22.952345223010738,10.0,20.0
2025-09-13 08:00:00,468.0,3.65,26.6,24.61,74.88000000000001,1.1256278935185184,26.532762964626567,20.0,40.0
2025-09-13 09:00:00,667.88,3.09,28.68,0.5,106.8608,0.6829543749999999,29.62922080606488,30.0,60.0
2025-09-13 10:00:00,792.3,1.81,30.15,4.28,126.768,0.0,36.30805367155813,40.0,80.0
2025-09-13 11:00:00,881.2,0.67,31.11,3.61,140.99200000000002,0.0,42.05558486021656,50.0,100.0
2025-09-13 12:00:00,857.42,0.58,31.59,10.95,137.1872,0.0,48.64624718285654,50.0,100.0
2025-09-13 13:00:00,738.6,1.1,31.72,14.66,118.176,0.0,49.07632992578346,50.0,100.0
2025-09-13 14:00:00,637.97,1.56,31.66,9.25,102.0752,0.0,48.56130477529486,50.0,100.0
2025-09-13 15:00:00,447.15,1.84,31.24,8.94,71.544,0.0,51.3821202353527,50.0,100.0
2025-09-13 16:00:00,203.8,1.75,30.84,37.17,32.608000000000004,0.0,44.854299090559834,40.0,80.0
2025-09-13 17:00:00,41.2,1.78,29.39,68.5,6.5920000000000005,0.0,39.99769445321043,30.0,60.0
2025-09-13 18:00:00,0.0,1.73,27.44,99.99,0.0,0.0,37.778711343996044,20.0,40.0
2025-09-13 19:00:00,0.0,1.97,26.52,99.97,0.0,0.0,31.038473407472424,10.0,20.0
2025-09-13 20:00:00,0.0,2.12,25.84,99.99,0.0,0.0,27.850019833206524,0.0,0.0
2025-09-13 21:00:00,0.0,2.23,25.35,99.98,0.0,0.0,20.64255578740588,0.0,0.0
2025-09-13 22:00:00,0.0,2.34,24.92,99.99,0.0,0.0,19.459049901539473,0.0,0.0
2025-09-13 23:00:00,0.0,2.48,24.56,99.99,0.0,0.0,15.623428072106801,0.0,0.0
2025-09-14 00:00:00,0.0,2.66,24.25,99.97,0.0,0.0,14.049200129850128,0.0,0.0
2025-09-14 01:00:00,0.0,2.82,23.95,99.6,0.0,0.0,14.969608353352017,0.0,0.0
2025-09-14 02:00:00,0.0,2.9,23.66,99.63,0.0,0.0,13.404362868555683,0.0,0.0
2025-09-14 03:00:00,0.0,2.89,23.34,99.57,0.0,0.0,13.132485094014905,0.0,0.0
2025-09-14 04:00:00,0.0,2.86,23.04,99.15,0.0,0.0,15.297763065460435,0.0,0.0
2025-09-14 05:00:00,0.0,2.76,22.8,99.78,0.0,0.0,17.701731737946925,0.0,0.0
2025-09-14 06:00:00,83.53,3.5,23.55,69.1,13.364800000000002,0.992476851851852,19.182532100666556,0.0,0.0
2025-09-14 07:00:00,270.65,3.52,24.99,41.38,43.304,1.009588148148148,22.449330519656105,10.0,20.0
2025-09-14 08:00:00,501.45,3.51,27.4,14.87,80.232,1.0010081249999998,23.92707501539234,20.0,40.0
2025-09-14 09:00:00,679.0,3.67,29.6,12.56,108.64,1.1442329398148148,32.75500621627579,30.0,60.0
2025-09-14 10:00:00,817.97,3.1,30.99,3.59,130.8752,0.6896064814814816,34.953440224432214,40.0,80.0
2025-09-14 11:00:00,861.05,2.38,31.82,9.83,137.768,0.0,45.915151869755924,50.0,100.0
2025-09-14 12:00:00,812.08,1.91,32.24,25.87,129.9328,0.0,46.45318602055216,50.0,100.0
2025-09-14 13:00:00,706.7,1.93,32.28,37.45,113.072,0.0,50.29156004269691,50.0,100.0
2025-09-14 14:00:00,541.67,1.97,31.85,35.57,86.66720000000001,0.0,49.0110179788985,50.0,100.0
2025-09-14 15:00:00,378.6,1.99,31.41,33.64,60.576000000000015,0.0,50.614454297796854,50.0,100.0
2025-09-14 16:00:00,177.32,1.94,30.71,52.78,28.3712,0.0,45.2588552044715,40.0,80.0
2025-09-14 17:00:00,34.9,1.96,29.36,73.93,5.5840000000000005,0.0,38.99452978079283,30.0,60.0
2025-09-14 18:00:00,0.0,1.73,27.72,95.19,0.0,0.0,34.546385346350895,20.0,40.0
2025-09-14 19:00:00,0.0,1.93,27.05,98.29,0.0,0.0,30.56772551686479,10.0,20.0
2025-09-14 20:00:00,0.0,2.15,26.39,98.34,0.0,0.0,27.001726698479814,0.0,0.0
2025-09-14 21:00:00,0.0,2.36,25.82,98.93,0.0,0.0,20.901671015925924,0.0,0.0
2025-09-14 22:00:00,0.0,2.56,25.33,100.0,0.0,0.0,18.965709593965617,0.0,0.0
2025-09-14 23:00:00,0.0,2.73,24.87,100.0,0.0,0.0,18.280137255187345,0.0,0.0
2025-09-15 00:00:00,0.0,2.81,24.43,100.0,0.0,0.0,23.57559738584632,0.0,0.0
2025-09-15 01:00:00,0.0,2.88,24.02,98.41,0.0,0.0,23.972613480029686,0.0,0.0
2025-09-15 02:00:00,0.0,3.06,23.67,99.99,0.0,0.6632550000000001,25.310758448843426,0.0,0.0
2025-09-15 03:00:00,0.0,3.24,23.34,100.0,0.0,0.7873200000000001,27.920919588362246,0.0,0.0
2025-09-15 04:00:00,0.0,3.43,23.05,100.0,0.0,0.9341112731481482,28.706878815319897,0.0,0.0
2025-09-15 05:00:00,0.0,3.59,22.78,100.0,0.0,1.0710249768518516,29.39643220485609,0.0,0.0
2025-09-15 06:00:00,82.15,4.37,23.21,73.89,13.144,1.931792893518519,29.74155289094765,0.0,0.0
2025-09-15 07:00:00,261.2,4.53,24.51,49.97,41.792,2.151844375,33.09943412905219,10.0,20.0
2025-09-15 08:00:00,478.6,4.54,26.66,25.46,76.57600000000001,2.1661264814814816,44.38866045081918,20.0,40.0
2025-09-15 09:00:00,672.2,4.65,28.33,0.51,107.552,2.3274218750000006,51.12694359844228,30.0,60.0
2025-09-15 10:00:00,802.5,4.28,29.56,0.76,128.4,1.8148785185185188,63.25192352478579,40.0,80.0
2025-09-15 11:00:00,879.25,3.69,30.39,1.01,140.68,1.163041875,75.07457243641836,50.0,100.0
2025-09-15 12:00:00,836.08,3.25,30.97,13.33,133.77280000000002,0.7946325231481481,69.55148611302712,50.0,100.0
2025-09-15 13:00:00,772.75,3.05,31.14,12.36,123.64,0.6567737268518516,78.28638381768108,50.0,100.0
2025-09-15 14:00:00,638.0,3.0,30.96,10.12,102.08,0.625,96.33342531492767,50.0,100.0
2025-09-15 15:00:00,452.25,2.98,30.55,7.41,72.36,0.0,84.9445730886028,40.0,80.0
2025-09-15 16:00:00,223.12,2.71,29.84,35.96,35.699200000000005,0.0,75.80525196136286,30.0,60.0
2025-09-15 17:00:00,44.42,2.5,28.24,67.18,7.107200000000001,0.0,73.05315392714851,20.0,40.0
2025-09-15 18:00:00,0.0,2.31,26.29,99.9,0.0,0.0,61.43868471090489,10.0,20.0
2025-09-15 19:00:00,0.0,2.5,25.64,99.87,0.0,0.0,54.84331272122347,0.0,0.0
2025-09-15 20:00:00,0.0,2.6,25.18,100.0,0.0,0.0,43.8791246363683,0.0,0.0
2025-09-15 21:00:00,0.0,2.65,24.82,100.0,0.0,0.0,36.60046898588127,0.0,0.0
2025-09-15 22:00:00,0.0,2.68,24.47,100.0,0.0,0.0,32.36579147364342,0.0,0.0
2025-09-15 23:00:00,0.0,2.69,24.11,99.7,0.0,0.0,28.127944929413754,0.0,0.0
2025-09-16 00:00:00,0.0,2.71,23.72,100.0,0.0,0.0,24.621077110468587,0.0,0.0
2025-09-16 01:00:00,0.0,2.69,23.3,93.69,0.0,0.0,24.388856824236985,0.0,0.0
2025-09-16 02:00:00,0.0,2.75,22.91,99.31,0.0,0.0,22.286990344653102,0.0,0.0
2025-09-16 03:00:00,0.0,2.75,22.56,99.16,0.0,0.0,27.987510843331805,0.0,0.0
2025-09-16 04:00:00,0.0,2.68,22.25,99.07,0.0,0.0,28.2463227497925,0.0,0.0
2025-09-16 05:00:00,0.0,2.64,22.01,98.77,0.0,0.0,27.694149692503334,0.0,0.0
2025-09-16 06:00:00,79.07,3.47,22.81,91.28,12.6512,0.9671741435185188,31.71386430451808,0.0,0.0
2025-09-16 07:00:00,249.48,3.69,24.34,85.88,39.9168,1.163041875,35.19862095353383,5.881220921466166,11.762441842932333
2025-09-16 08:00:00,443.7,3.49,26.87,79.38,70.992,0.9839941898148152,45.00180456485625,15.881220921466166,31.762441842932333
2025-09-16 09:00:00,581.85,3.07,29.25,63.72,93.096,0.669778773148148,52.6009053165821,25.881220921466166,51.762441842932326
2025-09-16 10:00:00,665.67,1.71,30.88,78.89,106.5072,0.0,66.18467779141847,35.881220921466166,71.76244184293233
2025-09-16 11:00:00,683.9,0.61,31.87,76.75,109.424,0.0,70.95446678016629,45.881220921466166,91.76244184293233
2025-09-16 12:00:00,619.78,0.25,32.05,96.84,99.1648,0.0,85.29867557638282,50.0,100.0
2025-09-16 13:00:00,603.92,0.64,31.98,73.0,96.62720000000002,0.0,74.57471038917458,50.0,100.0
2025-09-16 14:00:00,441.3,0.73,31.7,95.56,70.608,0.0,83.3296438194051,40.0,80.0
2025-09-16 15:00:00,308.75,0.73,31.27,97.48,49.400000000000006,0.0,86.61004184836494,30.0,60.0
2025-09-16 16:00:00,155.45,0.79,30.65,96.41,24.872,0.0,76.4789881302616,20.0,40.0
2025-09-16 17:00:00,38.08,0.86,29.73,95.09,6.0928,0.0,64.95956498355318,10.0,20.0
2025-09-16 18:00:00,0.0,0.88,28.34,92.8,0.0,0.0,60.055053806097426,0.0,0.0
2025-09-16 19:00:00,0.0,1.09,27.65,91.37,0.0,0.0,54.53870601296846,0.0,0.0
2025-09-16 20:00:00,0.0,1.33,26.91,86.89,0.0,0.0,45.646671241632355,0.0,0.0
2025-09-16 21:00:00,0.0,1.52,26.3,75.78,0.0,0.0,36.900194427175286,0.0,0.0
2025-09-16 22:00:00,0.0,1.62,25.84,72.37,0.0,0.0,33.09178985681945,0.0,0.0
2025-09-16 23:00:00,0.0,1.66,25.42,68.74,0.0,0.0,29.341434476346162,0.0,0.0
2025-09-17 00:00:00,0.0,1.7,25.09,54.09,0.0,0.0,23.689857617711777,0.0,0.0
2025-09-17 01:00:00,0.0,1.87,24.7,43.73,0.0,0.0,24.668750110126712,0.0,0.0
2025-09-17 02:00:00,0.0,2.16,24.35,41.51,0.0,0.0,27.178793895001533,0.0,0.0
2025-09-17 03:00:00,0.0,2.57,24.02,55.92,0.0,0.0,25.866463791606456,0.0,0.0
2025-09-17 04:00:00,0.0,2.97,23.69,85.65,0.0,0.0,25.46787649696683,0.0,0.0
2025-09-17 05:00:00,0.0,3.19,23.36,98.23,0.0,0.7514296064814816,28.966191236759606,0.0,0.0
2025-09-17 06:00:00,68.57,3.94,23.74,71.72,10.9712,1.4158098148148146,33.908311029411806,0.0,0.0
2025-09-17 07:00:00,245.9,4.32,25.22,44.81,39.344,1.86624,35.16617893211255,6.044061067887448,12.088122135774896
2025-09-17 08:00:00,442.12,4.74,27.2,22.93,70.73920000000001,2.4651950000000005,43.588840369396415,16.044061067887448,32.088122135774896
2025-09-17 09:00:00,624.05,4.45,29.09,19.26,99.848,2.0398408564814816,51.51819048474551,26.044061067887448,52.088122135774896
2025-09-17 10:00:00,752.92,3.71,30.67,13.2,120.4672,1.182055810185185,64.46958491096476,36.04406106788745,72.0881221357749
2025-09-17 11:00:00,822.42,2.96,31.79,26.56,131.5872,0.0,72.33898818641842,46.04406106788745,92.0881221357749
2025-09-17 12:00:00,699.55,2.34,32.41,70.6,111.928,0.0,80.07813614479508,50.0,100.0
2025-09-17 13:00:00,664.33,1.84,32.65,56.59,106.2928,0.0,75.44681029746427,50.0,100.0
2025-09-17 14:00:00,562.3,1.39,32.73,28.59,89.96799999999999,0.0,86.24815700293799,50.0,100.0
2025-09-17 15:00:00,378.8,0.9,32.61,32.86,60.608,0.0,82.90753960430413,40.0,80.0
2025-09-17 16:00:00,189.15,0.41,32.39,51.59,30.264000000000006,0.0,77.54143422234092,30.0,60.0
2025-09-17 17:00:00,33.25,0.13,31.27,76.51,5.32,0.0,71.31459457310778,20.0,40.0
2025-09-17 18:00:00,0.0,0.9,29.6,99.8,0.0,0.0,61.47908985790804,10.0,20.0
2025-09-17 19:00:00,0.0,1.62,28.02,99.99,0.0,0.0,48.62722215957758,0.0,0.0
2025-09-17 20:00:00,0.0,2.0,26.88,100.0,0.0,0.0,43.34017366406839,0.0,0.0
2025-09-17 21:00:00,0.0,2.17,26.18,99.99,0.0,0.0,37.84449404783404,0.0,0.0
2025-09-17 22:00:00,0.0,2.25,25.66,99.99,0.0,0.0,29.798183409897366,0.0,0.0
2025-09-17 23:00:00,0.0,2.27,25.22,99.83,0.0,0.0,29.543607929314362,0.0,0.0
2025-09-18 00:00:00,0.0,2.26,24.81,99.59,0.0,0.0,23.880710667467724,0.0,0.0
2025-09-18 01:00:00,0.0,2.31,24.47,99.33,0.0,0.0,26.022259958093052,0.0,0.0
2025-09-18 02:00:00,0.0,2.29,24.13,91.1,0.0,0.0,24.95822473563426,0.0,0.0
2025-09-18 03:00:00,0.0,2.25,23.81,99.19,0.0,0.0,25.895631330903615,0.0,0.0
2025-09-18 04:00:00,0.0,2.27,23.53,99.3,0.0,0.0,25.889632336424846,0.0,0.0
2025-09-18 05:00:00,0.0,2.3,23.27,99.45,0.0,0.0,25.667268895937134,0.0,0.0
2025-09-18 06:00:00,62.75,3.18,24.03,66.11,10.04,0.7443850000000002,32.53540668485611,0.0,0.0
2025-09-18 07:00:00,219.18,3.42,25.45,32.93,35.0688,0.9259649999999998,34.17069699737421,1.8240680026257934,3.648136005251587
2025-09-18 08:00:00,410.42,3.5,27.75,3.52,65.66720000000001,0.992476851851852,41.04938637857307,11.824068002625793,23.648136005251587
2025-09-18 09:00:00,585.6,3.35,29.56,8.92,93.696,0.8702633101851853,56.01886753827235,21.824068002625793,43.64813600525159
2025-09-18 10:00:00,721.72,2.85,30.65,10.73,115.4752,0.0,57.65472549895789,31.824068002625793,63.64813600525159
2025-09-18 11:00:00,742.22,2.37,31.23,49.28,118.7552,0.0,71.45134932342503,41.82406800262579,83.64813600525159
2025-09-18 12:00:00,765.65,1.99,31.52,28.44,122.504,0.0,74.01387491129236,50.0,100.0
2025-09-18 13:00:00,695.08,1.7,31.64,21.77,111.21280000000002,0.0,82.6340170037912,50.0,100.0
2025-09-18 14:00:00,575.6,1.43,31.66,23.31,92.096,0.0,88.11927233567397,50.0,100.0
2025-09-18 15:00:00,401.52,1.15,31.55,15.15,64.2432,0.0,85.88023027597711,40.0,80.0
2025-09-18 16:00:00,173.55,0.89,31.38,40.59,27.768,0.0,80.68265746240272,30.0,60.0
2025-09-18 17:00:00,29.83,0.9,30.51,69.97,4.7728,0.0,69.3103624226326,20.0,40.0
2025-09-18 18:00:00,0.0,1.0,29.28,99.21,0.0,0.0,58.786834471268115,10.0,20.0
2025-09-18 19:00:00,0.0,1.5,28.13,97.99,0.0,0.0,52.46140271242625,0.0,0.0
2025-09-18 20:00:00,0.0,1.92,27.1,99.01,0.0,0.0,44.93652730573114,0.0,0.0
2025-09-18 21:00:00,0.0,2.17,26.32,99.4,0.0,0.0,33.82091696343493,0.0,0.0
2025-09-18 22:00:00,0.0,2.31,25.69,99.59,0.0,0.0,29.881414183391158,0.0,0.0
2025-09-18 23:00:00,0.0,2.37,25.2,93.0,0.0,0.0,27.346175643786903,0.0,0.0
2025-09-19 00:00:00,0.0,2.37,24.78,86.9,0.0,0.0,25.945659044319292,0.0,0.0
2025-09-19 01:00:00,0.0,2.32,24.42,83.51,0.0,0.0,25.08060940193291,0.0,0.0
2025-09-19 02:00:00,0.0,2.2,24.12,88.0,0.0,0.0,25.069129687026663,0.0,0.0
2025-09-19 03:00:00,0.0,2.13,23.82,87.56,0.0,0.0,25.755957593225872,0.0,0.0
2025-09-19 04:00:00,0.0,2.15,23.57,88.76,0.0,0.0,26.031922885203674,0.0,0.0
2025-09-19 05:00:00,0.0,2.19,23.39,89.02,0.0,0.0,28.30915361292275,0.0,0.0
2025-09-19 06:00:00,59.53,2.83,24.19,65.87,9.5248,0.0,30.42964616544167,0.0,0.0
2025-09-19 07:00:00,228.05,3.27,25.62,43.1,36.488,0.8093931249999999,33.997324804197135,3.3000683208028647,6.600136641605729
2025-09-19 08:00:00,435.95,3.26,27.92,25.72,69.752,0.8019901851851851,42.334372137693094,13.300068320802865,26.600136641605733
2025-09-19 09:00:00,628.47,3.63,30.08,14.91,100.5552,1.107225625,56.40334537591641,23.300068320802865,46.60013664160573
2025-09-19 10:00:00,770.1,3.26,31.25,7.27,123.216,0.8019901851851851,59.60343791874398,33.300068320802865,66.60013664160573
2025-09-19 11:00:00,692.75,2.92,31.85,48.44,110.84,0.0,73.75541829163218,43.300068320802865,86.60013664160573
2025-09-19 12:00:00,548.53,2.76,32.08,75.64,87.7648,0.0,78.16972600355503,50.0,100.0
2025-09-19 13:00:00,426.3,2.62,32.07,80.6,68.20800000000001,0.0,86.12725847661794,40.0,80.0
2025-09-19 14:00:00,340.17,2.4,31.88,79.24,54.427200000000006,0.0,82.92555003495715,30.0,60.0
2025-09-19 15:00:00,226.32,2.08,31.66,81.59,36.2112,0.0,83.63076192940022,20.0,40.0
2025-09-19 16:00:00,108.03,1.71,31.21,88.1,17.2848,0.0,73.12422971598619,10.0,20.0
2025-09-19 17:00:00,25.75,1.46,30.08,92.4,4.12,0.0,67.89634426411466,0.0,0.0
2025-09-19 18:00:00,0.0,1.36,28.82,99.45,0.0,0.0,60.97235951043124,0.0,0.0
2025-09-19 19:00:00,0.0,1.62,27.96,99.34,0.0,0.0,53.135835168302485,0.0,0.0
2025-09-19 20:00:00,0.0,1.95,26.92,99.46,0.0,0.0,43.243979451305535,0.0,0.0
2025-09-19 21:00:00,0.0,2.26,25.99,91.33,0.0,0.0,35.056374854654095,0.0,0.0
2025-09-19 22:00:00,0.0,2.41,25.28,91.31,0.0,0.0,32.993071515795336,0.0,0.0
2025-09-19 23:00:00,0.0,2.45,24.72,94.31,0.0,0.0,27.473032381079058,0.0,0.0
2025-09-20 00:00:00,0.0,2.45,24.23,97.15,0.0,0.0,13.656503480136406,0.0,0.0
2025-09-20 01:00:00,0.0,2.43,23.82,92.07,0.0,0.0,14.399609868704015,0.0,0.0
2025-09-20 02:00:00,0.0,2.38,23.45,97.21,0.0,0.0,13.935940345400939,0.0,0.0
2025-09-20 03:00:00,0.0,2.38,23.12,98.2,0.0,0.0,15.51274643462657,0.0,0.0
2025-09-20 04:00:00,0.0,2.46,22.88,92.56,0.0,0.0,15.259735543395662,0.0,0.0
2025-09-20 05:00:00,0.0,2.64,22.69,95.6,0.0,0.0,16.160957958839088,0.0,0.0
2025-09-20 06:00:00,61.83,3.48,23.41,76.57,9.8928,0.97556,18.71484479759265,0.0,0.0
2025-09-20 07:00:00,211.8,3.88,24.89,57.23,33.888000000000005,1.352108148148148,22.620706226119985,10.0,20.0
2025-09-20 08:00:00,367.08,3.95,27.23,40.88,58.7328,1.426617476851852,26.066005521063467,20.0,40.0
2025-09-20 09:00:00,617.1,4.57,29.44,21.04,98.736,2.2093516898148158,29.62490959486628,30.0,60.0
2025-09-20 10:00:00,725.88,4.25,30.71,21.26,116.1408,1.7769820601851851,35.355699619730565,40.0,80.0
2025-09-20 11:00:00,723.72,3.79,31.57,37.24,115.7952,1.2601837731481482,41.07800782070571,50.0,100.0
2025-09-20 12:00:00,665.05,3.44,32.0,48.93,106.408,0.942305185185185,47.70959318075983,50.0,100.0
2025-09-20 13:00:00,565.3,3.23,32.12,63.63,90.448,0.7800524768518519,47.486957135695256,50.0,100.0
2025-09-20 14:00:00,453.12,3.06,31.97,47.62,72.49920000000002,0.6632550000000001,49.45181126081205,50.0,100.0
2025-09-20 15:00:00,300.9,2.7,31.73,52.78,48.144000000000005,0.0,50.38041426329666,47.76358573670335,95.5271714734067
2025-09-20 16:00:00,141.55,2.49,31.26,63.98,22.648000000000003,0.0,48.88686064188877,37.76358573670335,75.5271714734067
2025-09-20 17:00:00,25.12,1.93,29.64,78.07,4.0192000000000005,0.0,42.59635519176634,27.763585736703348,55.5271714734067
2025-09-20 18:00:00,0.0,1.63,28.57,90.47,0.0,0.0,34.78529033790072,17.763585736703348,35.527171473406696
2025-09-20 19:00:00,0.0,1.65,28.08,86.44,0.0,0.0,29.87735871361425,7.763585736703348,15.527171473406694
2025-09-20 20:00:00,0.0,1.84,27.24,88.01,0.0,0.0,25.027204403467003,0.0,0.0
2025-09-20 21:00:00,0.0,2.1,26.29,88.97,0.0,0.0,23.74392597241536,0.0,0.0
2025-09-20 22:00:00,0.0,2.33,25.43,85.88,0.0,0.0,17.74175755577183,0.0,0.0
2025-09-20 23:00:00,0.0,2.49,24.73,83.75,0.0,0.0,17.941025613297796,0.0,0.0
2025-09-21 00:00:00,0.0,2.56,24.19,86.08,0.0,0.0,14.451371397560631,0.0,0.0
2025-09-21 01:00:00,0.0,2.65,23.74,76.35,0.0,0.0,13.706692823366339,0.0,0.0
2025-09-21 02:00:00,0.0,2.73,23.34,99.51,0.0,0.0,14.78336069365171,0.0,0.0
2025-09-21 03:00:00,0.0,2.82,22.98,99.68,0.0,0.0,15.339606524948694,0.0,0.0
2025-09-21 04:00:00,0.0,2.94,22.71,95.46,0.0,0.0,16.39596889253965,0.0,0.0
2025-09-21 05:00:00,0.0,3.11,22.52,95.27,0.0,0.6963016435185185,18.702883691144326,0.0,0.0
2025-09-21 06:00:00,66.05,3.95,23.19,61.15,10.568,1.426617476851852,18.29946838185325,0.0,0.0
2025-09-21 07:00:00,239.02,4.24,24.74,32.32,38.2432,1.7644681481481483,22.138316864263672,10.0,20.0
2025-09-21 08:00:00,468.88,4.03,27.25,1.01,75.02080000000001,1.5150654398148151,25.788989820499257,20.0,40.0
2025-09-21 09:00:00,664.1,4.03,29.39,1.05,106.256,1.5150654398148151,30.06564166771791,30.0,60.0
2025-09-21 10:00:00,799.33,3.81,30.88,1.01,127.89280000000002,1.2802393750000003,32.23988244936435,40.0,80.0
2025-09-21 11:00:00,879.22,3.55,31.87,2.11,140.6752,1.0356221064814817,40.94882961665049,50.0,100.0
2025-09-21 12:00:00,824.2,3.38,32.49,18.68,131.872,0.8938535185185186,42.34243488063845,50.0,100.0
2025-09-21 13:00:00,744.8,3.3,32.76,15.39,119.168,0.8318749999999999,50.36870932347812,50.0,100.0
2025-09-21 14:00:00,586.83,3.1,32.88,22.73,93.89280000000002,0.6896064814814816,52.692726674398926,50.0,100.0
2025-09-21 15:00:00,411.85,2.79,32.58,18.0,65.896,0.0,46.751236347690615,50.0,100.0
2025-09-21 16:00:00,194.65,2.47,32.17,41.09,31.144000000000005,0.0,51.7223442630375,40.0,80.0
2025-09-21 17:00:00,30.77,1.85,29.94,70.94,4.9232000000000005,0.0,44.521486652995776,30.0,60.0
2025-09-21 18:00:00,0.0,1.65,28.9,99.99,0.0,0.0,36.06799457018852,20.0,40.0
2025-09-21 19:00:00,0.0,1.68,28.16,99.99,0.0,0.0,30.35709101866379,10.0,20.0
2025-09-21 20:00:00,0.0,2.02,26.86,99.99,0.0,0.0,26.191797628143252,0.0,0.0
2025-09-21 21:00:00,0.0,2.4,25.47,99.99,0.0,0.0,21.49644848278579,0.0,0.0
2025-09-21 22:00:00,0.0,2.7,24.32,99.5,0.0,0.0,20.06356408273825,0.0,0.0
2025-09-21 23:00:00,0.0,2.88,23.54,99.0,0.0,0.0,16.891443083905383,0.0,0.0
2025-09-22 00:00:00,0.0,2.95,22.98,96.99,0.0,0.0,23.916609197879925,0.0,0.0
2025-09-22 01:00:00,0.0,3.0,22.58,13.08,0.0,0.625,24.917357607066222,0.0,0.0
2025-09-22 02:00:00,0.0,3.05,22.27,95.98,0.0,0.6567737268518516,24.36964037846649,0.0,0.0
2025-09-22 03:00:00,0.0,3.14,22.03,96.49,0.0,0.716646851851852,24.244099757591947,0.0,0.0
2025-09-22 04:00:00,0.0,3.19,21.78,99.0,0.0,0.7514296064814816,27.522550747538695,0.0,0.0
2025-09-22 05:00:00,0.0,3.25,21.61,97.99,0.0,0.7946325231481481,25.17981868262733,0.0,0.0
2025-09-22 06:00:00,73.93,4.01,22.43,60.88,11.8288,1.492620393518518,33.52122795944926,0.0,0.0
2025-09-22 07:00:00,272.2,4.1,24.11,30.48,43.552,1.595393518518518,33.64472434881728,10.0,20.0
2025-09-22 08:00:00,507.85,3.77,26.71,1.04,81.25600000000001,1.240338726851852,39.54757944444477,20.0,40.0
2025-09-22 09:00:00,693.58,3.91,29.36,1.29,110.9728,1.3837146064814818,52.15300500933573,30.0,60.0
2025-09-22 10:00:00,821.88,3.78,30.84,1.54,131.5008,1.2502349999999998,56.55482059013174,40.0,80.0
2025-09-22 11:00:00,901.0,3.65,31.76,1.79,144.16000000000005,1.1256278935185184,66.56524945742495,50.0,100.0
2025-09-22 12:00:00,888.33,3.63,32.3,2.04,142.13280000000003,1.107225625,76.14550061749448,50.0,100.0
2025-09-22 13:00:00,785.22,3.68,32.5,8.24,125.6352,1.153611851851852,84.08554755731973,50.0,100.0
2025-09-22 14:00:00,643.25,3.61,32.46,8.1,102.92000000000002,1.089025023148148,92.05036873085929,50.0,100.0
2025-09-22 15:00:00,446.12,3.28,32.02,9.96,71.37920000000001,0.8168414814814813,81.64769556214527,40.548345919336214,81.09669183867243
2025-09-22 16:00:00,206.8,3.0,31.31,37.37,33.088,0.625,81.44895771337413,30.548345919336214,61.09669183867242
2025-09-22 17:00:00,27.67,2.32,28.57,68.87,4.4272,0.0,63.10082643078135,20.548345919336214,41.09669183867243
2025-09-22 18:00:00,0.0,2.41,26.49,99.99,0.0,0.0,60.77967380061053,10.548345919336214,21.096691838672427
2025-09-22 19:00:00,0.0,2.56,25.59,99.99,0.0,0.0,47.27248123215741,0.5483459193362137,1.0966918386724274
2025-09-22 20:00:00,0.0,2.8,24.76,99.99,0.0,0.0,41.222496802736046,0.0,0.0
2025-09-22 21:00:00,0.0,3.0,24.1,99.99,0.0,0.625,35.81734263738528,0.0,0.0
2025-09-22 22:00:00,0.0,3.15,23.68,98.99,0.0,0.7235156249999999,30.873625352743755,0.0,0.0
2025-09-22 23:00:00,0.0,3.33,23.43,96.48,0.0,0.854769375,27.75766059338938,0.0,0.0
2025-09-23 00:00:00,0.0,3.55,23.3,98.49,0.0,1.0356221064814817,26.813672863672327,0.0,0.0
2025-09-23 01:00:00,0.0,3.78,23.18,95.47,0.0,1.2502349999999998,27.254185097657146,0.0,0.0
2025-09-23 02:00:00,0.0,3.91,22.99,1.17,0.0,1.3837146064814818,23.80828042360128,0.0,0.0
2025-09-23 03:00:00,0.0,3.97,22.78,99.48,0.0,1.4483975231481483,23.318191477421706,0.0,0.0
2025-09-23 04:00:00,0.0,3.78,22.48,99.98,0.0,1.2502349999999998,24.959938191081164,0.0,0.0
2025-09-23 05:00:00,0.0,3.49,22.12,99.99,0.0,0.9839941898148152,30.270147559771353,0.0,0.0
2025-09-23 06:00:00,65.32,3.92,22.71,79.71,10.4512,1.3943585185185183,31.238227116903605,0.0,0.0
2025-09-23 07:00:00,226.23,4.35,24.33,64.59,36.1968,1.9053906249999997,33.89818682856582,4.204003796434186,8.408007592868373
2025-09-23 08:00:00,437.73,3.97,26.57,48.89,70.03680000000001,1.4483975231481483,43.5981607399328,14.204003796434186,28.408007592868373
2025-09-23 09:00:00,637.85,4.15,29.14,33.58,102.056,1.6544762731481486,53.35109376513157,24.204003796434186,48.40800759286837
2025-09-23 10:00:00,793.25,4.0,30.64,17.69,126.92000000000002,1.4814814814814814,66.90858771898269,34.204003796434186,68.40800759286837
2025-09-23 11:00:00,893.12,3.73,31.57,0.53,142.8992,1.2012758564814814,63.3251621232686,44.204003796434186,88.40800759286837
2025-09-23 12:00:00,870.05,3.58,32.01,3.59,139.208,1.0620998148148149,83.32722490836608,50.0,100.0
2025-09-23 13:00:00,734.6,3.51,32.07,21.5,117.53600000000002,1.0010081249999998,80.08803829133073,50.0,100.0
2025-09-23 14:00:00,566.97,3.45,31.97,30.01,90.7152,0.9505468750000002,87.24188671167632,50.0,100.0
2025-09-23 15:00:00,380.92,3.3,31.41,35.1,60.94720000000001,0.8318749999999999,86.94567620818184,40.0,80.0
2025-09-23 16:00:00,169.05,3.08,30.44,54.29,27.048,0.6763451851851853,75.4372228768296,30.0,60.0
2025-09-23 17:00:00,22.83,2.59,27.77,77.74,3.6528,0.0,70.72086724209237,20.0,40.0
2025-09-23 18:00:00,0.0,2.8,25.58,99.95,0.0,0.0,63.43064358327132,10.0,20.0
2025-09-23 19:00:00,0.0,2.94,24.9,99.98,0.0,0.0,51.72142545126593,0.0,0.0
2025-09-23 20:00:00,0.0,3.05,24.39,99.99,0.0,0.6567737268518516,38.51884309508921,0.0,0.0
2025-09-23 21:00:00,0.0,3.23,23.96,98.99,0.0,0.7800524768518519,35.168311356781686,0.0,0.0
2025-09-23 22:00:00,0.0,3.46,23.64,99.49,0.0,0.9588364814814814,33.86569077560327,0.0,0.0
2025-09-23 23:00:00,0.0,3.73,23.38,99.49,0.0,1.2012758564814814,26.839716375548313,0.0,0.0
2025-09-24 00:00:00,0.0,4.1,23.14,98.48,0.0,1.595393518518518,24.360415498419894,0.0,0.0
2025-09-24 01:00:00,0.0,4.41,22.9,99.99,0.0,1.985326875,22.839915126779296,0.0,0.0
2025-09-24 02:00:00,0.0,4.36,22.61,5.84,0.0,1.918561481481482,23.592485254625107,0.0,0.0
2025-09-24 03:00:00,0.0,4.16,22.39,98.98,0.0,1.6664651851851853,24.5110367527877,0.0,0.0
2025-09-24 04:00:00,0.0,3.91,22.2,98.97,0.0,1.3837146064814818,26.625173644856854,0.0,0.0
2025-09-24 05:00:00,0.0,3.92,22.01,95.96,0.0,1.3943585185185183,26.87712724763323,0.0,0.0
2025-09-24 06:00:00,57.55,4.52,22.37,78.32,9.208,2.1376251851851844,28.74918099409744,0.0,0.0
2025-09-24 07:00:00,213.23,4.84,23.96,65.68,34.116800000000005,2.6245348148148144,35.22078281894014,1.5205519958746834,3.0411039917493667
2025-09-24 08:00:00,421.62,5.01,26.06,53.01,67.4592,2.910914375,41.11825056348468,11.520551995874683,23.041103991749367
2025-09-24 09:00:00,612.25,5.17,28.05,40.29,97.96,3.1988058564814814,52.973437942945715,21.520551995874683,43.04110399174937
2025-09-24 10:00:00,760.0,4.91,29.68,27.71,121.6,2.7400641435185187,54.95261601720079,31.520551995874683,63.04110399174937
2025-09-24 11:00:00,874.85,4.34,30.85,14.58,139.976,1.8922801851851847,65.45575054456512,41.52055199587468,83.04110399174937
2025-09-24 12:00:00,879.4,3.77,31.57,0.51,140.704,1.240338726851852,78.50637046513346,50.0,100.0
2025-09-24 13:00:00,779.38,3.3,31.87,6.48,124.70080000000002,0.8318749999999999,82.35335309252,50.0,100.0
2025-09-24 14:00:00,631.03,2.94,31.86,8.28,100.9648,0.0,84.27994129349538,50.0,100.0
2025-09-24 15:00:00,436.42,2.76,31.72,11.76,69.8272,0.0,81.96971509716504,40.0,80.0
2025-09-24 16:00:00,206.0,2.56,30.78,33.73,32.96,0.0,77.65910043765847,30.0,60.0
2025-09-24 17:00:00,27.02,2.39,28.38,68.58,4.3232,0.0,59.54563846472522,20.0,40.0
2025-09-24 18:00:00,0.0,2.84,26.0,99.98,0.0,0.0,62.32523888885545,10.0,20.0
2025-09-24 19:00:00,0.0,3.09,25.25,99.98,0.0,0.6829543749999999,48.90522342462643,0.0,0.0
2025-09-24 20:00:00,0.0,3.27,24.66,99.98,0.0,0.8093931249999999,40.821131092697506,0.0,0.0
2025-09-24 21:00:00,0.0,3.41,24.08,99.98,0.0,0.917866226851852,37.09597977196033,0.0,0.0
2025-09-24 22:00:00,0.0,3.56,23.6,99.98,0.0,1.0443985185185187,32.53463902940763,0.0,0.0
2025-09-24 23:00:00,0.0,3.76,23.16,99.99,0.0,1.2304948148148147,29.723911936991524,0.0,0.0
2025-09-25 00:00:00,0.0,4.03,22.77,99.99,0.0,1.5150654398148151,24.12461176083382,0.0,0.0
2025-09-25 01:00:00,0.0,4.35,22.37,5.06,0.0,1.9053906249999997,24.82549905175201,0.0,0.0
2025-09-25 02:00:00,0.0,4.4,21.94,99.99,0.0,1.9718518518518524,26.27614147554931,0.0,0.0
2025-09-25 03:00:00,0.0,4.29,21.58,99.98,0.0,1.8276293750000003,25.258809368278527,0.0,0.0
2025-09-25 04:00:00,0.0,4.14,21.33,99.98,0.0,1.6425449999999997,26.218076443459637,0.0,0.0
2025-09-25 05:00:00,0.0,4.04,21.23,99.98,0.0,1.526371851851852,30.100646737909322,0.0,0.0
2025-09-25 06:00:00,68.1,4.4,21.73,81.39,10.896,1.9718518518518524,30.996558528330123,0.0,0.0
2025-09-25 07:00:00,250.32,4.3,23.4,67.23,40.0512,1.840439814814815,34.7909878732372,7.100651941577617,14.201303883155234
2025-09-25 08:00:00,447.02,4.63,25.97,55.35,71.5232,2.2975196064814813,43.519343169598926,17.100651941577617,34.201303883155234
2025-09-25 09:00:00,636.05,4.59,28.1,42.32,101.768,2.238485625,51.71318784593143,27.100651941577617,54.20130388315524
2025-09-25 10:00:00,780.78,3.99,29.77,29.02,124.9248,1.4703981250000004,60.928218927619525,37.10065194157762,74.20130388315523
2025-09-25 11:00:00,871.4,3.13,30.96,15.21,139.424,0.7098216898148147,76.48706780469952,47.10065194157762,94.20130388315523
2025-09-25 12:00:00,876.7,2.29,31.75,0.52,140.27200000000002,0.0,80.96939869450445,50.0,100.0
2025-09-25 13:00:00,787.42,1.6,32.19,2.17,125.98720000000002,0.0,84.32025572220554,50.0,100.0
2025-09-25 14:00:00,644.1,1.26,32.27,2.89,103.056,0.0,91.3793403323272,50.0,100.0
2025-09-25 15:00:00,447.05,1.26,32.11,2.78,71.528,0.0,87.34858441597899,40.0,80.0
2025-09-25 16:00:00,207.52,1.31,31.79,30.12,33.2032,0.0,85.32817493780082,30.0,60.0
2025-09-25 17:00:00,26.38,1.43,29.75,66.27,4.2208,0.0,71.22550655295557,20.0,40.0
2025-09-25 18:00:00,0.0,2.03,27.4,99.97,0.0,0.0,68.1526953135202,10.0,20.0
2025-09-25 19:00:00,0.0,2.5,26.07,99.98,0.0,0.0,55.614167734214234,0.0,0.0
2025-09-25 20:00:00,0.0,2.78,25.11,99.99,0.0,0.0,38.959264446762646,0.0,0.0
2025-09-25 21:00:00,0.0,2.92,24.35,99.99,0.0,0.0,36.914223864842285,0.0,0.0
2025-09-25 22:00:00,0.0,3.04,23.69,99.99,0.0,0.6503348148148148,29.80392081207677,0.0,0.0
2025-09-25 23:00:00,0.0,3.14,23.09,98.99,0.0,0.716646851851852,26.5981485083848,0.0,0.0
2025-09-26 00:00:00,0.0,3.23,22.5,95.98,0.0,0.7800524768518519,24.8282690040198,0.0,0.0
2025-09-26 01:00:00,0.0,3.28,21.95,4.41,0.0,0.8168414814814813,23.354415822674476,0.0,0.0
2025-09-26 02:00:00,0.0,3.28,21.46,93.96,0.0,0.8168414814814813,25.087591248873604,0.0,0.0
2025-09-26 03:00:00,0.0,3.23,21.05,92.95,0.0,0.7800524768518519,24.997272077919842,0.0,0.0
2025-09-26 04:00:00,0.0,3.17,20.7,95.45,0.0,0.7373845601851852,25.297980467851882,0.0,0.0
2025-09-26 05:00:00,0.0,3.13,20.4,92.93,0.0,0.7098216898148147,26.685466718674803,0.0,0.0
2025-09-26 06:00:00,66.22,3.47,21.21,73.93,10.5952,0.9671741435185188,33.294854873089015,0.0,0.0
2025-09-26 07:00:00,241.18,4.29,23.29,61.47,38.588800000000006,1.8276293750000003,36.90570501506534,3.5107243599346702,7.0214487198693405
2025-09-26 08:00:00,449.58,3.48,25.52,49.6,71.9328,0.97556,40.842000469130895,13.51072435993467,27.02144871986934
2025-09-26 09:00:00,637.88,3.77,28.96,37.54,102.0608,1.240338726851852,57.012913824393934,23.51072435993467,47.02144871986934
2025-09-26 10:00:00,778.78,4.15,31.5,25.09,124.6048,1.6544762731481486,65.40118255911626,33.51072435993467,67.02144871986934
2025-09-26 11:00:00,877.33,3.88,32.46,12.9,140.3728,1.352108148148148,70.94399539192216,43.51072435993467,87.02144871986934
2025-09-26 12:00:00,883.4,3.58,32.99,0.29,141.34400000000002,1.0620998148148149,79.14788956992047,50.0,100.0
2025-09-26 13:00:00,775.2,3.44,33.24,15.86,124.032,0.942305185185185,82.11087355171163,50.0,100.0
2025-09-26 14:00:00,606.58,3.23,33.16,30.85,97.0528,0.7800524768518519,85.27629125184362,50.0,100.0
2025-09-26 15:00:00,394.83,2.8,33.04,45.58,63.1728,0.0,70.09306049909942,43.07973950090058,86.15947900180116
2025-09-26 16:00:00,174.07,2.81,32.22,60.37,27.8512,0.0,80.20928961091934,33.07973950090058,66.15947900180116
2025-09-26 17:00:00,20.12,2.15,29.47,81.02,3.2192000000000007,0.0,70.78123444967463,23.07973950090058,46.15947900180116
2025-09-26 18:00:00,0.0,1.94,28.3,99.98,0.0,0.0,59.93096646081257,13.07973950090058,26.159479001801163
2025-09-26 19:00:00,0.0,1.82,27.9,99.98,0.0,0.0,52.515616078716256,3.0797395009005797,6.159479001801159
2025-09-26 20:00:00,0.0,1.84,27.12,99.98,0.0,0.0,47.085926814297245,0.0,0.0
2025-09-26 21:00:00,0.0,1.92,26.15,99.5,0.0,0.0,37.056192383094306,0.0,0.0
2025-09-26 22:00:00,0.0,2.01,25.13,99.5,0.0,0.0,29.55066937171311,0.0,0.0
2025-09-26 23:00:00,0.0,2.13,24.15,96.86,0.0,0.0,29.28249601334674,0.0,0.0
2025-09-27 00:00:00,0.0,2.27,23.28,98.89,0.0,0.0,15.736189026990097,0.0,0.0
2025-09-27 01:00:00,0.0,2.42,22.56,53.2,0.0,0.0,14.444248443253347,0.0,0.0
2025-09-27 02:00:00,0.0,2.59,21.98,99.66,0.0,0.0,13.61870576013456,0.0,0.0
2025-09-27 03:00:00,0.0,2.71,21.55,99.76,0.0,0.0,14.635487859314159,0.0,0.0
2025-09-27 04:00:00,0.0,2.79,21.24,100.0,0.0,0.0,15.594263871009886,0.0,0.0
2025-09-27 05:00:00,0.0,2.83,21.01,99.31,0.0,0.0,17.035010272358104,0.0,0.0
2025-09-27 06:00:00,68.68,2.61,21.97,73.07,10.9888,0.0,17.961162384343663,0.0,0.0
2025-09-27 07:00:00,254.93,3.39,24.66,50.79,40.7888,0.9018106250000002,22.76021144013455,10.0,20.0
2025-09-27 08:00:00,479.8,3.04,26.69,28.72,76.76800000000001,0.6503348148148148,24.268988440344838,20.0,40.0
2025-09-27 09:00:00,664.75,3.52,29.61,21.69,106.36,1.009588148148148,28.085414137462955,30.0,60.0
2025-09-27 10:00:00,778.45,3.91,31.4,24.62,124.55200000000002,1.3837146064814818,39.094605529903575,40.0,80.0
2025-09-27 11:00:00,771.7,4.03,32.29,41.38,123.472,1.5150654398148151,44.62126081465467,50.0,100.0
2025-09-27 12:00:00,700.05,4.0,32.84,93.87,112.008,1.4814814814814814,46.465750850818445,50.0,100.0
2025-09-27 13:00:00,600.47,3.99,32.97,66.77,96.0752,1.4703981250000004,53.188672841361225,50.0,100.0
2025-09-27 14:00:00,445.65,3.93,32.75,80.54,71.304,1.405056875,56.20623092484223,50.0,100.0
2025-09-27 15:00:00,297.58,3.69,32.21,84.46,47.61280000000001,1.163041875,46.40258953041354,50.0,100.0
2025-09-27 16:00:00,148.9,3.64,31.06,88.53,23.824,1.1164014814814818,47.919765639037145,40.0,80.0
2025-09-27 17:00:00,23.33,2.8,28.56,93.48,3.7328,0.0,43.29009390224512,30.0,60.0
2025-09-27 18:00:00,0.0,3.0,27.02,98.47,0.0,0.625,34.829448961521294,20.0,40.0
2025-09-27 19:00:00,0.0,3.22,26.59,99.1,0.0,0.772829814814815,32.65483791274776,10.0,20.0
2025-09-27 20:00:00,0.0,3.26,26.29,99.57,0.0,0.8019901851851851,23.563069425699872,0.0,0.0
2025-09-27 21:00:00,0.0,3.16,25.96,99.69,0.0,0.7304281481481483,20.932096932697938,0.0,0.0
2025-09-27 22:00:00,0.0,2.98,25.62,99.72,0.0,0.0,18.857136206211244,0.0,0.0
2025-09-27 23:00:00,0.0,2.83,25.24,99.93,0.0,0.0,17.052668893169447,0.0,0.0
2025-09-28 00:00:00,0.0,2.65,24.83,97.9,0.0,0.0,13.84191240597799,0.0,0.0
2025-09-28 01:00:00,0.0,2.55,24.52,95.74,0.0,0.0,14.987075225335309,0.0,0.0
2025-09-28 02:00:00,0.0,2.6,24.36,89.34,0.0,0.0,14.544859800835708,0.0,0.0
2025-09-28 03:00:00,0.0,2.84,24.24,92.35,0.0,0.0,15.225889708978883,0.0,0.0
2025-09-28 04:00:00,0.0,3.22,24.13,90.84,0.0,0.772829814814815,15.667289386513295,0.0,0.0
2025-09-28 05:00:00,0.0,3.58,24.01,88.93,0.0,1.0620998148148149,16.835045289308365,0.0,0.0
2025-09-28 06:00:00,61.5,4.36,24.45,70.95,9.840000000000002,1.918561481481482,18.126561373552914,0.0,0.0
2025-09-28 07:00:00,218.35,5.33,25.89,54.25,34.936,3.505079560185185,21.940909731473983,10.0,20.0
2025-09-28 08:00:00,411.65,5.99,27.47,37.56,65.864,4.975041643518519,26.809671664977284,20.0,40.0
2025-09-28 09:00:00,603.65,6.45,28.96,23.69,96.584,6.211484375,30.568800705345453,30.0,60.0
2025-09-28 10:00:00,684.33,6.78,30.09,29.2,109.4928,7.214485000000002,35.273764753195685,40.0,80.0
2025-09-28 11:00:00,698.47,6.83,30.77,44.49,111.75520000000002,7.375277476851851,44.37314497509568,50.0,100.0
2025-09-28 12:00:00,714.08,6.72,31.11,33.05,114.2528,7.024639999999999,44.62009569140731,50.0,100.0
2025-09-28 13:00:00,539.55,6.6,31.17,60.52,86.328,6.654999999999999,49.59409740908361,50.0,100.0
2025-09-28 14:00:00,516.85,6.37,30.85,29.83,82.69600000000001,5.983214189814815,53.674960905157775,50.0,100.0
2025-09-28 15:00:00,312.77,5.94,30.17,45.31,50.043200000000006,4.851495000000001,48.15240600259048,50.0,100.0
2025-09-28 16:00:00,140.27,4.78,29.04,61.14,22.443200000000004,2.5281331481481484,46.164357068273254,40.0,80.0
2025-09-28 17:00:00,16.83,3.28,27.44,80.9,2.6928,0.8168414814814813,38.53845471527728,30.0,60.0
2025-09-28 18:00:00,0.0,3.05,26.26,99.82,0.0,0.6567737268518516,35.16176363505228,20.0,40.0
2025-09-28 19:00:00,0.0,3.27,25.82,99.82,0.0,0.8093931249999999,31.1317936103074,10.0,20.0
2025-09-28 20:00:00,0.0,3.25,25.43,99.93,0.0,0.7946325231481481,25.136894347810948,0.0,0.0
2025-09-28 21:00:00,0.0,3.1,25.08,99.93,0.0,0.6896064814814816,21.521609019318255,0.0,0.0
2025-09-28 22:00:00,0.0,2.98,24.78,99.93,0.0,0.0,17.783606952117093,0.0,0.0
2025-09-28 23:00:00,0.0,2.9,24.49,95.25,0.0,0.0,17.196038399424395,0.0,0.0
2025-09-29 00:00:00,0.0,2.87,24.26,97.65,0.0,0.0,23.187271482134953,0.0,0.0
2025-09-29 01:00:00,0.0,2.87,24.04,99.7,0.0,0.0,25.666240128045963,0.0,0.0
2025-09-29 02:00:00,0.0,3.02,23.88,97.59,0.0,0.6375835185185185,24.13770812205931,0.0,0.0
2025-09-29 03:00:00,0.0,3.18,23.76,99.93,0.0,0.7443850000000002,23.177763286542596,0.0,0.0
2025-09-29 04:00:00,0.0,3.24,23.66,98.93,0.0,0.7873200000000001,28.20356002897536,0.0,0.0
2025-09-29 05:00:00,0.0,3.22,23.57,93.57,0.0,0.772829814814815,29.576585035602303,0.0,0.0
2025-09-29 06:00:00,48.2,3.83,24.11,74.63,7.712000000000001,1.3005066435185186,32.633139115937105,0.0,0.0
2025-09-29 07:00:00,186.68,4.42,25.77,57.78,29.868800000000007,1.998863148148148,37.495641959587324,0.0,0.0
2025-09-29 08:00:00,402.05,5.22,27.8,40.24,64.328,3.292514999999999,44.7871346530456,10.0,20.0
2025-09-29 09:00:00,570.3,5.27,29.06,31.85,91.248,3.3880366435185176,51.69492105061641,20.0,40.0
2025-09-29 10:00:00,728.7,5.26,29.89,18.45,116.592,3.368786481481481,60.79537736288932,30.0,60.0
2025-09-29 11:00:00,669.22,5.29,30.39,43.03,107.0752,3.426756689814815,73.6192777992661,40.0,80.0
2025-09-29 12:00:00,678.95,5.25,30.64,34.96,108.63200000000002,3.349609375,82.85906000896797,50.0,100.0
2025-09-29 13:00:00,565.03,5.19,30.61,41.02,90.4048,3.2360731250000008,82.3745044995314,50.0,100.0
2025-09-29 14:00:00,492.77,4.87,30.22,24.76,78.84320000000001,2.6736412731481485,80.10892254245984,50.0,100.0
2025-09-29 15:00:00,304.08,4.22,29.58,40.01,48.6528,1.7396168518518516,84.10388459620589,40.0,80.0
2025-09-29 16:00:00,138.68,3.28,28.68,55.75,22.1888,0.8168414814814813,81.34457076776073,30.0,60.0
2025-09-29 17:00:00,16.73,2.38,27.39,76.45,2.6768000000000005,0.0,74.18789041868409,20.0,40.0
2025-09-29 18:00:00,0.0,2.33,26.58,95.58,0.0,0.0,58.37841729142998,10.0,20.0
2025-09-29 19:00:00,0.0,2.37,26.27,95.8,0.0,0.0,55.361419495016754,0.0,0.0
2025-09-29 20:00:00,0.0,2.44,25.99,98.46,0.0,0.0,45.51795402251764,0.0,0.0
2025-09-29 21:00:00,0.0,2.52,25.76,96.27,0.0,0.0,37.35592981771033,0.0,0.0
2025-09-29 22:00:00,0.0,2.69,25.56,98.36,0.0,0.0,32.579635018962136,0.0,0.0
2025-09-29 23:00:00,0.0,2.96,25.41,97.94,0.0,0.0,25.66337142122704,0.0,0.0
2025-09-30 00:00:00,0.0,2.99,25.28,98.22,0.0,0.0,25.257225737945905,0.0,0.0
2025-09-30 01:00:00,0.0,2.84,25.15,99.83,0.0,0.0,27.20147625915546,0.0,0.0
2025-09-30 02:00:00,0.0,2.53,25.01,99.47,0.0,0.0,23.48345399505687,0.0,0.0
2025-09-30 03:00:00,0.0,2.27,24.86,99.73,0.0,0.0,24.126468507646738,0.0,0.0
2025-09-30 04:00:00,0.0,2.12,24.75,99.63,0.0,0.0,23.11668261109973,0.0,0.0
2025-09-30 05:00:00,0.0,1.95,24.59,99.55,0.0,0.0,26.92473255663349,0.0,0.0
2025-09-30 06:00:00,30.35,1.93,24.85,99.67,4.856000000000001,0.0,30.73243196501325,0.0,0.0
2025-09-30 07:00:00,100.0,2.34,25.72,99.33,16.0,0.0,36.46575362253431,0.0,0.0
2025-09-30 08:00:00,188.43,1.8,26.74,99.24,30.1488,0.0,45.62355503068652,0.0,0.0
2025-09-30 09:00:00,273.35,1.53,27.78,97.05,43.73600000000001,0.0,52.80772505874677,0.0,0.0
2025-09-30 10:00:00,278.3,2.13,28.46,99.89,44.528,0.0,62.79196632879988,0.0,0.0
2025-09-30 11:00:00,472.8,2.98,28.66,96.36,75.64800000000001,0.0,64.90919027447333,10.0,20.0
2025-09-30 12:00:00,462.83,3.43,28.49,86.04,74.05279999999999,0.9341112731481482,73.79737162556407,11.18953964758407,22.37907929516814
2025-09-30 13:00:00,415.98,3.7,28.08,87.65,66.5568,1.1725231481481482,80.95338884373479,1.1895396475840698,2.3790792951681397
2025-09-30 14:00:00,409.1,3.8,27.57,80.05,65.456,1.270185185185185,84.12913388710435,0.0,0.0
2025-09-30 15:00:00,264.9,3.7,27.01,80.75,42.384,1.1725231481481482,75.73043368015146,0.0,0.0
2025-09-30 16:00:00,125.68,3.33,26.36,81.72,20.1088,0.854769375,80.37510400644213,0.0,0.0
2025-09-30 17:00:00,14.82,2.87,25.54,85.87,2.3712,0.0,68.40039058261178,0.0,0.0
2025-09-30 18:00:00,0.0,3.05,25.03,88.47,0.0,0.6567737268518516,54.873836979398405,0.0,0.0
2025-09-30 19:00:00,0.0,3.2,24.81,99.73,0.0,0.7585185185185186,47.47919236926913,0.0,0.0
2025-09-30 20:00:00,0.0,3.11,24.65,99.38,0.0,0.6963016435185185,42.775345940016074,0.0,0.0
2025-09-30 21:00:00,0.0,2.83,24.51,99.95,0.0,0.0,35.55603241576407,0.0,0.0
2025-09-30 22:00:00,0.0,2.25,24.33,99.43,0.0,0.0,30.77585138753077,0.0,0.0
2025-09-30 23:00:00,0.0,1.74,24.18,99.39,0.0,0.0,26.5203711366281,0.0,0.0
2025-10-01 00:00:00,0.0,1.42,24.02,98.63,0.0,0.0,24.784613259436206,0.0,0.0
2025-10-01 01:00:00,0.0,1.36,23.92,99.5,0.0,0.0,25.562894349984827,0.0,0.0
2025-10-01 02:00:00,0.0,1.5,23.84,99.65,0.0,0.0,26.692547889110493,0.0,0.0
2025-10-01 03:00:00,0.0,1.31,23.7,98.27,0.0,0.0,25.94346984147435,0.0,0.0
2025-10-01 04:00:00,0.0,1.05,23.52,92.93,0.0,0.0,26.384084921201783,0.0,0.0
2025-10-01 05:00:00,0.0,0.86,23.36,85.2,0.0,0.0,25.832311820210517,0.0,0.0
2025-10-01 06:00:00,41.58,0.9,23.64,84.95,6.652799999999999,0.0,32.04663752933465,0.0,0.0
2025-10-01 07:00:00,152.82,1.25,24.62,83.25,24.4512,0.0,35.54265468621439,0.0,0.0
2025-10-01 08:00:00,321.02,1.13,25.65,81.03,51.3632,0.0,39.58304580522892,10.0,20.0
2025-10-01 09:00:00,414.6,0.44,26.91,80.44,66.336,0.0,47.26377716968134,20.0,40.0
2025-10-01 10:00:00,457.83,0.3,28.04,83.94,73.2528,0.0,56.38194874942407,30.0,60.0
2025-10-01 11:00:00,507.42,0.83,28.89,89.11,81.1872,0.0,68.09515958621472,40.0,80.0
2025-10-01 12:00:00,625.08,1.18,29.43,60.94,100.01280000000004,0.0,79.52120941114013,50.0,100.0
2025-10-01 13:00:00,512.55,1.38,29.52,76.37,82.008,0.0,76.33352675592324,50.0,100.0
2025-10-01 14:00:00,394.83,1.41,29.26,70.33,63.1728,0.0,81.93989272155271,40.0,80.0
2025-10-01 15:00:00,248.7,1.43,28.76,78.36,39.792,0.0,76.86896938628966,30.0,60.0
2025-10-01 16:00:00,105.68,1.29,28.05,87.08,16.908800000000003,0.0,76.87959730010772,20.0,40.0
2025-10-01 17:00:00,13.35,1.15,26.99,93.76,2.136,0.0,66.06820405214768,10.0,20.0
2025-10-01 18:00:00,0.0,1.03,25.95,99.8,0.0,0.0,55.94589753580373,0.0,0.0
2025-10-01 19:00:00,0.0,1.09,25.56,99.8,0.0,0.0,52.88167908386831,0.0,0.0
2025-10-01 20:00:00,0.0,1.18,25.25,99.98,0.0,0.0,44.394504864387436,0.0,0.0
2025-10-01 21:00:00,0.0,1.26,24.97,99.31,0.0,0.0,39.014614968058325,0.0,0.0
2025-10-01 22:00:00,0.0,1.32,24.67,97.13,0.0,0.0,33.67030782118386,0.0,0.0
2025-10-01 23:00:00,0.0,1.39,24.36,99.91,0.0,0.0,28.13359802338033,0.0,0.0
2025-10-02 00:00:00,0.0,1.43,24.07,98.16,0.0,0.0,26.130901005269727,0.0,0.0
2025-10-02 01:00:00,0.0,1.47,23.79,92.68,0.0,0.0,24.38434696100362,0.0,0.0
2025-10-02 02:00:00,0.0,1.44,23.6,99.42,0.0,0.0,23.31872854861004,0.0,0.0
2025-10-02 03:00:00,0.0,1.31,23.49,99.96,0.0,0.0,25.584670843536003,0.0,0.0
2025-10-02 04:00:00,0.0,1.1,23.43,99.66,0.0,0.0,28.22264781204752,0.0,0.0
2025-10-02 05:00:00,0.0,0.8,23.39,99.15,0.0,0.0,26.937118749015927,0.0,0.0
2025-10-02 06:00:00,50.08,0.49,23.76,79.53,8.0128,0.0,32.284051884426155,0.0,0.0
2025-10-02 07:00:00,198.62,0.35,25.52,60.76,31.7792,0.0,36.712577799865784,0.0,0.0
2025-10-02 08:00:00,394.4,0.96,27.54,42.36,63.104,0.0,42.825530701918986,10.0,20.0
2025-10-02 09:00:00,614.75,1.83,28.71,27.22,98.36,0.0,48.25359987407291,20.0,40.0
2025-10-02 10:00:00,673.45,2.32,29.3,56.46,107.752,0.0,61.883202495186936,30.0,60.0
2025-10-02 11:00:00,690.7,2.41,29.79,67.65,110.512,0.0,67.54392757040921,40.0,80.0
2025-10-02 12:00:00,698.95,2.24,30.21,67.05,111.83200000000002,0.0,76.90563275585374,50.0,100.0
2025-10-02 13:00:00,626.4,2.13,30.06,55.12,100.224,0.0,81.75125465609041,50.0,100.0
2025-10-02 14:00:00,454.15,2.17,29.74,61.33,72.664,0.0,78.48189977530649,44.182100224693514,88.36420044938703
2025-10-02 15:00:00,289.38,2.27,29.24,70.23,46.3008,0.0,81.44852955956704,34.182100224693514,68.36420044938703
2025-10-02 16:00:00,123.95,2.47,28.33,79.15,19.832,0.0,78.8009447264349,24.182100224693514,48.36420044938703
2025-10-02 17:00:00,14.05,2.13,26.88,87.08,2.248,0.0,63.762713795626176,14.182100224693514,28.364200449387027
2025-10-02 18:00:00,0.0,2.37,25.8,96.11,0.0,0.0,58.58645658083174,4.182100224693514,8.364200449387027
2025-10-02 19:00:00,0.0,2.7,25.25,97.52,0.0,0.0,49.90231697940598,0.0,0.0
2025-10-02 20:00:00,0.0,2.98,24.8,99.71,0.0,0.0,41.518153568866865,0.0,0.0
2025-10-02 21:00:00,0.0,3.06,24.42,99.21,0.0,0.6632550000000001,34.84299293779932,0.0,0.0
2025-10-02 22:00:00,0.0,2.95,24.1,99.6,0.0,0.0,29.49576660831749,0.0,0.0
2025-10-02 23:00:00,0.0,2.94,23.85,97.48,0.0,0.0,29.87408883716508,0.0,0.0
2025-10-03 00:00:00,0.0,3.05,23.69,90.69,0.0,0.6567737268518516,23.1144832780909,0.0,0.0
2025-10-03 01:00:00,0.0,2.93,23.54,98.93,0.0,0.0,25.14850687708507,0.0,0.0
2025-10-03 02:00:00,0.0,2.73,23.39,90.05,0.0,0.0,25.788782547858702,0.0,0.0
2025-10-03 03:00:00,0.0,2.56,23.18,90.11,0.0,0.0,26.492232077573387,0.0,0.0
2025-10-03 04:00:00,0.0,2.56,22.98,65.2,0.0,0.0,26.09478520615921,0.0,0.0
2025-10-03 05:00:00,0.0,2.71,22.88,62.55,0.0,0.0,27.300668992839686,0.0,0.0
2025-10-03 06:00:00,42.6,3.26,23.2,68.44,6.816,0.8019901851851851,32.253310217355995,0.0,0.0
2025-10-03 07:00:00,165.15,3.95,24.44,73.34,26.424000000000003,1.426617476851852,33.9733206970107,0.0,0.0
2025-10-03 08:00:00,348.33,4.28,26.0,77.56,55.7328,1.8148785185185188,42.00235135061355,10.0,20.0
2025-10-03 09:00:00,590.78,4.31,27.26,33.8,94.5248,1.8533099768518515,48.652717539812485,20.0,40.0
2025-10-03 10:00:00,744.0,4.0,27.92,17.65,119.04000000000002,1.4814814814814814,62.16723114544825,30.0,60.0
2025-10-03 11:00:00,809.38,3.61,28.25,12.57,129.5008,1.089025023148148,72.91434378837072,40.0,80.0
2025-10-03 12:00:00,691.65,3.37,28.4,48.79,110.664,0.8859433564814816,77.16654397158018,50.0,100.0
2025-10-03 13:00:00,593.1,3.28,28.38,55.35,94.89600000000002,0.8168414814814813,80.6895277519446,50.0,100.0
2025-10-03 14:00:00,509.02,3.12,28.21,45.7,81.4432,0.7030400000000001,80.11473704558938,50.0,100.0
2025-10-03 15:00:00,324.8,2.79,27.87,58.06,51.96800000000001,0.0,80.34899885637306,40.0,80.0
2025-10-03 16:00:00,147.98,2.39,27.29,68.73,23.6768,0.0,77.27161186131131,30.0,60.0
2025-10-03 17:00:00,14.1,1.84,26.05,87.69,2.256,0.0,66.28231679810379,20.0,40.0
2025-10-03 18:00:00,0.0,1.92,25.17,98.2,0.0,0.0,62.12920669741444,10.0,20.0
2025-10-03 19:00:00,0.0,1.98,24.8,98.15,0.0,0.0,50.728502351253965,0.0,0.0
2025-10-03 20:00:00,0.0,2.0,24.47,99.34,0.0,0.0,40.28049399754415,0.0,0.0
2025-10-03 21:00:00,0.0,1.97,24.18,99.58,0.0,0.0,38.9447817753072,0.0,0.0
2025-10-03 22:00:00,0.0,1.87,23.89,99.6,0.0,0.0,29.595802173618857,0.0,0.0
2025-10-03 23:00:00,0.0,1.74,23.66,99.77,0.0,0.0,29.20519982343989,0.0,0.0
2025-10-04 00:00:00,0.0,1.56,23.5,99.78,0.0,0.0,14.719834317443922,0.0,0.0
2025-10-04 01:00:00,0.0,1.34,23.45,99.78,0.0,0.0,14.984972831815336,0.0,0.0
2025-10-04 02:00:00,0.0,1.01,23.55,98.15,0.0,0.0,16.432740149899864,0.0,0.0
2025-10-04 03:00:00,0.0,0.57,23.71,98.16,0.0,0.0,16.365323552944204,0.0,0.0
2025-10-04 04:00:00,0.0,0.31,23.69,99.73,0.0,0.0,16.17032703835582,0.0,0.0
2025-10-04 05:00:00,0.0,0.8,23.37,98.75,0.0,0.0,15.571438384408244,0.0,0.0
2025-10-04 06:00:00,54.42,1.19,23.49,81.16,8.7072,0.0,18.292170007045495,0.0,0.0
2025-10-04 07:00:00,199.07,1.94,24.95,64.15,31.8512,0.0,21.200924143933776,10.0,20.0
2025-10-04 08:00:00,373.25,1.89,26.94,47.43,59.720000000000006,0.0,24.917584325742173,20.0,40.0
2025-10-04 09:00:00,583.15,2.01,28.65,28.84,93.304,0.0,31.1919771097614,30.0,60.0
2025-10-04 10:00:00,735.33,2.14,29.81,12.02,117.6528,0.0,37.5642373510131,40.0,80.0
2025-10-04 11:00:00,802.42,2.12,30.56,11.4,128.38719999999998,0.0,42.9839580294929,50.0,100.0
2025-10-04 12:00:00,778.85,2.12,31.15,11.47,124.616,0.0,45.817761586402554,50.0,100.0
2025-10-04 13:00:00,664.28,2.06,31.56,20.61,106.2848,0.0,48.826030775825416,50.0,100.0
2025-10-04 14:00:00,538.58,1.8,31.65,15.78,86.17280000000001,0.0,54.32127407268875,50.0,100.0
2025-10-04 15:00:00,334.58,1.39,31.4,34.88,53.5328,0.0,43.15697564168584,50.0,100.0
2025-10-04 16:00:00,139.52,1.41,30.95,53.97,22.3232,0.0,47.41584881096043,40.0,80.0
2025-10-04 17:00:00,12.77,1.67,28.69,77.56,2.0432,0.0,41.72415986746132,30.0,60.0
2025-10-04 18:00:00,0.0,2.52,26.4,98.46,0.0,0.0,32.955342914405136,20.0,40.0
2025-10-04 19:00:00,0.0,3.04,25.45,99.33,0.0,0.6503348148148148,30.78063884900495,10.0,20.0
2025-10-04 20:00:00,0.0,3.42,24.95,99.8,0.0,0.9259649999999998,26.232424029779267,0.0,0.0
2025-10-04 21:00:00,0.0,3.62,24.54,99.94,0.0,1.0981001851851853,22.625347834993175,0.0,0.0
2025-10-04 22:00:00,0.0,3.75,24.16,99.91,0.0,1.220703125,18.6836694990937,0.0,0.0
2025-10-04 23:00:00,0.0,3.88,23.76,100.0,0.0,1.352108148148148,16.43607540452206,0.0,0.0
2025-10-05 00:00:00,0.0,3.92,23.28,100.0,0.0,1.3943585185185183,14.727607651027968,0.0,0.0
2025-10-05 01:00:00,0.0,4.03,22.85,5.2,0.0,1.5150654398148151,15.152478325732938,0.0,0.0
2025-10-05 02:00:00,0.0,4.05,22.42,100.0,0.0,1.5377343749999997,15.257086789275522,0.0,0.0
2025-10-05 03:00:00,0.0,4.1,22.06,99.99,0.0,1.595393518518518,14.913416670207601,0.0,0.0
2025-10-05 04:00:00,0.0,4.08,21.82,100.0,0.0,1.5721600000000002,14.606312785779453,0.0,0.0
2025-10-05 05:00:00,0.0,4.23,21.64,99.99,0.0,1.7520131250000006,16.27094438811067,0.0,0.0
2025-10-05 06:00:00,54.25,4.82,22.01,64.61,8.68,2.5921335185185197,18.035528359966946,0.0,0.0
2025-10-05 07:00:00,234.27,5.21,23.65,33.47,37.4832,3.273628726851852,21.06539680119764,10.0,20.0
2025-10-05 08:00:00,472.25,5.2,26.03,1.52,75.56,3.254814814814815,26.864465063721337,20.0,40.0
2025-10-05 09:00:00,647.55,5.07,27.97,3.66,103.608,3.0167556250000005,30.841990890219293,30.0,60.0
2025-10-05 10:00:00,740.08,4.31,29.3,18.78,118.41280000000002,1.8533099768518515,32.99355300837244,40.0,80.0
2025-10-05 11:00:00,789.65,3.42,30.16,20.46,126.344,0.9259649999999998,42.1561708693201,50.0,100.0
2025-10-05 12:00:00,746.5,2.79,30.55,25.9,119.44,0.0,46.11955919692808,50.0,100.0
2025-10-05 13:00:00,627.75,2.59,30.58,25.89,100.44,0.0,48.20551164187859,50.0,100.0
2025-10-05 14:00:00,506.95,2.75,30.34,21.91,81.11200000000001,0.0,50.46079967683136,50.0,100.0
2025-10-05 15:00:00,309.58,2.87,29.9,26.77,49.5328,0.0,53.055412993571885,46.47738700642812,92.95477401285623
2025-10-05 16:00:00,131.45,2.66,28.95,31.76,21.032,0.0,45.8819192797989,36.47738700642812,72.95477401285623
2025-10-05 17:00:00,13.15,2.3,26.91,36.77,2.104,0.0,39.91870254995914,26.477387006428117,52.954774012856234
2025-10-05 18:00:00,0.0,2.43,25.39,41.97,0.0,0.0,31.84251216580855,16.477387006428117,32.954774012856234
2025-10-05 19:00:00,0.0,2.54,24.86,49.65,0.0,0.0,27.355116829910223,6.477387006428117,12.954774012856236
2025-10-05 20:00:00,0.0,2.57,24.41,53.55,0.0,0.0,25.80535965743348,0.0,0.0
2025-10-05 21:00:00,0.0,2.57,23.98,66.0,0.0,0.0,22.03670610630796,0.0,0.0
2025-10-05 22:00:00,0.0,2.6,23.6,79.84,0.0,0.0,19.208854193977654,0.0,0.0
2025-10-05 23:00:00,0.0,2.61,23.25,91.69,0.0,0.0,16.759796354796215,0.0,0.0
2025-10-06 00:00:00,0.0,2.64,22.91,91.58,0.0,0.0,23.400145590853544,0.0,0.0
2025-10-06 01:00:00,0.0,2.69,22.59,90.04,0.0,0.0,23.667617450233863,0.0,0.0
2025-10-06 02:00:00,0.0,2.67,22.24,97.52,0.0,0.0,21.892279371223523,0.0,0.0
2025-10-06 03:00:00,0.0,2.62,21.91,98.49,0.0,0.0,24.57453152251389,0.0,0.0
2025-10-06 04:00:00,0.0,2.49,21.62,93.7,0.0,0.0,27.486968577619866,0.0,0.0
2025-10-06 05:00:00,0.0,2.25,21.46,99.54,0.0,0.0,28.952951032176244,0.0,0.0
2025-10-06 06:00:00,24.4,2.43,21.93,99.83,3.904,0.0,33.35570621610483,0.0,0.0
2025-10-06 07:00:00,96.15,3.35,23.35,99.66,15.384,0.8702633101851853,36.38903820598846,0.0,0.0
2025-10-06 08:00:00,183.25,4.08,24.94,99.09,29.32,1.5721600000000002,41.95639302846065,0.0,0.0
2025-10-06 09:00:00,159.82,4.28,26.32,99.4,25.5712,1.8148785185185188,53.99890014569444,0.0,0.0
2025-10-06 10:00:00,211.05,4.51,27.42,99.59,33.768,2.123468773148148,59.5384449804282,0.0,0.0
2025-10-06 11:00:00,259.35,4.85,28.01,98.69,41.49600000000001,2.640836226851851,69.63316127990977,0.0,0.0
2025-10-06 12:00:00,353.35,4.99,28.27,94.35,56.536,2.876192106481481,75.22272481617544,0.0,0.0
2025-10-06 13:00:00,417.48,4.79,28.25,82.86,66.7968,2.5440333101851853,83.65631449466088,0.0,0.0
2025-10-06 14:00:00,458.48,4.25,27.88,49.74,73.3568,1.7769820601851851,80.50477742608214,0.0,0.0
2025-10-06 15:00:00,258.55,3.69,27.58,61.09,41.368,1.163041875,83.06459340658876,0.0,0.0
2025-10-06 16:00:00,115.82,2.85,26.91,70.74,18.5312,0.0,71.81252025390862,0.0,0.0
2025-10-06 17:00:00,9.95,2.06,25.5,87.13,1.592,0.0,65.6236350099127,0.0,0.0
2025-10-06 18:00:00,0.0,1.89,24.36,98.55,0.0,0.0,59.09808549188951,0.0,0.0
2025-10-06 19:00:00,0.0,1.9,23.95,97.96,0.0,0.0,48.158676428726274,0.0,0.0
2025-10-06 20:00:00,0.0,2.03,23.56,83.26,0.0,0.0,43.6054345029504,0.0,0.0
2025-10-06 21:00:00,0.0,2.3,23.2,74.8,0.0,0.0,36.992748113427695,0.0,0.0
2025-10-06 22:00:00,0.0,2.8,22.85,59.08,0.0,0.0,30.643402381654248,0.0,0.0
2025-10-06 23:00:00,0.0,3.45,22.55,67.27,0.0,0.9505468750000002,27.691204140380393,0.0,0.0
2025-10-07 00:00:00,0.0,3.8,22.25,83.23,0.0,1.270185185185185,23.242228173456084,0.0,0.0
2025-10-07 01:00:00,0.0,3.43,22.01,80.47,0.0,0.9341112731481482,22.75147301478229,0.0,0.0
2025-10-07 02:00:00,0.0,2.65,21.79,78.17,0.0,0.0,24.06765620327322,0.0,0.0
2025-10-07 03:00:00,0.0,2.24,21.46,77.88,0.0,0.0,24.66076260575894,0.0,0.0
2025-10-07 04:00:00,0.0,2.18,21.09,79.4,0.0,0.0,24.300712299665488,0.0,0.0
2025-10-07 05:00:00,0.0,2.16,20.75,70.79,0.0,0.0,27.541504350036046,0.0,0.0
2025-10-07 06:00:00,40.05,2.59,21.02,55.66,6.408,0.0,32.432716709338244,0.0,0.0
2025-10-07 07:00:00,173.9,3.57,22.08,40.04,27.824,1.053224375,35.41620885980151,0.0,0.0
2025-10-07 08:00:00,347.67,3.82,22.98,28.13,55.62720000000001,1.2903464814814811,39.59379834167911,10.0,20.0
2025-10-07 09:00:00,473.55,3.74,24.24,39.77,75.76800000000001,1.2109635185185188,48.445733713001516,20.0,40.0
2025-10-07 10:00:00,600.47,3.71,25.51,35.41,96.0752,1.182055810185185,55.53338420190474,30.0,60.0
2025-10-07 11:00:00,750.8,3.83,26.45,22.4,120.128,1.3005066435185186,65.11846393360773,40.0,80.0
2025-10-07 12:00:00,703.0,4.05,26.99,38.28,112.48,1.5377343749999997,75.06688403955754,50.0,100.0
2025-10-07 13:00:00,584.35,4.2,27.17,48.55,93.496,1.715,72.42832353681099,50.0,100.0
2025-10-07 14:00:00,419.8,4.06,26.98,52.21,67.168,1.5491531481481478,78.61991592282673,40.09723722532142,80.19447445064284
2025-10-07 15:00:00,245.98,3.71,26.31,63.83,39.3568,1.182055810185185,74.83360224358124,30.09723722532142,60.19447445064284
2025-10-07 16:00:00,97.43,3.03,24.86,75.22,15.5888,0.6439381249999998,71.20216098505206,20.09723722532142,40.19447445064284
2025-10-07 17:00:00,8.5,2.33,22.62,88.03,1.3600000000000003,0.0,68.00748665380951,10.097237225321422,20.194474450642844
2025-10-07 18:00:00,0.0,2.37,21.46,99.99,0.0,0.0,58.034634766374964,0.09723722532142176,0.19447445064284352
2025-10-07 19:00:00,0.0,2.26,21.2,99.98,0.0,0.0,48.81028498926103,0.0,0.0
2025-10-07 20:00:00,0.0,2.17,21.0,99.94,0.0,0.0,41.72544101068722,0.0,0.0
2025-10-07 21:00:00,0.0,2.15,20.49,99.99,0.0,0.0,37.02064051831347,0.0,0.0
2025-10-07 22:00:00,0.0,2.19,19.82,99.99,0.0,0.0,33.899266247852616,0.0,0.0
2025-10-07 23:00:00,0.0,2.2,19.22,99.98,0.0,0.0,27.932305849864527,0.0,0.0
2025-10-08 00:00:00,0.0,2.21,18.66,99.98,0.0,0.0,25.00592885458033,0.0,0.0
2025-10-08 01:00:00,0.0,2.22,18.14,42.89,0.0,0.0,26.7391115673463,0.0,0.0
2025-10-08 02:00:00,0.0,2.25,17.69,99.98,0.0,0.0,21.802986945648847,0.0,0.0
2025-10-08 03:00:00,0.0,2.29,17.3,99.98,0.0,0.0,25.981080371854503,0.0,0.0
2025-10-08 04:00:00,0.0,2.33,16.95,99.98,0.0,0.0,27.513735483801437,0.0,0.0
2025-10-08 05:00:00,0.0,2.34,16.61,99.98,0.0,0.0,30.971247799649007,0.0,0.0
2025-10-08 06:00:00,42.6,2.26,16.99,97.88,6.816,0.0,31.56588394609643,0.0,0.0
2025-10-08 07:00:00,178.48,2.92,18.89,95.91,28.5568,0.0,36.46394752659337,0.0,0.0
2025-10-08 08:00:00,347.75,2.52,21.01,94.46,55.64,0.0,41.3888570386502,10.0,20.0
2025-10-08 09:00:00,527.58,2.83,23.55,64.07,84.4128,0.0,42.17187412148048,20.0,40.0
2025-10-08 10:00:00,681.0,3.13,24.87,33.35,108.96000000000002,0.7098216898148147,61.332475592273084,30.0,60.0
2025-10-08 11:00:00,708.22,3.35,25.85,2.02,113.3152,0.8702633101851853,65.00400251919972,40.0,80.0
2025-10-08 12:00:00,639.55,3.51,26.48,49.02,102.328,1.0010081249999998,74.82195084438332,50.0,100.0
2025-10-08 13:00:00,609.45,3.59,26.76,3.03,97.512,1.0710249768518516,77.10592390133257,50.0,100.0
2025-10-08 14:00:00,465.12,3.51,26.77,0.5,74.4192,1.0010081249999998,89.25696222179823,40.0,80.0
2025-10-08 15:00:00,271.2,3.21,26.45,24.92,43.392,0.7656518749999999,78.10760855076506,30.0,60.0
2025-10-08 16:00:00,105.12,2.59,25.32,49.11,16.819200000000002,0.0,77.80740353256336,20.0,40.0
2025-10-08 17:00:00,9.15,2.07,22.91,75.06,1.4640000000000002,0.0,69.99841123552818,10.0,20.0
2025-10-08 18:00:00,0.0,2.05,21.76,99.98,0.0,0.0,58.54516359134795,0.0,0.0
2025-10-08 19:00:00,0.0,2.03,21.17,99.99,0.0,0.0,50.24091315364252,0.0,0.0
2025-10-08 20:00:00,0.0,2.02,20.53,99.99,0.0,0.0,42.69811936651162,0.0,0.0
2025-10-08 21:00:00,0.0,1.96,19.93,99.98,0.0,0.0,36.613218167236305,0.0,0.0
2025-10-08 22:00:00,0.0,1.84,19.46,99.98,0.0,0.0,30.397351154133567,0.0,0.0
2025-10-08 23:00:00,0.0,1.69,19.14,99.98,0.0,0.0,29.65819064156227,0.0,0.0
2025-10-09 00:00:00,0.0,1.48,18.92,99.99,0.0,0.0,26.24126685166646,0.0,0.0
2025-10-09 01:00:00,0.0,1.24,18.76,99.98,0.0,0.0,24.580679860958824,0.0,0.0
2025-10-09 02:00:00,0.0,1.13,18.48,11.3,0.0,0.0,25.144524788665038,0.0,0.0
2025-10-09 03:00:00,0.0,1.13,18.15,99.98,0.0,0.0,25.24574196071133,0.0,0.0
2025-10-09 04:00:00,0.0,1.19,17.8,99.97,0.0,0.0,24.884690600836613,0.0,0.0
2025-10-09 05:00:00,0.0,1.28,17.46,99.97,0.0,0.0,28.01741207032455,0.0,0.0
2025-10-09 06:00:00,41.42,1.38,17.44,83.58,6.627199999999999,0.0,28.317181376607877,0.0,0.0
2025-10-09 07:00:00,191.35,1.66,19.44,66.66,30.616,0.0,36.72973967758435,0.0,0.0
2025-10-09 08:00:00,343.8,1.73,21.1,55.69,55.00800000000001,0.0,41.7250871458073,10.0,20.0
2025-10-09 09:00:00,520.72,1.94,24.15,42.33,83.31520000000002,0.0,47.75274137035241,20.0,40.0
2025-10-09 10:00:00,655.78,2.45,26.02,28.8,104.9248,0.0,53.225802336874985,30.0,60.0
2025-10-09 11:00:00,771.7,2.8,26.95,15.07,123.472,0.0,70.24522653890955,40.0,80.0
2025-10-09 12:00:00,765.67,2.96,27.57,0.5,122.5072,0.0,78.66649072226627,50.0,100.0
2025-10-09 13:00:00,676.15,3.01,27.85,0.0,108.18400000000004,0.6312708564814813,69.6087765302778,50.0,100.0
2025-10-09 14:00:00,482.98,2.82,27.94,17.84,77.27680000000001,0.0,86.01425885636213,41.262541143637876,82.52508228727575
2025-10-09 15:00:00,278.42,2.55,27.45,36.14,44.5472,0.0,77.45594731434561,31.262541143637876,62.525082287275744
2025-10-09 16:00:00,105.35,2.33,26.32,55.15,16.856,0.0,71.25946540540401,21.262541143637876,42.52508228727575
2025-10-09 17:00:00,7.07,1.89,23.71,79.5,1.1312,0.0,71.56671340045739,11.262541143637876,22.52508228727575
2025-10-09 18:00:00,0.0,1.99,22.52,99.98,0.0,0.0,55.00896602813381,1.2625411436378755,2.525082287275751
2025-10-09 19:00:00,0.0,2.04,21.71,99.97,0.0,0.0,50.98047748038837,0.0,0.0
2025-10-09 20:00:00,0.0,2.04,20.95,99.97,0.0,0.0,43.407827920678145,0.0,0.0
2025-10-09 21:00:00,0.0,1.94,20.37,99.97,0.0,0.0,37.349228293795726,0.0,0.0
2025-10-09 22:00:00,0.0,1.75,20.0,99.97,0.0,0.0,34.80583766598219,0.0,0.0
2025-10-09 23:00:00,0.0,1.5,19.79,99.48,0.0,0.0,27.38438083152803,0.0,0.0
2025-10-10 00:00:00,0.0,1.2,19.54,99.97,0.0,0.0,22.8000728714913,0.0,0.0
2025-10-10 01:00:00,0.0,0.9,19.31,99.46,0.0,0.0,25.717353587064764,0.0,0.0
2025-10-10 02:00:00,0.0,0.72,19.09,0.08,0.0,0.0,25.435278770624407,0.0,0.0
2025-10-10 03:00:00,0.0,0.64,18.77,99.97,0.0,0.0,24.81526381902295,0.0,0.0
2025-10-10 04:00:00,0.0,0.55,18.52,99.97,0.0,0.0,24.49822599033159,0.0,0.0
2025-10-10 05:00:00,0.0,0.4,18.45,99.97,0.0,0.0,28.812674793254754,0.0,0.0
2025-10-10 06:00:00,40.2,0.19,18.5,79.75,6.432,0.0,30.101867128489506,0.0,0.0
2025-10-10 07:00:00,178.8,0.2,19.69,64.27,28.608000000000004,0.0,37.12764218439069,0.0,0.0
2025-10-10 08:00:00,374.88,0.59,21.14,48.75,59.9808,0.0,41.37166149357616,10.0,20.0
2025-10-10 09:00:00,565.28,0.93,24.67,33.75,90.4448,0.0,52.836508176582775,20.0,40.0
2025-10-10 10:00:00,719.2,1.53,26.7,18.37,115.072,0.0,59.56709444192701,30.0,60.0
2025-10-10 11:00:00,834.33,1.92,27.49,1.06,133.49280000000002,0.0,59.592234109176374,40.0,80.0
2025-10-10 12:00:00,802.53,2.2,27.9,9.21,128.4048,0.0,74.08386867596907,50.0,100.0
2025-10-10 13:00:00,687.15,2.37,28.03,12.2,109.944,0.0,81.84627971886363,50.0,100.0
2025-10-10 14:00:00,552.62,2.38,27.9,10.48,88.4192,0.0,85.51079701670503,50.0,100.0
2025-10-10 15:00:00,336.98,2.35,27.57,29.43,53.9168,0.0,80.94018842311377,40.0,80.0
2025-10-10 16:00:00,134.32,2.09,26.49,49.05,21.4912,0.0,79.36315432940015,30.0,60.0
2025-10-10 17:00:00,9.3,1.62,24.45,76.76,1.4880000000000002,0.0,66.01163141445346,20.0,40.0
2025-10-10 18:00:00,0.0,1.31,23.81,99.95,0.0,0.0,55.736080845671886,10.0,20.0
2025-10-10 19:00:00,0.0,1.05,23.46,99.96,0.0,0.0,48.70286182636208,0.0,0.0
2025-10-10 20:00:00,0.0,0.89,22.87,99.97,0.0,0.0,45.07131867965885,0.0,0.0
2025-10-10 21:00:00,0.0,0.76,22.36,99.99,0.0,0.0,38.2313550130411,0.0,0.0
2025-10-10 22:00:00,0.0,0.55,21.99,98.37,0.0,0.0,33.33745541844556,0.0,0.0
2025-10-10 23:00:00,0.0,0.2,21.49,97.38,0.0,0.0,28.90001148004594,0.0,0.0
2025-10-11 00:00:00,0.0,0.25,20.9,95.88,0.0,0.0,13.943087960407178,0.0,0.0
2025-10-11 01:00:00,0.0,0.67,20.05,1.47,0.0,0.0,14.596715797849146,0.0,0.0
2025-10-11 02:00:00,0.0,0.93,19.18,97.96,0.0,0.0,14.904128533775264,0.0,0.0
2025-10-11 03:00:00,0.0,1.11,18.61,96.45,0.0,0.0,15.400356323076677,0.0,0.0
2025-10-11 04:00:00,0.0,1.28,17.92,96.95,0.0,0.0,16.198063070645315,0.0,0.0
2025-10-11 05:00:00,0.0,1.42,17.39,99.47,0.0,0.0,16.2252022977388,0.0,0.0
2025-10-11 06:00:00,46.15,1.5,17.23,81.91,7.383999999999999,0.0,19.033462716925413,0.0,0.0
2025-10-11 07:00:00,199.73,1.63,19.31,65.82,31.9568,0.0,21.258569837528036,10.0,20.0
2025-10-11 08:00:00,391.62,1.58,21.03,49.69,62.6592,0.0,23.368184908862247,20.0,40.0
2025-10-11 09:00:00,578.3,1.85,24.57,33.73,92.528,0.0,27.785691629546246,30.0,60.0
2025-10-11 10:00:00,732.62,2.38,27.08,17.54,117.2192,0.0,36.581456581555294,40.0,80.0
2025-10-11 11:00:00,843.92,2.51,27.93,0.51,135.0272,0.0,39.938346758857776,50.0,100.0
2025-10-11 12:00:00,817.25,2.65,28.39,1.08,130.76000000000002,0.0,45.875342248346065,50.0,100.0
2025-10-11 13:00:00,706.1,2.77,28.55,7.78,112.976,0.0,50.525144025402824,50.0,100.0
2025-10-11 14:00:00,549.38,2.83,28.58,4.23,87.9008,0.0,52.57834567626686,50.0,100.0
2025-10-11 15:00:00,311.35,2.79,27.99,27.54,49.816,0.0,47.90010326954805,50.0,100.0
2025-10-11 16:00:00,118.78,2.63,26.77,48.17,19.0048,0.0,47.96190158890497,40.0,80.0
2025-10-11 17:00:00,7.68,2.16,23.76,75.18,1.2288,0.0,40.247233676466436,30.0,60.0
2025-10-11 18:00:00,0.0,2.27,22.45,98.95,0.0,0.0,36.98244684794727,20.0,40.0
2025-10-11 19:00:00,0.0,2.33,21.67,96.96,0.0,0.0,30.55200292635458,10.0,20.0
2025-10-11 20:00:00,0.0,2.43,20.79,96.46,0.0,0.0,26.73309001623532,0.0,0.0
2025-10-11 21:00:00,0.0,2.56,19.89,94.95,0.0,0.0,21.671080943300765,0.0,0.0
2025-10-11 22:00:00,0.0,2.65,19.14,96.45,0.0,0.0,18.94896919887406,0.0,0.0
2025-10-11 23:00:00,0.0,2.71,18.56,95.45,0.0,0.0,16.915437425579128,0.0,0.0
2025-10-12 00:00:00,0.0,2.73,18.1,98.44,0.0,0.0,15.425821130873542,0.0,0.0
2025-10-12 01:00:00,0.0,2.74,17.76,2.18,0.0,0.0,13.716030138347106,0.0,0.0
2025-10-12 02:00:00,0.0,2.73,17.54,98.97,0.0,0.0,15.062420526284757,0.0,0.0
2025-10-12 03:00:00,0.0,2.68,17.36,97.45,0.0,0.0,16.053130957593613,0.0,0.0
2025-10-12 04:00:00,0.0,2.6,17.18,97.45,0.0,0.0,15.144383516908306,0.0,0.0
2025-10-12 05:00:00,0.0,2.47,17.1,98.96,0.0,0.0,16.883658369103003,0.0,0.0
2025-10-12 06:00:00,43.6,2.24,17.55,77.5,6.976000000000001,0.0,20.046013657097905,0.0,0.0
2025-10-12 07:00:00,209.7,2.05,20.55,58.33,33.552,0.0,22.941888113388778,10.0,20.0
2025-10-12 08:00:00,423.85,1.86,22.58,39.97,67.816,0.0,24.966432951111933,20.0,40.0
2025-10-12 09:00:00,623.67,2.02,25.74,21.91,99.7872,0.0,29.48819092591631,30.0,60.0
2025-10-12 10:00:00,777.3,2.44,27.58,2.54,124.368,0.0,35.25521570499103,40.0,80.0
2025-10-12 11:00:00,840.75,2.37,28.29,4.15,134.52,0.0,40.388864477828704,50.0,100.0
2025-10-12 12:00:00,800.8,2.35,28.77,7.03,128.128,0.0,43.542802049666605,50.0,100.0
2025-10-12 13:00:00,731.03,2.28,28.97,2.53,116.9648,0.0,49.564794564317296,50.0,100.0
2025-10-12 14:00:00,577.15,2.23,28.83,1.01,92.344,0.0,46.388492482033875,50.0,100.0
2025-10-12 15:00:00,350.6,2.17,28.44,25.04,56.096,0.0,48.19405431069096,50.0,100.0
2025-10-12 16:00:00,131.88,2.05,27.4,47.24,21.1008,0.0,46.73943765614531,40.0,80.0
2025-10-12 17:00:00,8.05,1.59,25.11,74.3,1.288,0.0,39.14976206366952,30.0,60.0
2025-10-12 18:00:00,0.0,1.51,24.09,98.97,0.0,0.0,33.38221965990836,20.0,40.0
2025-10-12 19:00:00,0.0,1.53,23.43,97.47,0.0,0.0,30.10071003943653,10.0,20.0
2025-10-12 20:00:00,0.0,1.6,22.5,98.47,0.0,0.0,25.37266076542573,0.0,0.0
2025-10-12 21:00:00,0.0,1.65,21.56,95.45,0.0,0.0,23.046867585512064,0.0,0.0
2025-10-12 22:00:00,0.0,1.66,20.73,96.46,0.0,0.0,17.62373334874641,0.0,0.0
2025-10-12 23:00:00,0.0,1.63,20.05,96.46,0.0,0.0,15.853592442996074,0.0,0.0
2025-10-13 00:00:00,0.0,1.56,19.51,94.45,0.0,0.0,23.46029521289216,0.0,0.0
2025-10-13 01:00:00,0.0,1.43,19.11,0.27,0.0,0.0,24.265607426712346,0.0,0.0
2025-10-13 02:00:00,0.0,1.25,18.77,98.97,0.0,0.0,22.129567243342077,0.0,0.0
2025-10-13 03:00:00,0.0,1.07,18.54,98.97,0.0,0.0,25.552003928082403,0.0,0.0
2025-10-13 04:00:00,0.0,0.93,18.19,98.96,0.0,0.0,26.298094086980207,0.0,0.0
2025-10-13 05:00:00,0.0,0.87,17.96,98.45,0.0,0.0,28.905347447320597,0.0,0.0
2025-10-13 06:00:00,41.53,0.84,17.97,81.21,6.644800000000001,0.0,31.4238264265127,0.0,0.0
2025-10-13 07:00:00,190.8,0.89,19.52,67.38,30.52800000000001,0.0,33.32420937154289,0.0,0.0
2025-10-13 08:00:00,374.88,1.03,21.26,54.11,59.9808,0.0,45.06499245524758,10.0,20.0
2025-10-13 09:00:00,554.42,0.98,24.76,40.86,88.7072,0.0,50.665185767869026,20.0,40.0
2025-10-13 10:00:00,701.65,0.8,27.76,27.58,112.264,0.0,59.287678243712016,30.0,60.0
2025-10-13 11:00:00,788.47,0.71,28.68,14.23,126.1552,0.0,65.15665650973607,40.0,80.0
2025-10-13 12:00:00,812.92,0.67,29.19,0.31,130.0672,0.0,74.89967966781327,50.0,100.0
2025-10-13 13:00:00,682.4,0.72,29.42,16.46,109.184,0.0,75.4753608239485,50.0,100.0
2025-10-13 14:00:00,498.05,0.8,29.32,31.87,79.688,0.0,79.42717961752724,50.0,100.0
2025-10-13 15:00:00,294.33,0.9,28.99,47.55,47.0928,0.0,82.85135715104974,40.0,80.0
2025-10-13 16:00:00,109.35,0.93,28.12,63.18,17.496,0.0,81.13622590281248,30.0,60.0
2025-10-13 17:00:00,6.28,0.91,26.4,82.02,1.0048,0.0,72.22686152958188,20.0,40.0
2025-10-13 18:00:00,0.0,1.2,24.87,98.47,0.0,0.0,58.881688751724894,10.0,20.0
2025-10-13 19:00:00,0.0,1.52,23.7,96.97,0.0,0.0,51.172552895923104,0.0,0.0
2025-10-13 20:00:00,0.0,1.74,22.53,98.48,0.0,0.0,40.34996206765305,0.0,0.0
2025-10-13 21:00:00,0.0,1.84,21.52,96.47,0.0,0.0,37.86079495030577,0.0,0.0
2025-10-13 22:00:00,0.0,1.85,20.69,92.95,0.0,0.0,33.09780601734564,0.0,0.0
2025-10-13 23:00:00,0.0,1.8,20.0,92.95,0.0,0.0,29.00320662610643,0.0,0.0
2025-10-14 00:00:00,0.0,1.71,19.41,3.87,0.0,0.0,23.6779436744916,0.0,0.0
2025-10-14 01:00:00,0.0,1.59,18.91,98.98,0.0,0.0,23.246129431464116,0.0,0.0
2025-10-14 02:00:00,0.0,1.51,18.41,2.31,0.0,0.0,24.29066849219759,0.0,0.0
2025-10-14 03:00:00,0.0,1.48,17.93,98.47,0.0,0.0,26.38142743384916,0.0,0.0
2025-10-14 04:00:00,0.0,1.47,17.47,99.48,0.0,0.0,25.41570715502911,0.0,0.0
2025-10-14 05:00:00,0.0,1.49,17.03,98.43,0.0,0.0,27.06752683590865,0.0,0.0
2025-10-14 06:00:00,42.65,1.52,16.85,83.72,6.824,0.0,32.585390024027014,0.0,0.0
2025-10-14 07:00:00,194.52,1.77,18.95,71.46,31.1232,0.0,39.581437215712356,0.0,0.0
2025-10-14 08:00:00,376.1,2.03,20.85,59.6,60.176000000000016,0.0,40.93605966695045,10.0,20.0
2025-10-14 09:00:00,547.35,2.27,24.34,47.8,87.57600000000001,0.0,47.26365844566504,20.0,40.0
2025-10-14 10:00:00,685.45,2.15,26.68,36.05,109.672,0.0,59.85962234707349,30.0,60.0
2025-10-14 11:00:00,757.33,1.87,27.81,24.34,121.1728,0.0,68.71079557476587,40.0,80.0
2025-10-14 12:00:00,777.7,1.65,28.44,12.35,124.43200000000002,0.0,75.6923903225929,50.0,100.0
2025-10-14 13:00:00,714.05,1.57,28.65,0.01,114.248,0.0,79.34534745352043,50.0,100.0
2025-10-14 14:00:00,541.05,1.57,28.51,19.28,86.56799999999998,0.0,84.87344218143687,50.0,100.0
2025-10-14 15:00:00,323.8,1.65,28.06,37.71,51.80800000000001,0.0,73.72057935671562,40.0,80.0
2025-10-14 16:00:00,118.2,1.73,26.91,55.92,18.912000000000003,0.0,74.77089363133501,30.0,60.0
2025-10-14 17:00:00,6.82,1.92,23.83,78.26,1.0912000000000002,0.0,70.11956891785384,20.0,40.0
2025-10-14 18:00:00,0.0,2.39,21.74,97.96,0.0,0.0,54.60373369053419,10.0,20.0
2025-10-14 19:00:00,0.0,2.62,20.68,98.98,0.0,0.0,49.88846871683419,0.0,0.0
2025-10-14 20:00:00,0.0,2.71,19.91,95.47,0.0,0.0,41.34229834158672,0.0,0.0
2025-10-14 21:00:00,0.0,2.73,19.3,95.47,0.0,0.0,37.46084859771907,0.0,0.0
2025-10-14 22:00:00,0.0,2.72,18.75,93.46,0.0,0.0,33.545051723841496,0.0,0.0
2025-10-14 23:00:00,0.0,2.7,18.26,91.45,0.0,0.0,23.672804237134557,0.0,0.0
2025-10-15 00:00:00,0.0,2.66,17.81,93.96,0.0,0.0,24.083240538058725,0.0,0.0
2025-10-15 01:00:00,0.0,2.6,17.43,96.98,0.0,0.0,22.68921034949311,0.0,0.0
2025-10-15 02:00:00,0.0,2.52,17.09,0.98,0.0,0.0,24.852616414427768,0.0,0.0
2025-10-15 03:00:00,0.0,2.43,16.78,95.96,0.0,0.0,24.44054377275231,0.0,0.0
2025-10-15 04:00:00,0.0,2.36,16.54,95.96,0.0,0.0,28.45144267436794,0.0,0.0
2025-10-15 05:00:00,0.0,2.31,16.32,96.96,0.0,0.0,29.68099504380885,0.0,0.0
2025-10-15 06:00:00,38.92,2.24,16.52,81.4,6.227200000000001,0.0,30.389691424365132,0.0,0.0
2025-10-15 07:00:00,187.05,2.35,19.5,67.74,29.928000000000004,0.0,33.95998447338199,0.0,0.0
2025-10-15 08:00:00,369.38,2.51,21.49,54.37,59.10079999999999,0.0,42.11709704438723,10.0,20.0
2025-10-15 09:00:00,544.62,2.44,24.37,41.33,87.1392,0.0,48.3748887492278,20.0,40.0
2025-10-15 10:00:00,689.15,2.3,26.68,28.27,110.264,0.0,59.70741455024366,30.0,60.0
2025-10-15 11:00:00,755.15,2.0,27.42,15.04,120.824,0.0,69.94414616147026,40.0,80.0
2025-10-15 12:00:00,779.53,1.67,27.87,1.01,124.7248,0.0,74.17835669205544,50.0,100.0
2025-10-15 13:00:00,686.45,1.37,28.11,3.21,109.832,0.0,80.4981439690727,50.0,100.0
2025-10-15 14:00:00,487.33,1.11,28.03,21.81,77.9728,0.0,78.55545295376191,49.41734704623809,98.83469409247618
2025-10-15 15:00:00,283.48,0.97,27.67,37.69,45.35680000000001,0.0,80.57389822739083,39.41734704623809,78.83469409247618
2025-10-15 16:00:00,100.82,0.95,26.92,54.51,16.1312,0.0,81.93178996254407,29.417347046238092,58.834694092476184
2025-10-15 17:00:00,4.85,1.08,24.85,80.13,0.7759999999999999,0.0,65.83894607687361,19.417347046238092,38.834694092476184
2025-10-15 18:00:00,0.0,1.47,23.33,99.48,0.0,0.0,55.8111512796131,9.417347046238092,18.834694092476184
2025-10-15 19:00:00,0.0,1.72,22.23,99.98,0.0,0.0,56.06795518751405,0.0,0.0
2025-10-15 20:00:00,0.0,1.91,21.26,97.48,0.0,0.0,45.04704988386231,0.0,0.0
2025-10-15 21:00:00,0.0,2.0,20.49,96.98,0.0,0.0,36.14775952951344,0.0,0.0
2025-10-15 22:00:00,0.0,2.04,19.88,91.95,0.0,0.0,30.452356515492617,0.0,0.0
2025-10-15 23:00:00,0.0,2.05,19.37,86.79,0.0,0.0,27.472102214376076,0.0,0.0
2025-10-16 00:00:00,0.0,2.04,18.92,84.33,0.0,0.0,22.914799639243704,0.0,0.0
2025-10-16 01:00:00,0.0,2.03,18.52,0.11,0.0,0.0,23.50483121820595,0.0,0.0
2025-10-16 02:00:00,0.0,1.93,18.33,87.86,0.0,0.0,23.949282338417117,0.0,0.0
2025-10-16 03:00:00,0.0,1.76,18.28,91.4,0.0,0.0,25.274416584566744,0.0,0.0
2025-10-16 04:00:00,0.0,1.61,18.21,93.92,0.0,0.0,25.965806532607743,0.0,0.0
2025-10-16 05:00:00,0.0,1.49,18.0,97.95,0.0,0.0,27.572598166653297,0.0,0.0
2025-10-16 06:00:00,44.75,1.4,18.2,82.31,7.16,0.0,28.799336973793583,0.0,0.0
2025-10-16 07:00:00,212.4,1.25,20.3,69.41,33.984,0.0,38.18624284547539,0.0,0.0
2025-10-16 08:00:00,414.27,1.33,22.14,58.13,66.28320000000001,0.0,41.98951351390722,10.0,20.0
2025-10-16 09:00:00,592.78,1.18,24.7,46.93,94.8448,0.0,48.047101513034065,20.0,40.0
2025-10-16 10:00:00,722.08,0.63,27.9,35.44,115.5328,0.0,62.844700466265635,30.0,60.0
2025-10-16 11:00:00,771.17,0.32,28.9,24.15,123.3872,0.0,69.79405123999707,40.0,80.0
2025-10-16 12:00:00,764.47,0.27,29.41,12.33,122.3152,0.0,80.282483427941,50.0,100.0
2025-10-16 13:00:00,677.58,0.22,29.66,0.05,108.41280000000002,0.0,86.86359162543144,50.0,100.0
2025-10-16 14:00:00,505.85,0.11,29.57,19.28,80.936,0.0,84.55267358489972,46.383326415100285,92.76665283020057
2025-10-16 15:00:00,292.83,0.09,29.16,37.56,46.8528,0.0,85.35188293938833,36.383326415100285,72.76665283020057
2025-10-16 16:00:00,102.78,0.22,28.07,55.7,16.4448,0.0,78.84797417173736,26.383326415100285,52.76665283020057
2025-10-16 17:00:00,5.3,0.52,26.45,78.3,0.8480000000000001,0.0,62.91315230332634,16.383326415100285,32.76665283020057
2025-10-16 18:00:00,0.0,0.97,24.97,97.97,0.0,0.0,59.29661721986382,6.383326415100285,12.76665283020057
2025-10-16 19:00:00,0.0,1.31,23.91,95.95,0.0,0.0,53.6960442273228,0.0,0.0
2025-10-16 20:00:00,0.0,1.56,22.8,92.92,0.0,0.0,42.974013906064116,0.0,0.0
2025-10-16 21:00:00,0.0,1.72,21.74,94.43,0.0,0.0,32.760285379529684,0.0,0.0
2025-10-16 22:00:00,0.0,1.84,20.85,91.91,0.0,0.0,30.311870494155126,0.0,0.0
2025-10-16 23:00:00,0.0,1.92,20.04,90.39,0.0,0.0,29.667874648272424,0.0,0.0
2025-10-17 00:00:00,0.0,2.0,19.27,93.45,0.0,0.0,25.121849496911373,0.0,0.0
2025-10-17 01:00:00,0.0,2.13,18.51,0.06,0.0,0.0,24.939231545000617,0.0,0.0
2025-10-17 02:00:00,0.0,2.14,18.03,98.45,0.0,0.0,25.88866983951585,0.0,0.0
2025-10-17 03:00:00,0.0,2.01,17.81,97.46,0.0,0.0,25.983595992572187,0.0,0.0
2025-10-17 04:00:00,0.0,1.82,17.78,97.96,0.0,0.0,25.84781524055201,0.0,0.0
2025-10-17 05:00:00,0.0,1.57,17.87,96.43,0.0,0.0,28.959340492595864,0.0,0.0
2025-10-17 06:00:00,37.05,1.3,18.17,75.56,5.928000000000001,0.0,30.806979764767,0.0,0.0
2025-10-17 07:00:00,191.6,1.08,20.27,56.63,30.656,0.0,34.90571040173773,0.0,0.0
2025-10-17 08:00:00,391.9,1.02,22.21,38.29,62.704,0.0,41.7183376536911,10.0,20.0
2025-10-17 09:00:00,593.1,0.76,25.01,19.93,94.89600000000002,0.0,55.81843055624891,20.0,40.0
2025-10-17 10:00:00,763.35,0.55,28.67,0.51,122.136,0.0,62.319306262852905,30.0,60.0
2025-10-17 11:00:00,803.55,0.35,29.51,0.51,128.568,0.0,69.92919110262517,40.0,80.0
2025-10-17 12:00:00,779.5,0.37,29.89,0.3,124.72,0.0,80.71536403232913,50.0,100.0
2025-10-17 13:00:00,664.4,0.51,29.98,15.42,106.304,0.0,86.28143537083557,50.0,100.0
2025-10-17 14:00:00,494.0,0.7,29.77,30.2,79.04,0.0,86.33669123138094,42.70330876861907,85.40661753723813
2025-10-17 15:00:00,293.08,0.88,29.37,45.35,46.8928,0.0,79.73033613478611,32.70330876861907,65.40661753723813
2025-10-17 16:00:00,105.78,0.93,28.48,60.4,16.9248,0.0,80.35186063220485,22.703308768619067,45.406617537238134
2025-10-17 17:00:00,5.43,0.72,26.8,78.66,0.8688000000000001,0.0,69.7062399233261,12.703308768619067,25.406617537238134
2025-10-17 18:00:00,0.0,0.67,25.94,94.42,0.0,0.0,64.15132654242053,2.703308768619067,5.406617537238134
2025-10-17 19:00:00,0.0,0.75,25.1,88.92,0.0,0.0,50.97143192557347,0.0,0.0
2025-10-17 20:00:00,0.0,0.83,24.3,82.38,0.0,0.0,41.0950519343688,0.0,0.0
2025-10-17 21:00:00,0.0,0.81,23.57,79.37,0.0,0.0,35.66434208419412,0.0,0.0
2025-10-17 22:00:00,0.0,0.65,22.96,78.87,0.0,0.0,29.947798714957802,0.0,0.0
2025-10-17 23:00:00,0.0,0.41,22.51,76.36,0.0,0.0,28.629244140622976,0.0,0.0
2025-10-18 00:00:00,0.0,0.16,22.0,74.85,0.0,0.0,14.54801833568814,0.0,0.0
2025-10-18 01:00:00,0.0,0.19,21.36,0.0,0.0,0.0,13.549446222924082,0.0,0.0
2025-10-18 02:00:00,0.0,0.2,20.89,81.38,0.0,0.0,14.990002387896265,0.0,0.0
2025-10-18 03:00:00,0.0,0.13,20.47,81.88,0.0,0.0,16.60938792321508,0.0,0.0
2025-10-18 04:00:00,0.0,0.35,19.99,83.38,0.0,0.0,17.224654363982033,0.0,0.0
2025-10-18 05:00:00,0.0,0.68,19.41,90.41,0.0,0.0,17.482916345063757,0.0,0.0
2025-10-18 06:00:00,43.75,0.98,18.73,58.9,7.0,0.0,18.887993908068815,0.0,0.0
2025-10-18 07:00:00,226.85,1.27,19.96,30.36,36.296,0.0,17.91041964294966,10.0,20.0
2025-10-18 08:00:00,458.52,1.6,21.62,0.5,73.36319999999999,0.0,25.12714781799478,20.0,40.0
2025-10-18 09:00:00,636.38,1.7,24.41,0.38,101.8208,0.0,30.16258754595174,30.0,60.0
2025-10-18 10:00:00,757.47,1.73,27.63,0.25,121.1952,0.0,33.52167260744449,40.0,80.0
2025-10-18 11:00:00,807.85,1.53,28.63,0.13,129.25600000000003,0.0,40.652814133109295,50.0,100.0
2025-10-18 12:00:00,786.72,1.26,29.03,0.0,125.8752,0.0,46.657100976657105,50.0,100.0
2025-10-18 13:00:00,655.25,1.01,29.17,13.74,104.84000000000002,0.0,48.892792136100795,50.0,100.0
2025-10-18 14:00:00,480.88,0.86,29.05,28.42,76.9408,0.0,51.79564097653613,50.0,100.0
2025-10-18 15:00:00,279.12,0.82,28.65,43.75,44.6592,0.0,46.695080742521,47.964119257479,95.928238514958
2025-10-18 16:00:00,97.93,0.84,27.84,59.0,15.668800000000005,0.0,40.41027683802085,37.964119257479,75.928238514958
2025-10-18 17:00:00,3.58,1.09,25.64,83.13,0.5728000000000001,0.0,34.70705113699795,27.964119257479,55.928238514958
2025-10-18 18:00:00,0.0,1.48,24.22,99.99,0.0,0.0,32.65439860935696,17.964119257479,35.928238514958
2025-10-18 19:00:00,0.0,1.75,23.04,98.99,0.0,0.0,29.799369930379793,7.964119257478998,15.928238514957997
2025-10-18 20:00:00,0.0,1.88,22.15,99.98,0.0,0.0,23.886276315753587,0.0,0.0
2025-10-18 21:00:00,0.0,1.9,21.45,97.98,0.0,0.0,22.05232792025011,0.0,0.0
2025-10-18 22:00:00,0.0,1.92,20.77,93.96,0.0,0.0,19.918615030013022,0.0,0.0
2025-10-18 23:00:00,0.0,1.93,20.1,95.47,0.0,0.0,16.47182617537599,0.0,0.0
2025-10-19 00:00:00,0.0,1.93,19.48,5.11,0.0,0.0,14.27866669553292,0.0,0.0
2025-10-19 01:00:00,0.0,1.85,19.03,94.46,0.0,0.0,13.720514668642316,0.0,0.0
2025-10-19 02:00:00,0.0,1.72,18.7,9.9,0.0,0.0,15.876798330372825,0.0,0.0
2025-10-19 03:00:00,0.0,1.59,18.38,95.97,0.0,0.0,13.421505901600876,0.0,0.0
2025-10-19 04:00:00,0.0,1.5,18.1,94.96,0.0,0.0,15.375489725483193,0.0,0.0
2025-10-19 05:00:00,0.0,1.51,17.77,98.48,0.0,0.0,16.357583629058603,0.0,0.0
2025-10-19 06:00:00,32.8,1.58,17.55,77.03,5.247999999999999,0.0,20.715980175494774,0.0,0.0
2025-10-19 07:00:00,179.43,1.59,19.53,57.7,28.708800000000004,0.0,22.30168387013139,6.407116129868612,12.814232259737224
2025-10-19 08:00:00,376.88,1.99,21.52,38.79,60.30080000000001,0.0,23.921169741366096,16.407116129868612,32.814232259737224
2025-10-19 09:00:00,576.62,2.13,24.08,20.07,92.2592,0.0,28.621079379238413,26.407116129868612,52.814232259737224
2025-10-19 10:00:00,746.15,2.76,27.6,0.51,119.384,0.0,33.43463300019809,36.40711612986861,72.81423225973722
2025-10-19 11:00:00,787.15,2.86,28.45,0.76,125.94400000000002,0.0,42.01492499295966,46.40711612986861,92.81423225973722
2025-10-19 12:00:00,765.12,2.81,28.81,1.01,122.4192,0.0,46.218299358190116,50.0,100.0
2025-10-19 13:00:00,670.33,2.67,28.9,0.01,107.25280000000004,0.0,48.88058477463889,50.0,100.0
2025-10-19 14:00:00,498.62,2.47,28.68,19.05,79.7792,0.0,53.284599494751916,50.0,100.0
2025-10-19 15:00:00,288.83,2.15,27.99,37.5,46.2128,0.0,48.95769882621935,47.25510117378065,94.5102023475613
2025-10-19 16:00:00,97.4,1.87,26.75,56.04,15.584,0.0,47.02092882493635,37.25510117378065,74.5102023475613
2025-10-19 17:00:00,4.28,1.74,23.97,76.75,0.6848000000000001,0.0,39.616002107102574,27.255101173780652,54.5102023475613
2025-10-19 18:00:00,0.0,1.89,22.78,95.96,0.0,0.0,36.33377719693839,17.255101173780652,34.510202347561304
2025-10-19 19:00:00,0.0,1.94,21.97,92.45,0.0,0.0,30.232019012233984,7.255101173780652,14.510202347561304
2025-10-19 20:00:00,0.0,1.98,21.23,82.4,0.0,0.0,25.21210841310443,0.0,0.0
2025-10-19 21:00:00,0.0,2.06,20.54,73.86,0.0,0.0,21.56200023479575,0.0,0.0
2025-10-19 22:00:00,0.0,2.14,19.83,74.36,0.0,0.0,19.167416848167143,0.0,0.0
2025-10-19 23:00:00,0.0,2.2,19.23,69.84,0.0,0.0,17.662013027300336,0.0,0.0
2025-10-20 00:00:00,0.0,2.2,18.79,70.34,0.0,0.0,23.40074351523627,0.0,0.0
2025-10-20 01:00:00,0.0,2.11,18.55,82.9,0.0,0.0,24.99256703649603,0.0,0.0
2025-10-20 02:00:00,0.0,2.03,18.31,0.27,0.0,0.0,26.540019632343157,0.0,0.0
2025-10-20 03:00:00,0.0,2.02,17.98,85.91,0.0,0.0,25.814797141888484,0.0,0.0
2025-10-20 04:00:00,0.0,2.07,17.57,86.4,0.0,0.0,25.71880120915409,0.0,0.0
2025-10-20 05:00:00,0.0,2.21,17.06,87.4,0.0,0.0,30.056568670902287,0.0,0.0
2025-10-20 06:00:00,31.05,2.38,16.78,73.71,4.968,0.0,28.711035642844493,0.0,0.0
2025-10-20 07:00:00,161.45,2.35,19.58,61.37,25.832,0.0,39.112581220598166,0.0,0.0
2025-10-20 08:00:00,335.12,3.15,21.74,49.86,53.619200000000006,0.7235156249999999,44.03418317880718,10.0,20.0
2025-10-20 09:00:00,504.95,3.06,24.08,38.51,80.79200000000002,0.6632550000000001,50.76585110465938,20.0,40.0
2025-10-20 10:00:00,643.9,3.06,27.21,27.31,103.024,0.6632550000000001,57.820968938242096,30.0,60.0
2025-10-20 11:00:00,700.55,2.7,28.3,15.94,112.08800000000002,0.0,69.32223319934174,40.0,80.0
2025-10-20 12:00:00,720.1,2.37,28.67,3.54,115.216,0.0,76.98282937619143,50.0,100.0
2025-10-20 13:00:00,625.95,2.1,28.78,10.11,100.152,0.0,81.04928477876095,50.0,100.0
2025-10-20 14:00:00,472.1,1.77,28.72,3.65,75.536,0.0,81.892722656609,43.643277343391006,87.28655468678201
2025-10-20 15:00:00,262.23,1.45,28.25,25.91,41.95680000000001,0.0,86.73666082100344,33.643277343391006,67.28655468678201
2025-10-20 16:00:00,88.15,1.25,27.34,46.14,14.104000000000005,0.0,68.64614515041185,23.643277343391006,47.28655468678201
2025-10-20 17:00:00,3.4,1.34,25.08,71.22,0.5439999999999999,0.0,65.11636590350001,13.643277343391006,27.28655468678201
2025-10-20 18:00:00,0.0,1.72,23.6,93.79,0.0,0.0,53.71871886151969,3.6432773433910057,7.2865546867820115
2025-10-20 19:00:00,0.0,2.05,22.27,93.18,0.0,0.0,49.693052286854105,0.0,0.0
2025-10-20 20:00:00,0.0,2.36,20.97,90.15,0.0,0.0,39.60349666288316,0.0,0.0
2025-10-20 21:00:00,0.0,2.56,19.92,82.89,0.0,0.0,39.110419130963145,0.0,0.0
2025-10-20 22:00:00,0.0,2.62,19.15,66.79,0.0,0.0,28.877086803845106,0.0,0.0
2025-10-20 23:00:00,0.0,2.57,18.54,59.79,0.0,0.0,28.97219353657769,0.0,0.0
2025-10-21 00:00:00,0.0,2.41,18.32,61.64,0.0,0.0,26.322838225852887,0.0,0.0
2025-10-21 01:00:00,0.0,2.24,18.11,19.32,0.0,0.0,21.02396749150292,0.0,0.0
2025-10-21 02:00:00,0.0,2.11,18.0,74.22,0.0,0.0,24.389669451335227,0.0,0.0
2025-10-21 03:00:00,0.0,2.05,17.92,81.91,0.0,0.0,26.595207184302673,0.0,0.0
2025-10-21 04:00:00,0.0,1.98,17.92,83.17,0.0,0.0,25.67178034318885,0.0,0.0
2025-10-21 05:00:00,0.0,1.93,17.9,92.05,0.0,0.0,26.676324615358,0.0,0.0
2025-10-21 06:00:00,31.45,1.83,18.15,66.13,5.032,0.0,31.579152080210186,0.0,0.0
2025-10-21 07:00:00,181.18,1.64,20.3,40.38,28.988800000000005,0.0,37.20622242829697,0.0,0.0
2025-10-21 08:00:00,381.4,1.61,22.07,21.78,61.024,0.0,45.03004181199461,10.0,20.0
2025-10-21 09:00:00,555.6,1.15,24.25,9.85,88.896,0.0,43.457242076854165,20.0,40.0
2025-10-21 10:00:00,680.65,0.48,27.91,3.93,108.904,0.0,60.2719700720505,30.0,60.0
2025-10-21 11:00:00,722.9,0.3,29.39,2.22,115.664,0.0,69.05242114008918,40.0,80.0
2025-10-21 12:00:00,700.0,0.82,29.51,0.5,112.0,0.0,72.65819384157638,50.0,100.0
2025-10-21 13:00:00,606.0,1.25,29.34,4.03,96.96,0.0,82.11803481554246,50.0,100.0
2025-10-21 14:00:00,445.17,1.49,29.12,8.71,71.22720000000001,0.0,84.48374687482189,40.0,80.0
2025-10-21 15:00:00,257.35,1.49,28.82,19.82,41.17600000000001,0.0,71.71376061304984,30.0,60.0
2025-10-21 16:00:00,79.72,1.38,27.75,44.34,12.7552,0.0,77.31270891124424,20.0,40.0
2025-10-21 17:00:00,3.22,1.16,26.12,67.77,0.5152,0.0,66.48130467675962,10.0,20.0
2025-10-21 18:00:00,0.0,1.02,25.28,88.37,0.0,0.0,56.209681663274154,0.0,0.0
2025-10-21 19:00:00,0.0,0.95,24.6,81.1,0.0,0.0,52.1713128300053,0.0,0.0
2025-10-21 20:00:00,0.0,0.99,23.79,81.37,0.0,0.0,43.747910220989,0.0,0.0
2025-10-21 21:00:00,0.0,1.03,23.07,77.87,0.0,0.0,35.186203187335465,0.0,0.0
2025-10-21 22:00:00,0.0,0.99,22.4,77.64,0.0,0.0,32.70127358206954,0.0,0.0
2025-10-21 23:00:00,0.0,0.87,21.71,76.27,0.0,0.0,27.76114867491382,0.0,0.0
2025-10-22 00:00:00,0.0,0.74,21.23,72.8,0.0,0.0,23.249811516242747,0.0,0.0
2025-10-22 01:00:00,0.0,0.63,21.11,1.01,0.0,0.0,24.579198405106986,0.0,0.0
2025-10-22 02:00:00,0.0,0.64,20.84,76.32,0.0,0.0,25.573925126711888,0.0,0.0
2025-10-22 03:00:00,0.0,0.72,20.62,77.65,0.0,0.0,25.48203819048741,0.0,0.0
2025-10-22 04:00:00,0.0,0.76,20.33,76.31,0.0,0.0,27.481265514488427,0.0,0.0
2025-10-22 05:00:00,0.0,0.77,20.03,81.94,0.0,0.0,26.14109097784762,0.0,0.0
2025-10-22 06:00:00,29.23,0.81,19.87,61.45,4.6768,0.0,32.345897936329955,0.0,0.0
2025-10-22 07:00:00,162.93,0.88,21.19,43.13,26.068800000000007,0.0,36.34403154605015,0.0,0.0
2025-10-22 08:00:00,329.52,0.94,22.78,27.99,52.7232,0.0,43.475916006386825,9.247283993613173,18.494567987226347
2025-10-22 09:00:00,530.3,0.84,25.23,10.46,84.84800000000001,0.0,50.93649121467228,19.247283993613173,38.49456798722635
2025-10-22 10:00:00,647.38,1.35,29.19,4.02,103.5808,0.0,56.26341007230677,29.247283993613173,58.49456798722634
2025-10-22 11:00:00,707.47,1.38,30.24,1.01,113.1952,0.0,69.46475859472308,39.24728399361317,78.49456798722635
2025-10-22 12:00:00,645.2,1.5,30.57,21.28,103.232,0.0,78.98175672413211,49.24728399361317,98.49456798722635
2025-10-22 13:00:00,546.03,1.68,30.63,26.14,87.3648,0.0,74.54276046775391,50.0,100.0
2025-10-22 14:00:00,412.3,1.7,30.27,16.99,65.968,0.0,87.64684573931956,40.0,80.0
2025-10-22 15:00:00,239.65,1.47,29.82,31.79,38.344,0.0,83.4176493911651,30.0,60.0
2025-10-22 16:00:00,74.35,1.19,28.6,55.35,11.896,0.0,72.82146399161304,20.0,40.0
2025-10-22 17:00:00,2.92,0.74,27.26,78.72,0.4672,0.0,68.89055268125996,10.0,20.0
2025-10-22 18:00:00,0.0,0.46,26.55,99.95,0.0,0.0,60.98712818271781,0.0,0.0
2025-10-22 19:00:00,0.0,0.3,25.78,99.42,0.0,0.0,47.68716237061832,0.0,0.0
2025-10-22 20:00:00,0.0,0.43,24.94,98.98,0.0,0.0,44.2840555033851,0.0,0.0
2025-10-22 21:00:00,0.0,0.74,23.93,96.41,0.0,0.0,37.55326932730664,0.0,0.0
2025-10-22 22:00:00,0.0,1.06,22.91,93.8,0.0,0.0,28.765134136780567,0.0,0.0
2025-10-22 23:00:00,0.0,1.38,21.97,91.72,0.0,0.0,30.73325244813606,0.0,0.0
2025-10-23 00:00:00,0.0,1.65,21.08,91.89,0.0,0.0,22.83572689545407,0.0,0.0
2025-10-23 01:00:00,0.0,1.87,20.25,4.29,0.0,0.0,24.048297235107597,0.0,0.0
2025-10-23 02:00:00,0.0,2.05,19.54,91.92,0.0,0.0,23.80130534066205,0.0,0.0
2025-10-23 03:00:00,0.0,2.17,18.96,92.42,0.0,0.0,26.370745672051154,0.0,0.0
2025-10-23 04:00:00,0.0,2.24,18.53,91.93,0.0,0.0,27.41382718197574,0.0,0.0
2025-10-23 05:00:00,0.0,2.26,18.21,95.78,0.0,0.0,28.061801000849727,0.0,0.0
2025-10-23 06:00:00,27.5,2.22,18.17,80.73,4.4,0.0,34.4613274918905,0.0,0.0
2025-10-23 07:00:00,155.9,1.78,20.58,66.08,24.944000000000003,0.0,38.44287011898002,0.0,0.0
2025-10-23 08:00:00,313.02,2.01,22.88,52.89,50.0832,0.0,40.41449770802563,9.66870229197437,19.33740458394874
2025-10-23 09:00:00,477.12,1.36,25.15,39.55,76.33919999999999,0.0,48.94744624048113,19.66870229197437,39.33740458394874
2025-10-23 10:00:00,612.7,0.94,28.58,26.52,98.032,0.0,59.48503146574795,29.66870229197437,59.33740458394874
2025-10-23 11:00:00,667.75,0.57,29.7,13.63,106.84,0.0,68.51919841046062,39.66870229197437,79.33740458394874
2025-10-23 12:00:00,684.25,0.88,30.19,0.0,109.48,0.0,83.61786662832031,49.66870229197437,99.33740458394874
2025-10-23 13:00:00,560.6,1.37,30.32,15.11,89.69600000000001,0.0,84.05741920372655,50.0,100.0
2025-10-23 14:00:00,394.0,1.72,30.14,29.66,63.04,0.0,81.91264596975627,40.0,80.0
2025-10-23 15:00:00,216.3,1.81,29.74,44.69,34.608000000000004,0.0,85.83989404427254,30.0,60.0
2025-10-23 16:00:00,69.45,1.75,28.2,59.77,11.112,0.0,75.3757225674659,20.0,40.0
2025-10-23 17:00:00,2.47,1.64,25.7,76.17,0.3952000000000001,0.0,62.846995065890354,10.0,20.0
2025-10-23 18:00:00,0.0,1.83,24.47,91.41,0.0,0.0,59.429160852232776,0.0,0.0
2025-10-23 19:00:00,0.0,2.06,23.24,86.43,0.0,0.0,45.89335613666248,0.0,0.0
2025-10-23 20:00:00,0.0,2.28,21.94,76.88,0.0,0.0,43.47467305725127,0.0,0.0
2025-10-23 21:00:00,0.0,2.44,20.77,72.36,0.0,0.0,36.28675993629249,0.0,0.0
2025-10-23 22:00:00,0.0,2.46,19.91,78.39,0.0,0.0,31.205832470319926,0.0,0.0
2025-10-23 23:00:00,0.0,2.37,19.38,79.89,0.0,0.0,29.047265280380103,0.0,0.0
2025-10-24 00:00:00,0.0,2.18,19.11,87.93,0.0,0.0,23.70237785175019,0.0,0.0
2025-10-24 01:00:00,0.0,1.99,18.92,1.86,0.0,0.0,24.29976810739657,0.0,0.0
2025-10-24 02:00:00,0.0,1.86,18.75,95.96,0.0,0.0,23.280301035421797,0.0,0.0
2025-10-24 03:00:00,0.0,1.76,18.6,95.95,0.0,0.0,26.59516100161051,0.0,0.0
2025-10-24 04:00:00,0.0,1.69,18.43,96.43,0.0,0.0,25.99491259656305,0.0,0.0
2025-10-24 05:00:00,0.0,1.64,18.21,98.44,0.0,0.0,30.21672837168159,0.0,0.0
2025-10-24 06:00:00,25.9,1.63,18.06,83.29,4.144,0.0,30.749819475048923,0.0,0.0
2025-10-24 07:00:00,142.18,1.47,19.82,69.02,22.748800000000003,0.0,37.029914329071815,0.0,0.0
2025-10-24 08:00:00,310.4,1.7,21.86,53.86,49.664,0.0,42.06738242716362,7.596617572836379,15.193235145672759
2025-10-24 09:00:00,466.55,1.61,24.31,41.0,74.64800000000001,0.0,45.90735397008861,17.59661757283638,35.19323514567276
2025-10-24 10:00:00,603.75,1.38,28.12,27.31,96.6,0.0,61.01664757833925,27.59661757283638,55.19323514567276
2025-10-24 11:00:00,634.0,1.18,29.35,13.99,101.44,0.0,69.90914566133125,37.59661757283638,75.19323514567276
2025-10-24 12:00:00,651.22,1.19,29.88,0.0,104.1952,0.0,87.45824587356962,47.59661757283638,95.19323514567276
2025-10-24 13:00:00,560.1,1.31,30.08,0.0,89.61600000000001,0.0,80.61050683621669,50.0,100.0
2025-10-24 14:00:00,401.85,1.38,29.94,18.21,64.296,0.0,80.9820838863562,40.0,80.0
2025-10-24 15:00:00,233.25,1.28,29.54,34.85,37.32000000000001,0.0,83.19598877621705,30.0,60.0
2025-10-24 16:00:00,71.53,1.1,28.42,54.34,11.4448,0.0,77.47491913486918,20.0,40.0
2025-10-24 17:00:00,2.42,0.69,26.82,74.33,0.3872,0.0,67.6251772827185,10.0,20.0
2025-10-24 18:00:00,0.0,0.53,26.06,92.93,0.0,0.0,56.217938753888575,0.0,0.0
2025-10-24 19:00:00,0.0,0.62,25.15,88.93,0.0,0.0,49.73851438588565,0.0,0.0
2025-10-24 20:00:00,0.0,0.78,24.12,74.36,0.0,0.0,42.606676772525866,0.0,0.0
2025-10-24 21:00:00,0.0,0.9,23.26,69.33,0.0,0.0,35.864685765020226,0.0,0.0
2025-10-24 22:00:00,0.0,0.93,22.51,52.25,0.0,0.0,31.875682314814135,0.0,0.0
2025-10-24 23:00:00,0.0,0.93,21.8,57.77,0.0,0.0,30.35465249098264,0.0,0.0
2025-10-25 00:00:00,0.0,0.94,21.15,58.28,0.0,0.0,14.332137411791344,0.0,0.0
2025-10-25 01:00:00,0.0,0.96,20.6,66.32,0.0,0.0,13.912171356140002,0.0,0.0
2025-10-25 02:00:00,0.0,0.98,20.03,3.05,0.0,0.0,14.04345589703154,0.0,0.0
2025-10-25 03:00:00,0.0,0.98,19.51,76.35,0.0,0.0,15.700014007435481,0.0,0.0
2025-10-25 04:00:00,0.0,0.98,19.08,78.87,0.0,0.0,14.520872677715435,0.0,0.0
2025-10-25 05:00:00,0.0,0.98,18.73,89.41,0.0,0.0,16.37607082867347,0.0,0.0
2025-10-25 06:00:00,24.15,0.92,18.61,77.19,3.864,0.0,17.46028480401587,0.0,0.0
2025-10-25 07:00:00,141.7,0.87,19.92,64.18,22.672,0.0,21.85476797620903,0.8172320237909716,1.6344640475819432
2025-10-25 08:00:00,291.62,0.99,21.7,52.58,46.6592,0.0,26.69894522350147,10.817232023790972,21.634464047581943
2025-10-25 09:00:00,438.92,0.94,24.4,42.79,70.22720000000001,0.0,29.06211672385318,20.81723202379097,41.63446404758194
2025-10-25 10:00:00,564.17,0.57,27.93,32.03,90.2672,0.0,36.41757301311353,30.81723202379097,61.634464047581936
2025-10-25 11:00:00,631.2,0.32,29.01,21.47,100.99200000000002,0.0,39.49448119049531,40.81723202379097,81.63446404758194
2025-10-25 12:00:00,646.15,0.59,29.49,11.15,103.384,0.0,45.00554934790157,50.0,100.0
2025-10-25 13:00:00,588.03,1.01,29.68,0.0,94.0848,0.0,50.51729044710437,50.0,100.0
2025-10-25 14:00:00,414.77,1.41,29.48,20.39,66.36319999999999,0.0,48.84197250986527,50.0,100.0
2025-10-25 15:00:00,239.65,1.61,29.04,39.75,38.344,0.0,49.10413680614552,40.0,80.0
2025-10-25 16:00:00,79.8,1.57,27.48,61.69,12.768,0.0,43.28507730566672,30.0,60.0
2025-10-25 17:00:00,0.0,1.73,24.92,84.33,0.0,0.0,41.04591607551957,20.0,40.0
2025-10-25 18:00:00,0.0,2.11,23.25,76.86,0.0,0.0,36.798490802715285,10.0,20.0
2025-10-25 19:00:00,0.0,2.48,21.65,80.89,0.0,0.0,30.019316072601196,0.0,0.0
2025-10-25 20:00:00,0.0,2.82,20.18,75.36,0.0,0.0,25.717260414964333,0.0,0.0
2025-10-25 21:00:00,0.0,3.06,19.08,81.39,0.0,0.6632550000000001,22.47818096929883,0.0,0.0
2025-10-25 22:00:00,0.0,3.18,18.23,84.4,0.0,0.7443850000000002,18.912403974168168,0.0,0.0
2025-10-25 23:00:00,0.0,3.16,17.58,89.43,0.0,0.7304281481481483,17.583352507497075,0.0,0.0
2025-10-26 00:00:00,0.0,3.07,17.06,92.96,0.0,0.669778773148148,14.789489231978907,0.0,0.0
2025-10-26 01:00:00,0.0,2.93,16.61,97.98,0.0,0.0,13.94351389331408,0.0,0.0
2025-10-26 02:00:00,0.0,2.79,16.23,0.88,0.0,0.0,14.091554990963914,0.0,0.0
2025-10-26 03:00:00,0.0,2.69,15.95,97.93,0.0,0.0,15.291427147256195,0.0,0.0
2025-10-26 04:00:00,0.0,2.65,15.73,97.31,0.0,0.0,15.589277435517094,0.0,0.0
2025-10-26 05:00:00,0.0,2.7,15.52,97.16,0.0,0.0,17.634240882219828,0.0,0.0
2025-10-26 06:00:00,23.65,2.75,15.61,73.62,3.784,0.0,18.56497540871914,0.0,0.0
2025-10-26 07:00:00,131.4,2.99,18.62,49.48,21.024000000000004,0.0,22.211067427247333,0.0,0.0
2025-10-26 08:00:00,277.67,3.57,20.78,27.24,44.427200000000006,1.053224375,27.24603678723345,10.0,20.0
2025-10-26 09:00:00,441.4,3.25,23.39,3.74,70.624,0.7946325231481481,30.062835958997763,20.0,40.0
2025-10-26 10:00:00,554.4,3.89,26.81,11.47,88.70400000000001,1.3625895601851854,36.606204761339946,30.0,60.0
2025-10-26 11:00:00,576.53,3.73,28.14,1.08,92.2448,1.2012758564814814,42.32466088785241,40.0,80.0
2025-10-26 12:00:00,558.58,3.35,28.71,4.26,89.37280000000001,0.8702633101851853,42.67259156409167,50.0,100.0
2025-10-26 13:00:00,456.88,3.12,28.9,30.5,73.1008,0.7030400000000001,50.49412876849981,50.0,100.0
2025-10-26 14:00:00,323.67,2.97,28.82,41.82,51.78720000000001,0.0,47.832301682237855,50.0,100.0
2025-10-26 15:00:00,187.48,2.84,28.16,57.97,29.9968,0.0,48.006876765449164,40.0,80.0
2025-10-26 16:00:00,67.55,2.45,26.59,75.8,10.808,0.0,42.11325970422383,30.0,60.0
2025-10-26 17:00:00,0.0,2.48,23.67,93.97,0.0,0.0,40.5706311301023,20.0,40.0
2025-10-26 18:00:00,0.0,2.79,22.39,98.0,0.0,0.0,33.716338364783354,10.0,20.0
2025-10-26 19:00:00,0.0,2.91,21.69,98.63,0.0,0.0,30.85288744372802,0.0,0.0
2025-10-26 20:00:00,0.0,3.0,21.08,97.94,0.0,0.625,24.987934091100232,0.0,0.0
2025-10-26 21:00:00,0.0,3.1,20.51,98.66,0.0,0.6896064814814816,21.18220767011159,0.0,0.0
2025-10-26 22:00:00,0.0,3.11,20.0,99.14,0.0,0.6963016435185185,18.725287595814486,0.0,0.0
2025-10-26 23:00:00,0.0,2.99,19.53,99.51,0.0,0.0,16.903489403134344,0.0,0.0
2025-10-27 00:00:00,0.0,2.85,19.13,99.61,0.0,0.0,24.60383514610227,0.0,0.0
2025-10-27 01:00:00,0.0,2.74,18.83,97.9,0.0,0.0,25.288262727190325,0.0,0.0
2025-10-27 02:00:00,0.0,2.75,18.67,98.6,0.0,0.0,23.429757057925762,0.0,0.0
2025-10-27 03:00:00,0.0,2.79,18.71,98.9,0.0,0.0,26.965470753036655,0.0,0.0
2025-10-27 04:00:00,0.0,2.79,18.73,99.22,0.0,0.0,29.91309602676889,0.0,0.0
2025-10-27 05:00:00,0.0,2.85,18.7,99.58,0.0,0.0,27.12259182868834,0.0,0.0
2025-10-27 06:00:00,13.43,3.03,18.88,100.0,2.1488,0.6439381249999998,33.161271713650166,0.0,0.0
2025-10-27 07:00:00,64.55,4.05,20.27,100.0,10.328,1.5377343749999997,35.52547413146161,0.0,0.0
2025-10-27 08:00:00,116.95,4.3,21.33,100.0,18.712,1.840439814814815,40.1914776091173,0.0,0.0
2025-10-27 09:00:00,164.62,4.55,22.68,100.0,26.339200000000005,2.1804716435185183,47.50152356970278,0.0,0.0
2025-10-27 10:00:00,180.23,5.09,23.79,100.0,28.8368,3.052597893518518,59.62228096924273,0.0,0.0
2025-10-27 11:00:00,183.65,5.36,24.43,99.29,29.384000000000004,3.564598518518519,64.05944029279635,0.0,0.0
2025-10-27 12:00:00,172.77,5.49,24.86,99.39,27.643200000000004,3.830304375,71.10635200234832,0.0,0.0
2025-10-27 13:00:00,145.62,5.48,25.0,100.0,23.2992,3.809411851851853,74.76018134769238,0.0,0.0
2025-10-27 14:00:00,115.5,5.48,24.75,99.91,18.48,3.809411851851853,82.30153294774388,0.0,0.0
2025-10-27 15:00:00,77.9,5.35,24.03,100.0,12.464000000000002,3.5446846064814808,75.39468769656992,0.0,0.0
2025-10-27 16:00:00,32.15,4.62,22.84,100.0,5.144,2.282665,76.0664908054852,0.0,0.0
2025-10-27 17:00:00,0.0,3.86,21.21,100.0,0.0,1.3313068518518518,68.67518080474926,0.0,0.0
2025-10-27 18:00:00,0.0,3.86,20.24,100.0,0.0,1.3313068518518518,61.647038550716076,0.0,0.0
2025-10-27 19:00:00,0.0,3.73,19.6,100.0,0.0,1.2012758564814814,51.5528094976719,0.0,0.0
2025-10-27 20:00:00,0.0,3.58,19.14,99.85,0.0,1.0620998148148149,45.455227187180704,0.0,0.0
2025-10-27 21:00:00,0.0,3.39,18.75,100.0,0.0,0.9018106250000002,38.24955804700043,0.0,0.0
2025-10-27 22:00:00,0.0,3.15,18.43,100.0,0.0,0.7235156249999999,33.99089315761055,0.0,0.0
2025-10-27 23:00:00,0.0,2.87,18.12,100.0,0.0,0.0,28.220043641683702,0.0,0.0
2025-10-28 00:00:00,0.0,2.72,17.88,100.0,0.0,0.0,23.702035837163578,0.0,0.0
2025-10-28 01:00:00,0.0,2.68,17.66,99.78,0.0,0.0,25.47238186030349,0.0,0.0
2025-10-28 02:00:00,0.0,2.76,17.48,99.73,0.0,0.0,23.07594294290759,0.0,0.0
2025-10-28 03:00:00,0.0,3.05,17.35,99.64,0.0,0.6567737268518516,23.714762450474716,0.0,0.0
2025-10-28 04:00:00,0.0,3.24,17.26,99.62,0.0,0.7873200000000001,26.291762841706873,0.0,0.0
2025-10-28 05:00:00,0.0,3.23,17.14,99.72,0.0,0.7800524768518519,30.39768558226829,0.0,0.0
2025-10-28 06:00:00,14.0,3.33,17.19,100.0,2.24,0.854769375,33.13784972735808,0.0,0.0
2025-10-28 07:00:00,61.38,4.19,18.26,100.0,9.820800000000002,1.7027791435185191,33.953204415863596,0.0,0.0
2025-10-28 08:00:00,107.72,4.91,19.73,100.0,17.235200000000003,2.7400641435185187,40.68911554909564,0.0,0.0
2025-10-28 09:00:00,147.77,5.85,20.92,99.3,23.643200000000004,4.634296874999999,50.210785933669726,0.0,0.0
2025-10-28 10:00:00,155.68,6.24,21.55,99.9,24.908800000000003,5.624320000000001,59.42100019270282,0.0,0.0
2025-10-28 11:00:00,117.8,6.29,22.0,99.25,18.848,5.760606226851852,66.71456168554383,0.0,0.0
2025-10-28 12:00:00,132.57,6.36,22.41,99.99,21.2112,5.9550800000000015,68.97257130827857,0.0,0.0
2025-10-28 13:00:00,138.05,6.3,22.46,99.0,22.088,5.788124999999999,77.65831365993917,0.0,0.0
2025-10-28 14:00:00,105.8,6.06,22.18,99.66,16.927999999999997,5.1515049999999984,78.47467354072248,0.0,0.0
2025-10-28 15:00:00,67.25,5.79,21.73,99.66,10.760000000000002,4.493160625000001,78.49562916836736,0.0,0.0
2025-10-28 16:00:00,25.83,5.19,20.96,100.0,4.1328,3.2360731250000008,75.75536118655756,0.0,0.0
2025-10-28 17:00:00,0.0,4.03,19.49,99.67,0.0,1.5150654398148151,66.00130161037336,0.0,0.0
2025-10-28 18:00:00,0.0,3.77,18.52,99.68,0.0,1.240338726851852,56.39523252036308,0.0,0.0
2025-10-28 19:00:00,0.0,3.74,17.92,99.68,0.0,1.2109635185185188,51.297638958893515,0.0,0.0
2025-10-28 20:00:00,0.0,3.51,17.49,99.43,0.0,1.0010081249999998,40.105053107081964,0.0,0.0
2025-10-28 21:00:00,0.0,3.29,17.23,99.53,0.0,0.8243353935185185,33.040081852015916,0.0,0.0
2025-10-28 22:00:00,0.0,3.24,17.03,99.53,0.0,0.7873200000000001,32.88118931015733,0.0,0.0
2025-10-28 23:00:00,0.0,3.25,16.86,99.66,0.0,0.7946325231481481,28.04265474998353,0.0,0.0
2025-10-29 00:00:00,0.0,3.27,16.72,99.88,0.0,0.8093931249999999,21.727610617661746,0.0,0.0
2025-10-29 01:00:00,0.0,3.28,16.59,99.96,0.0,0.8168414814814813,26.954245750917647,0.0,0.0
2025-10-29 02:00:00,0.0,3.22,16.47,99.85,0.0,0.772829814814815,21.84123254952864,0.0,0.0
2025-10-29 03:00:00,0.0,3.06,16.32,99.64,0.0,0.6632550000000001,26.11276187533625,0.0,0.0
2025-10-29 04:00:00,0.0,2.9,16.14,99.51,0.0,0.0,24.19667660885779,0.0,0.0
2025-10-29 05:00:00,0.0,2.89,16.07,99.42,0.0,0.0,27.578402557319688,0.0,0.0
2025-10-29 06:00:00,20.12,3.13,16.33,98.46,3.2192000000000007,0.7098216898148147,31.134945713723983,0.0,0.0
2025-10-29 07:00:00,111.5,4.2,17.83,97.8,17.84,1.715,36.09610274157606,0.0,0.0
2025-10-29 08:00:00,238.05,4.55,20.09,96.99,38.088,2.1804716435185183,43.05589874912638,0.0,0.0
2025-10-29 09:00:00,317.95,5.08,22.49,98.64,50.87200000000001,3.034641481481482,47.6705743304473,6.2360671510341845,12.472134302068369
2025-10-29 10:00:00,408.92,5.26,24.33,98.38,65.42720000000001,3.368786481481481,62.85459180233234,12.17746183018334,24.35492366036668
2025-10-29 11:00:00,437.58,4.95,25.59,90.34,70.0128,2.8075781250000005,69.72439606933064,15.273443885852707,30.546887771705418
2025-10-29 12:00:00,499.3,4.46,26.34,97.57,79.888,2.0536235185185188,72.22238351136957,24.99268389300166,49.98536778600332
2025-10-29 13:00:00,264.75,3.95,26.78,99.3,42.36,1.426617476851852,81.972131913961,14.992683893001661,29.985367786003327
2025-10-29 14:00:00,183.7,3.58,26.82,99.28,29.392000000000003,1.0620998148148149,81.29531663929937,4.9926838930016615,9.985367786003323
2025-10-29 15:00:00,111.05,3.43,26.3,98.87,17.768,0.9341112731481482,84.84417929111632,0.0,0.0
2025-10-29 16:00:00,36.97,2.64,25.0,99.88,5.9152,0.0,73.26067641408022,0.0,0.0
2025-10-29 17:00:00,0.0,2.31,22.6,99.71,0.0,0.0,66.54361376444868,0.0,0.0
2025-10-29 18:00:00,0.0,2.42,21.59,99.73,0.0,0.0,56.88964456232507,0.0,0.0
2025-10-29 19:00:00,0.0,2.39,21.1,99.65,0.0,0.0,48.32253057483182,0.0,0.0
2025-10-29 20:00:00,0.0,2.36,20.66,99.67,0.0,0.0,40.45280386908638,0.0,0.0
2025-10-29 21:00:00,0.0,2.35,20.24,99.62,0.0,0.0,35.93587417685079,0.0,0.0
2025-10-29 22:00:00,0.0,2.32,19.83,99.4,0.0,0.0,32.24767024057007,0.0,0.0
2025-10-29 23:00:00,0.0,2.23,19.43,99.4,0.0,0.0,29.7155630778294,0.0,0.0
2025-10-30 00:00:00,0.0,2.07,19.18,99.95,0.0,0.0,21.589225865324114,0.0,0.0
2025-10-30 01:00:00,0.0,1.93,19.03,99.76,0.0,0.0,23.735460495519437,0.0,0.0
2025-10-30 02:00:00,0.0,2.02,18.96,99.85,0.0,0.0,24.60321344783066,0.0,0.0
2025-10-30 03:00:00,0.0,2.25,18.98,100.0,0.0,0.0,26.61999122408749,0.0,0.0
2025-10-30 04:00:00,0.0,2.54,18.99,99.74,0.0,0.0,26.575290254767758,0.0,0.0
2025-10-30 05:00:00,0.0,2.81,19.02,99.48,0.0,0.0,27.002791215503006,0.0,0.0
2025-10-30 06:00:00,13.0,3.16,19.2,100.0,2.08,0.7304281481481483,33.2782026729492,0.0,0.0
2025-10-30 07:00:00,69.0,4.1,20.13,100.0,11.04,1.595393518518518,38.00139512153942,0.0,0.0
2025-10-30 08:00:00,135.93,4.21,21.14,99.79,21.748800000000003,1.7272791898148143,42.669171373054986,0.0,0.0
2025-10-30 09:00:00,208.45,4.54,22.49,99.13,33.352,2.1661264814814816,45.93826472665163,0.0,0.0
2025-10-30 10:00:00,210.52,5.28,23.44,98.82,33.6832,3.4073600000000006,59.55005358916681,0.0,0.0
2025-10-30 11:00:00,242.82,5.08,23.74,98.97,38.8512,3.034641481481482,65.42466557136113,0.0,0.0
2025-10-30 12:00:00,267.23,4.86,23.88,99.51,42.756800000000005,2.6572050000000003,79.19242373193914,0.0,0.0
2025-10-30 13:00:00,203.62,4.8,23.85,99.62,32.5792,2.56,78.95883410710695,0.0,0.0
2025-10-30 14:00:00,168.73,4.75,23.65,99.89,26.9968,2.480830439814815,79.07640120703569,0.0,0.0
2025-10-30 15:00:00,103.12,4.41,23.18,99.76,16.499200000000002,1.985326875,78.7702496130999,0.0,0.0
2025-10-30 16:00:00,35.47,3.59,22.46,100.0,5.6752,1.0710249768518516,78.42313848262475,0.0,0.0
2025-10-30 17:00:00,0.0,2.88,21.45,99.24,0.0,0.0,67.11327227818262,0.0,0.0
2025-10-30 18:00:00,0.0,2.82,20.88,99.33,0.0,0.0,57.22535803498196,0.0,0.0
2025-10-30 19:00:00,0.0,2.59,20.53,99.38,0.0,0.0,51.64620666620334,0.0,0.0
2025-10-30 20:00:00,0.0,2.17,20.19,99.38,0.0,0.0,39.86848131349656,0.0,0.0
2025-10-30 21:00:00,0.0,1.86,19.85,99.53,0.0,0.0,38.31835946258545,0.0,0.0
2025-10-30 22:00:00,0.0,1.77,19.46,99.57,0.0,0.0,32.36192918194526,0.0,0.0
2025-10-30 23:00:00,0.0,1.75,19.1,99.59,0.0,0.0,29.6515869644156,0.0,0.0
2025-10-31 00:00:00,0.0,1.77,18.84,99.54,0.0,0.0,23.821015673827574,0.0,0.0
2025-10-31 01:00:00,0.0,1.77,18.6,99.36,0.0,0.0,24.42975031393344,0.0,0.0
2025-10-31 02:00:00,0.0,1.71,18.39,99.93,0.0,0.0,24.385009136467094,0.0,0.0
2025-10-31 03:00:00,0.0,1.65,18.29,99.37,0.0,0.0,26.041262733918227,0.0,0.0
2025-10-31 04:00:00,0.0,1.56,18.29,99.1,0.0,0.0,25.190826853061306,0.0,0.0
2025-10-31 05:00:00,0.0,1.31,18.37,98.99,0.0,0.0,27.93944314554363,0.0,0.0
2025-10-31 06:00:00,21.52,1.02,18.57,94.49,3.4432000000000005,0.0,27.994712542874087,0.0,0.0
2025-10-31 07:00:00,123.35,1.02,20.06,90.48,19.736,0.0,39.11503860644162,0.0,0.0
2025-10-31 08:00:00,265.15,1.06,22.14,86.88,42.42400000000001,0.0,40.625837579612785,1.7981624203872215,3.596324840774443
2025-10-31 09:00:00,418.27,1.44,24.75,83.29,66.9232,0.0,48.45651621074286,11.798162420387222,23.596324840774443
2025-10-31 10:00:00,489.7,1.6,26.44,86.58,78.352,0.0,60.450666489279335,21.79816242038722,43.59632484077444
2025-10-31 11:00:00,445.92,1.5,27.41,92.56,71.34720000000002,0.0,70.65890634594545,22.486456074441783,44.972912148883566
2025-10-31 12:00:00,450.62,1.33,27.97,95.45,72.09920000000001,0.0,79.9130496799998,14.672606394441992,29.345212788883984
2025-10-31 13:00:00,382.92,1.23,28.21,89.23,61.2672,0.0,83.43577469973128,4.672606394441992,9.345212788883984
2025-10-31 14:00:00,393.08,1.02,28.12,43.53,62.8928,0.0,86.14242176914296,0.0,0.0
2025-10-31 15:00:00,225.0,0.75,27.85,56.35,36.0,0.0,71.97309052936406,0.0,0.0
2025-10-31 16:00:00,73.38,0.6,27.07,69.37,11.7408,0.0,72.67830050301606,0.0,0.0
2025-10-31 17:00:00,0.0,0.97,25.05,84.43,0.0,0.0,69.95266147155907,0.0,0.0
2025-10-31 18:00:00,0.0,1.69,23.36,76.53,0.0,0.0,57.105734120064454,0.0,0.0
2025-10-31 19:00:00,0.0,2.07,22.09,83.06,0.0,0.0,45.87399688413054,0.0,0.0
2025-10-31 20:00:00,0.0,2.28,21.15,97.67,0.0,0.0,43.64545556512762,0.0,0.0
2025-10-31 21:00:00,0.0,2.32,20.42,82.45,0.0,0.0,32.650478684827185,0.0,0.0
2025-10-31 22:00:00,0.0,2.27,19.82,83.42,0.0,0.0,31.605546382991314,0.0,0.0
2025-10-31 23:00:00,0.0,2.22,19.28,86.43,0.0,0.0,26.46634053361677,0.0,0.0
2025-11-01 00:00:00,0.0,2.16,18.84,87.94,0.0,0.0,13.835315574369039,0.0,0.0
2025-11-01 01:00:00,0.0,2.01,18.54,5.79,0.0,0.0,13.883919089219109,0.0,0.0
2025-11-01 02:00:00,0.0,1.86,18.3,83.4,0.0,0.0,14.372037173319505,0.0,0.0
2025-11-01 03:00:00,0.0,1.78,18.15,82.81,0.0,0.0,16.36653588507973,0.0,0.0
2025-11-01 04:00:00,0.0,1.75,18.05,82.81,0.0,0.0,14.434003729746847,0.0,0.0
2025-11-01 05:00:00,0.0,1.74,17.95,86.37,0.0,0.0,17.385744230971426,0.0,0.0
2025-11-01 06:00:00,20.8,1.71,18.06,64.29,3.3280000000000003,0.0,18.35574668850339,0.0,0.0
2025-11-01 07:00:00,160.6,2.15,19.95,38.27,25.696,0.0,21.597294714052758,4.0987052859472435,8.197410571894487
2025-11-01 08:00:00,341.1,2.06,21.7,23.32,54.576,0.0,26.043795007248953,14.098705285947243,28.197410571894487
2025-11-01 09:00:00,536.83,1.75,25.03,1.03,85.89280000000001,0.0,28.445220383869007,24.098705285947243,48.19741057189449
2025-11-01 10:00:00,660.97,1.78,27.43,0.52,105.75520000000002,0.0,33.98513888027944,34.09870528594725,68.1974105718945
2025-11-01 11:00:00,690.72,2.05,28.37,7.88,110.5152,0.0,40.558927607299466,44.09870528594725,88.1974105718945
2025-11-01 12:00:00,622.4,2.32,28.76,29.51,99.584,0.0,48.40374241435443,50.0,100.0
2025-11-01 13:00:00,505.45,2.42,28.73,29.15,80.872,0.0,50.414230878874676,50.0,100.0
2025-11-01 14:00:00,409.62,2.46,28.68,25.68,65.5392,0.0,50.11133662574647,50.0,100.0
2025-11-01 15:00:00,225.7,2.3,28.15,41.66,36.112,0.0,49.671310505591094,40.0,80.0
2025-11-01 16:00:00,69.75,1.88,26.74,58.3,11.160000000000002,0.0,47.736255669573524,30.0,60.0
2025-11-01 17:00:00,0.0,1.71,24.69,76.34,0.0,0.0,38.585786923353766,20.0,40.0
2025-11-01 18:00:00,0.0,1.65,24.04,68.81,0.0,0.0,36.09713685712056,10.0,20.0
2025-11-01 19:00:00,0.0,1.44,23.68,65.82,0.0,0.0,29.654765189865042,0.0,0.0
2025-11-01 20:00:00,0.0,1.26,23.19,57.05,0.0,0.0,26.412512354381988,0.0,0.0
2025-11-01 21:00:00,0.0,1.19,22.73,57.78,0.0,0.0,21.312184268951192,0.0,0.0
2025-11-01 22:00:00,0.0,1.14,22.22,65.13,0.0,0.0,17.821553334274093,0.0,0.0
2025-11-01 23:00:00,0.0,1.1,21.65,70.69,0.0,0.0,17.50016822082916,0.0,0.0
2025-11-02 00:00:00,0.0,1.08,21.06,81.71,0.0,0.0,14.407277498258095,0.0,0.0
2025-11-02 01:00:00,0.0,1.11,20.48,97.3,0.0,0.0,15.130838768733467,0.0,0.0
2025-11-02 02:00:00,0.0,1.12,19.89,99.89,0.0,0.0,14.271808663676522,0.0,0.0
2025-11-02 03:00:00,0.0,1.16,19.33,99.97,0.0,0.0,14.864694496955916,0.0,0.0
2025-11-02 04:00:00,0.0,1.22,18.79,99.45,0.0,0.0,15.962541976765879,0.0,0.0
2025-11-02 05:00:00,0.0,1.3,18.29,97.13,0.0,0.0,17.493020657969804,0.0,0.0
2025-11-02 06:00:00,25.62,1.33,17.89,73.5,4.0992,0.0,18.711602405256897,0.0,0.0
2025-11-02 07:00:00,171.77,1.16,19.14,48.78,27.4832,0.0,20.99383649789364,6.489363502106361,12.978727004212724
2025-11-02 08:00:00,354.62,1.2,21.19,27.35,56.7392,0.0,25.748412194357833,16.48936350210636,32.97872700421272
2025-11-02 09:00:00,544.15,1.04,23.41,2.73,87.06400000000001,0.0,28.00571862106488,26.48936350210636,52.97872700421272
2025-11-02 10:00:00,666.03,1.87,27.19,2.16,106.5648,0.0,36.07402191543498,36.48936350210636,72.97872700421271
2025-11-02 11:00:00,724.0,2.48,28.75,0.51,115.84,0.0,45.68476991058517,46.48936350210636,92.97872700421271
2025-11-02 12:00:00,704.58,2.78,29.31,0.53,112.73280000000004,0.0,45.76772596774392,50.0,100.0
2025-11-02 13:00:00,613.7,2.89,29.57,0.52,98.192,0.0,51.021891347011845,50.0,100.0
2025-11-02 14:00:00,459.92,2.81,29.18,0.51,73.5872,0.0,48.61668184958626,50.0,100.0
2025-11-02 15:00:00,249.65,2.54,28.54,17.83,39.944,0.0,51.00357393291146,40.0,80.0
2025-11-02 16:00:00,68.3,2.03,26.07,41.89,10.928,0.0,43.4828478336804,30.0,60.0
2025-11-02 17:00:00,0.0,2.16,23.67,65.81,0.0,0.0,39.28856097149053,20.0,40.0
2025-11-02 18:00:00,0.0,2.23,22.63,48.75,0.0,0.0,36.39894584584151,10.0,20.0
2025-11-02 19:00:00,0.0,2.26,21.77,46.74,0.0,0.0,30.097685060196717,0.0,0.0
2025-11-02 20:00:00,0.0,2.33,20.92,37.85,0.0,0.0,26.151387477343743,0.0,0.0
2025-11-02 21:00:00,0.0,2.39,20.11,49.51,0.0,0.0,21.654252041305927,0.0,0.0
2025-11-02 22:00:00,0.0,2.44,19.41,47.17,0.0,0.0,18.50316375234841,0.0,0.0
2025-11-02 23:00:00,0.0,2.47,18.75,42.87,0.0,0.0,17.58823154000614,0.0,0.0
2025-11-03 00:00:00,0.0,2.53,18.11,48.49,0.0,0.0,24.406312140719336,0.0,0.0
2025-11-03 01:00:00,0.0,2.63,17.43,2.69,0.0,0.0,24.644458986356035,0.0,0.0
2025-11-03 02:00:00,0.0,2.68,16.86,87.73,0.0,0.0,26.751666146691672,0.0,0.0
2025-11-03 03:00:00,0.0,2.72,16.35,74.57,0.0,0.0,24.938886877054127,0.0,0.0
2025-11-03 04:00:00,0.0,2.77,15.86,79.05,0.0,0.0,27.58882361494116,0.0,0.0
2025-11-03 05:00:00,0.0,2.85,15.34,76.3,0.0,0.0,28.36753412113166,0.0,0.0
2025-11-03 06:00:00,26.02,2.92,14.99,56.53,4.1632,0.0,28.721758094632925,0.0,0.0
2025-11-03 07:00:00,194.85,2.51,17.53,34.59,31.176,0.0,36.927615062691686,0.0,0.0
2025-11-03 08:00:00,395.17,3.41,20.98,19.92,63.22720000000001,0.917866226851852,44.881492449312006,10.0,20.0
2025-11-03 09:00:00,595.8,3.04,23.27,0.5,95.328,0.6503348148148148,47.01907582004101,20.0,40.0
2025-11-03 10:00:00,717.03,3.14,26.61,0.34,114.7248,0.716646851851852,56.817289359835776,30.0,60.0
2025-11-03 11:00:00,767.85,3.7,29.41,0.17,122.856,1.1725231481481482,64.77878359985222,40.0,80.0
2025-11-03 12:00:00,741.97,3.75,29.91,0.0,118.7152,1.220703125,74.02512891036416,50.0,100.0
2025-11-03 13:00:00,609.58,3.69,29.91,13.03,97.5328,1.163041875,85.5027830482871,50.0,100.0
2025-11-03 14:00:00,433.95,3.28,29.47,26.06,69.432,0.8168414814814813,85.64849152320727,40.0,80.0
2025-11-03 15:00:00,246.32,2.68,28.98,36.68,39.4112,0.0,78.53697296254093,30.0,60.0
2025-11-03 16:00:00,69.25,1.75,26.79,52.12,11.080000000000002,0.0,73.20149036407588,20.0,40.0
2025-11-03 17:00:00,0.0,1.54,25.15,71.25,0.0,0.0,60.86855274338672,10.0,20.0
2025-11-03 18:00:00,0.0,1.77,23.93,83.53,0.0,0.0,59.67364513168048,0.0,0.0
2025-11-03 19:00:00,0.0,2.37,22.15,97.9,0.0,0.0,54.16261858349946,0.0,0.0
2025-11-03 20:00:00,0.0,2.95,20.53,99.45,0.0,0.0,40.15344047011859,0.0,0.0
2025-11-03 21:00:00,0.0,3.3,19.64,99.32,0.0,0.8318749999999999,36.11358961532158,0.0,0.0
2025-11-03 22:00:00,0.0,3.44,19.16,98.51,0.0,0.942305185185185,32.192174205546806,0.0,0.0
2025-11-03 23:00:00,0.0,3.49,18.69,99.23,0.0,0.9839941898148152,29.767258858636634,0.0,0.0
2025-11-04 00:00:00,0.0,3.44,18.16,99.79,0.0,0.942305185185185,23.27522516904526,0.0,0.0
2025-11-04 01:00:00,0.0,3.19,18.02,99.13,0.0,0.7514296064814816,23.253669706253874,0.0,0.0
2025-11-04 02:00:00,0.0,2.64,18.51,99.28,0.0,0.0,25.0474010643565,0.0,0.0
2025-11-04 03:00:00,0.0,1.88,18.98,99.0,0.0,0.0,24.391798692022498,0.0,0.0
2025-11-04 04:00:00,0.0,1.48,19.28,99.35,0.0,0.0,25.400594621593306,0.0,0.0
2025-11-04 05:00:00,0.0,1.6,19.5,99.23,0.0,0.0,27.06111187349888,0.0,0.0
2025-11-04 06:00:00,12.25,1.99,19.77,100.0,1.96,0.0,32.32406832436224,0.0,0.0
2025-11-04 07:00:00,84.2,2.44,20.52,99.21,13.472,0.0,38.28420671151722,0.0,0.0
2025-11-04 08:00:00,154.43,1.81,21.09,98.95,24.708800000000004,0.0,42.055021941976705,0.0,0.0
2025-11-04 09:00:00,214.65,0.98,22.04,98.48,34.344,0.0,51.68911293108957,0.0,0.0
2025-11-04 10:00:00,357.77,1.01,23.73,92.39,57.2432,0.0,56.56175479386458,0.6814452061354217,1.3628904122708434
2025-11-04 11:00:00,443.12,2.15,25.65,80.67,70.89920000000001,0.0,63.526641226794,8.05400397934143,16.10800795868286
2025-11-04 12:00:00,412.85,3.7,26.8,86.64,66.05600000000001,1.1725231481481482,76.75895421805014,0.0,0.0
2025-11-04 13:00:00,416.67,4.66,27.01,56.69,66.66720000000001,2.342469814814815,83.82463761023268,0.0,0.0
2025-11-04 14:00:00,356.77,4.64,26.73,47.89,57.083200000000005,2.3124385185185177,84.55652951180957,0.0,0.0
2025-11-04 15:00:00,193.57,4.09,26.16,64.17,30.9712,1.5837483564814812,78.13301609560479,0.0,0.0
2025-11-04 16:00:00,53.22,2.9,24.89,82.15,8.5152,0.0,75.25786582213874,0.0,0.0
2025-11-04 17:00:00,0.0,2.18,22.36,99.98,0.0,0.0,62.27772435141645,0.0,0.0
2025-11-04 18:00:00,0.0,2.42,20.85,97.1,0.0,0.0,61.999723692387384,0.0,0.0
2025-11-04 19:00:00,0.0,2.47,19.82,90.24,0.0,0.0,44.82061890787844,0.0,0.0
2025-11-04 20:00:00,0.0,2.24,19.06,87.43,0.0,0.0,41.30967628193669,0.0,0.0
2025-11-04 21:00:00,0.0,1.83,18.55,82.9,0.0,0.0,37.90713088024463,0.0,0.0
2025-11-04 22:00:00,0.0,1.32,18.25,80.38,0.0,0.0,29.289925919104338,0.0,0.0
2025-11-04 23:00:00,0.0,1.11,18.27,74.07,0.0,0.0,29.051478298011677,0.0,0.0
2025-11-05 00:00:00,0.0,1.57,17.68,74.98,0.0,0.0,23.347116099832867,0.0,0.0
2025-11-05 01:00:00,0.0,2.06,16.65,78.1,0.0,0.0,26.323898785391357,0.0,0.0
2025-11-05 02:00:00,0.0,2.32,15.7,6.41,0.0,0.0,23.50614032368555,0.0,0.0
2025-11-05 03:00:00,0.0,2.51,14.93,88.8,0.0,0.0,24.412124956746673,0.0,0.0
2025-11-05 04:00:00,0.0,2.73,14.36,96.81,0.0,0.0,27.352679010227856,0.0,0.0
2025-11-05 05:00:00,0.0,2.96,14.03,99.29,0.0,0.0,25.26940035012347,0.0,0.0
2025-11-05 06:00:00,28.27,3.22,14.14,86.57,4.5232,0.772829814814815,31.057712953493773,0.0,0.0
2025-11-05 07:00:00,190.23,4.66,16.21,73.92,30.4368,2.342469814814815,35.72609235091662,0.0,0.0
2025-11-05 08:00:00,379.35,4.17,18.28,61.87,60.696000000000005,1.678511875,41.0641221168751,10.0,20.0
2025-11-05 09:00:00,550.45,3.99,21.57,49.55,88.072,1.4703981250000004,47.04575171585009,20.0,40.0
2025-11-05 10:00:00,676.42,4.01,24.5,37.2,108.2272,1.492620393518518,58.31195971763292,30.0,60.0
2025-11-05 11:00:00,757.38,4.5,27.26,24.8,121.1808,2.109375,62.86715092054299,40.0,80.0
2025-11-05 12:00:00,750.72,4.69,28.57,12.43,120.11520000000002,2.388002523148149,76.10908348227724,50.0,100.0
2025-11-05 13:00:00,672.42,4.94,28.61,0.0,107.5872,2.7905968518518525,80.96194829621706,50.0,100.0
2025-11-05 14:00:00,494.75,4.9,27.83,15.4,79.16000000000001,2.723356481481482,85.65401086870148,46.22934561278002,92.45869122556005
2025-11-05 15:00:00,285.05,4.5,26.4,30.73,45.608,2.109375,81.19042051157207,36.22934561278002,72.45869122556005
2025-11-05 16:00:00,85.82,3.25,22.99,46.26,13.7312,0.7946325231481481,75.21277001241877,26.229345612780023,52.45869122556005
2025-11-05 17:00:00,0.0,3.66,19.04,62.88,0.0,1.134905,69.27539390169379,16.229345612780023,32.458691225560045
2025-11-05 18:00:00,0.0,3.84,17.59,53.77,0.0,1.3107199999999997,55.13476301269602,6.229345612780023,12.458691225560045
2025-11-05 19:00:00,0.0,3.91,16.67,29.65,0.0,1.3837146064814818,47.54704693432946,0.0,0.0
2025-11-05 20:00:00,0.0,3.95,15.85,22.1,0.0,1.426617476851852,42.30925961416126,0.0,0.0
2025-11-05 21:00:00,0.0,3.99,15.16,14.04,0.0,1.4703981250000004,38.50666101823887,0.0,0.0
2025-11-05 22:00:00,0.0,4.01,14.54,5.02,0.0,1.492620393518518,34.11251810350267,0.0,0.0
2025-11-05 23:00:00,0.0,4.02,14.0,1.51,0.0,1.5038149999999997,29.359865655461196,0.0,0.0
2025-11-06 00:00:00,0.0,3.98,13.46,2.01,0.0,1.459370185185185,26.95175842312746,0.0,0.0
2025-11-06 01:00:00,0.0,3.9,12.91,0.0,0.0,1.3731249999999997,24.943652391812936,0.0,0.0
2025-11-06 02:00:00,0.0,3.76,12.39,1.01,0.0,1.2304948148148147,24.89545122976493,0.0,0.0
2025-11-06 03:00:00,0.0,3.62,11.9,1.51,0.0,1.0981001851851853,26.841051702954243,0.0,0.0
2025-11-06 04:00:00,0.0,3.47,11.51,2.01,0.0,0.9671741435185188,25.754750007096586,0.0,0.0
2025-11-06 05:00:00,0.0,3.29,11.24,9.99,0.0,0.8243353935185185,27.724538019877553,0.0,0.0
2025-11-06 06:00:00,27.7,3.07,11.23,7.92,4.432,0.669778773148148,31.611976956404664,0.0,0.0
2025-11-06 07:00:00,200.52,2.41,14.32,4.61,32.0832,0.0,38.65902486239419,0.0,0.0
2025-11-06 08:00:00,402.67,2.77,17.69,5.56,64.42720000000001,0.0,42.6690724868053,10.0,20.0
2025-11-06 09:00:00,578.6,2.28,20.46,4.65,92.576,0.0,47.091997919288566,20.0,40.0
2025-11-06 10:00:00,700.8,3.41,23.7,3.77,112.128,0.917866226851852,63.90815491068405,30.0,60.0
2025-11-06 11:00:00,758.95,3.9,25.02,2.51,121.432,1.3731249999999997,66.9833348019541,40.0,80.0
2025-11-06 12:00:00,742.6,4.09,25.78,1.26,118.81600000000002,1.5837483564814812,72.3195675921604,50.0,100.0
2025-11-06 13:00:00,653.75,4.26,26.14,0.0,104.6,1.789555,77.22283431102584,50.0,100.0
2025-11-06 14:00:00,481.55,4.26,25.94,8.86,77.048,1.789555,80.43245401565449,48.40510098434552,96.81020196869105
2025-11-06 15:00:00,276.25,3.77,25.07,17.61,44.2,1.240338726851852,79.74523988863791,38.40510098434552,76.81020196869105
2025-11-06 16:00:00,82.95,2.78,22.18,24.38,13.272,0.0,76.33637216867054,28.405100984345523,56.81020196869105
2025-11-06 17:00:00,0.0,3.1,18.01,39.69,0.0,0.6896064814814816,69.15939538073343,18.405100984345523,36.81020196869105
2025-11-06 18:00:00,0.0,3.29,16.36,36.66,0.0,0.8243353935185185,57.82043699565275,8.405100984345523,16.810201968691047
2025-11-06 19:00:00,0.0,3.35,15.21,23.6,0.0,0.8702633101851853,49.642541086413374,0.0,0.0
2025-11-06 20:00:00,0.0,3.37,14.22,17.57,0.0,0.8859433564814816,46.85421515402618,0.0,0.0
2025-11-06 21:00:00,0.0,3.32,13.47,11.55,0.0,0.8470918518518518,38.68811395146904,0.0,0.0
2025-11-06 22:00:00,0.0,3.21,12.9,5.99,0.0,0.7656518749999999,31.988234664836398,0.0,0.0
2025-11-06 23:00:00,0.0,3.11,12.5,4.52,0.0,0.6963016435185185,29.666969560955593,0.0,0.0
2025-11-07 00:00:00,0.0,3.04,12.2,4.02,0.0,0.6503348148148148,25.07702471073073,0.0,0.0
2025-11-07 01:00:00,0.0,2.99,11.91,0.59,0.0,0.0,25.42366684492257,0.0,0.0
2025-11-07 02:00:00,0.0,2.96,11.56,3.02,0.0,0.0,23.09193417747904,0.0,0.0
2025-11-07 03:00:00,0.0,2.94,11.17,1.76,0.0,0.0,23.895747529638722,0.0,0.0
2025-11-07 04:00:00,0.0,2.94,10.76,0.5,0.0,0.0,26.385806161736898,0.0,0.0
2025-11-07 05:00:00,0.0,2.92,10.43,1.51,0.0,0.0,29.583664840210012,0.0,0.0
2025-11-07 06:00:00,33.53,2.82,10.39,1.29,5.364800000000002,0.0,31.856155367866066,0.0,0.0
2025-11-07 07:00:00,233.62,2.33,12.96,1.08,37.3792,0.0,38.76444224437602,0.0,0.0
2025-11-07 08:00:00,450.75,2.5,16.93,0.86,72.11999999999999,0.0,41.97288714690167,10.0,20.0
2025-11-07 09:00:00,629.67,1.97,19.38,0.65,100.7472,0.0,46.325556028481444,20.0,40.0
2025-11-07 10:00:00,749.7,2.73,22.89,0.43,119.952,0.0,53.6683379688523,30.0,60.0
2025-11-07 11:00:00,807.25,3.25,25.0,0.22,129.16000000000005,0.7946325231481481,67.16920630041294,40.0,80.0
2025-11-07 12:00:00,785.65,3.23,25.95,0.0,125.704,0.7800524768518519,72.96708707431976,50.0,100.0
2025-11-07 13:00:00,687.15,3.2,26.38,1.81,109.944,0.7585185185185186,75.42383836114887,50.0,100.0
2025-11-07 14:00:00,526.1,3.09,26.16,3.62,84.176,0.6829543749999999,79.13638134507653,50.0,100.0
2025-11-07 15:00:00,320.33,2.66,25.36,4.86,51.25280000000001,0.0,75.05336059943433,40.0,80.0
2025-11-07 16:00:00,102.5,2.09,22.5,4.19,16.400000000000002,0.0,74.40572727240612,30.0,60.0
2025-11-07 17:00:00,0.0,2.28,19.63,9.03,0.0,0.0,61.72867407923239,20.0,40.0
2025-11-07 18:00:00,0.0,2.43,18.17,3.52,0.0,0.0,57.93553096738597,10.0,20.0
2025-11-07 19:00:00,0.0,2.6,16.77,1.01,0.0,0.0,47.61619922741241,0.0,0.0
2025-11-07 20:00:00,0.0,2.8,15.37,0.89,0.0,0.0,41.64677396895317,0.0,0.0
2025-11-07 21:00:00,0.0,2.94,14.26,0.77,0.0,0.0,34.071798132774965,0.0,0.0
2025-11-07 22:00:00,0.0,2.91,13.57,0.65,0.0,0.0,31.262337202669915,0.0,0.0
2025-11-07 23:00:00,0.0,2.77,13.26,0.53,0.0,0.0,30.421027518232005,0.0,0.0
2025-11-08 00:00:00,0.0,2.54,13.27,0.41,0.0,0.0,13.241959130773635,0.0,0.0
2025-11-08 01:00:00,0.0,2.23,13.52,0.29,0.0,0.0,13.716238864576798,0.0,0.0
2025-11-08 02:00:00,0.0,1.84,13.83,0.27,0.0,0.0,13.964323960749361,0.0,0.0
2025-11-08 03:00:00,0.0,1.45,14.22,0.24,0.0,0.0,14.81416600770074,0.0,0.0
2025-11-08 04:00:00,0.0,1.19,14.15,0.21,0.0,0.0,16.71679405472779,0.0,0.0
2025-11-08 05:00:00,0.0,1.23,13.68,0.19,0.0,0.0,17.04104800423339,0.0,0.0
2025-11-08 06:00:00,30.65,1.48,12.79,0.16,4.904,0.0,18.786530731107817,0.0,0.0
2025-11-08 07:00:00,221.23,1.66,13.49,0.13,35.3968,0.0,21.373977845256416,10.0,20.0
2025-11-08 08:00:00,432.27,2.14,16.58,0.11,69.1632,0.0,22.840975443821716,20.0,40.0
2025-11-08 09:00:00,607.2,2.03,18.8,0.08,97.15200000000002,0.0,28.615490860138806,30.0,60.0
2025-11-08 10:00:00,724.33,2.25,22.46,0.05,115.89280000000002,0.0,34.30828126134215,40.0,80.0
2025-11-08 11:00:00,773.95,2.68,25.29,0.03,123.832,0.0,40.68601000138486,50.0,100.0
2025-11-08 12:00:00,750.4,2.82,26.35,0.0,120.064,0.0,45.72847900495863,50.0,100.0
2025-11-08 13:00:00,636.15,2.86,26.8,7.19,101.784,0.0,49.048174525387665,50.0,100.0
2025-11-08 14:00:00,469.15,2.83,26.53,14.05,75.064,0.0,50.54021024442277,50.0,100.0
2025-11-08 15:00:00,268.2,2.53,25.7,21.44,42.912000000000006,0.0,46.53703809524118,46.37496190475883,92.74992380951765
2025-11-08 16:00:00,76.65,2.01,22.93,29.99,12.264000000000005,0.0,48.11395458081011,36.37496190475883,72.74992380951765
2025-11-08 17:00:00,0.0,2.0,20.71,42.17,0.0,0.0,42.31419743209219,26.374961904758827,52.749923809517654
2025-11-08 18:00:00,0.0,1.89,19.9,33.64,0.0,0.0,33.44869199804248,16.374961904758827,32.749923809517654
2025-11-08 19:00:00,0.0,1.83,18.98,21.58,0.0,0.0,28.55687357715707,6.374961904758827,12.749923809517655
2025-11-08 20:00:00,0.0,1.9,17.99,17.57,0.0,0.0,25.025556299757724,0.0,0.0
2025-11-08 21:00:00,0.0,2.03,16.97,11.55,0.0,0.0,22.447513149816555,0.0,0.0
2025-11-08 22:00:00,0.0,2.11,16.23,6.52,0.0,0.0,18.437831053244125,0.0,0.0
2025-11-08 23:00:00,0.0,2.05,15.58,6.52,0.0,0.0,16.65005668270403,0.0,0.0
2025-11-09 00:00:00,0.0,1.86,15.19,7.02,0.0,0.0,14.635057383960639,0.0,0.0
2025-11-09 01:00:00,0.0,1.6,15.15,0.24,0.0,0.0,14.127158145322095,0.0,0.0
2025-11-09 02:00:00,0.0,1.31,15.12,6.0,0.0,0.0,15.4975415262994,0.0,0.0
2025-11-09 03:00:00,0.0,1.01,14.98,6.51,0.0,0.0,14.237170381546244,0.0,0.0
2025-11-09 04:00:00,0.0,0.76,14.63,6.0,0.0,0.0,16.85238998671502,0.0,0.0
2025-11-09 05:00:00,0.0,0.62,14.36,9.51,0.0,0.0,17.65051143957726,0.0,0.0
2025-11-09 06:00:00,25.6,0.71,14.05,7.64,4.096,0.0,19.39980457120787,0.0,0.0
2025-11-09 07:00:00,202.57,0.94,14.81,0.11,32.4112,0.0,20.96303636156282,10.0,20.0
2025-11-09 08:00:00,403.55,1.43,16.96,5.09,64.56800000000001,0.0,28.458873830323245,20.0,40.0
2025-11-09 09:00:00,579.15,1.48,19.09,4.09,92.664,0.0,31.87074723153592,30.0,60.0
2025-11-09 10:00:00,701.12,1.59,23.03,2.73,112.1792,0.0,32.214870564704896,40.0,80.0
2025-11-09 11:00:00,753.65,1.82,25.46,1.36,120.584,0.0,43.24287171708593,50.0,100.0
2025-11-09 12:00:00,735.38,2.08,26.18,0.0,117.6608,0.0,45.7674773338771,50.0,100.0
2025-11-09 13:00:00,644.08,2.24,26.44,0.0,103.0528,0.0,47.737923966298446,50.0,100.0
2025-11-09 14:00:00,465.48,2.2,26.08,11.9,74.47680000000001,0.0,51.53956292519542,50.0,100.0
2025-11-09 15:00:00,260.4,1.87,25.34,23.55,41.664,0.0,45.98467796939013,45.679322030609875,91.35864406121975
2025-11-09 16:00:00,71.53,1.43,23.2,36.36,11.4448,0.0,43.36511457109365,35.679322030609875,71.35864406121975
2025-11-09 17:00:00,0.0,1.32,21.51,51.72,0.0,0.0,40.67850323527764,25.679322030609875,51.35864406121975
2025-11-09 18:00:00,0.0,1.16,20.39,43.19,0.0,0.0,37.685555153913484,15.679322030609875,31.35864406121975
2025-11-09 19:00:00,0.0,0.96,19.78,29.63,0.0,0.0,29.124641995231666,5.679322030609875,11.35864406121975
2025-11-09 20:00:00,0.0,0.85,19.15,19.09,0.0,0.0,26.11734506843195,0.0,0.0
2025-11-09 21:00:00,0.0,0.84,18.46,14.06,0.0,0.0,21.469517346881865,0.0,0.0
2025-11-09 22:00:00,0.0,0.88,17.7,11.04,0.0,0.0,17.690273223707937,0.0,0.0
2025-11-09 23:00:00,0.0,0.89,17.0,11.53,0.0,0.0,17.525065653667642,0.0,0.0
2025-11-10 00:00:00,0.0,0.91,16.26,13.54,0.0,0.0,24.327494456672316,0.0,0.0
2025-11-10 01:00:00,0.0,0.99,15.74,8.02,0.0,0.0,23.93461650693426,0.0,0.0
2025-11-10 02:00:00,0.0,1.0,15.3,0.44,0.0,0.0,24.692527601998595,0.0,0.0
2025-11-10 03:00:00,0.0,0.85,14.84,10.02,0.0,0.0,25.471228992314334,0.0,0.0
2025-11-10 04:00:00,0.0,0.61,14.42,10.01,0.0,0.0,26.824914382129112,0.0,0.0
2025-11-10 05:00:00,0.0,0.37,14.45,12.03,0.0,0.0,25.104668992365184,0.0,0.0
2025-11-10 06:00:00,25.02,0.36,14.12,10.91,4.0032000000000005,0.0,31.397744538812205,0.0,0.0
2025-11-10 07:00:00,199.1,0.67,14.94,8.91,31.856,0.0,37.58256156068751,0.0,0.0
2025-11-10 08:00:00,402.8,1.22,16.91,8.92,64.44800000000001,0.0,40.59325061644501,10.0,20.0
2025-11-10 09:00:00,573.3,1.51,19.01,9.23,91.728,0.0,47.272320723560235,20.0,40.0
2025-11-10 10:00:00,692.2,2.06,23.17,8.77,110.752,0.0,53.985916050364416,30.0,60.0
2025-11-10 11:00:00,740.33,2.52,25.95,8.22,118.4528,0.0,64.81403494002427,40.0,80.0
2025-11-10 12:00:00,725.35,2.68,26.78,7.56,116.05600000000004,0.0,77.55628889308645,50.0,100.0
2025-11-10 13:00:00,639.55,2.73,26.83,6.88,102.328,0.0,78.59137124738142,50.0,100.0
2025-11-10 14:00:00,488.8,2.54,26.29,0.51,78.20800000000001,0.0,78.35401820239127,49.85398179760874,99.70796359521748
2025-11-10 15:00:00,264.02,2.17,25.59,25.08,42.2432,0.0,78.24346231398195,39.85398179760874,79.70796359521748
2025-11-10 16:00:00,66.8,1.74,23.12,51.78,10.688,0.0,78.67011877819712,29.85398179760874,59.707963595217485
2025-11-10 17:00:00,0.0,1.89,21.13,82.66,0.0,0.0,66.14650406746432,19.85398179760874,39.70796359521748
2025-11-10 18:00:00,0.0,1.89,20.27,81.7,0.0,0.0,59.65126651337758,9.85398179760874,19.70796359521748
2025-11-10 19:00:00,0.0,1.86,19.45,76.86,0.0,0.0,50.39832727815208,0.0,0.0
2025-11-10 20:00:00,0.0,1.98,18.41,73.34,0.0,0.0,40.82168608726034,0.0,0.0
2025-11-10 21:00:00,0.0,2.14,17.27,78.65,0.0,0.0,37.90778640436996,0.0,0.0
2025-11-10 22:00:00,0.0,2.29,16.18,84.4,0.0,0.0,31.78648342225494,0.0,0.0
2025-11-10 23:00:00,0.0,2.43,15.2,76.36,0.0,0.0,29.011144700927623,0.0,0.0
2025-11-11 00:00:00,0.0,2.58,14.19,72.84,0.0,0.0,21.98709744501327,0.0,0.0
2025-11-11 01:00:00,0.0,2.8,13.11,88.29,0.0,0.0,23.946442584138293,0.0,0.0
2025-11-11 02:00:00,0.0,2.97,12.27,4.43,0.0,0.0,25.610002653063876,0.0,0.0
2025-11-11 03:00:00,0.0,3.01,11.73,79.36,0.0,0.6312708564814813,25.524727907193274,0.0,0.0
2025-11-11 04:00:00,0.0,2.94,11.4,70.31,0.0,0.0,25.407762683080442,0.0,0.0
2025-11-11 05:00:00,0.0,2.8,11.23,72.31,0.0,0.0,28.81015129040566,0.0,0.0
2025-11-11 06:00:00,18.6,2.59,11.28,61.48,2.9760000000000004,0.0,29.62604814732458,0.0,0.0
2025-11-11 07:00:00,167.27,2.03,13.87,45.51,26.7632,0.0,38.32762307429313,0.0,0.0
2025-11-11 08:00:00,341.2,2.31,17.0,39.65,54.592,0.0,41.05435539814893,10.0,20.0
2025-11-11 09:00:00,512.85,1.73,19.61,30.39,82.05600000000001,0.0,47.651127985077885,20.0,40.0
2025-11-11 10:00:00,646.53,1.95,23.98,20.9,103.4448,0.0,59.59623019761751,30.0,60.0
2025-11-11 11:00:00,712.4,2.23,26.16,11.06,113.984,0.0,64.33570579064045,40.0,80.0
2025-11-11 12:00:00,722.38,2.28,26.93,0.5,115.5808,0.0,76.67118786138812,50.0,100.0
2025-11-11 13:00:00,633.15,2.34,27.2,0.0,101.304,0.0,77.95596925002465,50.0,100.0
2025-11-11 14:00:00,438.17,2.26,26.94,17.67,70.1072,0.0,90.76483755022198,40.0,80.0
2025-11-11 15:00:00,233.02,1.99,26.27,36.17,37.2832,0.0,80.68722949850017,30.0,60.0
2025-11-11 16:00:00,59.25,1.6,23.93,55.77,9.48,0.0,77.87057137406505,20.0,40.0
2025-11-11 17:00:00,0.0,1.65,21.85,80.38,0.0,0.0,61.35832483933533,10.0,20.0
2025-11-11 18:00:00,0.0,1.57,20.87,81.39,0.0,0.0,57.06140442382478,0.0,0.0
2025-11-11 19:00:00,0.0,1.49,20.0,72.85,0.0,0.0,49.07281449172245,0.0,0.0
2025-11-11 20:00:00,0.0,1.5,19.0,75.86,0.0,0.0,40.33833926225601,0.0,0.0
2025-11-11 21:00:00,0.0,1.56,17.94,72.84,0.0,0.0,34.00504574457198,0.0,0.0
2025-11-11 22:00:00,0.0,1.58,16.99,67.32,0.0,0.0,29.904553954777377,0.0,0.0
2025-11-11 23:00:00,0.0,1.6,16.14,58.27,0.0,0.0,31.028487332246364,0.0,0.0
2025-11-12 00:00:00,0.0,1.6,15.44,57.77,0.0,0.0,23.55475555093626,0.0,0.0
2025-11-12 01:00:00,0.0,1.61,14.8,0.35,0.0,0.0,23.060469864748782,0.0,0.0
2025-11-12 02:00:00,0.0,1.62,14.24,67.31,0.0,0.0,26.259899120872767,0.0,0.0
2025-11-12 03:00:00,0.0,1.57,13.88,54.24,0.0,0.0,27.23167145777852,0.0,0.0
2025-11-12 04:00:00,0.0,1.44,13.7,48.21,0.0,0.0,26.70344977633171,0.0,0.0
2025-11-12 05:00:00,0.0,1.21,13.59,45.7,0.0,0.0,27.78110420741849,0.0,0.0
2025-11-12 06:00:00,21.7,0.9,13.81,39.26,3.472,0.0,29.470924945301896,0.0,0.0
2025-11-12 07:00:00,190.12,0.48,15.03,23.46,30.419200000000004,0.0,36.5090501639016,0.0,0.0
2025-11-12 08:00:00,379.0,0.26,16.91,24.98,60.64,0.0,42.26643856492141,10.0,20.0
2025-11-12 09:00:00,551.5,0.66,19.03,19.89,88.24000000000001,0.0,48.70284923781371,20.0,40.0
2025-11-12 10:00:00,674.0,1.03,22.93,14.94,107.84000000000002,0.0,56.896027254804096,30.0,60.0
2025-11-12 11:00:00,718.03,1.66,25.97,10.25,114.8848,0.0,73.65448477809451,40.0,80.0
2025-11-12 12:00:00,711.03,2.1,26.87,5.35,113.7648,0.0,71.45091701924571,50.0,100.0
2025-11-12 13:00:00,634.78,2.31,27.11,0.0,101.5648,0.0,80.32183383229106,50.0,100.0
2025-11-12 14:00:00,452.83,2.34,26.81,15.14,72.45280000000001,0.0,80.78758220968109,41.66521779031892,83.33043558063784
2025-11-12 15:00:00,249.25,2.1,26.11,31.46,39.88,0.0,77.69183531178697,31.66521779031892,63.33043558063785
2025-11-12 16:00:00,66.65,1.7,23.69,48.26,10.664,0.0,76.61056733430313,21.66521779031892,43.33043558063784
2025-11-12 17:00:00,0.0,1.7,21.69,72.83,0.0,0.0,71.66590793206365,11.66521779031892,23.33043558063784
2025-11-12 18:00:00,0.0,1.58,20.92,64.8,0.0,0.0,59.42284835491501,1.6652177903189198,3.3304355806378396
2025-11-12 19:00:00,0.0,1.46,20.26,60.79,0.0,0.0,54.41269955558573,0.0,0.0
2025-11-12 20:00:00,0.0,1.43,19.44,58.77,0.0,0.0,37.95722893310974,0.0,0.0
2025-11-12 21:00:00,0.0,1.52,18.45,53.24,0.0,0.0,33.81430855094014,0.0,0.0
2025-11-12 22:00:00,0.0,1.7,17.4,49.22,0.0,0.0,31.96316949039768,0.0,0.0
2025-11-12 23:00:00,0.0,1.91,16.29,43.69,0.0,0.0,29.607084739837752,0.0,0.0
2025-11-13 00:00:00,0.0,2.11,15.28,41.16,0.0,0.0,23.943308578286167,0.0,0.0
2025-11-13 01:00:00,0.0,2.34,14.31,0.23,0.0,0.0,23.064322275114794,0.0,0.0
2025-11-13 02:00:00,0.0,2.53,13.41,58.24,0.0,0.0,24.59597630697787,0.0,0.0
2025-11-13 03:00:00,0.0,2.63,12.76,49.2,0.0,0.0,27.65204680271928,0.0,0.0
2025-11-13 04:00:00,0.0,2.67,12.33,44.69,0.0,0.0,25.326671878802696,0.0,0.0
2025-11-13 05:00:00,0.0,2.67,12.05,46.67,0.0,0.0,26.24129198311248,0.0,0.0
2025-11-13 06:00:00,20.88,2.66,11.9,39.3,3.3408,0.0,32.915834749243245,0.0,0.0
2025-11-13 07:00:00,188.65,2.31,13.85,22.23,30.184000000000005,0.0,32.94488121253709,0.0,0.0
2025-11-13 08:00:00,377.55,2.37,17.87,23.24,60.40800000000001,0.0,44.31178274765321,10.0,20.0
2025-11-13 09:00:00,551.2,1.73,20.29,17.42,88.19200000000001,0.0,51.169263549836614,20.0,40.0
2025-11-13 10:00:00,675.9,2.14,23.93,11.77,108.144,0.0,59.64842136949303,30.0,60.0
2025-11-13 11:00:00,732.22,2.66,25.99,6.29,117.1552,0.0,71.7322521548381,40.0,80.0
2025-11-13 12:00:00,728.3,2.82,26.6,0.0,116.528,0.0,71.23782265070206,50.0,100.0
2025-11-13 13:00:00,617.9,2.89,26.73,7.2,98.864,0.0,80.51546512684742,50.0,100.0
2025-11-13 14:00:00,454.65,2.91,26.21,13.85,72.74400000000001,0.0,78.24017213581396,44.50382786418605,89.0076557283721
2025-11-13 15:00:00,256.67,2.6,25.25,21.26,41.06720000000001,0.0,80.1534750090663,34.50382786418605,69.0076557283721
2025-11-13 16:00:00,68.78,2.08,22.21,29.06,11.004800000000005,0.0,62.66989964959663,24.50382786418605,49.0076557283721
2025-11-13 17:00:00,0.0,2.19,19.78,40.66,0.0,0.0,63.23396229326503,14.50382786418605,29.0076557283721
2025-11-13 18:00:00,0.0,2.24,18.67,34.14,0.0,0.0,54.646740208990934,4.50382786418605,9.0076557283721
2025-11-13 19:00:00,0.0,2.42,17.35,24.1,0.0,0.0,54.62209162205659,0.0,0.0
2025-11-13 20:00:00,0.0,2.61,16.03,19.57,0.0,0.0,41.55735215087633,0.0,0.0
2025-11-13 21:00:00,0.0,2.66,15.09,13.05,0.0,0.0,33.171809696017775,0.0,0.0
2025-11-13 22:00:00,0.0,2.61,14.42,8.03,0.0,0.0,31.101161492010792,0.0,0.0
2025-11-13 23:00:00,0.0,2.52,13.94,8.52,0.0,0.0,31.067519656354854,0.0,0.0
2025-11-14 00:00:00,0.0,2.39,13.65,5.01,0.0,0.0,26.478656150516073,0.0,0.0
2025-11-14 01:00:00,0.0,2.23,13.53,0.79,0.0,0.0,23.618055165041827,0.0,0.0
2025-11-14 02:00:00,0.0,2.14,13.39,7.0,0.0,0.0,25.088926204054353,0.0,0.0
2025-11-14 03:00:00,0.0,2.07,13.22,3.02,0.0,0.0,27.14611616958255,0.0,0.0
2025-11-14 04:00:00,0.0,1.96,13.14,3.02,0.0,0.0,29.809297729393567,0.0,0.0
2025-11-14 05:00:00,0.0,1.8,13.26,4.52,0.0,0.0,27.12983342601121,0.0,0.0
2025-11-14 06:00:00,21.7,1.6,13.46,3.88,3.472,0.0,31.597829257911524,0.0,0.0
2025-11-14 07:00:00,195.7,1.27,14.83,3.23,31.312,0.0,35.42391033240554,0.0,0.0
2025-11-14 08:00:00,402.0,0.97,17.54,2.58,64.32000000000001,0.0,42.50328980306363,10.0,20.0
2025-11-14 09:00:00,577.8,0.7,19.59,1.94,92.448,0.0,47.977825882223954,20.0,40.0
2025-11-14 10:00:00,698.05,0.34,22.79,1.29,111.688,0.0,56.64909755846204,30.0,60.0
2025-11-14 11:00:00,720.95,0.88,25.53,0.65,115.35200000000005,0.0,64.46312501478948,40.0,80.0
2025-11-14 12:00:00,703.0,1.27,26.36,0.0,112.48,0.0,71.12830220292618,50.0,100.0
2025-11-14 13:00:00,602.92,1.43,26.65,4.12,96.4672,0.0,79.26384222606372,50.0,100.0
2025-11-14 14:00:00,445.08,1.5,26.37,7.9,71.2128,0.0,83.22786053764396,40.0,80.0
2025-11-14 15:00:00,250.7,1.42,25.68,11.57,40.112,0.0,76.8854574992895,30.0,60.0
2025-11-14 16:00:00,65.6,1.13,23.75,13.75,10.496,0.0,73.88326378283844,20.0,40.0
2025-11-14 17:00:00,0.0,1.1,21.93,20.57,0.0,0.0,65.47852068792584,10.0,20.0
2025-11-14 18:00:00,0.0,1.27,20.62,22.08,0.0,0.0,58.50838462708563,0.0,0.0
2025-11-14 19:00:00,0.0,1.55,19.07,17.05,0.0,0.0,51.70217511182354,0.0,0.0
2025-11-14 20:00:00,0.0,1.84,17.83,12.54,0.0,0.0,39.65534898227141,0.0,0.0
2025-11-14 21:00:00,0.0,1.98,16.61,5.0,0.0,0.0,35.625343367196265,0.0,0.0
2025-11-14 22:00:00,0.0,2.0,15.74,3.52,0.0,0.0,31.97027523958032,0.0,0.0
2025-11-14 23:00:00,0.0,1.87,15.25,3.52,0.0,0.0,26.98017381790309,0.0,0.0
2025-11-15 00:00:00,0.0,1.65,15.07,3.84,0.0,0.0,14.37843830054815,0.0,0.0
2025-11-15 01:00:00,0.0,1.39,14.88,6.99,0.0,0.0,15.19921184977236,0.0,0.0
2025-11-15 02:00:00,0.0,1.19,14.48,1.95,0.0,0.0,14.4313389193615,0.0,0.0
2025-11-15 03:00:00,0.0,1.09,14.47,3.02,0.0,0.0,14.891639657597455,0.0,0.0
2025-11-15 04:00:00,0.0,1.0,14.32,5.45,0.0,0.0,17.696081153447007,0.0,0.0
2025-11-15 05:00:00,0.0,0.9,14.15,4.52,0.0,0.0,17.80909653115245,0.0,0.0
2025-11-15 06:00:00,18.0,0.79,14.17,3.52,2.88,0.0,20.098265587955403,0.0,0.0
2025-11-15 07:00:00,169.43,0.64,15.1,2.51,27.1088,0.0,19.894381760744686,7.214418239255313,14.428836478510625
2025-11-15 08:00:00,358.75,0.42,17.32,1.51,57.400000000000006,0.0,25.03156579088986,17.214418239255313,34.428836478510625
2025-11-15 09:00:00,534.35,0.12,19.22,0.5,85.49600000000001,0.0,29.748378655445002,27.214418239255313,54.428836478510625
2025-11-15 10:00:00,655.45,0.39,22.17,0.5,104.87200000000004,0.0,36.596857341599936,37.21441823925531,74.42883647851062
2025-11-15 11:00:00,723.33,1.08,25.31,0.5,115.7328,0.0,37.887789995296764,47.21441823925531,94.42883647851062
2025-11-15 12:00:00,702.3,1.02,26.18,0.51,112.368,0.0,44.14668072806088,50.0,100.0
2025-11-15 13:00:00,609.5,0.96,26.39,0.0,97.52,0.0,45.23701793599953,50.0,100.0
2025-11-15 14:00:00,447.55,0.96,26.14,4.9,71.608,0.0,47.42548934043554,50.0,100.0
2025-11-15 15:00:00,250.38,0.97,25.51,9.51,40.0608,0.0,47.03592395187082,43.02487604812918,86.04975209625836
2025-11-15 16:00:00,64.22,0.91,23.6,12.73,10.2752,0.0,44.837754488746285,33.02487604812918,66.04975209625836
2025-11-15 17:00:00,0.0,1.07,21.57,19.56,0.0,0.0,42.69638688141378,23.02487604812918,46.04975209625836
2025-11-15 18:00:00,0.0,1.28,20.15,16.06,0.0,0.0,35.914620844183034,13.02487604812918,26.04975209625836
2025-11-15 19:00:00,0.0,1.46,18.92,13.54,0.0,0.0,29.161056239994704,3.0248760481291797,6.049752096258359
2025-11-15 20:00:00,0.0,1.55,17.71,7.01,0.0,0.0,24.558471647154157,0.0,0.0
2025-11-15 21:00:00,0.0,1.48,16.84,5.5,0.0,0.0,22.744043911611072,0.0,0.0
2025-11-15 22:00:00,0.0,1.32,16.35,6.51,0.0,0.0,18.73498317053141,0.0,0.0
2025-11-15 23:00:00,0.0,1.1,15.77,10.02,0.0,0.0,18.15856423315794,0.0,0.0
2025-11-16 00:00:00,0.0,0.98,15.29,8.51,0.0,0.0,13.551741032427659,0.0,0.0
2025-11-16 01:00:00,0.0,0.91,14.8,7.51,0.0,0.0,15.021015873728627,0.0,0.0
2025-11-16 02:00:00,0.0,0.74,14.57,0.87,0.0,0.0,15.357336666387203,0.0,0.0
2025-11-16 03:00:00,0.0,0.6,14.36,4.52,0.0,0.0,15.100078150332097,0.0,0.0
2025-11-16 04:00:00,0.0,0.76,14.0,5.03,0.0,0.0,14.130128722837465,0.0,0.0
2025-11-16 05:00:00,0.0,1.04,13.62,5.49,0.0,0.0,18.692409216343663,0.0,0.0
2025-11-16 06:00:00,17.7,1.24,13.33,4.81,2.8320000000000003,0.0,19.37466711671321,0.0,0.0
2025-11-16 07:00:00,173.2,1.34,14.35,4.09,27.712000000000003,0.0,21.594175836480236,6.117824163519767,12.235648327039534
2025-11-16 08:00:00,368.52,1.45,17.34,3.37,58.9632,0.0,23.587463847112087,16.117824163519767,32.235648327039534
2025-11-16 09:00:00,543.0,1.28,19.67,2.66,86.88000000000001,0.0,28.28345453075161,26.117824163519767,52.23564832703953
2025-11-16 10:00:00,664.85,1.96,23.55,1.94,106.376,0.0,36.25960688414733,36.11782416351977,72.23564832703954
2025-11-16 11:00:00,707.72,2.47,25.66,1.22,113.23520000000002,0.0,41.337667298952034,46.11782416351977,92.23564832703954
2025-11-16 12:00:00,689.78,2.59,26.48,0.5,110.3648,0.0,46.307579094430594,50.0,100.0
2025-11-16 13:00:00,599.9,2.82,26.8,0.0,95.984,0.0,48.50271150458412,50.0,100.0
2025-11-16 14:00:00,445.15,2.98,26.43,1.76,71.224,0.0,50.01798791089577,50.0,100.0
2025-11-16 15:00:00,251.4,2.74,25.43,3.52,40.224,0.0,44.753332644055725,45.47066735594427,90.94133471188854
2025-11-16 16:00:00,64.57,2.12,22.13,2.97,10.3312,0.0,48.040790728501406,35.47066735594427,70.94133471188854
2025-11-16 17:00:00,0.0,2.26,19.51,7.0,0.0,0.0,39.78200247995731,25.470667355944272,50.941334711888544
2025-11-16 18:00:00,0.0,2.36,17.99,2.01,0.0,0.0,38.5240219403682,15.470667355944272,30.941334711888548
2025-11-16 19:00:00,0.0,2.49,16.49,0.5,0.0,0.0,28.16148277364586,5.470667355944272,10.941334711888544
2025-11-16 20:00:00,0.0,2.58,15.16,0.5,0.0,0.0,25.942836543905393,0.0,0.0
2025-11-16 21:00:00,0.0,2.6,14.16,0.5,0.0,0.0,22.24664463276345,0.0,0.0
2025-11-16 22:00:00,0.0,2.56,13.4,0.5,0.0,0.0,18.97078287112871,0.0,0.0
2025-11-16 23:00:00,0.0,2.47,12.86,0.4,0.0,0.0,16.766518408203716,0.0,0.0
2025-11-17 00:00:00,0.0,2.34,12.46,0.3,0.0,0.0,25.57451547527147,0.0,0.0
2025-11-17 01:00:00,0.0,2.16,12.37,0.2,0.0,0.0,23.02137013394223,0.0,0.0
2025-11-17 02:00:00,0.0,1.89,12.45,0.22,0.0,0.0,25.169185545248936,0.0,0.0
2025-11-17 03:00:00,0.0,1.54,12.64,0.25,0.0,0.0,24.31911274779597,0.0,0.0
2025-11-17 04:00:00,0.0,1.16,12.84,0.28,0.0,0.0,23.75978492473851,0.0,0.0
2025-11-17 05:00:00,0.0,0.83,13.07,0.31,0.0,0.0,28.30623834090196,0.0,0.0
2025-11-17 06:00:00,18.1,0.48,13.02,0.33,2.8960000000000004,0.0,29.734312700159155,0.0,0.0
2025-11-17 07:00:00,181.45,0.14,14.2,0.36,29.032,0.0,34.38445807782388,0.0,0.0
2025-11-17 08:00:00,383.6,0.1,16.44,0.39,61.376000000000005,0.0,42.353641062539594,10.0,20.0
2025-11-17 09:00:00,557.95,0.21,18.68,0.42,89.27200000000002,0.0,49.31720678061729,20.0,40.0
2025-11-17 10:00:00,676.62,1.14,22.59,0.45,108.25920000000002,0.0,53.94984106206325,30.0,60.0
2025-11-17 11:00:00,720.35,2.12,25.14,0.47,115.25600000000004,0.0,65.94397722271299,40.0,80.0
2025-11-17 12:00:00,700.67,2.04,26.11,0.5,112.1072,0.0,73.0435028050733,50.0,100.0
2025-11-17 13:00:00,609.8,1.72,26.54,0.0,97.568,0.0,83.72062811724973,50.0,100.0
2025-11-17 14:00:00,454.85,1.31,26.38,1.13,72.77600000000001,0.0,83.1381428210463,40.0,80.0
2025-11-17 15:00:00,258.9,1.03,25.73,2.26,41.424,0.0,76.71577303123682,30.0,60.0
2025-11-17 16:00:00,67.95,0.88,23.78,3.39,10.872,0.0,68.2847255727761,20.0,40.0
2025-11-17 17:00:00,0.0,1.13,21.6,4.52,0.0,0.0,62.803692052858366,10.0,20.0
2025-11-17 18:00:00,0.0,1.52,19.69,3.52,0.0,0.0,57.011340747834495,0.0,0.0
2025-11-17 19:00:00,0.0,1.91,17.9,2.01,0.0,0.0,50.968185476232826,0.0,0.0
2025-11-17 20:00:00,0.0,2.13,16.41,3.52,0.0,0.0,36.72521598599687,0.0,0.0
2025-11-17 21:00:00,0.0,2.22,15.14,2.01,0.0,0.0,36.73191623158826,0.0,0.0
2025-11-17 22:00:00,0.0,2.29,14.02,1.51,0.0,0.0,30.68133395817268,0.0,0.0
2025-11-17 23:00:00,0.0,2.27,13.13,1.51,0.0,0.0,29.91591911563586,0.0,0.0
2025-11-18 00:00:00,0.0,2.15,12.57,1.01,0.0,0.0,23.352413341144025,0.0,0.0
2025-11-18 01:00:00,0.0,1.89,12.34,0.24,0.0,0.0,23.27955746107795,0.0,0.0
2025-11-18 02:00:00,0.0,1.62,12.2,1.51,0.0,0.0,25.05050201107326,0.0,0.0
2025-11-18 03:00:00,0.0,1.43,12.02,1.01,0.0,0.0,26.025881440919772,0.0,0.0
2025-11-18 04:00:00,0.0,1.32,11.8,0.5,0.0,0.0,22.920492321821236,0.0,0.0
2025-11-18 05:00:00,0.0,1.32,11.51,0.5,0.0,0.0,28.560459491563286,0.0,0.0
2025-11-18 06:00:00,16.98,1.38,11.3,0.43,2.7168000000000005,0.0,32.094411959436094,0.0,0.0
2025-11-18 07:00:00,176.62,1.44,12.34,0.36,28.2592,0.0,38.178480515508646,0.0,0.0
2025-11-18 08:00:00,374.05,1.89,15.47,0.29,59.848000000000006,0.0,38.463603150038686,10.0,20.0
2025-11-18 09:00:00,547.65,1.8,18.07,0.22,87.62400000000001,0.0,51.97508084184853,20.0,40.0
2025-11-18 10:00:00,666.85,1.51,22.26,0.14,106.696,0.0,62.872430577147504,30.0,60.0
2025-11-18 11:00:00,686.33,1.89,25.01,0.07,109.8128,0.0,63.69988927479763,40.0,80.0
2025-11-18 12:00:00,667.12,2.15,26.02,0.0,106.7392,0.0,71.59177804807167,50.0,100.0
2025-11-18 13:00:00,574.72,2.03,26.51,1.52,91.9552,0.0,79.22618050820275,50.0,100.0
2025-11-18 14:00:00,424.0,1.81,26.36,3.03,67.84,0.0,82.45060332480121,40.0,80.0
2025-11-18 15:00:00,236.6,1.66,25.66,4.55,37.856,0.0,73.6072041756881,30.0,60.0
2025-11-18 16:00:00,58.97,1.27,23.56,4.19,9.4352,0.0,70.62118096320611,20.0,40.0
2025-11-18 17:00:00,0.0,1.06,21.85,7.58,0.0,0.0,63.65784203391492,10.0,20.0
2025-11-18 18:00:00,0.0,1.03,20.79,8.58,0.0,0.0,53.803321817364534,0.0,0.0
2025-11-18 19:00:00,0.0,1.14,19.61,1.01,0.0,0.0,43.99358024116389,0.0,0.0
2025-11-18 20:00:00,0.0,1.26,18.55,4.04,0.0,0.0,43.691865266326325,0.0,0.0
2025-11-18 21:00:00,0.0,1.19,17.75,3.52,0.0,0.0,36.77996079234131,0.0,0.0
2025-11-18 22:00:00,0.0,0.97,17.13,1.01,0.0,0.0,30.910876680021723,0.0,0.0
2025-11-18 23:00:00,0.0,0.76,16.63,1.51,0.0,0.0,29.37503999942267,0.0,0.0
2025-11-19 00:00:00,0.0,0.67,16.24,2.51,0.0,0.0,23.920423598348215,0.0,0.0
2025-11-19 01:00:00,0.0,0.68,15.94,0.05,0.0,0.0,24.804630120789106,0.0,0.0
2025-11-19 02:00:00,0.0,0.81,15.43,1.51,0.0,0.0,23.98235245270239,0.0,0.0
2025-11-19 03:00:00,0.0,1.03,14.75,1.01,0.0,0.0,23.073298599918623,0.0,0.0
2025-11-19 04:00:00,0.0,1.27,14.12,1.51,0.0,0.0,24.696896445875552,0.0,0.0
2025-11-19 05:00:00,0.0,1.51,13.46,7.04,0.0,0.0,28.655953483718232,0.0,0.0
2025-11-19 06:00:00,15.65,1.73,13.08,6.56,2.5040000000000004,0.0,32.666641222002205,0.0,0.0
2025-11-19 07:00:00,164.43,1.78,13.65,6.53,26.308800000000005,0.0,37.96835914009193,0.0,0.0
2025-11-19 08:00:00,358.67,2.01,16.63,8.7,57.3872,0.0,39.10265618071451,10.0,20.0
2025-11-19 09:00:00,529.42,1.95,18.72,8.21,84.7072,0.0,51.007303977173144,20.0,40.0
2025-11-19 10:00:00,647.15,2.2,22.19,8.13,103.544,0.0,60.30223851286153,30.0,60.0
2025-11-19 11:00:00,665.53,2.3,24.75,3.43,106.4848,0.0,65.55086095929794,40.0,80.0
2025-11-19 12:00:00,649.72,2.11,25.54,0.71,103.95520000000002,0.0,80.09384664697036,50.0,100.0
2025-11-19 13:00:00,556.45,1.94,25.77,4.08,89.03200000000001,0.0,71.93422672223421,50.0,100.0
2025-11-19 14:00:00,403.58,1.78,25.5,11.39,64.5728,0.0,75.42806856411735,40.0,80.0
2025-11-19 15:00:00,219.43,1.54,24.68,15.3,35.1088,0.0,78.91068224685844,30.0,60.0
2025-11-19 16:00:00,53.17,1.57,22.12,19.66,8.507200000000001,0.0,71.44318631427579,20.0,40.0
2025-11-19 17:00:00,0.0,2.07,19.27,26.23,0.0,0.0,61.28785265338335,10.0,20.0
2025-11-19 18:00:00,0.0,2.33,17.61,12.06,0.0,0.0,59.98023609423423,0.0,0.0
2025-11-19 19:00:00,0.0,2.45,16.35,10.05,0.0,0.0,48.65187999070818,0.0,0.0
2025-11-19 20:00:00,0.0,2.44,15.45,10.55,0.0,0.0,40.36033879873011,0.0,0.0
2025-11-19 21:00:00,0.0,2.34,14.82,6.03,0.0,0.0,35.089470246214674,0.0,0.0
2025-11-19 22:00:00,0.0,2.23,14.3,5.52,0.0,0.0,34.13226258575703,0.0,0.0
2025-11-19 23:00:00,0.0,2.14,13.81,10.54,0.0,0.0,26.286289485126957,0.0,0.0
2025-11-20 00:00:00,0.0,2.08,13.3,3.53,0.0,0.0,22.98893168052232,0.0,0.0
2025-11-20 01:00:00,0.0,2.06,12.76,10.03,0.0,0.0,26.04179938249979,0.0,0.0
2025-11-20 02:00:00,0.0,2.0,12.35,5.3,0.0,0.0,25.944586680840338,0.0,0.0
2025-11-20 03:00:00,0.0,1.87,12.04,12.05,0.0,0.0,24.767113493797176,0.0,0.0
2025-11-20 04:00:00,0.0,1.79,11.75,9.03,0.0,0.0,26.8986358656704,0.0,0.0
2025-11-20 05:00:00,0.0,1.73,11.48,13.52,0.0,0.0,27.132186236296388,0.0,0.0
2025-11-20 06:00:00,14.57,1.72,11.19,11.59,2.3312,0.0,31.98339544602427,0.0,0.0
2025-11-20 07:00:00,160.25,1.58,12.38,9.26,25.64,0.0,36.40151852900293,0.0,0.0
2025-11-20 08:00:00,354.95,2.17,15.17,7.88,56.792,0.0,43.60758819311179,10.0,20.0
2025-11-20 09:00:00,524.62,2.15,17.87,6.12,83.9392,0.0,47.77611744990376,20.0,40.0
2025-11-20 10:00:00,645.17,2.67,21.57,3.88,103.2272,0.0,58.951028742937204,30.0,60.0
2025-11-20 11:00:00,634.72,2.43,23.86,1.95,101.5552,0.0,62.9384247158889,40.0,80.0
2025-11-20 12:00:00,625.15,2.27,24.97,0.01,100.024,0.0,67.80297095431163,50.0,100.0
2025-11-20 13:00:00,538.97,2.16,25.43,0.0,86.23520000000002,0.0,75.08703635647876,50.0,100.0
2025-11-20 14:00:00,387.7,2.04,25.2,6.33,62.032,0.0,77.5472838164802,40.0,80.0
2025-11-20 15:00:00,208.5,1.88,24.27,11.36,33.36,0.0,81.18588595763185,30.0,60.0
2025-11-20 16:00:00,50.42,1.93,21.25,15.77,8.0672,0.0,79.81865000959478,20.0,40.0
2025-11-20 17:00:00,0.0,2.55,18.05,23.61,0.0,0.0,67.20746069565145,10.0,20.0
2025-11-20 18:00:00,0.0,2.76,16.64,13.12,0.0,0.0,59.092166001188666,0.0,0.0
2025-11-20 19:00:00,0.0,2.8,15.71,15.06,0.0,0.0,47.3050578946855,0.0,0.0
2025-11-20 20:00:00,0.0,2.76,15.05,10.55,0.0,0.0,40.35217163436292,0.0,0.0
2025-11-20 21:00:00,0.0,2.66,14.6,15.57,0.0,0.0,38.68400590410941,0.0,0.0
2025-11-20 22:00:00,0.0,2.54,14.21,16.57,0.0,0.0,32.107211834385566,0.0,0.0
2025-11-20 23:00:00,0.0,2.43,13.8,23.1,0.0,0.0,28.868439550468306,0.0,0.0
2025-11-21 00:00:00,0.0,2.39,13.29,29.13,0.0,0.0,22.90564848154513,0.0,0.0
2025-11-21 01:00:00,0.0,2.4,12.71,29.12,0.0,0.0,23.669046568711916,0.0,0.0
2025-11-21 02:00:00,0.0,2.44,12.05,0.23,0.0,0.0,25.968568197966764,0.0,0.0
2025-11-21 03:00:00,0.0,2.48,11.38,34.64,0.0,0.0,25.677775737602147,0.0,0.0
2025-11-21 04:00:00,0.0,2.5,10.79,40.66,0.0,0.0,25.126390224863915,0.0,0.0
2025-11-21 05:00:00,0.0,2.51,10.29,42.2,0.0,0.0,26.554158161211056,0.0,0.0
2025-11-21 06:00:00,12.73,2.51,9.9,33.81,2.0368,0.0,31.13430487347862,0.0,0.0
2025-11-21 07:00:00,139.77,2.32,11.7,24.93,22.363200000000003,0.0,37.36207832343253,0.0,0.0
2025-11-21 08:00:00,326.17,3.11,14.45,17.31,52.18720000000001,0.6963016435185185,40.40644851549454,10.0,20.0
2025-11-21 09:00:00,501.02,2.72,17.3,9.33,80.16320000000002,0.0,46.39652809039264,20.0,40.0
2025-11-21 10:00:00,624.7,3.5,21.31,0.51,99.952,0.992476851851852,58.443017478387056,30.0,60.0
2025-11-21 11:00:00,595.62,2.98,23.34,0.34,95.2992,0.0,66.86954500311053,40.0,80.0
2025-11-21 12:00:00,588.12,2.29,24.63,0.17,94.0992,0.0,67.29388660422192,50.0,100.0
2025-11-21 13:00:00,509.98,1.76,25.21,0.0,81.5968,0.0,77.94416164158527,50.0,100.0
2025-11-21 14:00:00,360.73,1.38,25.08,9.42,57.716800000000006,0.0,76.6285789400769,40.0,80.0
2025-11-21 15:00:00,190.95,1.13,24.41,15.93,30.552,0.0,75.49447392810036,30.0,60.0
2025-11-21 16:00:00,44.78,1.26,22.14,26.52,7.1648,0.0,71.07697680759227,20.0,40.0
2025-11-21 17:00:00,0.0,1.92,19.33,38.16,0.0,0.0,71.13919965578675,10.0,20.0
2025-11-21 18:00:00,0.0,2.31,17.54,31.63,0.0,0.0,54.130698628879955,0.0,0.0
2025-11-21 19:00:00,0.0,2.51,16.23,25.6,0.0,0.0,49.72322314087036,0.0,0.0
2025-11-21 20:00:00,0.0,2.58,15.3,31.13,0.0,0.0,42.56699314602749,0.0,0.0
2025-11-21 21:00:00,0.0,2.55,14.65,29.12,0.0,0.0,35.194521921196625,0.0,0.0
2025-11-21 22:00:00,0.0,2.47,14.12,36.16,0.0,0.0,31.148416220851495,0.0,0.0
2025-11-21 23:00:00,0.0,2.38,13.65,36.66,0.0,0.0,28.44715451513004,0.0,0.0
2025-11-22 00:00:00,0.0,2.31,13.2,44.7,0.0,0.0,13.06745533388903,0.0,0.0
2025-11-22 01:00:00,0.0,2.19,12.83,0.35,0.0,0.0,13.661570207729127,0.0,0.0
2025-11-22 02:00:00,0.0,1.95,12.65,59.27,0.0,0.0,14.501376094328618,0.0,0.0
2025-11-22 03:00:00,0.0,1.68,12.56,62.28,0.0,0.0,14.603952703659234,0.0,0.0
2025-11-22 04:00:00,0.0,1.47,12.42,58.28,0.0,0.0,15.253014773989266,0.0,0.0
2025-11-22 05:00:00,0.0,1.32,12.24,50.72,0.0,0.0,17.821005179340574,0.0,0.0
2025-11-22 06:00:00,10.68,1.24,12.05,44.3,1.7088,0.0,18.066363557622093,0.0,0.0
2025-11-22 07:00:00,130.0,1.15,12.84,32.81,20.8,0.0,22.837152595438837,0.0,0.0
2025-11-22 08:00:00,298.05,1.54,15.26,30.35,47.68800000000001,0.0,24.394224041895285,10.0,20.0
2025-11-22 09:00:00,460.17,1.55,17.67,24.47,73.6272,0.0,28.986776218414374,20.0,40.0
2025-11-22 10:00:00,582.75,1.74,21.91,18.63,93.24,0.0,34.46026880688431,30.0,60.0
2025-11-22 11:00:00,589.3,1.74,24.04,12.97,94.288,0.0,42.967180400838906,40.0,80.0
2025-11-22 12:00:00,588.45,1.83,25.01,6.76,94.15200000000002,0.0,48.45387409785802,50.0,100.0
2025-11-22 13:00:00,512.38,1.88,25.39,0.01,81.98079999999999,0.0,50.63059228083061,50.0,100.0
2025-11-22 14:00:00,359.42,1.83,25.07,22.62,57.507200000000005,0.0,50.820057449465686,50.0,100.0
2025-11-22 15:00:00,186.4,1.56,24.11,43.32,29.824,0.0,46.91967814658419,40.0,80.0
2025-11-22 16:00:00,42.42,1.56,21.34,67.39,6.7872,0.0,44.833087379817975,30.0,60.0
2025-11-22 17:00:00,0.0,2.02,18.97,91.44,0.0,0.0,39.51447866764952,20.0,40.0
2025-11-22 18:00:00,0.0,2.24,17.77,92.46,0.0,0.0,35.044855301406486,10.0,20.0
2025-11-22 19:00:00,0.0,2.33,16.83,89.43,0.0,0.0,30.3752704813606,0.0,0.0
2025-11-22 20:00:00,0.0,2.32,16.05,94.95,0.0,0.0,24.637002199509258,0.0,0.0
2025-11-22 21:00:00,0.0,2.21,15.45,90.93,0.0,0.0,21.566076616464038,0.0,0.0
2025-11-22 22:00:00,0.0,2.06,14.99,90.43,0.0,0.0,19.259740706982807,0.0,0.0
2025-11-22 23:00:00,0.0,1.91,14.61,91.42,0.0,0.0,16.4399351935656,0.0,0.0
2025-11-23 00:00:00,0.0,1.77,14.27,87.9,0.0,0.0,14.818943287604336,0.0,0.0
2025-11-23 01:00:00,0.0,1.57,14.01,2.45,0.0,0.0,14.646133586700769,0.0,0.0
2025-11-23 02:00:00,0.0,1.35,13.76,92.92,0.0,0.0,14.915573258889612,0.0,0.0
2025-11-23 03:00:00,0.0,1.16,13.42,90.41,0.0,0.0,16.087981604436386,0.0,0.0
2025-11-23 04:00:00,0.0,1.08,12.97,89.4,0.0,0.0,15.279395994869029,0.0,0.0
2025-11-23 05:00:00,0.0,1.22,12.45,94.93,0.0,0.0,18.127450179815614,0.0,0.0
2025-11-23 06:00:00,8.0,1.47,11.83,81.22,1.2800000000000002,0.0,19.49527215324228,0.0,0.0
2025-11-23 07:00:00,103.07,1.53,12.36,65.1,16.4912,0.0,20.80551084638858,0.0,0.0
2025-11-23 08:00:00,253.55,2.14,14.68,51.69,40.568000000000005,0.0,25.150560150269957,10.0,20.0
2025-11-23 09:00:00,409.83,1.97,17.25,38.46,65.5728,0.0,27.666329541161467,20.0,40.0
2025-11-23 10:00:00,539.85,1.98,20.69,25.52,86.37600000000002,0.0,33.586743845501246,30.0,60.0
2025-11-23 11:00:00,577.22,2.05,23.37,13.53,92.35520000000002,0.0,39.74255533842143,40.0,80.0
2025-11-23 12:00:00,593.4,2.23,24.5,0.0,94.944,0.0,46.65574281578729,50.0,100.0
2025-11-23 13:00:00,486.23,2.39,24.88,18.84,77.7968,0.0,47.305394767329,50.0,100.0
2025-11-23 14:00:00,335.58,2.39,24.62,37.03,53.692800000000005,0.0,46.026643830749585,50.0,100.0
2025-11-23 15:00:00,175.88,2.06,23.61,54.65,28.1408,0.0,46.14844421273747,40.0,80.0
2025-11-23 16:00:00,40.92,1.82,20.82,74.98,6.547200000000001,0.0,40.35675700721108,30.0,60.0
2025-11-23 17:00:00,0.0,2.11,18.38,94.96,0.0,0.0,40.336945466666464,20.0,40.0
2025-11-23 18:00:00,0.0,2.1,17.44,89.43,0.0,0.0,33.98252657368877,10.0,20.0
2025-11-23 19:00:00,0.0,1.95,16.87,84.41,0.0,0.0,30.235292386683433,0.0,0.0
2025-11-23 20:00:00,0.0,1.74,16.51,79.88,0.0,0.0,24.908832819037226,0.0,0.0
2025-11-23 21:00:00,0.0,1.5,16.21,82.4,0.0,0.0,20.625295693858916,0.0,0.0
2025-11-23 22:00:00,0.0,1.28,15.8,85.41,0.0,0.0,20.333745061921324,0.0,0.0
2025-11-23 23:00:00,0.0,1.12,15.4,88.92,0.0,0.0,18.020949168134813,0.0,0.0
2025-11-24 00:00:00,0.0,1.06,15.17,85.9,0.0,0.0,23.243870994731196,0.0,0.0
2025-11-24 01:00:00,0.0,1.04,14.73,3.69,0.0,0.0,25.1467952473947,0.0,0.0
2025-11-24 02:00:00,0.0,1.1,14.23,93.43,0.0,0.0,21.823307259291234,0.0,0.0
2025-11-24 03:00:00,0.0,1.23,13.52,95.94,0.0,0.0,25.51587552492825,0.0,0.0
2025-11-24 04:00:00,0.0,1.4,12.88,93.39,0.0,0.0,23.65501730772607,0.0,0.0
2025-11-24 05:00:00,0.0,1.6,12.36,93.93,0.0,0.0,27.98934788389663,0.0,0.0
2025-11-24 06:00:00,7.15,1.81,11.78,70.54,1.144,0.0,30.846860710604133,0.0,0.0
2025-11-24 07:00:00,97.5,1.78,12.58,46.74,15.6,0.0,34.93009595734245,0.0,0.0
2025-11-24 08:00:00,263.77,2.34,15.27,24.22,42.2032,0.0,45.04136420520397,0.0,0.0
2025-11-24 09:00:00,443.5,2.25,17.68,0.5,70.96000000000001,0.0,49.629496421496675,10.0,20.0
2025-11-24 10:00:00,570.95,2.82,21.3,0.35,91.35200000000002,0.0,52.29022328934487,20.0,40.0
2025-11-24 11:00:00,562.1,2.91,23.21,0.19,89.93600000000002,0.0,70.13270630421731,30.0,60.0
2025-11-24 12:00:00,547.47,2.83,24.25,0.04,87.5952,0.0,77.09968247445767,40.0,80.0
2025-11-24 13:00:00,455.92,2.78,24.75,18.83,72.9472,0.0,73.2789872970069,39.66821270299309,79.33642540598618
2025-11-24 14:00:00,308.42,2.65,24.63,36.82,49.34720000000001,0.0,77.04675090397447,29.668212702993088,59.33642540598618
2025-11-24 15:00:00,153.77,2.24,23.77,55.06,24.603200000000005,0.0,78.39707806448658,19.668212702993088,39.336425405986176
2025-11-24 16:00:00,36.47,2.0,20.73,73.76,5.8352,0.0,73.95330956677475,9.668212702993088,19.336425405986176
2025-11-24 17:00:00,0.0,2.47,17.74,92.95,0.0,0.0,64.49274644287098,0.0,0.0
2025-11-24 18:00:00,0.0,2.7,16.25,88.93,0.0,0.0,57.3345166973909,0.0,0.0
2025-11-24 19:00:00,0.0,2.76,15.14,82.91,0.0,0.0,49.17275881957498,0.0,0.0
2025-11-24 20:00:00,0.0,2.7,14.29,97.94,0.0,0.0,39.66535728516629,0.0,0.0
2025-11-24 21:00:00,0.0,2.54,13.69,97.98,0.0,0.0,36.39053907794032,0.0,0.0
2025-11-24 22:00:00,0.0,2.32,13.3,96.48,0.0,0.0,31.1773024245783,0.0,0.0
2025-11-24 23:00:00,0.0,2.08,13.05,94.45,0.0,0.0,29.715200875931945,0.0,0.0
2025-11-25 00:00:00,0.0,1.88,12.78,92.45,0.0,0.0,25.674928643623815,0.0,0.0
2025-11-25 01:00:00,0.0,1.76,12.43,15.84,0.0,0.0,24.781173839059775,0.0,0.0
2025-11-25 02:00:00,0.0,1.68,12.06,96.43,0.0,0.0,25.194479034134723,0.0,0.0
2025-11-25 03:00:00,0.0,1.76,11.63,92.83,0.0,0.0,23.823155314568712,0.0,0.0
2025-11-25 04:00:00,0.0,1.93,11.12,88.41,0.0,0.0,28.039386126395666,0.0,0.0
2025-11-25 05:00:00,0.0,2.14,10.67,77.35,0.0,0.0,28.592955113443345,0.0,0.0
2025-11-25 06:00:00,6.88,2.35,10.24,66.27,1.1008,0.0,32.91815957860486,0.0,0.0
2025-11-25 07:00:00,93.78,2.24,11.69,51.45,15.0048,0.0,36.84731858069737,0.0,0.0
2025-11-25 08:00:00,228.12,2.72,15.49,43.31,36.4992,0.0,42.978688445344766,0.0,0.0
2025-11-25 09:00:00,382.02,2.25,18.15,32.77,61.1232,0.0,48.505771849861446,10.0,20.0
2025-11-25 10:00:00,502.9,2.67,22.19,22.22,80.464,0.0,53.65685779477034,20.0,40.0
2025-11-25 11:00:00,543.03,2.26,23.97,11.48,86.88480000000001,0.0,69.06404833766513,30.0,60.0
2025-11-25 12:00:00,535.12,1.83,24.76,0.0,85.6192,0.0,71.92572668231618,40.0,80.0
2025-11-25 13:00:00,447.67,1.57,25.01,0.0,71.6272,0.0,79.5862821376236,32.0409178623764,64.0818357247528
2025-11-25 14:00:00,320.77,1.41,24.77,17.54,51.3232,0.0,80.6726074379226,22.040917862376403,44.08183572475281
2025-11-25 15:00:00,159.57,1.26,24.0,36.81,25.5312,0.0,74.81260630554428,12.040917862376403,24.081835724752807
2025-11-25 16:00:00,35.42,1.11,21.78,56.75,5.6672,0.0,77.37683984919765,2.0409178623764035,4.081835724752807
2025-11-25 17:00:00,0.0,1.18,19.45,76.86,0.0,0.0,65.59144770829813,0.0,0.0
2025-11-25 18:00:00,0.0,1.19,18.35,79.87,0.0,0.0,55.6224847332607,0.0,0.0
2025-11-25 19:00:00,0.0,1.09,17.5,64.81,0.0,0.0,52.302758170862774,0.0,0.0
2025-11-25 20:00:00,0.0,1.01,16.99,52.74,0.0,0.0,44.02027833946978,0.0,0.0
2025-11-25 21:00:00,0.0,0.95,16.54,36.66,0.0,0.0,39.20840609622047,0.0,0.0
2025-11-25 22:00:00,0.0,0.89,15.92,31.65,0.0,0.0,33.905908145356285,0.0,0.0
2025-11-25 23:00:00,0.0,0.93,15.27,26.62,0.0,0.0,27.791569220515623,0.0,0.0
2025-11-26 00:00:00,0.0,1.04,14.43,30.12,0.0,0.0,23.419761044263964,0.0,0.0
2025-11-26 01:00:00,0.0,1.24,13.91,35.84,0.0,0.0,23.449278003383295,0.0,0.0
2025-11-26 02:00:00,0.0,1.47,12.95,2.73,0.0,0.0,23.893216903075505,0.0,0.0
2025-11-26 03:00:00,0.0,1.77,12.24,34.83,0.0,0.0,26.152247172707757,0.0,0.0
2025-11-26 04:00:00,0.0,2.03,11.42,41.68,0.0,0.0,26.32463656604497,0.0,0.0
2025-11-26 05:00:00,0.0,2.29,10.65,35.83,0.0,0.0,28.84151753651566,0.0,0.0
2025-11-26 06:00:00,6.68,2.55,9.91,27.01,1.0688,0.0,33.197333050763646,0.0,0.0
2025-11-26 07:00:00,85.03,2.51,11.03,16.58,13.6048,0.0,35.21494939784406,0.0,0.0
2025-11-26 08:00:00,225.12,3.2,14.99,8.57,36.019200000000005,0.7585185185185186,42.42443842202208,0.0,0.0
2025-11-26 09:00:00,347.52,3.15,17.58,0.5,55.60320000000001,0.7235156249999999,49.76097234460849,6.565743280391516,13.131486560783031
2025-11-26 10:00:00,458.1,3.28,21.38,0.52,73.296,0.8168414814814813,61.039392735122235,16.565743280391516,33.13148656078303
2025-11-26 11:00:00,517.5,3.02,23.61,1.01,82.8,0.6375835185185185,62.20319202031132,26.565743280391516,53.13148656078304
2025-11-26 12:00:00,505.65,2.83,24.6,4.02,80.904,0.0,73.01408105246593,34.455662227925586,68.91132445585117
2025-11-26 13:00:00,428.65,2.75,24.94,4.89,68.58399999999999,0.0,80.42719403991674,24.455662227925586,48.91132445585117
2025-11-26 14:00:00,291.9,2.67,24.6,18.25,46.704,0.0,85.51439204354304,14.455662227925586,28.911324455851172
2025-11-26 15:00:00,156.8,2.44,23.6,31.03,25.088000000000005,0.0,82.20474834990564,4.455662227925586,8.911324455851172
2025-11-26 16:00:00,34.17,2.27,20.21,50.62,5.4672,0.0,71.23999546478977,0.0,0.0
2025-11-26 17:00:00,0.0,2.81,17.0,67.29,0.0,0.0,70.81952829898232,0.0,0.0
2025-11-26 18:00:00,0.0,3.05,15.68,53.74,0.0,0.6567737268518516,53.74251335703643,0.0,0.0
2025-11-26 19:00:00,0.0,3.18,14.69,45.71,0.0,0.7443850000000002,48.32128790175002,0.0,0.0
2025-11-26 20:00:00,0.0,3.22,13.89,41.69,0.0,0.772829814814815,39.657795076965655,0.0,0.0
2025-11-26 21:00:00,0.0,3.22,13.17,41.69,0.0,0.772829814814815,31.30139861408066,0.0,0.0
2025-11-26 22:00:00,0.0,3.18,12.59,46.46,0.0,0.7443850000000002,32.43120904931643,0.0,0.0
2025-11-26 23:00:00,0.0,3.12,12.12,57.28,0.0,0.7030400000000001,27.485386338679536,0.0,0.0
2025-11-27 00:00:00,0.0,3.06,11.74,70.34,0.0,0.6632550000000001,22.91853484421103,0.0,0.0
2025-11-27 01:00:00,0.0,2.98,11.38,72.21,0.0,0.0,26.168226298452893,0.0,0.0
2025-11-27 02:00:00,0.0,2.91,11.13,10.78,0.0,0.0,24.025943924273502,0.0,0.0
2025-11-27 03:00:00,0.0,2.88,10.91,36.17,0.0,0.0,26.61285360970831,0.0,0.0
2025-11-27 04:00:00,0.0,2.87,10.7,36.67,0.0,0.0,26.683955993957113,0.0,0.0
2025-11-27 05:00:00,0.0,2.87,10.56,57.63,0.0,0.0,28.90332505654248,0.0,0.0
2025-11-27 06:00:00,5.05,2.88,10.49,48.94,0.808,0.0,31.803280976080355,0.0,0.0
2025-11-27 07:00:00,70.0,3.04,12.35,39.89,11.200000000000005,0.6503348148148148,30.665455151606654,0.0,0.0
2025-11-27 08:00:00,192.4,3.84,14.69,30.91,30.78400000000001,1.3107199999999997,40.780977389283656,0.0,0.0
2025-11-27 09:00:00,325.83,3.4,17.15,24.45,52.1328,0.9098148148148146,45.721350573509476,7.321264241305343,14.642528482610686
2025-11-27 10:00:00,435.17,3.52,20.85,14.41,69.6272,1.009588148148148,56.40770912893316,17.321264241305343,34.642528482610686
2025-11-27 11:00:00,499.25,3.3,22.62,25.16,79.88000000000001,0.8318749999999999,60.73718106558586,27.321264241305343,54.642528482610686
2025-11-27 12:00:00,472.42,2.96,23.52,24.64,75.5872,0.0,80.38340152523732,22.52506271606802,45.05012543213604
2025-11-27 13:00:00,380.7,2.61,23.95,26.06,60.912000000000006,0.0,77.4775156360139,12.525062716068021,25.050125432136046
2025-11-27 14:00:00,249.48,2.41,23.75,38.67,39.9168,0.0,74.1833366014397,2.525062716068021,5.050125432136042
2025-11-27 15:00:00,131.75,2.23,22.91,51.36,21.08,0.0,75.72768536454674,0.0,0.0
2025-11-27 16:00:00,26.9,1.95,20.37,67.86,4.304,0.0,75.03955107704502,0.0,0.0
2025-11-27 17:00:00,0.0,2.4,17.74,82.29,0.0,0.0,69.07849592809829,0.0,0.0
2025-11-27 18:00:00,0.0,2.54,16.69,79.76,0.0,0.0,56.1052261130735,0.0,0.0
2025-11-27 19:00:00,0.0,2.6,15.89,72.96,0.0,0.0,50.815596292234126,0.0,0.0
2025-11-27 20:00:00,0.0,2.6,15.22,90.02,0.0,0.0,46.89818856219279,0.0,0.0
2025-11-27 21:00:00,0.0,2.54,14.67,96.19,0.0,0.0,37.46581086874931,0.0,0.0
2025-11-27 22:00:00,0.0,2.4,14.28,85.0,0.0,0.0,31.591645637714954,0.0,0.0
2025-11-27 23:00:00,0.0,2.18,14.11,86.47,0.0,0.0,27.051170051588983,0.0,0.0
2025-11-28 00:00:00,0.0,1.95,14.05,80.58,0.0,0.0,24.32877690675845,0.0,0.0
2025-11-28 01:00:00,0.0,1.74,14.0,26.48,0.0,0.0,24.356810463547102,0.0,0.0
2025-11-28 02:00:00,0.0,1.55,13.96,91.01,0.0,0.0,23.752964344129893,0.0,0.0
2025-11-28 03:00:00,0.0,1.41,13.88,98.07,0.0,0.0,26.240135190449426,0.0,0.0
2025-11-28 04:00:00,0.0,1.37,13.72,96.58,0.0,0.0,27.214572928177347,0.0,0.0
2025-11-28 05:00:00,0.0,1.41,13.49,94.98,0.0,0.0,28.34731169228393,0.0,0.0
2025-11-28 06:00:00,4.57,1.48,13.29,84.16,0.7312000000000001,0.0,32.95587060910576,0.0,0.0
2025-11-28 07:00:00,58.85,1.39,14.11,72.79,9.416,0.0,39.36557458882155,0.0,0.0
2025-11-28 08:00:00,155.82,1.58,15.14,62.72,24.9312,0.0,41.43872059096304,0.0,0.0
2025-11-28 09:00:00,283.17,1.23,16.36,53.2,45.30720000000001,0.0,47.39887370583362,0.0,0.0
2025-11-28 10:00:00,421.52,1.18,19.23,30.9,67.4432,0.0,60.5115819189178,6.931618081082206,13.863236162164414
2025-11-28 11:00:00,520.5,1.02,21.56,19.03,83.28,0.0,62.09367581451769,16.931618081082206,33.86323616216441
2025-11-28 12:00:00,456.83,0.99,22.2,43.48,73.0928,0.0,70.032778234296,19.9916398467862,39.9832796935724
2025-11-28 13:00:00,351.5,1.29,22.21,41.18,56.24,0.0,70.4927340882223,9.9916398467862,19.9832796935724
2025-11-28 14:00:00,221.1,1.42,21.77,52.69,35.376,0.0,84.0870924294115,0.0,0.0
2025-11-28 15:00:00,120.88,1.29,20.94,64.88,19.3408,0.0,83.19854319947437,0.0,0.0
2025-11-28 16:00:00,26.48,1.0,19.54,78.87,4.236800000000001,0.0,67.2304969136401,0.0,0.0
2025-11-28 17:00:00,0.0,0.94,18.28,91.33,0.0,0.0,73.5722507815554,0.0,0.0
2025-11-28 18:00:00,0.0,0.72,17.76,86.39,0.0,0.0,56.61081821000601,0.0,0.0
2025-11-28 19:00:00,0.0,0.61,17.4,80.36,0.0,0.0,49.60140563973328,0.0,0.0
2025-11-28 20:00:00,0.0,0.7,17.14,87.34,0.0,0.0,37.61068258078146,0.0,0.0
2025-11-28 21:00:00,0.0,0.74,16.92,90.37,0.0,0.0,37.2509397728225,0.0,0.0
2025-11-28 22:00:00,0.0,0.74,16.78,91.93,0.0,0.0,31.823088563068342,0.0,0.0
2025-11-28 23:00:00,0.0,0.76,16.55,95.44,0.0,0.0,27.546757727626126,0.0,0.0
2025-11-29 00:00:00,0.0,0.93,16.36,92.78,0.0,0.0,14.375952957288046,0.0,0.0
2025-11-29 01:00:00,0.0,1.31,15.85,10.94,0.0,0.0,14.826560143753872,0.0,0.0
2025-11-29 02:00:00,0.0,1.61,15.4,90.32,0.0,0.0,14.320343247276154,0.0,0.0
2025-11-29 03:00:00,0.0,1.75,15.13,97.38,0.0,0.0,13.86630127636889,0.0,0.0
2025-11-29 04:00:00,0.0,1.81,14.81,98.36,0.0,0.0,16.25565395709006,0.0,0.0
2025-11-29 05:00:00,0.0,1.83,14.5,98.42,0.0,0.0,16.81069924958694,0.0,0.0
2025-11-29 06:00:00,5.12,1.76,14.29,74.07,0.8192,0.0,20.642853355950955,0.0,0.0
2025-11-29 07:00:00,79.28,1.44,15.3,48.47,12.6848,0.0,22.16457037628759,0.0,0.0
2025-11-29 08:00:00,220.52,1.58,17.47,25.99,35.28320000000001,0.0,25.398744340312476,9.884455659687532,19.768911319375064
2025-11-29 09:00:00,384.58,1.1,19.95,1.01,61.5328,0.0,29.244162760275902,19.884455659687532,39.768911319375064
2025-11-29 10:00:00,511.0,0.75,23.47,2.45,81.76,0.0,31.139542696599975,29.884455659687532,59.768911319375064
2025-11-29 11:00:00,536.17,1.1,24.96,3.89,85.78719999999998,0.0,39.310750726852206,39.88445565968753,79.76891131937506
2025-11-29 12:00:00,533.33,1.57,25.66,6.02,85.33280000000002,0.0,42.56645713120905,49.88445565968753,99.76891131937506
2025-11-29 13:00:00,460.1,1.94,25.89,6.62,73.616,0.0,44.6915705604032,50.0,100.0
2025-11-29 14:00:00,322.23,2.03,25.77,22.24,51.5568,0.0,46.431325412362455,50.0,100.0
2025-11-29 15:00:00,163.5,1.88,25.07,40.28,26.160000000000004,0.0,44.058321536537505,40.0,80.0
2025-11-29 16:00:00,38.17,1.36,23.06,57.6,6.107200000000001,0.0,43.007193622148364,30.0,60.0
2025-11-29 17:00:00,0.0,1.32,21.36,75.36,0.0,0.0,39.42259808468269,20.0,40.0
2025-11-29 18:00:00,0.0,1.29,20.65,77.36,0.0,0.0,35.66853523558188,10.0,20.0
2025-11-29 19:00:00,0.0,1.62,19.59,78.36,0.0,0.0,27.08793778603743,0.0,0.0
2025-11-29 20:00:00,0.0,2.14,17.98,80.88,0.0,0.0,25.752642303944175,0.0,0.0
2025-11-29 21:00:00,0.0,2.5,16.48,87.43,0.0,0.0,23.675907701655213,0.0,0.0
2025-11-29 22:00:00,0.0,2.63,15.32,91.45,0.0,0.0,19.155960569959184,0.0,0.0
2025-11-29 23:00:00,0.0,2.6,14.45,96.96,0.0,0.0,16.30385252049783,0.0,0.0
2025-11-30 00:00:00,0.0,2.51,13.76,98.47,0.0,0.0,14.969823851763538,0.0,0.0
2025-11-30 01:00:00,0.0,2.43,13.23,25.22,0.0,0.0,14.044735463824214,0.0,0.0
2025-11-30 02:00:00,0.0,2.35,12.84,99.98,0.0,0.0,13.053874238352856,0.0,0.0
2025-11-30 03:00:00,0.0,2.22,12.66,99.98,0.0,0.0,14.254883974946113,0.0,0.0
2025-11-30 04:00:00,0.0,2.03,12.73,99.28,0.0,0.0,15.862911237370524,0.0,0.0
2025-11-30 05:00:00,0.0,1.75,12.97,98.79,0.0,0.0,17.967385223819054,0.0,0.0
2025-11-30 06:00:00,6.55,1.34,13.39,92.43,1.0479999999999998,0.0,17.49366505042335,0.0,0.0
2025-11-30 07:00:00,92.57,0.86,14.56,86.12,14.8112,0.0,19.704667078177675,0.0,0.0
2025-11-30 08:00:00,230.7,0.58,16.28,79.47,36.912,0.0,27.32734514543943,9.584654854560569,19.169309709121137
2025-11-30 09:00:00,363.1,0.12,18.19,73.05,58.096,0.0,29.133195708702534,19.58465485456057,39.16930970912114
2025-11-30 10:00:00,473.8,1.96,22.21,56.41,75.808,0.0,34.02645039421115,29.58465485456057,59.16930970912113
2025-11-30 11:00:00,489.02,2.83,23.71,41.6,78.2432,0.0,35.62203061938904,39.58465485456057,79.16930970912114
2025-11-30 12:00:00,462.12,3.09,24.49,74.97,73.93920000000001,0.6829543749999999,46.98424349202267,49.58465485456057,99.16930970912114
2025-11-30 13:00:00,359.02,3.16,24.8,78.57,57.4432,0.7304281481481483,45.031836650962404,50.0,100.0
2025-11-30 14:00:00,244.75,3.11,24.59,81.54,39.16,0.6963016435185185,46.48035869677672,43.375942946741795,86.75188589348359
2025-11-30 15:00:00,133.02,2.8,23.75,81.59,21.2832,0.0,48.32835152670044,33.375942946741795,66.75188589348359
2025-11-30 16:00:00,29.7,2.02,21.13,84.22,4.752000000000001,0.0,43.29106225996117,23.375942946741795,46.75188589348359
2025-11-30 17:00:00,0.0,2.17,18.8,87.22,0.0,0.0,44.122785117479886,13.375942946741795,26.75188589348359
2025-11-30 18:00:00,0.0,2.19,17.89,78.36,0.0,0.0,34.71754855486885,3.3759429467417945,6.751885893483589
2025-11-30 19:00:00,0.0,2.19,17.08,67.81,0.0,0.0,31.452894462787768,0.0,0.0
2025-11-30 20:00:00,0.0,2.1,16.45,67.3,0.0,0.0,25.77531816553406,0.0,0.0
2025-11-30 21:00:00,0.0,1.9,16.06,69.32,0.0,0.0,23.175005011063813,0.0,0.0
2025-11-30 22:00:00,0.0,1.65,15.8,66.31,0.0,0.0,21.167534859242945,0.0,0.0
2025-11-30 23:00:00,0.0,1.47,15.43,66.31,0.0,0.0,16.98587967619641,0.0,0.0
2025-12-01 00:00:00,0.0,1.36,15.05,0.55,0.0,0.0,24.210878704209836,0.0,0.0
2025-12-01 01:00:00,0.0,1.23,14.67,82.3,0.0,0.0,24.30780474301766,0.0,0.0
2025-12-01 02:00:00,0.0,1.11,14.44,1.12,0.0,0.0,21.75372211390395,0.0,0.0
2025-12-01 03:00:00,0.0,1.0,14.21,76.34,0.0,0.0,26.91224226812575,0.0,0.0
2025-12-01 04:00:00,0.0,0.97,13.87,70.31,0.0,0.0,25.995665215415702,0.0,0.0
2025-12-01 05:00:00,0.0,1.12,13.49,1.51,0.0,0.0,29.492126273878675,0.0,0.0
2025-12-01 06:00:00,6.0,1.37,12.83,1.51,0.96,0.0,29.44487069363014,0.0,0.0
2025-12-01 07:00:00,103.53,1.47,13.11,1.51,16.5648,0.0,36.34484617161433,0.0,0.0
2025-12-01 08:00:00,262.52,2.09,15.39,1.51,42.0032,0.0,41.355761824515575,0.6474381754844245,1.294876350968849
2025-12-01 09:00:00,398.98,2.1,17.83,1.51,63.83680000000001,0.0,48.2367271993882,10.647438175484425,21.29487635096885
2025-12-01 10:00:00,516.17,2.34,21.71,1.51,82.5872,0.0,55.51260169989031,20.647438175484425,41.29487635096885
2025-12-01 11:00:00,542.92,2.65,23.35,1.51,86.8672,0.0,65.96398662199915,30.647438175484425,61.29487635096885
2025-12-01 12:00:00,534.35,2.89,24.2,1.51,85.49600000000001,0.0,69.36460311138471,40.647438175484425,81.29487635096885
2025-12-01 13:00:00,463.55,2.89,24.56,1.33,74.168,0.0,76.92378566042021,37.89165251506422,75.78330503012845
2025-12-01 14:00:00,329.7,2.66,24.41,1.17,52.752,0.0,80.13438102822518,27.891652515064223,55.783305030128446
2025-12-01 15:00:00,191.48,2.32,23.7,1.0,30.6368,0.0,80.41530632846175,17.891652515064223,35.783305030128446
2025-12-01 16:00:00,43.35,1.71,21.23,0.83,6.936,0.0,73.47276702399779,7.891652515064223,15.783305030128448
2025-12-01 17:00:00,0.0,2.19,18.66,0.67,0.0,0.0,68.0028421020245,0.0,0.0
2025-12-01 18:00:00,0.0,2.57,17.36,0.5,0.0,0.0,56.04287091723762,0.0,0.0
2025-12-01 19:00:00,0.0,2.88,16.42,0.5,0.0,0.0,52.534450489150615,0.0,0.0
2025-12-01 20:00:00,0.0,3.0,15.74,0.5,0.0,0.625,43.68620754433922,0.0,0.0
2025-12-01 21:00:00,0.0,2.99,15.18,0.5,0.0,0.0,39.59718816901957,0.0,0.0
2025-12-01 22:00:00,0.0,2.91,14.62,1.01,0.0,0.0,32.22048826462146,0.0,0.0
2025-12-01 23:00:00,0.0,2.83,14.05,2.01,0.0,0.0,27.412662327580474,0.0,0.0
2025-12-02 00:00:00,0.0,2.78,13.48,3.52,0.0,0.0,24.162561606548017,0.0,0.0
2025-12-02 01:00:00,0.0,2.76,12.96,2.51,0.0,0.0,23.426811860570947,0.0,0.0
2025-12-02 02:00:00,0.0,2.72,12.48,12.6,0.0,0.0,25.006341919772318,0.0,0.0
2025-12-02 03:00:00,0.0,2.67,11.93,16.89,0.0,0.0,23.53658326585816,0.0,0.0
2025-12-02 04:00:00,0.0,2.6,11.47,9.29,0.0,0.0,26.499345330824546,0.0,0.0
2025-12-02 05:00:00,0.0,2.53,11.07,4.02,0.0,0.0,27.722886842109485,0.0,0.0
2025-12-02 06:00:00,6.1,2.45,10.78,5.74,0.976,0.0,31.087297392077264,0.0,0.0
2025-12-02 07:00:00,99.88,2.1,12.5,5.65,15.9808,0.0,38.43240141535787,0.0,0.0
2025-12-02 08:00:00,253.0,2.54,15.38,13.28,40.48,0.0,45.74474649360278,0.0,0.0
2025-12-02 09:00:00,408.85,2.16,17.97,15.19,65.41600000000001,0.0,51.722983137472845,10.0,20.0
2025-12-02 10:00:00,531.3,2.94,22.32,13.07,85.00800000000001,0.0,58.046390704391456,20.0,40.0
2025-12-02 11:00:00,573.72,3.77,24.49,4.04,91.7952,1.240338726851852,59.96029802674132,30.0,60.0
2025-12-02 12:00:00,569.38,3.88,24.97,2.48,91.1008,1.352108148148148,74.38685336195773,40.0,80.0
2025-12-02 13:00:00,496.27,3.86,24.99,0.92,79.4032,1.3313068518518518,78.83535108868503,41.89915576316682,83.79831152633363
2025-12-02 14:00:00,360.42,3.72,24.51,0.84,57.66720000000001,1.1916400000000005,74.55262598434997,31.899155763166817,63.79831152633364
2025-12-02 15:00:00,207.5,3.13,23.46,0.77,33.2,0.7098216898148147,84.58308171791481,21.899155763166817,43.798311526333634
2025-12-02 16:00:00,49.17,2.34,20.17,0.69,7.8672,0.0,70.25223138409476,11.899155763166817,23.798311526333634
2025-12-02 17:00:00,0.0,2.57,17.58,0.61,0.0,0.0,64.87631340840149,1.8991557631668172,3.7983115263336344
2025-12-02 18:00:00,0.0,2.59,16.71,0.54,0.0,0.0,51.87824117539178,0.0,0.0
2025-12-02 19:00:00,0.0,2.61,15.87,0.46,0.0,0.0,46.95810472259657,0.0,0.0
2025-12-02 20:00:00,0.0,2.66,14.94,0.39,0.0,0.0,43.107972414528305,0.0,0.0
2025-12-02 21:00:00,0.0,2.75,13.95,0.31,0.0,0.0,37.62799176917152,0.0,0.0
2025-12-02 22:00:00,0.0,2.84,13.02,0.24,0.0,0.0,29.064466219246533,0.0,0.0
2025-12-02 23:00:00,0.0,2.96,12.11,0.16,0.0,0.0,28.618791109954778,0.0,0.0
2025-12-03 00:00:00,0.0,3.13,11.27,0.09,0.0,0.7098216898148147,24.397899946264538,0.0,0.0
2025-12-03 01:00:00,0.0,3.28,10.57,0.01,0.0,0.8168414814814813,24.515922033208582,0.0,0.0
2025-12-03 02:00:00,0.0,3.37,10.0,0.06,0.0,0.8859433564814816,23.81501148896644,0.0,0.0
2025-12-03 03:00:00,0.0,3.38,9.54,0.11,0.0,0.8938535185185186,25.65622791503705,0.0,0.0
2025-12-03 04:00:00,0.0,3.33,9.18,0.16,0.0,0.854769375,26.1627622375899,0.0,0.0
2025-12-03 05:00:00,0.0,3.2,8.97,0.21,0.0,0.7585185185185186,28.60860917351126,0.0,0.0
2025-12-03 06:00:00,6.55,3.01,8.96,0.26,1.0479999999999998,0.6312708564814813,32.572745135045196,0.0,0.0
2025-12-03 07:00:00,121.72,2.51,10.96,0.31,19.4752,0.0,33.65203582727999,0.0,0.0
2025-12-03 08:00:00,303.83,2.7,15.0,0.36,48.6128,0.0,43.96667521727707,4.646124782722929,9.292249565445857
2025-12-03 09:00:00,474.27,2.14,17.53,0.4,75.8832,0.0,52.18371047178743,14.646124782722929,29.292249565445854
2025-12-03 10:00:00,594.97,1.08,21.29,0.45,95.1952,0.0,55.09493059750392,24.64612478272293,49.29224956544586
2025-12-03 11:00:00,593.92,0.33,23.07,0.5,95.0272,0.0,71.70171162869818,34.64612478272293,69.29224956544586
2025-12-03 12:00:00,581.72,0.56,23.61,0.5,93.0752,0.0,73.12426583155451,44.64612478272293,89.29224956544586
2025-12-03 13:00:00,505.42,0.68,23.74,0.17,80.86720000000001,0.0,78.59219716498151,46.921127617741426,93.84225523548285
2025-12-03 14:00:00,369.25,0.79,23.44,1.52,59.08000000000001,0.0,81.22665512910007,36.921127617741426,73.84225523548285
2025-12-03 15:00:00,210.93,0.95,22.69,2.86,33.7488,0.0,82.53848467234272,26.921127617741426,53.84225523548285
2025-12-03 16:00:00,50.8,1.1,20.63,4.21,8.128,0.0,72.1904208452914,16.921127617741426,33.84225523548285
2025-12-03 17:00:00,0.0,1.6,18.38,5.66,0.0,0.0,64.35916732814081,6.921127617741426,13.842255235482853
2025-12-03 18:00:00,0.0,2.17,16.63,33.09,0.0,0.0,58.591501060679335,0.0,0.0
2025-12-03 19:00:00,0.0,2.62,14.74,32.16,0.0,0.0,49.96633339256716,0.0,0.0
2025-12-03 20:00:00,0.0,2.99,13.01,36.93,0.0,0.0,44.98676406235184,0.0,0.0
2025-12-03 21:00:00,0.0,3.11,12.07,27.7,0.0,0.6963016435185185,37.02773358354001,0.0,0.0
2025-12-03 22:00:00,0.0,3.12,10.99,12.18,0.0,0.7030400000000001,30.869229173598992,0.0,0.0
2025-12-03 23:00:00,0.0,3.06,10.1,1.51,0.0,0.6632550000000001,28.431755267649482,0.0,0.0
2025-12-04 00:00:00,0.0,2.99,9.46,0.79,0.0,0.0,25.022486811828728,0.0,0.0
2025-12-04 01:00:00,0.0,2.93,9.02,0.07,0.0,0.0,23.53826837976252,0.0,0.0
2025-12-04 02:00:00,0.0,2.85,8.74,0.12,0.0,0.0,25.361881864138866,0.0,0.0
2025-12-04 03:00:00,0.0,2.82,8.53,0.16,0.0,0.0,26.137089854272418,0.0,0.0
2025-12-04 04:00:00,0.0,2.7,8.53,0.21,0.0,0.0,25.61234577042405,0.0,0.0
2025-12-04 05:00:00,0.0,2.45,8.86,0.26,0.0,0.0,27.31852659911648,0.0,0.0
2025-12-04 06:00:00,6.2,2.07,9.39,0.31,0.992,0.0,32.223626258604675,0.0,0.0
2025-12-04 07:00:00,119.55,1.61,10.87,0.36,19.128,0.0,33.692633948443806,0.0,0.0
2025-12-04 08:00:00,301.23,1.21,14.02,0.41,48.1968,0.0,44.20375817781631,3.9930418221836916,7.986083644367384
2025-12-04 09:00:00,472.8,0.49,16.29,0.45,75.64800000000001,0.0,51.697445866770245,13.993041822183692,27.986083644367383
2025-12-04 10:00:00,593.88,0.68,20.28,0.5,95.0208,0.0,54.87058130262176,23.99304182218369,47.98608364436738
2025-12-04 11:00:00,642.42,1.69,22.34,0.5,102.7872,0.0,69.2870063776262,33.99304182218369,67.98608364436738
2025-12-04 12:00:00,630.4,2.17,23.04,0.0,100.864,0.0,72.46488483903897,43.99304182218369,87.98608364436738
2025-12-04 13:00:00,548.38,2.41,23.26,0.03,87.74080000000001,0.0,78.85113996977451,50.0,100.0
2025-12-04 14:00:00,407.17,2.45,22.99,0.05,65.14720000000001,0.0,73.62811963114356,41.51908036885645,83.0381607377129
2025-12-04 15:00:00,232.23,2.15,22.08,0.08,37.1568,0.0,75.43770903608554,31.51908036885645,63.0381607377129
2025-12-04 16:00:00,57.33,1.67,19.14,0.11,9.1728,0.0,75.65068613990621,21.51908036885645,43.0381607377129
2025-12-04 17:00:00,0.0,1.66,17.22,0.13,0.0,0.0,70.15931792433219,11.51908036885645,23.0381607377129
2025-12-04 18:00:00,0.0,1.48,16.42,0.16,0.0,0.0,55.31817308568431,1.51908036885645,3.0381607377129
2025-12-04 19:00:00,0.0,1.31,15.84,0.19,0.0,0.0,48.301593403408354,0.0,0.0
2025-12-04 20:00:00,0.0,1.32,15.13,0.21,0.0,0.0,42.76626119499545,0.0,0.0
2025-12-04 21:00:00,0.0,1.45,14.2,0.24,0.0,0.0,37.2415031111532,0.0,0.0
2025-12-04 22:00:00,0.0,1.55,13.35,0.27,0.0,0.0,28.275381618934407,0.0,0.0
2025-12-04 23:00:00,0.0,1.6,12.66,0.29,0.0,0.0,26.979498642927165,0.0,0.0
2025-12-05 00:00:00,0.0,1.65,12.07,0.32,0.0,0.0,25.437332760546603,0.0,0.0
2025-12-05 01:00:00,0.0,1.75,11.59,0.35,0.0,0.0,23.909615382957238,0.0,0.0
2025-12-05 02:00:00,0.0,1.79,11.19,1.01,0.0,0.0,24.528063047858698,0.0,0.0
2025-12-05 03:00:00,0.0,1.71,10.96,0.5,0.0,0.0,25.334897299543204,0.0,0.0
2025-12-05 04:00:00,0.0,1.51,10.8,1.01,0.0,0.0,25.665178467409074,0.0,0.0
2025-12-05 05:00:00,0.0,1.25,10.91,1.51,0.0,0.0,31.194161113397506,0.0,0.0
2025-12-05 06:00:00,6.05,0.99,10.68,1.29,0.968,0.0,30.030685866181503,0.0,0.0
2025-12-05 07:00:00,125.32,0.83,11.74,1.08,20.0512,0.0,38.451867914026124,0.0,0.0
2025-12-05 08:00:00,312.85,0.9,14.03,0.86,50.056,0.0,41.23574544130592,8.820254558694074,17.64050911738815
2025-12-05 09:00:00,485.75,0.64,16.17,0.65,77.72000000000001,0.0,45.8136306130771,18.820254558694074,37.64050911738815
2025-12-05 10:00:00,608.78,0.31,20.13,0.43,97.4048,0.0,63.42277620564877,28.820254558694074,57.64050911738815
2025-12-05 11:00:00,663.38,1.19,22.48,0.22,106.1408,0.0,65.60929780607319,38.820254558694074,77.64050911738815
2025-12-05 12:00:00,652.53,1.62,23.49,0.0,104.4048,0.0,73.95175563786725,48.820254558694074,97.64050911738815
2025-12-05 13:00:00,571.17,1.97,23.96,0.06,91.3872,0.0,74.78734140542123,50.0,100.0
2025-12-05 14:00:00,429.1,2.19,23.8,0.11,68.656,0.0,72.0890808334388,46.566919166561206,93.13383833312241
2025-12-05 15:00:00,247.05,1.97,22.9,0.17,39.528000000000006,0.0,79.11607755869363,36.566919166561206,73.13383833312241
2025-12-05 16:00:00,62.03,1.64,20.1,0.22,9.9248,0.0,74.49849917846251,26.566919166561206,53.133838333122405
2025-12-05 17:00:00,0.0,2.05,17.58,0.28,0.0,0.0,65.17757258272803,16.566919166561206,33.13383833312241
2025-12-05 18:00:00,0.0,2.54,15.52,0.34,0.0,0.0,57.76577865551562,6.566919166561206,13.133838333122414
2025-12-05 19:00:00,0.0,2.87,13.71,0.39,0.0,0.0,45.04224166105622,0.0,0.0
2025-12-05 20:00:00,0.0,2.9,12.57,0.45,0.0,0.0,38.96177306873025,0.0,0.0
2025-12-05 21:00:00,0.0,2.82,11.81,0.5,0.0,0.0,37.68722507474178,0.0,0.0
2025-12-05 22:00:00,0.0,2.76,11.18,1.28,0.0,0.0,32.62414319135984,0.0,0.0
2025-12-05 23:00:00,0.0,2.75,10.58,2.05,0.0,0.0,29.893929183458393,0.0,0.0
2025-12-06 00:00:00,0.0,2.83,9.97,2.83,0.0,0.0,15.389330247835554,0.0,0.0
2025-12-06 01:00:00,0.0,2.96,9.45,0.5,0.0,0.0,13.613209296212611,0.0,0.0
2025-12-06 02:00:00,0.0,3.11,9.19,18.25,0.0,0.6963016435185185,14.982606821108352,0.0,0.0
2025-12-06 03:00:00,0.0,3.28,8.68,15.7,0.0,0.8168414814814813,15.392420139055837,0.0,0.0
2025-12-06 04:00:00,0.0,3.36,8.12,13.17,0.0,0.8780799999999999,17.329037432712905,0.0,0.0
2025-12-06 05:00:00,0.0,3.27,7.9,10.65,0.0,0.8093931249999999,17.55585573165438,0.0,0.0
2025-12-06 06:00:00,5.72,2.99,8.02,8.12,0.9152,0.0,19.056456186236467,0.0,0.0
2025-12-06 07:00:00,120.2,2.39,9.77,5.37,19.232,0.0,21.0359420014295,0.0,0.0
2025-12-06 08:00:00,309.58,1.92,14.1,3.04,49.5328,0.0,28.425227262475047,10.0,20.0
2025-12-06 09:00:00,481.65,0.84,16.62,0.51,77.06400000000001,0.0,28.91087139317943,20.0,40.0
2025-12-06 10:00:00,574.35,1.13,20.9,24.48,91.89600000000002,0.0,36.33141869899119,30.0,60.0
2025-12-06 11:00:00,644.1,1.56,23.45,37.78,103.056,0.0,41.16581223903529,40.0,80.0
2025-12-06 12:00:00,638.92,1.95,24.53,39.67,102.2272,0.0,41.780696474411336,50.0,100.0
2025-12-06 13:00:00,546.2,2.37,25.22,66.21,87.39200000000001,0.0,47.25432175558004,50.0,100.0
2025-12-06 14:00:00,401.98,2.61,24.91,72.91,64.3168,0.0,48.721698418493936,50.0,100.0
2025-12-06 15:00:00,226.25,2.14,23.35,79.42,36.2,0.0,49.48618273652069,40.0,80.0
2025-12-06 16:00:00,53.08,2.08,20.09,86.62,8.4928,0.0,46.34734291533337,30.0,60.0
2025-12-06 17:00:00,0.0,2.51,17.69,95.49,0.0,0.0,37.158239262245516,20.0,40.0
2025-12-06 18:00:00,0.0,2.69,16.4,99.66,0.0,0.0,34.47100109904708,10.0,20.0
2025-12-06 19:00:00,0.0,2.89,15.03,97.42,0.0,0.0,27.367721443741704,0.0,0.0
2025-12-06 20:00:00,0.0,2.76,14.48,88.16,0.0,0.0,24.607051438056224,0.0,0.0
2025-12-06 21:00:00,0.0,2.63,14.04,98.54,0.0,0.0,20.997087576325107,0.0,0.0
2025-12-06 22:00:00,0.0,2.74,13.32,99.69,0.0,0.0,20.236136537539597,0.0,0.0
2025-12-06 23:00:00,0.0,3.02,12.54,71.59,0.0,0.6375835185185185,16.631919938646345,0.0,0.0
2025-12-07 00:00:00,0.0,3.31,11.15,34.52,0.0,0.8394604398148148,15.66018803139773,0.0,0.0
2025-12-07 01:00:00,0.0,3.41,10.45,18.17,0.0,0.917866226851852,14.476592531769667,0.0,0.0
2025-12-07 02:00:00,0.0,3.34,9.99,19.29,0.0,0.8624931481481479,13.738381630982888,0.0,0.0
2025-12-07 03:00:00,0.0,3.21,9.67,2.53,0.0,0.7656518749999999,14.613318404231205,0.0,0.0
2025-12-07 04:00:00,0.0,3.09,9.45,1.51,0.0,0.6829543749999999,14.47203898321604,0.0,0.0
2025-12-07 05:00:00,0.0,2.85,9.44,0.5,0.0,0.0,16.67240673145902,0.0,0.0
2025-12-07 06:00:00,5.53,2.56,9.7,0.44,0.8848000000000001,0.0,17.46079576380836,0.0,0.0
2025-12-07 07:00:00,124.2,2.1,11.48,0.38,19.872,0.0,20.045428380852563,0.0,0.0
2025-12-07 08:00:00,313.25,1.55,15.01,0.31,50.12,0.0,24.247581231295527,10.0,20.0
2025-12-07 09:00:00,487.25,0.55,17.31,0.25,77.96000000000001,0.0,29.459235790717603,20.0,40.0
2025-12-07 10:00:00,609.1,0.45,21.28,0.19,97.456,0.0,33.65312747513078,30.0,60.0
2025-12-07 11:00:00,690.58,1.05,24.99,0.13,110.49280000000002,0.0,40.84130364949297,40.0,80.0
2025-12-07 12:00:00,678.85,1.61,25.9,0.06,108.616,0.0,47.51880292023053,50.0,100.0
2025-12-07 13:00:00,598.75,2.06,26.09,0.0,95.8,0.0,44.343380702768115,50.0,100.0
2025-12-07 14:00:00,457.23,2.45,25.83,0.1,73.1568,0.0,47.65777081171809,50.0,100.0
2025-12-07 15:00:00,269.92,2.31,24.77,0.2,43.1872,0.0,43.853002324309024,49.33419767569097,98.66839535138195
2025-12-07 16:00:00,72.12,2.05,21.09,0.3,11.5392,0.0,43.12243645728256,39.33419767569097,78.66839535138195
2025-12-07 17:00:00,0.0,2.23,18.66,0.4,0.0,0.0,40.46541863685165,29.334197675690973,58.66839535138194
2025-12-07 18:00:00,0.0,2.2,17.76,0.5,0.0,0.0,36.72748707430595,19.334197675690973,38.668395351381946
2025-12-07 19:00:00,0.0,2.25,16.92,1.51,0.0,0.0,28.31176596958107,9.334197675690973,18.668395351381946
2025-12-07 20:00:00,0.0,2.4,15.99,6.36,0.0,0.0,27.706930620576916,0.0,0.0
2025-12-07 21:00:00,0.0,2.58,15.02,11.21,0.0,0.0,21.16416824672594,0.0,0.0
2025-12-07 22:00:00,0.0,2.72,14.15,16.08,0.0,0.0,18.812013919172628,0.0,0.0
2025-12-07 23:00:00,0.0,2.77,13.55,27.73,0.0,0.0,17.62105861904583,0.0,0.0
2025-12-08 00:00:00,0.0,2.79,13.23,46.16,0.0,0.0,21.928178548618305,0.0,0.0
2025-12-08 01:00:00,0.0,2.84,12.94,59.22,0.0,0.0,24.268284073999965,0.0,0.0
2025-12-08 02:00:00,0.0,2.88,12.63,87.33,0.0,0.0,25.171121311097505,0.0,0.0
2025-12-08 03:00:00,0.0,2.87,12.38,45.72,0.0,0.0,26.600493053193706,0.0,0.0
2025-12-08 04:00:00,0.0,2.79,12.23,17.02,0.0,0.0,23.931787297269793,0.0,0.0
2025-12-08 05:00:00,0.0,2.6,12.21,0.51,0.0,0.0,26.85161353680922,0.0,0.0
2025-12-08 06:00:00,5.93,2.26,12.46,0.44,0.9488,0.0,33.83078306659013,0.0,0.0
2025-12-08 07:00:00,138.15,1.75,13.9,0.38,22.104,0.0,38.66925514146074,0.0,0.0
2025-12-08 08:00:00,340.48,1.48,16.9,0.32,54.4768,0.0,44.04988656753081,10.0,20.0
2025-12-08 09:00:00,514.5,1.08,18.85,0.25,82.32,0.0,47.80538405665938,20.0,40.0
2025-12-08 10:00:00,635.7,1.3,22.51,0.19,101.71200000000002,0.0,61.337240100758514,30.0,60.0
2025-12-08 11:00:00,690.22,1.97,25.39,0.13,110.4352,0.0,61.990160258277605,40.0,80.0
2025-12-08 12:00:00,679.85,2.19,26.33,0.06,108.77600000000002,0.0,75.0507701877263,50.0,100.0
2025-12-08 13:00:00,600.2,2.48,26.68,0.0,96.03200000000002,0.0,79.71657366129492,50.0,100.0
2025-12-08 14:00:00,459.0,2.71,26.38,0.15,73.44,0.0,79.35890044006486,44.08109955993514,88.16219911987028
2025-12-08 15:00:00,271.48,2.37,25.23,0.31,43.436800000000005,0.0,79.78365512806499,34.08109955993514,68.16219911987028
2025-12-08 16:00:00,72.43,2.05,21.61,0.46,11.588800000000004,0.0,70.92493960921503,24.08109955993514,48.16219911987028
2025-12-08 17:00:00,0.0,2.52,18.71,0.61,0.0,0.0,62.266479428896844,14.08109955993514,28.16219911987028
2025-12-08 18:00:00,0.0,2.8,16.94,0.77,0.0,0.0,53.210033868871854,4.08109955993514,8.16219911987028
2025-12-08 19:00:00,0.0,3.04,15.32,0.92,0.0,0.6503348148148148,51.070833869180234,0.0,0.0
2025-12-08 20:00:00,0.0,3.35,13.86,1.08,0.0,0.8702633101851853,42.667459633747555,0.0,0.0
2025-12-08 21:00:00,0.0,3.63,12.82,1.23,0.0,1.107225625,37.84366071858623,0.0,0.0
2025-12-08 22:00:00,0.0,3.74,12.11,1.38,0.0,1.2109635185185188,30.51361318319491,0.0,0.0
2025-12-08 23:00:00,0.0,3.7,11.54,1.54,0.0,1.1725231481481482,27.999265324870226,0.0,0.0
2025-12-09 00:00:00,0.0,3.68,11.06,1.69,0.0,1.153611851851852,26.529135429103132,0.0,0.0
2025-12-09 01:00:00,0.0,3.77,10.62,1.84,0.0,1.240338726851852,24.909279635539097,0.0,0.0
2025-12-09 02:00:00,0.0,3.8,10.2,1.68,0.0,1.270185185185185,24.18223487716983,0.0,0.0
2025-12-09 03:00:00,0.0,3.7,9.82,1.51,0.0,1.1725231481481482,23.83171767074236,0.0,0.0
2025-12-09 04:00:00,0.0,3.53,9.6,1.34,0.0,1.018217060185185,26.457924720312505,0.0,0.0
2025-12-09 05:00:00,0.0,3.28,9.66,1.17,0.0,0.8168414814814813,27.790608222026616,0.0,0.0
2025-12-09 06:00:00,5.55,2.96,9.99,1.01,0.8880000000000001,0.0,33.71368866517748,0.0,0.0
2025-12-09 07:00:00,136.45,2.49,11.95,0.84,21.832,0.0,36.92693064747657,0.0,0.0
2025-12-09 08:00:00,340.92,2.29,16.44,0.67,54.5472,0.0,40.750284348088236,10.0,20.0
2025-12-09 09:00:00,517.62,2.2,19.11,0.5,82.81920000000001,0.0,51.45219188186787,20.0,40.0
2025-12-09 10:00:00,640.78,2.47,22.55,0.34,102.5248,0.0,57.64902967982626,30.0,60.0
2025-12-09 11:00:00,700.08,3.56,25.69,0.17,112.01280000000004,1.0443985185185187,67.83157170528425,40.0,80.0
2025-12-09 12:00:00,689.65,3.78,26.49,0.0,110.344,1.2502349999999998,77.94357065881334,50.0,100.0
2025-12-09 13:00:00,608.42,3.86,26.63,0.05,97.3472,1.3313068518518518,79.93022274646263,50.0,100.0
2025-12-09 14:00:00,465.52,3.86,26.21,0.1,74.4832,1.3313068518518518,88.50419848570921,40.0,80.0
2025-12-09 15:00:00,275.6,3.2,24.81,0.16,44.096,0.7585185185185186,87.03293189480189,30.0,60.0
2025-12-09 16:00:00,73.82,2.71,20.36,0.21,11.8112,0.0,79.50671651211515,20.0,40.0
2025-12-09 17:00:00,0.0,3.08,17.12,0.26,0.0,0.6763451851851853,62.61639715482103,10.0,20.0
2025-12-09 18:00:00,0.0,3.08,16.0,0.31,0.0,0.6763451851851853,56.90504138820755,0.0,0.0
2025-12-09 19:00:00,0.0,2.96,15.19,0.37,0.0,0.0,48.80823495248261,0.0,0.0
2025-12-09 20:00:00,0.0,2.72,14.76,0.42,0.0,0.0,42.45510283639066,0.0,0.0
2025-12-09 21:00:00,0.0,2.36,14.75,0.47,0.0,0.0,36.46625008930053,0.0,0.0
2025-12-09 22:00:00,0.0,2.0,14.78,0.52,0.0,0.0,30.981718108065294,0.0,0.0
2025-12-09 23:00:00,0.0,1.79,14.44,0.58,0.0,0.0,27.172346609992243,0.0,0.0
2025-12-10 00:00:00,0.0,1.81,13.84,0.63,0.0,0.0,26.297574259834565,0.0,0.0
2025-12-10 01:00:00,0.0,2.04,13.08,0.68,0.0,0.0,22.960288378090336,0.0,0.0
2025-12-10 02:00:00,0.0,2.25,12.18,0.62,0.0,0.0,25.135355875134866,0.0,0.0
2025-12-10 03:00:00,0.0,2.29,11.55,0.56,0.0,0.0,27.1413013102627,0.0,0.0
2025-12-10 04:00:00,0.0,2.25,11.11,0.5,0.0,0.0,27.947224240132826,0.0,0.0
2025-12-10 05:00:00,0.0,2.19,10.77,0.43,0.0,0.0,27.82105086249374,0.0,0.0
2025-12-10 06:00:00,5.32,2.15,10.42,0.37,0.8512000000000001,0.0,32.58784092742198,0.0,0.0
2025-12-10 07:00:00,136.95,1.96,11.35,0.31,21.912,0.0,35.92199904575945,0.0,0.0
2025-12-10 08:00:00,341.6,1.97,14.96,0.25,54.656000000000006,0.0,40.21299325437403,10.0,20.0
2025-12-10 09:00:00,517.78,1.58,17.35,0.19,82.8448,0.0,50.46191034009754,20.0,40.0
2025-12-10 10:00:00,640.38,1.72,21.0,0.12,102.4608,0.0,59.40699309348591,30.0,60.0
2025-12-10 11:00:00,698.2,2.51,23.88,0.06,111.71200000000002,0.0,67.08085022513697,40.0,80.0
2025-12-10 12:00:00,687.67,2.94,24.83,0.0,110.0272,0.0,71.50181464341031,50.0,100.0
2025-12-10 13:00:00,606.7,3.13,25.21,0.22,97.072,0.7098216898148147,76.47093089683518,50.0,100.0
2025-12-10 14:00:00,464.5,3.1,24.96,0.43,74.32000000000001,0.6896064814814816,88.09424951509627,40.0,80.0
2025-12-10 15:00:00,275.8,2.42,23.92,0.65,44.128,0.0,73.72958342276084,30.0,60.0
2025-12-10 16:00:00,74.85,1.99,20.43,0.87,11.976,0.0,73.77810258767408,20.0,40.0
2025-12-10 17:00:00,0.0,2.41,17.83,1.08,0.0,0.0,68.12314971349214,10.0,20.0
2025-12-10 18:00:00,0.0,2.67,16.33,1.3,0.0,0.0,54.51321123513663,0.0,0.0
2025-12-10 19:00:00,0.0,2.81,15.11,1.52,0.0,0.0,47.40944776758194,0.0,0.0
2025-12-10 20:00:00,0.0,2.75,14.41,1.73,0.0,0.0,42.77835170488469,0.0,0.0
2025-12-10 21:00:00,0.0,2.54,14.14,1.95,0.0,0.0,35.35257474734796,0.0,0.0
2025-12-10 22:00:00,0.0,2.39,13.8,2.16,0.0,0.0,33.11681883651646,0.0,0.0
2025-12-10 23:00:00,0.0,2.32,13.36,2.38,0.0,0.0,29.980131553981458,0.0,0.0
2025-12-11 00:00:00,0.0,2.12,13.26,2.6,0.0,0.0,24.319295646485337,0.0,0.0
2025-12-11 01:00:00,0.0,1.84,13.2,2.81,0.0,0.0,25.272143926019208,0.0,0.0
2025-12-11 02:00:00,0.0,1.69,13.24,2.56,0.0,0.0,25.514675312926254,0.0,0.0
2025-12-11 03:00:00,0.0,1.65,13.04,2.3,0.0,0.0,25.259351406432017,0.0,0.0
2025-12-11 04:00:00,0.0,1.58,12.83,2.05,0.0,0.0,27.053248502162983,0.0,0.0
2025-12-11 05:00:00,0.0,1.43,12.77,1.79,0.0,0.0,30.127938895393623,0.0,0.0
2025-12-11 06:00:00,4.53,1.31,12.66,1.54,0.7248000000000001,0.0,30.817429801850537,0.0,0.0
2025-12-11 07:00:00,123.62,1.29,13.18,1.28,19.779200000000003,0.0,35.836471414820174,0.0,0.0
2025-12-11 08:00:00,320.1,1.46,15.93,1.02,51.216,0.0,41.1797689015296,10.0,20.0
2025-12-11 09:00:00,494.15,1.47,18.19,0.77,79.06400000000001,0.0,48.07257183758902,20.0,40.0
2025-12-11 10:00:00,617.1,1.67,21.86,0.51,98.736,0.0,61.04147256976071,30.0,60.0
2025-12-11 11:00:00,688.95,2.25,24.72,0.26,110.23200000000004,0.0,65.39907915378123,40.0,80.0
2025-12-11 12:00:00,678.88,2.67,25.75,0.0,108.62080000000002,0.0,72.1038717022196,50.0,100.0
2025-12-11 13:00:00,600.33,2.96,26.16,0.0,96.0528,0.0,80.50892782517778,50.0,100.0
2025-12-11 14:00:00,459.12,3.02,25.82,0.31,73.45920000000001,0.6375835185185185,78.87909188897892,45.217691629539615,90.43538325907923
2025-12-11 15:00:00,271.7,2.4,24.62,0.61,43.472,0.0,80.86636296940874,35.217691629539615,70.43538325907923
2025-12-11 16:00:00,73.47,1.99,21.09,0.92,11.7552,0.0,72.93909664238551,25.217691629539615,50.43538325907924
2025-12-11 17:00:00,0.0,2.05,19.19,1.22,0.0,0.0,58.16582930521446,15.217691629539615,30.43538325907923
2025-12-11 18:00:00,0.0,2.01,18.38,1.53,0.0,0.0,59.69968075257974,5.217691629539615,10.43538325907923
2025-12-11 19:00:00,0.0,1.96,17.64,1.83,0.0,0.0,47.76487830867312,0.0,0.0
2025-12-11 20:00:00,0.0,1.95,16.88,2.14,0.0,0.0,42.92361322408192,0.0,0.0
2025-12-11 21:00:00,0.0,1.81,16.29,2.44,0.0,0.0,36.349200177181004,0.0,0.0
2025-12-11 22:00:00,0.0,1.52,16.13,2.75,0.0,0.0,32.58036390636698,0.0,0.0
2025-12-11 23:00:00,0.0,1.49,15.54,3.05,0.0,0.0,30.20186937158136,0.0,0.0
2025-12-12 00:00:00,0.0,1.96,14.32,3.36,0.0,0.0,25.56718900618976,0.0,0.0
2025-12-12 01:00:00,0.0,2.43,12.82,3.67,0.0,0.0,24.554130556436807,0.0,0.0
2025-12-12 02:00:00,0.0,2.64,11.86,3.97,0.0,0.0,25.77675972450038,0.0,0.0
2025-12-12 03:00:00,0.0,2.62,11.54,2.81,0.0,0.0,24.639572647258763,0.0,0.0
2025-12-12 04:00:00,0.0,2.38,11.79,1.66,0.0,0.0,25.63760977546203,0.0,0.0
2025-12-12 05:00:00,0.0,2.04,12.13,0.5,0.0,0.0,27.598278027221298,0.0,0.0
2025-12-12 06:00:00,4.22,1.78,12.28,2.23,0.6752,0.0,30.992351035394368,0.0,0.0
2025-12-12 07:00:00,120.35,1.48,13.34,3.96,19.256,0.0,34.97205480482145,0.0,0.0
2025-12-12 08:00:00,316.52,1.38,16.31,5.92,50.6432,0.0,39.933823546093734,10.0,20.0
2025-12-12 09:00:00,489.7,1.22,18.57,7.63,78.352,0.0,48.625655992144154,20.0,40.0
2025-12-12 10:00:00,611.53,1.57,22.08,9.34,97.8448,0.0,60.70936607824906,30.0,60.0
2025-12-12 11:00:00,681.83,2.57,25.08,11.02,109.0928,0.0,73.86949738808634,40.0,80.0
2025-12-12 12:00:00,671.92,2.62,26.16,12.73,107.5072,0.0,72.85933357011011,50.0,100.0
2025-12-12 13:00:00,593.22,2.22,26.6,14.43,94.91520000000004,0.0,80.09192608635175,50.0,100.0
2025-12-12 14:00:00,450.5,2.02,26.43,12.13,72.08000000000001,0.0,82.35806275153969,40.0,80.0
2025-12-12 15:00:00,267.92,1.65,25.41,9.07,42.8672,0.0,80.44331264724262,30.0,60.0
2025-12-12 16:00:00,73.1,1.2,23.08,3.91,11.696,0.0,71.99988426061176,20.0,40.0
2025-12-12 17:00:00,0.0,1.14,21.69,2.02,0.0,0.0,64.83936826738703,10.0,20.0
2025-12-12 18:00:00,0.0,1.15,20.61,0.5,0.0,0.0,57.59815271334446,0.0,0.0
2025-12-12 19:00:00,0.0,1.18,19.42,0.5,0.0,0.0,47.845693083125845,0.0,0.0
2025-12-12 20:00:00,0.0,1.3,18.07,0.5,0.0,0.0,44.44219871499959,0.0,0.0
2025-12-12 21:00:00,0.0,1.42,17.21,9.8,0.0,0.0,34.8321817074155,0.0,0.0
2025-12-12 22:00:00,0.0,1.5,16.52,19.32,0.0,0.0,30.82529457246619,0.0,0.0
2025-12-12 23:00:00,0.0,1.38,16.11,15.81,0.0,0.0,28.956826507568525,0.0,0.0
2025-12-13 00:00:00,0.0,0.81,16.01,8.55,0.0,0.0,14.296727503072566,0.0,0.0
2025-12-13 01:00:00,0.0,0.57,15.69,1.51,0.0,0.0,14.381747035560071,0.0,0.0
2025-12-13 02:00:00,0.0,0.64,14.98,3.87,0.0,0.0,14.187770071028156,0.0,0.0
2025-12-13 03:00:00,0.0,0.66,14.34,8.82,0.0,0.0,14.141750468622192,0.0,0.0
2025-12-13 04:00:00,0.0,0.77,13.94,2.01,0.0,0.0,15.951795665014634,0.0,0.0
2025-12-13 05:00:00,0.0,0.95,13.75,2.24,0.0,0.0,17.075927417033817,0.0,0.0
2025-12-13 06:00:00,4.07,1.18,13.3,2.46,0.6512000000000002,0.0,18.29702492098102,0.0,0.0
2025-12-13 07:00:00,122.18,1.38,13.66,2.69,19.548800000000004,0.0,20.22136531923986,0.0,0.0
2025-12-13 08:00:00,320.45,1.7,16.53,2.91,51.272000000000006,0.0,25.080369065641293,10.0,20.0
2025-12-13 09:00:00,494.85,1.87,18.88,3.14,79.176,0.0,30.673535269419563,20.0,40.0
2025-12-13 10:00:00,618.75,1.8,22.87,3.36,99.0,0.0,36.987716760292585,30.0,60.0
2025-12-13 11:00:00,676.7,1.39,25.33,3.59,108.272,0.0,36.7047286372142,40.0,80.0
2025-12-13 12:00:00,646.17,1.25,25.52,24.88,103.3872,0.0,47.96203706837773,50.0,100.0
2025-12-13 13:00:00,576.62,1.16,25.68,44.96,92.2592,0.0,47.51589551591949,50.0,100.0
2025-12-13 14:00:00,434.02,0.86,25.71,54.0,69.44319999999999,0.0,45.20331858834195,50.0,100.0
2025-12-13 15:00:00,250.27,0.55,24.88,63.19,40.043200000000006,0.0,48.286711882717555,41.75648811728245,83.5129762345649
2025-12-13 16:00:00,64.88,0.71,22.81,71.93,10.3808,0.0,44.81749295877729,31.75648811728245,63.5129762345649
2025-12-13 17:00:00,0.0,1.16,20.74,81.96,0.0,0.0,37.72998972764802,21.75648811728245,43.5129762345649
2025-12-13 18:00:00,0.0,1.52,19.33,94.94,0.0,0.0,35.35248909293734,11.756488117282451,23.512976234564903
2025-12-13 19:00:00,0.0,1.81,17.89,46.71,0.0,0.0,32.38464358382274,1.7564881172824514,3.5129762345649027
2025-12-13 20:00:00,0.0,1.94,16.78,29.15,0.0,0.0,24.008997088038704,0.0,0.0
2025-12-13 21:00:00,0.0,1.97,15.99,36.64,0.0,0.0,21.21229520974809,0.0,0.0
2025-12-13 22:00:00,0.0,1.89,15.47,96.9,0.0,0.0,20.18315298576705,0.0,0.0
2025-12-13 23:00:00,0.0,1.76,15.07,99.66,0.0,0.0,17.5500200276967,0.0,0.0
2025-12-14 00:00:00,0.0,1.68,14.6,99.44,0.0,0.0,14.740800161698912,0.0,0.0
2025-12-14 01:00:00,0.0,1.66,14.11,85.2,0.0,0.0,14.589989305468603,0.0,0.0
2025-12-14 02:00:00,0.0,1.57,13.76,79.99,0.0,0.0,14.530825612910167,0.0,0.0
2025-12-14 03:00:00,0.0,1.41,13.42,34.65,0.0,0.0,16.08676953747601,0.0,0.0
2025-12-14 04:00:00,0.0,1.21,13.39,33.96,0.0,0.0,18.292293516688265,0.0,0.0
2025-12-14 05:00:00,0.0,1.1,13.18,17.93,0.0,0.0,16.101011617479944,0.0,0.0
2025-12-14 06:00:00,0.0,1.23,12.51,2.01,0.0,0.0,17.62518622625466,0.0,0.0
2025-12-14 07:00:00,121.03,1.42,12.59,20.34,19.3648,0.0,22.162761537396918,0.0,0.0
2025-12-14 08:00:00,290.58,1.93,14.93,34.47,46.4928,0.0,24.261866563463958,10.0,20.0
2025-12-14 09:00:00,445.95,1.72,17.4,49.07,71.352,0.0,29.04675475532617,20.0,40.0
2025-12-14 10:00:00,531.8,1.65,20.86,66.07,85.088,0.0,32.21287343497703,30.0,60.0
2025-12-14 11:00:00,569.33,1.12,23.81,54.22,91.0928,0.0,37.96084005685971,40.0,80.0
2025-12-14 12:00:00,556.5,0.97,25.13,64.36,89.04,0.0,46.71510961934109,50.0,100.0
2025-12-14 13:00:00,510.0,1.06,25.24,55.19,81.60000000000001,0.0,50.077854991618054,50.0,100.0
2025-12-14 14:00:00,382.75,1.0,24.72,57.21,61.24,0.0,50.5156309860928,50.0,100.0
2025-12-14 15:00:00,213.1,0.94,23.2,59.96,34.096,0.0,47.25100993799429,40.0,80.0
2025-12-14 16:00:00,57.7,1.3,21.45,61.35,9.232,0.0,40.46471820498849,30.0,60.0
2025-12-14 17:00:00,0.0,1.51,19.84,62.52,0.0,0.0,38.86267253661759,20.0,40.0
2025-12-14 18:00:00,0.0,1.46,19.28,66.5,0.0,0.0,36.54704092216791,10.0,20.0
2025-12-14 19:00:00,0.0,1.26,18.79,43.63,0.0,0.0,32.18080101487226,0.0,0.0
2025-12-14 20:00:00,0.0,1.17,18.2,11.66,0.0,0.0,26.202219444478512,0.0,0.0
2025-12-14 21:00:00,0.0,1.3,17.53,5.67,0.0,0.0,19.660010603215763,0.0,0.0
2025-12-14 22:00:00,0.0,1.69,16.37,70.49,0.0,0.0,18.731089358617275,0.0,0.0
2025-12-14 23:00:00,0.0,2.02,15.07,79.07,0.0,0.0,16.502287858877516,0.0,0.0
2025-12-15 00:00:00,0.0,2.03,14.74,86.18,0.0,0.0,23.86238320831106,0.0,0.0
2025-12-15 01:00:00,0.0,2.04,14.42,42.71,0.0,0.0,23.361280651018248,0.0,0.0
2025-12-15 02:00:00,0.0,2.14,13.52,1.01,0.0,0.0,25.175301783977996,0.0,0.0
2025-12-15 03:00:00,0.0,2.05,13.1,0.5,0.0,0.0,24.91538911675643,0.0,0.0
2025-12-15 04:00:00,0.0,1.96,12.82,1.01,0.0,0.0,26.377282123918043,0.0,0.0
2025-12-15 05:00:00,0.0,1.87,12.6,0.5,0.0,0.0,30.121259321684892,0.0,0.0
2025-12-15 06:00:00,0.0,1.67,12.52,0.43,0.0,0.0,33.73528385604867,0.0,0.0
2025-12-15 07:00:00,120.57,1.44,13.34,0.36,19.291200000000003,0.0,34.30069421000064,0.0,0.0
2025-12-15 08:00:00,307.45,1.53,16.13,0.29,49.19200000000001,0.0,44.4869133302126,4.705086669787406,9.410173339574811
2025-12-15 09:00:00,483.23,1.28,18.6,0.22,77.3168,0.0,48.1173259059773,14.705086669787406,29.410173339574815
2025-12-15 10:00:00,609.1,1.56,22.72,0.14,97.456,0.0,57.89940856037201,24.705086669787406,49.41017333957481
2025-12-15 11:00:00,648.15,1.85,24.6,0.07,103.704,0.0,67.18699409005018,34.705086669787406,69.41017333957481
2025-12-15 12:00:00,642.85,2.02,25.63,0.0,102.856,0.0,72.72602926933682,44.705086669787406,89.41017333957481
2025-12-15 13:00:00,567.58,2.11,26.18,0.81,90.81280000000002,0.0,72.44388800740104,50.0,100.0
2025-12-15 14:00:00,430.83,2.19,26.01,1.62,68.9328,0.0,75.59658876604868,43.33621123395132,86.67242246790263
2025-12-15 15:00:00,249.45,1.89,24.98,2.44,39.912,0.0,78.81879153143068,33.33621123395132,66.67242246790263
2025-12-15 16:00:00,67.0,1.53,22.1,3.25,10.72,0.0,76.11112951776045,23.336211233951317,46.672422467902635
2025-12-15 17:00:00,0.0,1.66,20.06,4.06,0.0,0.0,63.770978833168655,13.336211233951317,26.672422467902635
2025-12-15 18:00:00,0.0,1.78,18.79,3.17,0.0,0.0,55.20914033655751,3.3362112339513175,6.672422467902635
2025-12-15 19:00:00,0.0,2.03,17.3,2.28,0.0,0.0,53.30723506074163,0.0,0.0
2025-12-15 20:00:00,0.0,2.32,15.81,1.39,0.0,0.0,39.102372581312345,0.0,0.0
2025-12-15 21:00:00,0.0,2.58,14.49,0.5,0.0,0.0,34.47491274618275,0.0,0.0
2025-12-15 22:00:00,0.0,2.76,13.4,0.38,0.0,0.0,30.212299378150636,0.0,0.0
2025-12-15 23:00:00,0.0,2.88,12.51,0.26,0.0,0.0,27.74617807144828,0.0,0.0
2025-12-16 00:00:00,0.0,2.98,11.74,0.14,0.0,0.0,23.022882496069798,0.0,0.0
2025-12-16 01:00:00,0.0,3.05,11.1,0.02,0.0,0.6567737268518516,24.903403738691864,0.0,0.0
2025-12-16 02:00:00,0.0,3.07,10.64,0.4,0.0,0.669778773148148,24.34762991495105,0.0,0.0
2025-12-16 03:00:00,0.0,3.01,10.33,0.77,0.0,0.6312708564814813,25.81225194769038,0.0,0.0
2025-12-16 04:00:00,0.0,2.9,10.16,1.14,0.0,0.0,27.528408255390413,0.0,0.0
2025-12-16 05:00:00,0.0,2.71,10.18,1.51,0.0,0.0,26.730541742891866,0.0,0.0
2025-12-16 06:00:00,0.0,2.43,10.42,1.29,0.0,0.0,31.939204415250813,0.0,0.0
2025-12-16 07:00:00,116.25,1.97,11.93,1.08,18.6,0.0,34.95647930767296,0.0,0.0
2025-12-16 08:00:00,298.45,1.73,15.64,0.86,47.752,0.0,44.615808299409345,3.1361917005906577,6.272383401181315
2025-12-16 09:00:00,473.9,1.03,18.11,0.65,75.824,0.0,51.50379545174163,13.136191700590658,26.272383401181315
2025-12-16 10:00:00,600.17,1.23,22.05,0.43,96.0272,0.0,52.38726395573296,23.136191700590658,46.272383401181315
2025-12-16 11:00:00,674.33,1.75,24.4,0.22,107.89280000000002,0.0,61.92129091185706,33.13619170059066,66.27238340118132
2025-12-16 12:00:00,668.42,2.01,25.37,0.0,106.9472,0.0,70.29323530281697,43.13619170059066,86.27238340118132
2025-12-16 13:00:00,591.8,2.21,25.86,0.22,94.688,0.0,82.49258887589322,50.0,100.0
2025-12-16 14:00:00,453.33,2.37,25.7,0.43,72.5328,0.0,83.11120796932909,40.0,80.0
2025-12-16 15:00:00,268.38,2.06,24.66,0.65,42.9408,0.0,76.70137614243589,30.0,60.0
2025-12-16 16:00:00,75.6,1.89,21.24,0.87,12.096000000000002,0.0,69.17951501716637,20.0,40.0
2025-12-16 17:00:00,0.0,2.19,18.81,1.09,0.0,0.0,70.00237250732062,10.0,20.0
2025-12-16 18:00:00,0.0,2.36,17.39,1.3,0.0,0.0,56.733838521322404,0.0,0.0
2025-12-16 19:00:00,0.0,2.45,16.16,1.52,0.0,0.0,51.26448944512912,0.0,0.0
2025-12-16 20:00:00,0.0,2.47,15.18,1.74,0.0,0.0,41.80107815664064,0.0,0.0
2025-12-16 21:00:00,0.0,2.42,14.43,1.95,0.0,0.0,34.677285550607365,0.0,0.0
2025-12-16 22:00:00,0.0,2.37,13.79,2.17,0.0,0.0,33.036402275140674,0.0,0.0
2025-12-16 23:00:00,0.0,2.37,13.13,2.39,0.0,0.0,29.067766590525256,0.0,0.0
2025-12-17 00:00:00,0.0,2.44,12.42,2.6,0.0,0.0,24.747131063915408,0.0,0.0
2025-12-17 01:00:00,0.0,2.57,11.72,0.5,0.0,0.0,23.848785429554354,0.0,0.0
2025-12-17 02:00:00,0.0,2.69,10.95,1.66,0.0,0.0,24.584072799561852,0.0,0.0
2025-12-17 03:00:00,0.0,2.77,10.27,1.51,0.0,0.0,24.546522935051232,0.0,0.0
2025-12-17 04:00:00,0.0,2.8,9.78,2.51,0.0,0.0,26.193429115856407,0.0,0.0
2025-12-17 05:00:00,0.0,2.8,9.42,4.52,0.0,0.0,26.93006446532702,0.0,0.0
2025-12-17 06:00:00,0.0,2.7,9.25,3.96,0.0,0.0,34.75514112902406,0.0,0.0
2025-12-17 07:00:00,120.8,2.35,10.69,3.39,19.328,0.0,35.71860116573121,0.0,0.0
2025-12-17 08:00:00,311.95,2.38,14.78,2.83,49.912000000000006,0.0,41.6837726432104,8.228227356789603,16.456454713579205
2025-12-17 09:00:00,491.23,1.86,17.39,2.26,78.5968,0.0,49.0981660451059,18.228227356789603,36.456454713579205
2025-12-17 10:00:00,620.7,1.71,21.14,1.7,99.312,0.0,56.72939241853465,28.228227356789603,56.456454713579205
2025-12-17 11:00:00,689.17,2.18,24.35,1.13,110.2672,0.0,69.97866217314927,38.2282273567896,76.4564547135792
2025-12-17 12:00:00,685.33,2.63,25.84,0.57,109.6528,0.0,79.52326015174724,48.2282273567896,96.4564547135792
2025-12-17 13:00:00,611.6,2.93,26.46,0.0,97.856,0.0,77.66834731147809,50.0,100.0
2025-12-17 14:00:00,472.75,3.01,26.41,0.13,75.64,0.6312708564814813,75.85876648518575,50.0,100.0
2025-12-17 15:00:00,285.35,2.38,25.26,0.25,45.656000000000006,0.0,75.29491210209238,40.0,80.0
2025-12-17 16:00:00,82.97,2.09,21.57,0.38,13.275200000000002,0.0,71.72763477828417,30.0,60.0
2025-12-17 17:00:00,0.0,2.32,19.21,0.5,0.0,0.0,66.65372870818473,20.0,40.0
2025-12-17 18:00:00,0.0,2.38,18.06,0.5,0.0,0.0,56.42407173215817,10.0,20.0
2025-12-17 19:00:00,0.0,2.36,17.14,0.5,0.0,0.0,50.148117189373075,0.0,0.0
2025-12-17 20:00:00,0.0,2.32,16.2,0.5,0.0,0.0,44.393081005158045,0.0,0.0
2025-12-17 21:00:00,0.0,2.22,15.43,0.5,0.0,0.0,36.20759834443134,0.0,0.0
2025-12-17 22:00:00,0.0,2.04,14.84,0.5,0.0,0.0,30.807434184576376,0.0,0.0
2025-12-17 23:00:00,0.0,1.88,14.13,0.5,0.0,0.0,30.087468497652864,0.0,0.0
2025-12-18 00:00:00,0.0,1.78,13.51,0.75,0.0,0.0,24.85856873954037,0.0,0.0
2025-12-18 01:00:00,0.0,1.77,12.88,1.01,0.0,0.0,25.496792641462623,0.0,0.0
2025-12-18 02:00:00,0.0,1.82,12.25,0.56,0.0,0.0,25.2711933586969,0.0,0.0
2025-12-18 03:00:00,0.0,1.84,11.8,1.01,0.0,0.0,25.680620231272172,0.0,0.0
2025-12-18 04:00:00,0.0,1.73,11.58,1.51,0.0,0.0,24.115077826120476,0.0,0.0
2025-12-18 05:00:00,0.0,1.57,11.51,2.02,0.0,0.0,28.291907346335137,0.0,0.0
2025-12-18 06:00:00,0.0,1.33,11.59,33.88,0.0,0.0,33.76093220080811,0.0,0.0
2025-12-18 07:00:00,120.82,0.94,12.79,35.82,19.3312,0.0,35.9344066328296,0.0,0.0
2025-12-18 08:00:00,303.12,0.45,15.54,36.52,48.4992,0.0,42.72729815446611,5.77190184553389,11.54380369106778
2025-12-18 09:00:00,464.35,0.35,17.84,36.87,74.296,0.0,53.31686387701096,15.77190184553389,31.54380369106778
2025-12-18 10:00:00,598.3,0.52,21.76,37.9,95.728,0.0,59.367343273867,25.77190184553389,51.54380369106778
2025-12-18 11:00:00,652.85,1.24,25.26,42.07,104.45600000000002,0.0,70.35910936230036,35.77190184553389,71.54380369106778
2025-12-18 12:00:00,680.08,1.78,26.47,7.87,108.8128,0.0,75.9175765093694,45.77190184553389,91.54380369106778
2025-12-18 13:00:00,603.22,2.12,26.93,34.7,96.5152,0.0,74.183103426929,50.0,100.0
2025-12-18 14:00:00,461.65,2.27,26.6,35.44,73.864,0.0,72.13862135056719,50.0,100.0
2025-12-18 15:00:00,274.9,1.8,25.18,35.62,43.984,0.0,78.7155336349646,40.0,80.0
2025-12-18 16:00:00,78.35,1.82,21.96,35.29,12.536,0.0,66.34386213442775,30.0,60.0
2025-12-18 17:00:00,0.0,2.29,19.35,35.57,0.0,0.0,67.25481694630659,20.0,40.0
2025-12-18 18:00:00,0.0,2.69,17.31,80.94,0.0,0.0,58.5255801604956,10.0,20.0
2025-12-18 19:00:00,0.0,2.86,15.74,43.59,0.0,0.0,51.34224858558488,0.0,0.0
2025-12-18 20:00:00,0.0,2.84,14.65,72.26,0.0,0.0,40.204693023778745,0.0,0.0
2025-12-18 21:00:00,0.0,2.69,13.86,81.68,0.0,0.0,38.112771173161114,0.0,0.0
2025-12-18 22:00:00,0.0,2.46,13.4,73.88,0.0,0.0,31.5168374219598,0.0,0.0
2025-12-18 23:00:00,0.0,2.16,13.26,47.32,0.0,0.0,26.402231663397636,0.0,0.0
2025-12-19 00:00:00,0.0,1.9,13.2,4.52,0.0,0.0,23.10222192930561,0.0,0.0
2025-12-19 01:00:00,0.0,1.61,13.15,3.97,0.0,0.0,25.061939592531992,0.0,0.0
2025-12-19 02:00:00,0.0,1.33,12.93,2.99,0.0,0.0,24.020673789958547,0.0,0.0
2025-12-19 03:00:00,0.0,1.28,12.6,2.01,0.0,0.0,24.94298010732431,0.0,0.0
2025-12-19 04:00:00,0.0,1.42,12.04,7.72,0.0,0.0,27.376997823525354,0.0,0.0
2025-12-19 05:00:00,0.0,1.61,11.46,8.18,0.0,0.0,30.20447283193771,0.0,0.0
2025-12-19 06:00:00,0.0,1.74,11.02,8.88,0.0,0.0,33.960960429640764,0.0,0.0
2025-12-19 07:00:00,115.6,1.7,11.72,11.78,18.496,0.0,33.7931768394193,0.0,0.0
2025-12-19 08:00:00,300.52,1.98,15.11,13.27,48.083200000000005,0.0,42.20594095316573,5.877259046834276,11.754518093668551
2025-12-19 09:00:00,472.2,1.73,17.7,13.86,75.552,0.0,45.66932035503362,15.877259046834276,31.754518093668548
2025-12-19 10:00:00,608.2,2.24,21.8,13.22,97.312,0.0,58.274158131541355,25.877259046834276,51.75451809366856
2025-12-19 11:00:00,675.3,3.22,24.99,12.63,108.048,0.772829814814815,59.6232456454803,35.877259046834276,71.75451809366855
2025-12-19 12:00:00,670.22,3.29,26.04,11.08,107.23520000000002,0.8243353935185185,76.79244867540051,45.877259046834276,91.75451809366855
2025-12-19 13:00:00,600.58,3.23,26.39,7.96,96.0928,0.7800524768518519,81.59078352814791,50.0,100.0
2025-12-19 14:00:00,464.85,3.07,26.1,6.12,74.37600000000002,0.669778773148148,79.08722410014545,45.95855467300272,91.91710934600545
2025-12-19 15:00:00,281.7,2.4,24.93,4.14,45.072,0.0,82.17486003996333,35.95855467300272,71.91710934600545
2025-12-19 16:00:00,83.1,1.95,21.41,2.32,13.296,0.0,74.99137176617904,25.958554673002723,51.91710934600544
2025-12-19 17:00:00,0.0,2.02,19.5,0.51,0.0,0.0,63.57331336210871,15.958554673002723,31.917109346005446
2025-12-19 18:00:00,0.0,1.86,18.79,0.5,0.0,0.0,58.211957634937086,5.958554673002723,11.917109346005446
2025-12-19 19:00:00,0.0,1.7,18.16,0.5,0.0,0.0,50.14649858279906,0.0,0.0
2025-12-19 20:00:00,0.0,1.64,17.35,0.5,0.0,0.0,38.15508449724557,0.0,0.0
2025-12-19 21:00:00,0.0,1.64,16.44,0.5,0.0,0.0,38.04933830677915,0.0,0.0
2025-12-19 22:00:00,0.0,1.53,15.73,0.5,0.0,0.0,32.919279339736875,0.0,0.0
2025-12-19 23:00:00,0.0,1.31,15.27,0.5,0.0,0.0,26.152905904863243,0.0,0.0
2025-12-20 00:00:00,0.0,0.99,15.08,0.56,0.0,0.0,15.563995081984844,0.0,0.0
2025-12-20 01:00:00,0.0,0.74,14.64,0.61,0.0,0.0,14.067662915608368,0.0,0.0
2025-12-20 02:00:00,0.0,0.96,14.0,0.58,0.0,0.0,14.137321344765814,0.0,0.0
2025-12-20 03:00:00,0.0,1.39,13.21,0.54,0.0,0.0,14.584693510392865,0.0,0.0
2025-12-20 04:00:00,0.0,1.84,12.25,0.5,0.0,0.0,17.153741901531003,0.0,0.0
2025-12-20 05:00:00,0.0,2.12,11.47,0.44,0.0,0.0,16.565954984037,0.0,0.0
2025-12-20 06:00:00,0.0,2.2,11.07,0.38,0.0,0.0,19.280591204591865,0.0,0.0
2025-12-20 07:00:00,117.47,2.12,12.05,0.31,18.7952,0.0,22.29048704412081,0.0,0.0
2025-12-20 08:00:00,310.05,2.07,15.88,0.25,49.608,0.0,26.43500030087554,10.0,20.0
2025-12-20 09:00:00,485.17,1.22,18.32,0.19,77.6272,0.0,31.24446538079679,20.0,40.0
2025-12-20 10:00:00,610.22,1.22,22.25,0.13,97.6352,0.0,36.598016089919966,30.0,60.0
2025-12-20 11:00:00,664.72,1.83,25.1,0.06,106.3552,0.0,38.728220677345035,40.0,80.0
2025-12-20 12:00:00,660.55,1.51,26.02,0.0,105.688,0.0,46.06134542638971,50.0,100.0
2025-12-20 13:00:00,586.97,1.21,26.43,1.91,93.9152,0.0,45.626431007264806,50.0,100.0
2025-12-20 14:00:00,451.85,1.02,26.29,3.82,72.296,0.0,51.292496615834715,50.0,100.0
2025-12-20 15:00:00,270.35,0.68,25.61,5.8,43.25600000000001,0.0,47.34798227428279,45.908017725717215,91.81603545143443
2025-12-20 16:00:00,78.45,0.22,24.06,7.08,12.552,0.0,39.91836865409165,35.908017725717215,71.81603545143443
2025-12-20 17:00:00,0.0,0.85,21.82,9.58,0.0,0.0,38.120356746085356,25.908017725717215,51.81603545143443
2025-12-20 18:00:00,0.0,1.45,20.14,11.49,0.0,0.0,35.262807073559415,15.908017725717215,31.81603545143443
2025-12-20 19:00:00,0.0,1.9,18.24,13.4,0.0,0.0,30.894530099903204,5.908017725717215,11.81603545143443
2025-12-20 20:00:00,0.0,2.19,16.58,15.31,0.0,0.0,25.829049326252402,0.0,0.0
2025-12-20 21:00:00,0.0,2.33,15.14,17.22,0.0,0.0,20.87422609615481,0.0,0.0
2025-12-20 22:00:00,0.0,2.4,13.97,19.13,0.0,0.0,19.31537102819801,0.0,0.0
2025-12-20 23:00:00,0.0,2.42,13.03,21.04,0.0,0.0,18.10592094426882,0.0,0.0
2025-12-21 00:00:00,0.0,2.41,12.27,22.95,0.0,0.0,14.137661658946719,0.0,0.0
2025-12-21 01:00:00,0.0,2.34,11.63,24.85,0.0,0.0,14.822951970770212,0.0,0.0
2025-12-21 02:00:00,0.0,2.22,11.18,83.08,0.0,0.0,14.73242485707171,0.0,0.0
2025-12-21 03:00:00,0.0,2.04,10.98,94.39,0.0,0.0,14.135919510380079,0.0,0.0
2025-12-21 04:00:00,0.0,1.81,10.95,99.94,0.0,0.0,14.498796663993241,0.0,0.0
2025-12-21 05:00:00,0.0,1.56,10.99,96.9,0.0,0.0,17.09706544428788,0.0,0.0
2025-12-21 06:00:00,0.0,1.47,10.83,93.37,0.0,0.0,18.499917648323038,0.0,0.0
2025-12-21 07:00:00,78.65,1.56,11.75,94.62,12.584000000000003,0.0,21.55844126726381,0.0,0.0
2025-12-21 08:00:00,216.02,2.2,14.07,94.86,34.5632,0.0,25.147669024094117,9.415530975905885,18.83106195181177
2025-12-21 09:00:00,352.7,2.09,16.84,95.35,56.43200000000001,0.0,31.15199520408434,19.415530975905885,38.83106195181177
2025-12-21 10:00:00,468.77,2.02,20.34,94.85,75.00319999999999,0.0,35.69710274696736,29.415530975905885,58.83106195181177
2025-12-21 11:00:00,520.25,1.43,22.78,93.03,83.24000000000001,0.0,34.492423198328275,39.41553097590588,78.83106195181176
2025-12-21 12:00:00,553.08,1.03,24.59,99.73,88.4928,0.0,43.08793544950306,49.41553097590588,98.83106195181176
2025-12-21 13:00:00,458.23,0.67,25.91,84.11,73.3168,0.0,48.16907999232287,50.0,100.0
2025-12-21 14:00:00,321.52,0.41,26.39,85.58,51.44319999999999,0.0,47.536226837986675,50.0,100.0
2025-12-21 15:00:00,192.05,0.44,25.78,85.37,30.728,0.0,48.437712345651306,40.0,80.0
2025-12-21 16:00:00,56.97,0.82,23.53,83.03,9.1152,0.0,45.602602786739055,30.0,60.0
2025-12-21 17:00:00,0.0,1.48,20.66,85.14,0.0,0.0,38.9586992424404,20.0,40.0
2025-12-21 18:00:00,0.0,1.73,18.96,79.57,0.0,0.0,34.78851006164236,10.0,20.0
2025-12-21 19:00:00,0.0,1.88,17.6,44.09,0.0,0.0,30.904078237199226,0.0,0.0
2025-12-21 20:00:00,0.0,1.93,16.57,21.51,0.0,0.0,26.0132533128505,0.0,0.0
2025-12-21 21:00:00,0.0,1.85,15.8,6.92,0.0,0.0,22.895668163493177,0.0,0.0
2025-12-21 22:00:00,0.0,1.76,15.1,20.39,0.0,0.0,19.990188250744026,0.0,0.0
2025-12-21 23:00:00,0.0,1.64,14.51,36.41,0.0,0.0,18.206397581259502,0.0,0.0
2025-12-22 00:00:00,0.0,1.57,13.97,77.99,0.0,0.0,22.690283014474847,0.0,0.0
2025-12-22 01:00:00,0.0,1.46,13.51,55.7,0.0,0.0,25.11076489747327,0.0,0.0
2025-12-22 02:00:00,0.0,1.31,13.1,62.07,0.0,0.0,24.852547281869246,0.0,0.0
2025-12-22 03:00:00,0.0,1.14,13.08,57.22,0.0,0.0,26.19324869617087,0.0,0.0
2025-12-22 04:00:00,0.0,0.89,12.99,44.73,0.0,0.0,24.83605390930209,0.0,0.0
2025-12-22 05:00:00,0.0,0.66,12.93,38.2,0.0,0.0,28.562527274493696,0.0,0.0
2025-12-22 06:00:00,0.0,0.55,12.68,45.45,0.0,0.0,31.822611851105982,0.0,0.0
2025-12-22 07:00:00,64.72,0.42,13.35,54.33,10.3552,0.0,34.4381998737596,0.0,0.0
2025-12-22 08:00:00,171.95,0.18,15.3,58.37,27.512,0.0,40.22545816213026,0.0,0.0
2025-12-22 09:00:00,281.27,0.43,18.04,61.76,45.00319999999999,0.0,46.727939903551444,0.0,0.0
2025-12-22 10:00:00,405.33,0.79,22.28,62.56,64.85279999999999,0.0,57.88748039669394,6.96531960330605,13.9306392066121
2025-12-22 11:00:00,555.33,1.03,25.23,33.9,88.8528,0.0,64.88709963152289,16.96531960330605,33.9306392066121
2025-12-22 12:00:00,617.03,1.18,27.28,23.62,98.7248,0.0,78.05732220822004,26.96531960330605,53.9306392066121
2025-12-22 13:00:00,573.95,1.23,27.76,0.23,91.83200000000002,0.0,87.59532783933878,31.201991763967293,62.40398352793458
2025-12-22 14:00:00,440.88,1.34,27.63,0.26,70.5408,0.0,80.05927922217643,21.68351254179087,43.36702508358174
2025-12-22 15:00:00,263.3,1.24,26.82,0.29,42.12800000000001,0.0,75.25180067070099,11.683512541790869,23.367025083581737
2025-12-22 16:00:00,77.65,0.93,24.63,0.31,12.424000000000005,0.0,64.72776614739878,1.6835125417908685,3.367025083581737
2025-12-22 17:00:00,0.0,0.79,22.51,0.34,0.0,0.0,70.71256862453407,0.0,0.0
2025-12-22 18:00:00,0.0,0.7,21.27,0.37,0.0,0.0,60.29492448738605,0.0,0.0
2025-12-22 19:00:00,0.0,0.7,20.28,0.39,0.0,0.0,49.56128287141078,0.0,0.0
2025-12-22 20:00:00,0.0,0.75,19.24,0.42,0.0,0.0,42.29710650077002,0.0,0.0
2025-12-22 21:00:00,0.0,0.9,18.2,0.45,0.0,0.0,37.473777481769524,0.0,0.0
2025-12-22 22:00:00,0.0,1.21,17.17,0.48,0.0,0.0,31.58637993234432,0.0,0.0
2025-12-22 23:00:00,0.0,1.69,15.81,0.5,0.0,0.0,27.453568675253265,0.0,0.0
2025-12-23 00:00:00,0.0,2.22,14.46,0.5,0.0,0.0,25.08364674418364,0.0,0.0
2025-12-23 01:00:00,0.0,2.7,13.41,0.5,0.0,0.0,21.471994607970245,0.0,0.0
2025-12-23 02:00:00,0.0,3.04,12.74,26.51,0.0,0.6503348148148148,26.567211667355732,0.0,0.0
2025-12-23 03:00:00,0.0,3.19,12.34,2.01,0.0,0.7514296064814816,28.550225085178745,0.0,0.0
2025-12-23 04:00:00,0.0,3.23,12.04,1.51,0.0,0.7800524768518519,26.334418288452664,0.0,0.0
2025-12-23 05:00:00,0.0,3.27,11.77,2.51,0.0,0.8093931249999999,29.876821995915883,0.0,0.0
2025-12-23 06:00:00,0.0,3.31,11.54,1.01,0.0,0.8394604398148148,30.410400273909573,0.0,0.0
2025-12-23 07:00:00,104.6,3.05,13.64,0.92,16.736,0.6567737268518516,38.4160370144697,0.0,0.0
2025-12-23 08:00:00,294.45,4.18,17.24,0.84,47.112,1.6906164814814812,44.29449209962443,4.508124381857058,9.016248763714117
2025-12-23 09:00:00,469.92,3.65,20.28,0.75,75.1872,1.1256278935185184,46.82108927299208,14.508124381857058,29.016248763714113
2025-12-23 10:00:00,597.78,4.03,23.88,0.67,95.6448,1.5150654398148151,56.96657580688936,24.50812438185706,49.01624876371412
2025-12-23 11:00:00,647.58,4.0,25.4,0.59,103.61280000000002,1.4814814814814814,65.32803675251355,34.50812438185706,69.01624876371412
2025-12-23 12:00:00,645.2,4.08,26.08,0.5,103.232,1.5721600000000002,78.96606773957427,44.50812438185706,89.01624876371412
2025-12-23 13:00:00,574.35,4.26,26.12,0.05,91.89600000000002,1.789555,76.76427632232127,50.0,100.0
2025-12-23 14:00:00,441.38,4.36,25.64,0.34,70.6208,1.918561481481482,78.2270714651305,44.31229001635097,88.62458003270194
2025-12-23 15:00:00,263.4,4.01,24.47,0.63,42.144,1.492620393518518,74.44145052461609,34.31229001635097,68.62458003270194
2025-12-23 16:00:00,79.25,2.82,20.76,0.92,12.68,0.0,75.88640596787458,24.31229001635097,48.62458003270194
2025-12-23 17:00:00,0.0,3.38,17.35,1.21,0.0,0.8938535185185186,60.782822968356385,14.312290016350971,28.624580032701942
2025-12-23 18:00:00,0.0,3.51,16.24,1.5,0.0,1.0010081249999998,54.895997922009286,4.312290016350971,8.624580032701942
2025-12-23 19:00:00,0.0,3.58,15.32,1.79,0.0,1.0620998148148149,46.822117116230636,0.0,0.0
2025-12-23 20:00:00,0.0,3.67,14.51,2.08,0.0,1.1442329398148148,40.138224263337214,0.0,0.0
2025-12-23 21:00:00,0.0,3.81,13.83,2.37,0.0,1.2802393750000003,38.43949403451878,0.0,0.0
2025-12-23 22:00:00,0.0,3.94,13.2,2.66,0.0,1.4158098148148146,32.139639250038506,0.0,0.0
2025-12-23 23:00:00,0.0,3.97,12.58,2.95,0.0,1.4483975231481483,26.443044513114,0.0,0.0
2025-12-24 00:00:00,0.0,3.92,11.95,3.24,0.0,1.3943585185185183,22.954719653316875,0.0,0.0
2025-12-24 01:00:00,0.0,3.83,11.33,3.53,0.0,1.3005066435185186,24.11859866911016,0.0,0.0
2025-12-24 02:00:00,0.0,3.7,10.67,0.27,0.0,1.1725231481481482,24.02955877823768,0.0,0.0
2025-12-24 03:00:00,0.0,3.53,9.95,0.33,0.0,1.018217060185185,25.26193775157243,0.0,0.0
2025-12-24 04:00:00,0.0,3.39,9.25,0.39,0.0,0.9018106250000002,29.885370219425138,0.0,0.0
2025-12-24 05:00:00,0.0,3.27,8.58,0.44,0.0,0.8093931249999999,29.63927977264658,0.0,0.0
2025-12-24 06:00:00,0.0,3.2,8.0,0.5,0.0,0.7585185185185186,33.1598188158744,0.0,0.0
2025-12-24 07:00:00,99.75,2.93,9.8,0.43,15.960000000000004,0.0,37.78611797167676,0.0,0.0
2025-12-24 08:00:00,288.77,3.65,13.14,0.36,46.2032,1.1256278935185184,40.5373828874058,6.791445006112724,13.582890012225448
2025-12-24 09:00:00,469.83,3.11,16.32,0.29,75.1728,0.6963016435185185,49.48794748225028,16.791445006112724,33.58289001222545
2025-12-24 10:00:00,603.03,4.41,19.33,0.22,96.4848,1.985326875,57.524087459868745,26.791445006112724,53.58289001222545
2025-12-24 11:00:00,675.75,4.71,20.75,0.14,108.12,2.418683125,66.25013265332892,36.791445006112724,73.58289001222545
2025-12-24 12:00:00,675.95,4.76,21.68,0.07,108.152,2.496531851851852,70.91607500833827,46.791445006112724,93.58289001222545
2025-12-24 13:00:00,605.35,4.77,22.1,0.0,96.856,2.512299375,72.89634749896562,50.0,100.0
2025-12-24 14:00:00,470.45,4.68,21.87,0.06,75.27199999999999,2.3727599999999995,75.54733772012997,50.0,100.0
2025-12-24 15:00:00,286.8,4.27,20.86,0.12,45.888000000000005,1.802187106481481,78.0254872253343,40.0,80.0
2025-12-24 16:00:00,89.78,2.72,17.23,0.17,14.3648,0.0,75.43112792633976,30.0,60.0
2025-12-24 17:00:00,0.0,2.97,13.6,0.23,0.0,0.0,68.8230421377997,20.0,40.0
2025-12-24 18:00:00,0.0,2.81,12.71,0.29,0.0,0.0,57.14766581351085,10.0,20.0
2025-12-24 19:00:00,0.0,2.58,12.17,0.35,0.0,0.0,49.170929728178166,0.0,0.0
2025-12-24 20:00:00,0.0,2.51,11.49,0.41,0.0,0.0,41.94703858804261,0.0,0.0
2025-12-24 21:00:00,0.0,2.66,10.57,0.46,0.0,0.0,36.680828284142635,0.0,0.0
2025-12-24 22:00:00,0.0,2.82,9.75,0.52,0.0,0.0,32.52110256667844,0.0,0.0
2025-12-24 23:00:00,0.0,2.9,9.11,0.58,0.0,0.0,26.508292271783407,0.0,0.0
2025-12-25 00:00:00,0.0,2.89,8.67,0.64,0.0,0.0,22.71922788759032,0.0,0.0
2025-12-25 01:00:00,0.0,2.75,8.47,0.69,0.0,0.0,23.67181024684532,0.0,0.0
2025-12-25 02:00:00,0.0,2.44,8.56,0.6,0.0,0.0,25.961585468416153,0.0,0.0
2025-12-25 03:00:00,0.0,2.15,8.68,0.5,0.0,0.0,25.652667611558,0.0,0.0
2025-12-25 04:00:00,0.0,1.96,8.69,0.5,0.0,0.0,27.71476203199167,0.0,0.0
2025-12-25 05:00:00,0.0,1.7,8.87,0.5,0.0,0.0,28.226122447317316,0.0,0.0
2025-12-25 06:00:00,0.0,1.28,9.08,0.5,0.0,0.0,30.91448889163482,0.0,0.0
2025-12-25 07:00:00,111.85,0.78,10.37,0.48,17.895999999999997,0.0,38.45568215994963,0.0,0.0
2025-12-25 08:00:00,313.17,0.44,12.82,0.46,50.107200000000006,0.0,41.67450374031943,8.432696259680576,16.86539251936115
2025-12-25 09:00:00,495.05,0.76,15.55,0.44,79.208,0.0,49.76283171530183,18.432696259680576,36.86539251936115
2025-12-25 10:00:00,626.83,1.41,18.87,0.42,100.2928,0.0,57.624182707509654,28.432696259680576,56.865392519361144
2025-12-25 11:00:00,689.33,1.95,20.36,0.4,110.2928,0.0,64.49017734725219,38.432696259680576,76.86539251936115
2025-12-25 12:00:00,686.75,1.94,21.38,0.38,109.88,0.0,67.32968903607531,48.432696259680576,96.86539251936115
2025-12-25 13:00:00,608.6,1.64,21.94,13.89,97.376,0.0,78.73629859402617,50.0,100.0
2025-12-25 14:00:00,467.7,1.56,21.82,27.18,74.83200000000001,0.0,83.87982508351136,40.952174916488644,81.90434983297729
2025-12-25 15:00:00,280.35,1.11,20.98,40.21,44.85600000000001,0.0,78.31187959511227,30.952174916488644,61.90434983297729
2025-12-25 16:00:00,83.35,0.86,19.21,54.36,13.336,0.0,75.90429309252123,20.952174916488644,41.90434983297729
2025-12-25 17:00:00,0.0,1.01,17.56,67.76,0.0,0.0,60.95230454428328,10.952174916488644,21.90434983297729
2025-12-25 18:00:00,0.0,1.04,16.9,49.38,0.0,0.0,59.765215188240724,0.9521749164886444,1.9043498329772888
2025-12-25 19:00:00,0.0,1.15,16.34,34.17,0.0,0.0,52.85615959555053,0.0,0.0
2025-12-25 20:00:00,0.0,1.32,15.55,58.23,0.0,0.0,39.83225808381401,0.0,0.0
2025-12-25 21:00:00,0.0,1.45,14.63,38.41,0.0,0.0,35.94079055905243,0.0,0.0
2025-12-25 22:00:00,0.0,1.51,13.92,43.26,0.0,0.0,32.344355186965565,0.0,0.0
2025-12-25 23:00:00,0.0,1.53,13.26,41.82,0.0,0.0,28.308600889354928,0.0,0.0
2025-12-26 00:00:00,0.0,1.32,13.05,40.84,0.0,0.0,25.05053411323548,0.0,0.0
2025-12-26 01:00:00,0.0,1.01,12.72,27.19,0.0,0.0,23.102198565504953,0.0,0.0
2025-12-26 02:00:00,0.0,0.66,12.49,64.43,0.0,0.0,23.551026100786473,0.0,0.0
2025-12-26 03:00:00,0.0,0.41,12.04,69.29,0.0,0.0,25.859278076057468,0.0,0.0
2025-12-26 04:00:00,0.0,0.55,11.41,75.18,0.0,0.0,26.437019592542864,0.0,0.0
2025-12-26 05:00:00,0.0,1.09,10.57,84.4,0.0,0.0,28.252089110180936,0.0,0.0
2025-12-26 06:00:00,0.0,1.52,9.24,84.25,0.0,0.0,29.48377032694785,0.0,0.0
2025-12-26 07:00:00,89.8,1.49,9.49,62.22,14.368,0.0,33.89386884835428,0.0,0.0
2025-12-26 08:00:00,274.4,2.09,11.82,41.65,43.904,0.0,40.20593317257484,3.6980668274251656,7.396133654850331
2025-12-26 09:00:00,456.0,1.86,14.66,21.65,72.96000000000001,0.0,48.48813049445542,13.698066827425166,27.39613365485033
2025-12-26 10:00:00,598.38,1.57,18.47,0.5,95.7408,0.0,58.45942943133901,23.698066827425166,47.39613365485033
2025-12-26 11:00:00,682.55,1.26,20.7,0.5,109.208,0.0,66.39669264427809,33.698066827425166,67.39613365485033
2025-12-26 12:00:00,681.1,1.0,21.7,1.16,108.976,0.0,72.4544619113553,43.698066827425166,87.39613365485033
2025-12-26 13:00:00,610.33,0.98,22.22,1.09,97.6528,0.0,74.72738210130814,50.0,100.0
2025-12-26 14:00:00,476.62,1.14,22.19,1.01,76.2592,0.0,77.13623849948874,49.122961500511266,98.24592300102253
2025-12-26 15:00:00,293.92,1.15,21.46,0.94,47.02720000000001,0.0,74.34508015565953,39.122961500511266,78.24592300102253
2025-12-26 16:00:00,95.72,0.85,19.59,0.87,15.3152,0.0,73.30527051489356,29.122961500511266,58.24592300102254
2025-12-26 17:00:00,0.0,0.9,17.75,0.79,0.0,0.0,68.8406974410175,19.122961500511266,38.24592300102253
2025-12-26 18:00:00,0.0,1.21,16.62,0.72,0.0,0.0,59.11495285965807,9.122961500511266,18.245923001022533
2025-12-26 19:00:00,0.0,1.66,15.1,0.65,0.0,0.0,55.07510038007899,0.0,0.0
2025-12-26 20:00:00,0.0,1.95,13.89,0.58,0.0,0.0,38.991391017002904,0.0,0.0
2025-12-26 21:00:00,0.0,2.04,12.82,0.5,0.0,0.0,34.977996389095715,0.0,0.0
2025-12-26 22:00:00,0.0,2.03,11.96,0.5,0.0,0.0,32.393681873457744,0.0,0.0
2025-12-26 23:00:00,0.0,1.96,11.35,3.27,0.0,0.0,27.037573274612864,0.0,0.0
2025-12-27 00:00:00,0.0,1.77,11.11,6.04,0.0,0.0,13.620440851414301,0.0,0.0
2025-12-27 01:00:00,0.0,1.55,11.07,17.48,0.0,0.0,15.56884258499219,0.0,0.0
2025-12-27 02:00:00,0.0,1.41,11.07,32.96,0.0,0.0,14.22537641116341,0.0,0.0
2025-12-27 03:00:00,0.0,1.34,11.03,41.53,0.0,0.0,15.686726548940316,0.0,0.0
2025-12-27 04:00:00,0.0,1.25,10.98,42.58,0.0,0.0,16.0120159466844,0.0,0.0
2025-12-27 05:00:00,0.0,0.95,10.92,14.55,0.0,0.0,16.21510213307495,0.0,0.0
2025-12-27 06:00:00,0.0,0.66,11.1,22.17,0.0,0.0,19.752876954974322,0.0,0.0
2025-12-27 07:00:00,93.97,0.34,11.78,30.17,15.0352,0.0,20.363367039491493,0.0,0.0
2025-12-27 08:00:00,262.52,0.2,13.42,35.68,42.0032,0.0,26.673318384102174,10.0,20.0
2025-12-27 09:00:00,415.75,0.7,15.46,40.67,66.52000000000001,0.0,30.318938494212187,20.0,40.0
2025-12-27 10:00:00,536.22,0.37,19.47,46.27,85.79520000000001,0.0,33.598326043732676,30.0,60.0
2025-12-27 11:00:00,566.75,0.87,21.78,69.9,90.68,0.0,38.6678391728423,40.0,80.0
2025-12-27 12:00:00,575.17,1.17,22.62,74.22,92.0272,0.0,45.4861455014737,50.0,100.0
2025-12-27 13:00:00,553.5,1.5,23.08,71.17,88.56,0.0,45.36437043391769,50.0,100.0
2025-12-27 14:00:00,435.2,1.66,23.09,61.19,69.63199999999999,0.0,48.59554741901059,50.0,100.0
2025-12-27 15:00:00,265.7,1.49,22.32,52.03,42.512,0.0,54.85973862244581,40.0,80.0
2025-12-27 16:00:00,87.45,1.16,20.03,40.08,13.992,0.0,46.074034694594545,30.0,60.0
2025-12-27 17:00:00,0.0,1.18,18.27,33.39,0.0,0.0,36.693027969798216,20.0,40.0
2025-12-27 18:00:00,0.0,1.28,17.4,40.45,0.0,0.0,34.84891529376912,10.0,20.0
2025-12-27 19:00:00,0.0,1.53,16.05,24.64,0.0,0.0,30.49467643129983,0.0,0.0
2025-12-27 20:00:00,0.0,1.78,14.6,6.04,0.0,0.0,23.36110141828413,0.0,0.0
2025-12-27 21:00:00,0.0,1.97,13.17,0.5,0.0,0.0,21.396635820186084,0.0,0.0
2025-12-27 22:00:00,0.0,2.07,12.21,1.25,0.0,0.0,17.40038844435587,0.0,0.0
2025-12-27 23:00:00,0.0,2.03,11.52,2.01,0.0,0.0,15.265217635898622,0.0,0.0
2025-12-28 00:00:00,0.0,1.91,11.08,2.76,0.0,0.0,15.27467074605633,0.0,0.0
2025-12-28 01:00:00,0.0,1.79,10.72,3.51,0.0,0.0,15.098383365442924,0.0,0.0
2025-12-28 02:00:00,0.0,1.71,10.36,4.26,0.0,0.0,13.683896821407513,0.0,0.0
2025-12-28 03:00:00,0.0,1.7,9.99,2.38,0.0,0.0,15.478510496206379,0.0,0.0
2025-12-28 04:00:00,0.0,1.6,9.79,0.5,0.0,0.0,15.101083004432601,0.0,0.0
2025-12-28 05:00:00,0.0,1.25,9.76,1.01,0.0,0.0,17.342896556784655,0.0,0.0
2025-12-28 06:00:00,0.0,1.0,9.87,0.88,0.0,0.0,19.095136576518254,0.0,0.0
2025-12-28 07:00:00,91.75,0.91,10.69,0.75,14.68,0.0,22.152242768689806,0.0,0.0
2025-12-28 08:00:00,277.65,1.25,13.07,0.63,44.42399999999999,0.0,25.221080118016193,10.0,20.0
2025-12-28 09:00:00,455.17,1.43,15.53,0.5,72.8272,0.0,28.80561750504058,20.0,40.0
2025-12-28 10:00:00,586.05,1.81,19.65,0.38,93.768,0.0,36.40460787288678,30.0,60.0
2025-12-28 11:00:00,668.88,1.96,21.73,0.25,107.0208,0.0,41.31155906975283,40.0,80.0
2025-12-28 12:00:00,668.05,2.07,22.65,0.13,106.888,0.0,46.82427658130384,50.0,100.0
2025-12-28 13:00:00,597.75,2.08,23.12,0.0,95.64,0.0,43.540718441675146,50.0,100.0
2025-12-28 14:00:00,462.85,1.91,22.88,1.76,74.05600000000001,0.0,46.782146407479004,50.0,100.0
2025-12-28 15:00:00,281.15,1.51,21.88,3.52,44.984,0.0,46.81220910120335,48.17179089879665,96.3435817975933
2025-12-28 16:00:00,90.82,1.28,19.09,5.24,14.531199999999998,0.0,45.59668251901412,38.17179089879665,76.3435817975933
2025-12-28 17:00:00,0.0,1.44,16.89,7.18,0.0,0.0,40.58547021455472,28.17179089879665,56.3435817975933
2025-12-28 18:00:00,0.0,1.82,15.42,32.89,0.0,0.0,34.81698252917636,18.17179089879665,36.3435817975933
2025-12-28 19:00:00,0.0,2.08,14.61,71.79,0.0,0.0,29.270074887643055,8.171790898796651,16.343581797593302
2025-12-28 20:00:00,0.0,1.81,14.17,49.64,0.0,0.0,26.79087047830807,0.0,0.0
2025-12-28 21:00:00,0.0,1.36,13.86,48.16,0.0,0.0,23.72861137297605,0.0,0.0
2025-12-28 22:00:00,0.0,1.24,13.69,71.77,0.0,0.0,19.061793190083588,0.0,0.0
2025-12-28 23:00:00,0.0,1.14,13.27,70.01,0.0,0.0,15.402278401264137,0.0,0.0
2025-12-29 00:00:00,0.0,1.31,12.27,55.5,0.0,0.0,25.47100518612166,0.0,0.0
2025-12-29 01:00:00,0.0,1.22,11.39,67.42,0.0,0.0,21.720315687874923,0.0,0.0
2025-12-29 02:00:00,0.0,1.07,10.9,65.29,0.0,0.0,26.146408378474575,0.0,0.0
2025-12-29 03:00:00,0.0,0.89,10.9,60.13,0.0,0.0,26.03022773207792,0.0,0.0
2025-12-29 04:00:00,0.0,0.83,10.47,17.57,0.0,0.0,26.53002639559668,0.0,0.0
2025-12-29 05:00:00,0.0,0.84,10.1,4.52,0.0,0.0,28.02240759333991,0.0,0.0
2025-12-29 06:00:00,0.0,1.07,9.42,28.84,0.0,0.0,35.13315840283478,0.0,0.0
2025-12-29 07:00:00,81.9,1.26,9.57,20.2,13.104,0.0,38.854574824686324,0.0,0.0
2025-12-29 08:00:00,258.2,1.67,12.18,15.61,41.312000000000005,0.0,45.14203950987713,0.0,0.0
2025-12-29 09:00:00,436.23,1.69,14.9,9.78,69.7968,0.0,48.88492454302739,10.0,20.0
2025-12-29 10:00:00,577.65,1.89,18.85,1.06,92.424,0.0,57.59143975084797,20.0,40.0
2025-12-29 11:00:00,651.67,1.62,21.47,0.71,104.2672,0.0,67.31760388853277,30.0,60.0
2025-12-29 12:00:00,653.8,1.62,22.96,0.35,104.608,0.0,70.6695667531078,40.0,80.0
2025-12-29 13:00:00,585.58,1.64,23.43,0.0,93.6928,0.0,86.96827992748254,46.724520072517464,93.44904014503493
2025-12-29 14:00:00,451.88,1.43,23.23,8.42,72.30080000000001,0.0,79.00904227305213,40.01627779946534,80.03255559893068
2025-12-29 15:00:00,272.12,1.19,22.33,16.68,43.53920000000001,0.0,76.7681588212436,30.016277799465342,60.032555598930685
2025-12-29 16:00:00,87.65,1.3,19.58,22.95,14.024,0.0,74.95921081686225,20.016277799465342,40.032555598930685
2025-12-29 17:00:00,0.0,1.77,16.93,33.31,0.0,0.0,68.68845562319478,10.016277799465342,20.032555598930685
2025-12-29 18:00:00,0.0,2.04,15.38,48.46,0.0,0.0,54.870621064743005,0.01627779946534247,0.03255559893068494
2025-12-29 19:00:00,0.0,2.22,14.12,54.02,0.0,0.0,47.84221785266648,0.0,0.0
2025-12-29 20:00:00,0.0,2.22,13.24,34.77,0.0,0.0,41.72370696352619,0.0,0.0
2025-12-29 21:00:00,0.0,2.03,12.82,32.69,0.0,0.0,36.616507598851214,0.0,0.0
2025-12-29 22:00:00,0.0,1.74,12.59,16.61,0.0,0.0,34.262736193401366,0.0,0.0
2025-12-29 23:00:00,0.0,1.46,12.12,37.82,0.0,0.0,28.408304394484098,0.0,0.0
2025-12-30 00:00:00,0.0,1.34,11.83,53.45,0.0,0.0,24.77276432771314,0.0,0.0
2025-12-30 01:00:00,0.0,1.27,11.28,61.41,0.0,0.0,25.559921245666384,0.0,0.0
2025-12-30 02:00:00,0.0,1.2,10.71,51.46,0.0,0.0,24.858454124735186,0.0,0.0
2025-12-30 03:00:00,0.0,1.16,10.12,15.81,0.0,0.0,25.792859920442194,0.0,0.0
2025-12-30 04:00:00,0.0,1.19,9.53,20.57,0.0,0.0,24.802627971069846,0.0,0.0
2025-12-30 05:00:00,0.0,1.35,8.71,22.58,0.0,0.0,29.385657983836982,0.0,0.0
2025-12-30 06:00:00,0.0,1.64,7.95,22.08,0.0,0.0,31.211791930889564,0.0,0.0
2025-12-30 07:00:00,74.75,1.74,8.75,14.68,11.96,0.0,36.30481073131406,0.0,0.0
2025-12-30 08:00:00,242.8,2.31,11.61,12.35,38.848000000000006,0.0,43.91241981847423,0.0,0.0
2025-12-30 09:00:00,415.12,1.87,14.56,9.91,66.4192,0.0,44.02930067792332,10.0,20.0
2025-12-30 10:00:00,551.1,2.42,18.56,6.37,88.17600000000002,0.0,60.158492010799364,20.0,40.0
2025-12-30 11:00:00,621.38,2.67,21.63,2.04,99.4208,0.0,72.80379060016256,30.0,60.0
2025-12-30 12:00:00,622.3,2.65,23.21,1.02,99.568,0.0,77.79448659201157,40.0,80.0
2025-12-30 13:00:00,553.92,2.46,23.82,0.0,88.6272,0.0,83.37048499612854,45.25671500387146,90.51343000774293
2025-12-30 14:00:00,425.27,2.17,23.76,0.07,68.0432,0.0,77.51671659842549,35.78319840544597,71.56639681089194
2025-12-30 15:00:00,253.18,1.74,22.92,0.14,40.50880000000001,0.0,78.38206227593359,25.783198405445972,51.566396810891945
2025-12-30 16:00:00,84.3,1.37,20.32,0.22,13.488,0.0,75.61014020994548,15.783198405445972,31.566396810891945
2025-12-30 17:00:00,0.0,1.62,18.21,0.29,0.0,0.0,69.80811984854732,5.783198405445972,11.566396810891945
2025-12-30 18:00:00,0.0,1.87,16.88,0.36,0.0,0.0,59.869834570709266,0.0,0.0
2025-12-30 19:00:00,0.0,2.07,15.68,0.43,0.0,0.0,50.74415220256391,0.0,0.0
2025-12-30 20:00:00,0.0,2.16,14.75,0.5,0.0,0.0,39.666355771425756,0.0,0.0
2025-12-30 21:00:00,0.0,2.2,13.89,0.46,0.0,0.0,37.21167967843301,0.0,0.0
2025-12-30 22:00:00,0.0,2.18,13.08,0.42,0.0,0.0,33.10528654723396,0.0,0.0
2025-12-30 23:00:00,0.0,2.07,12.44,0.38,0.0,0.0,26.064162426596376,0.0,0.0
2025-12-31 00:00:00,0.0,2.01,11.76,0.34,0.0,0.0,23.022264435203414,0.0,0.0
2025-12-31 01:00:00,0.0,2.04,11.06,0.3,0.0,0.0,25.752050279746577,0.0,0.0
2025-12-31 02:00:00,0.0,2.12,10.25,1.66,0.0,0.0,24.49351315772761,0.0,0.0
2025-12-31 03:00:00,0.0,2.16,9.53,3.02,0.0,0.0,24.842419864974623,0.0,0.0
2025-12-31 04:00:00,0.0,2.07,9.11,7.79,0.0,0.0,25.939534604176345,0.0,0.0
2025-12-31 05:00:00,0.0,1.93,8.85,12.52,0.0,0.0,26.62615186362412,0.0,0.0
2025-12-31 06:00:00,0.0,1.81,8.61,11.01,0.0,0.0,31.683420465320218,0.0,0.0
2025-12-31 07:00:00,65.4,1.69,9.58,15.23,10.464,0.0,37.90951392226553,0.0,0.0
2025-12-31 08:00:00,209.95,2.25,12.19,19.48,33.592000000000006,0.0,36.811481962080805,0.0,0.0
2025-12-31 09:00:00,359.98,2.22,15.01,22.63,57.59680000000001,0.0,51.515211191027966,6.081588808972043,12.163177617944086
2025-12-31 10:00:00,488.33,2.57,19.35,25.29,78.1328,0.0,60.59588597499552,16.081588808972043,32.163177617944086
2025-12-31 11:00:00,524.72,3.01,21.71,7.45,83.95520000000002,0.6312708564814813,72.5971480892514,26.081588808972043,52.163177617944086
2025-12-31 12:00:00,524.8,3.42,22.41,5.83,83.96799999999999,0.9259649999999998,75.73826344937025,35.237290359601786,70.47458071920357
2025-12-31 13:00:00,443.08,3.5,22.58,29.13,70.89280000000001,0.992476851851852,78.6696369635123,28.45293024794134,56.90586049588268
2025-12-31 14:00:00,315.85,3.31,22.28,42.53,50.536,0.8394604398148148,80.67781484869352,18.45293024794134,36.90586049588268
2025-12-31 15:00:00,178.35,2.95,21.36,56.23,28.536,0.0,76.59498633698796,8.452930247941339,16.905860495882678
2025-12-31 16:00:00,58.8,2.06,18.34,69.74,9.408,0.0,69.15575549968996,0.0,0.0
2025-12-31 17:00:00,0.0,2.34,15.83,85.3,0.0,0.0,63.691218943225635,0.0,0.0
2025-12-31 18:00:00,0.0,2.39,15.01,80.35,0.0,0.0,59.26991028686058,0.0,0.0
2025-12-31 19:00:00,0.0,2.42,14.27,56.19,0.0,0.0,49.17886654040738,0.0,0.0
2025-12-31 20:00:00,0.0,2.47,13.53,55.69,0.0,0.0,41.60551261393177,0.0,0.0
2025-12-31 21:00:00,0.0,2.48,12.84,47.57,0.0,0.0,35.217759611577016,0.0,0.0
2025-12-31 22:00:00,0.0,2.4,12.43,27.93,0.0,0.0,29.79931640962211,0.0,0.0
2025-12-31 23:00:00,0.0,2.24,12.24,10.26,0.0,0.0,26.748560002825364,0.0,0.0
