timestamp,solar_irradiance,wind_speed,temperature,cloud_cover
2025-01-01 00:00:00,0.0,2.16,9.28,55.78
2025-01-01 01:00:00,0.0,2.17,8.68,60.96
2025-01-01 02:00:00,0.0,2.14,8.22,90.44
2025-01-01 03:00:00,0.0,2.02,8.01,98.48
2025-01-01 04:00:00,0.0,1.8,8.01,99.49
2025-01-01 05:00:00,0.0,1.61,8.01,99.54
2025-01-01 06:00:00,0.0,1.51,7.92,98.02
2025-01-01 07:00:00,42.95,1.3,8.91,99.55
2025-01-01 08:00:00,130.82,1.27,11.64,95.92
2025-01-01 09:00:00,212.95,1.15,14.43,94.05
2025-01-01 10:00:00,281.73,1.0,18.34,92.11
2025-01-01 11:00:00,401.95,0.75,20.08,73.45
2025-01-01 12:00:00,493.65,0.46,21.3,54.0
2025-01-01 13:00:00,427.45,0.57,22.17,49.75
2025-01-01 14:00:00,350.2,0.7,22.46,43.82
2025-01-01 15:00:00,226.27,0.76,21.79,37.83
2025-01-01 16:00:00,85.68,0.77,19.94,27.78
2025-01-01 17:00:00,0.0,1.1,17.92,13.58
2025-01-01 18:00:00,0.0,1.55,16.45,4.52
2025-01-01 19:00:00,0.0,1.81,15.36,1.52
2025-01-01 20:00:00,0.0,2.03,14.14,1.01
2025-01-01 21:00:00,0.0,2.1,13.2,15.05
2025-01-01 22:00:00,0.0,1.99,12.62,83.42
2025-01-01 23:00:00,0.0,1.84,12.15,77.89
2025-01-02 00:00:00,0.0,1.67,11.73,58.4
2025-01-02 01:00:00,0.0,1.45,11.41,60.15
2025-01-02 02:00:00,0.0,1.28,11.59,87.63
2025-01-02 03:00:00,0.0,1.12,11.49,94.87
2025-01-02 04:00:00,0.0,0.98,11.36,91.6
2025-01-02 05:00:00,0.0,0.89,11.21,82.81
2025-01-02 06:00:00,0.0,0.9,10.99,67.93
2025-01-02 07:00:00,77.45,1.0,11.36,57.9
2025-01-02 08:00:00,239.12,1.18,13.07,50.06
2025-01-02 09:00:00,395.35,1.03,14.67,40.38
2025-01-02 10:00:00,518.17,1.32,17.67,31.41
2025-01-02 11:00:00,657.0,1.57,20.04,11.95
2025-01-02 12:00:00,670.28,1.6,21.25,14.43
2025-01-02 13:00:00,596.4,1.49,21.78,11.12
2025-01-02 14:00:00,454.42,1.29,21.99,29.58
2025-01-02 15:00:00,278.38,0.94,21.6,48.26
2025-01-02 16:00:00,98.05,0.58,20.13,68.06
2025-01-02 17:00:00,0.0,0.81,18.67,91.89
2025-01-02 18:00:00,0.0,1.65,16.96,85.5
2025-01-02 19:00:00,0.0,2.24,15.49,90.92
2025-01-02 20:00:00,0.0,2.57,14.31,83.54
2025-01-02 21:00:00,0.0,2.68,13.49,58.62
2025-01-02 22:00:00,0.0,2.67,12.93,28.56
2025-01-02 23:00:00,0.0,2.6,12.43,8.31
2025-01-03 00:00:00,0.0,2.56,11.8,13.0
2025-01-03 01:00:00,0.0,2.6,10.98,14.87
2025-01-03 02:00:00,0.0,2.59,10.24,6.53
2025-01-03 03:00:00,0.0,2.55,9.58,16.68
2025-01-03 04:00:00,0.0,2.41,9.21,12.57
2025-01-03 05:00:00,0.0,2.21,9.13,27.11
2025-01-03 06:00:00,0.0,1.97,9.32,27.39
2025-01-03 07:00:00,85.1,1.66,10.82,27.07
2025-01-03 08:00:00,258.1,1.77,14.07,27.07
2025-01-03 09:00:00,421.2,1.51,16.39,26.2
2025-01-03 10:00:00,556.05,1.83,19.66,25.31
2025-01-03 11:00:00,682.72,2.24,22.49,8.69
2025-01-03 12:00:00,687.97,2.25,24.3,18.12
2025-01-03 13:00:00,625.85,2.18,25.26,3.74
2025-01-03 14:00:00,494.2,1.83,25.15,4.68
2025-01-03 15:00:00,311.6,1.19,24.31,5.93
2025-01-03 16:00:00,115.22,0.96,21.87,6.95
2025-01-03 17:00:00,0.0,1.55,19.39,7.48
2025-01-03 18:00:00,0.0,2.11,17.9,8.41
2025-01-03 19:00:00,0.0,2.45,16.48,9.34
2025-01-03 20:00:00,0.0,2.56,15.46,10.27
2025-01-03 21:00:00,0.0,2.53,14.78,11.2
2025-01-03 22:00:00,0.0,2.47,14.19,12.14
2025-01-03 23:00:00,0.0,2.32,13.75,13.07
2025-01-04 00:00:00,0.0,2.25,13.15,13.99
2025-01-04 01:00:00,0.0,2.23,12.45,14.21
2025-01-04 02:00:00,0.0,2.27,11.64,14.42
2025-01-04 03:00:00,0.0,2.4,10.77,12.99
2025-01-04 04:00:00,0.0,2.52,10.05,11.55
2025-01-04 05:00:00,0.0,2.66,9.43,10.11
2025-01-04 06:00:00,0.0,2.79,8.88,8.67
2025-01-04 07:00:00,93.62,2.58,10.61,6.69
2025-01-04 08:00:00,291.33,3.35,14.25,5.34
2025-01-04 09:00:00,475.62,2.61,17.14,4.34
2025-01-04 10:00:00,613.08,3.25,20.94,2.9
2025-01-04 11:00:00,685.97,3.81,23.99,1.46
2025-01-04 12:00:00,692.47,3.87,26.15,0.02
2025-01-04 13:00:00,627.8,3.58,27.02,0.0
2025-01-04 14:00:00,496.95,3.3,26.84,0.46
2025-01-04 15:00:00,314.83,2.71,25.54,0.92
2025-01-04 16:00:00,118.0,2.46,21.06,1.38
2025-01-04 17:00:00,0.0,3.2,17.09,1.84
2025-01-04 18:00:00,0.0,3.42,15.64,2.3
2025-01-04 19:00:00,0.0,3.49,14.57,2.76
2025-01-04 20:00:00,0.0,3.52,13.71,3.21
2025-01-04 21:00:00,0.0,3.52,12.99,3.67
2025-01-04 22:00:00,0.0,3.41,12.24,4.13
2025-01-04 23:00:00,0.0,3.25,11.45,4.59
2025-01-05 00:00:00,0.0,3.07,10.7,5.05
2025-01-05 01:00:00,0.0,2.92,10.08,5.51
2025-01-05 02:00:00,0.0,2.79,9.59,5.97
2025-01-05 03:00:00,0.0,2.7,9.2,3.52
2025-01-05 04:00:00,0.0,2.74,8.78,4.52
2025-01-05 05:00:00,0.0,2.89,8.35,12.05
2025-01-05 06:00:00,0.0,3.03,8.0,13.57
2025-01-05 07:00:00,75.62,3.55,10.17,23.03
2025-01-05 08:00:00,230.85,4.04,12.8,29.04
2025-01-05 09:00:00,375.77,3.46,16.04,32.26
2025-01-05 10:00:00,483.08,4.29,19.68,35.67
2025-01-05 11:00:00,532.83,4.65,22.48,33.82
2025-01-05 12:00:00,583.1,5.11,24.63,29.09
2025-01-05 13:00:00,578.62,4.92,25.29,2.93
2025-01-05 14:00:00,453.5,4.33,25.06,2.77
2025-01-05 15:00:00,283.1,3.03,24.02,2.62
2025-01-05 16:00:00,104.62,1.96,20.91,2.47
2025-01-05 17:00:00,0.0,2.19,18.67,2.32
2025-01-05 18:00:00,0.0,2.52,17.35,2.16
2025-01-05 19:00:00,0.0,2.76,16.27,2.01
2025-01-05 20:00:00,0.0,2.65,15.63,2.85
2025-01-05 21:00:00,0.0,2.24,14.93,3.69
2025-01-05 22:00:00,0.0,1.6,13.85,4.52
2025-01-05 23:00:00,0.0,1.09,12.33,18.44
2025-01-06 00:00:00,0.0,1.0,11.23,22.43
2025-01-06 01:00:00,0.0,1.53,10.52,19.46
2025-01-06 02:00:00,0.0,2.21,9.71,15.01
2025-01-06 03:00:00,0.0,2.64,9.2,24.05
2025-01-06 04:00:00,0.0,2.79,8.89,26.05
2025-01-06 05:00:00,0.0,2.84,8.64,43.11
2025-01-06 06:00:00,0.0,2.83,8.42,49.17
2025-01-06 07:00:00,61.7,2.81,10.32,48.57
2025-01-06 08:00:00,199.35,3.2,13.0,45.07
2025-01-06 09:00:00,340.4,2.55,16.43,41.63
2025-01-06 10:00:00,452.15,2.41,19.5,38.29
2025-01-06 11:00:00,480.6,1.62,20.97,31.92
2025-01-06 12:00:00,514.1,1.15,21.87,31.34
2025-01-06 13:00:00,478.75,1.5,22.35,26.15
2025-01-06 14:00:00,365.42,2.19,22.22,25.38
2025-01-06 15:00:00,222.35,2.85,21.41,23.02
2025-01-06 16:00:00,83.35,2.5,18.34,16.8
2025-01-06 17:00:00,0.0,3.25,15.1,13.91
2025-01-06 18:00:00,0.0,3.82,13.98,11.11
2025-01-06 19:00:00,0.0,4.1,13.04,8.32
2025-01-06 20:00:00,0.0,4.35,12.14,5.46
2025-01-06 21:00:00,0.0,4.43,11.34,18.01
2025-01-06 22:00:00,0.0,4.13,10.5,22.03
2025-01-06 23:00:00,0.0,3.79,9.71,21.04
2025-01-07 00:00:00,0.0,3.64,9.07,16.52
2025-01-07 01:00:00,0.0,3.53,8.45,19.11
2025-01-07 02:00:00,0.0,3.43,7.83,10.48
2025-01-07 03:00:00,0.0,3.36,7.24,8.46
2025-01-07 04:00:00,0.0,3.28,6.68,6.45
2025-01-07 05:00:00,0.0,3.22,6.19,14.52
2025-01-07 06:00:00,0.0,3.19,5.77,28.58
2025-01-07 07:00:00,69.8,2.88,7.73,33.5
2025-01-07 08:00:00,228.15,3.78,11.17,35.52
2025-01-07 09:00:00,382.48,3.03,14.04,38.44
2025-01-07 10:00:00,506.05,3.61,16.89,40.49
2025-01-07 11:00:00,634.12,3.48,18.25,18.27
2025-01-07 12:00:00,683.25,3.45,19.25,0.0
2025-01-07 13:00:00,616.53,3.66,19.77,2.01
2025-01-07 14:00:00,486.73,3.74,19.75,1.63
2025-01-07 15:00:00,305.92,3.56,18.96,1.26
2025-01-07 16:00:00,118.38,2.47,15.54,0.88
2025-01-07 17:00:00,0.0,3.02,12.05,0.5
2025-01-07 18:00:00,0.0,3.16,10.79,0.5
2025-01-07 19:00:00,0.0,3.12,9.81,0.5
2025-01-07 20:00:00,0.0,3.14,8.96,0.5
2025-01-07 21:00:00,0.0,3.26,8.18,0.46
2025-01-07 22:00:00,0.0,3.35,7.55,0.41
2025-01-07 23:00:00,0.0,3.25,7.11,0.36
2025-01-08 00:00:00,0.0,2.95,6.98,0.32
2025-01-08 01:00:00,0.0,2.68,7.03,0.27
2025-01-08 02:00:00,0.0,2.69,6.68,0.33
2025-01-08 03:00:00,0.0,2.92,5.96,0.39
2025-01-08 04:00:00,0.0,3.08,5.42,0.44
2025-01-08 05:00:00,0.0,3.13,5.05,0.5
2025-01-08 06:00:00,0.0,3.14,4.77,0.43
2025-01-08 07:00:00,87.38,2.85,6.81,0.36
2025-01-08 08:00:00,282.25,3.65,11.3,0.29
2025-01-08 09:00:00,469.65,2.84,14.3,0.22
2025-01-08 10:00:00,610.33,3.56,18.55,0.14
2025-01-08 11:00:00,701.25,4.02,20.85,0.07
2025-01-08 12:00:00,707.8,4.13,22.01,0.0
2025-01-08 13:00:00,643.22,4.14,22.58,0.4
2025-01-08 14:00:00,513.25,3.91,22.44,0.81
2025-01-08 15:00:00,331.05,2.98,21.38,1.21
2025-01-08 16:00:00,133.9,2.04,17.81,1.62
2025-01-08 17:00:00,0.0,1.93,16.11,2.02
2025-01-08 18:00:00,0.0,1.5,15.72,1.01
2025-01-08 19:00:00,0.0,1.07,15.7,1.51
2025-01-08 20:00:00,0.0,0.87,15.48,1.01
2025-01-08 21:00:00,0.0,0.74,14.86,1.01
2025-01-08 22:00:00,0.0,0.6,14.25,2.01
2025-01-08 23:00:00,0.0,0.5,13.65,0.5
2025-01-09 00:00:00,0.0,0.53,12.88,1.51
2025-01-09 01:00:00,0.0,0.64,12.08,2.66
2025-01-09 02:00:00,0.0,0.8,11.46,0.5
2025-01-09 03:00:00,0.0,1.04,10.98,1.01
2025-01-09 04:00:00,0.0,1.25,10.32,1.01
2025-01-09 05:00:00,0.0,1.44,9.73,1.01
2025-01-09 06:00:00,0.0,1.64,8.87,0.92
2025-01-09 07:00:00,93.75,1.8,9.39,0.84
2025-01-09 08:00:00,296.05,2.36,12.59,0.75
2025-01-09 09:00:00,482.85,2.38,15.28,0.67
2025-01-09 10:00:00,621.4,3.02,19.04,0.59
2025-01-09 11:00:00,692.25,2.93,21.59,0.5
2025-01-09 12:00:00,698.67,2.59,22.71,0.03
2025-01-09 13:00:00,634.5,2.24,23.16,0.0
2025-01-09 14:00:00,504.33,1.88,22.99,0.27
2025-01-09 15:00:00,323.38,1.6,22.09,0.55
2025-01-09 16:00:00,120.82,1.65,19.0,0.82
2025-01-09 17:00:00,3.97,2.28,15.89,1.1
2025-01-09 18:00:00,0.0,2.69,14.14,1.37
2025-01-09 19:00:00,0.0,3.0,12.72,1.65
2025-01-09 20:00:00,0.0,3.22,11.57,1.92
2025-01-09 21:00:00,0.0,3.4,10.64,2.2
2025-01-09 22:00:00,0.0,3.54,9.86,2.47
2025-01-09 23:00:00,0.0,3.59,9.16,2.75
2025-01-10 00:00:00,0.0,3.56,8.49,3.02
2025-01-10 01:00:00,0.0,3.47,7.82,3.29
2025-01-10 02:00:00,0.0,3.39,7.19,3.57
2025-01-10 03:00:00,0.0,3.35,6.64,3.25
2025-01-10 04:00:00,0.0,3.32,6.18,2.93
2025-01-10 05:00:00,0.0,3.31,5.79,2.61
2025-01-10 06:00:00,0.0,3.31,5.49,2.29
2025-01-10 07:00:00,88.85,3.7,7.82,1.97
2025-01-10 08:00:00,285.62,4.29,10.82,1.65
2025-01-10 09:00:00,470.2,4.27,14.37,1.33
2025-01-10 10:00:00,606.95,5.63,18.14,1.01
2025-01-10 11:00:00,670.4,5.78,20.7,1.01
2025-01-10 12:00:00,676.97,5.31,22.06,0.5
2025-01-10 13:00:00,611.4,4.86,22.66,0.0
2025-01-10 14:00:00,479.65,4.34,22.54,0.14
2025-01-10 15:00:00,298.73,3.56,21.58,0.29
2025-01-10 16:00:00,107.05,2.47,17.8,0.43
2025-01-10 17:00:00,3.8,3.13,14.3,0.57
2025-01-10 18:00:00,0.0,3.57,13.13,0.72
2025-01-10 19:00:00,0.0,3.88,12.53,0.86
2025-01-10 20:00:00,0.0,4.31,12.06,1.01
2025-01-10 21:00:00,0.0,4.82,11.44,1.01
2025-01-10 22:00:00,0.0,4.91,10.54,0.5
2025-01-10 23:00:00,0.0,4.48,9.5,4.04
2025-01-11 00:00:00,0.0,4.05,8.6,9.9
2025-01-11 01:00:00,0.0,3.71,7.88,20.41
2025-01-11 02:00:00,0.0,3.42,7.32,28.67
2025-01-11 03:00:00,0.0,3.22,6.83,7.0
2025-01-11 04:00:00,0.0,3.23,6.49,23.04
2025-01-11 05:00:00,0.0,3.39,6.26,52.16
2025-01-11 06:00:00,0.0,3.51,6.11,71.89
2025-01-11 07:00:00,32.28,4.24,7.42,78.86
2025-01-11 08:00:00,104.4,3.02,9.04,80.05
2025-01-11 09:00:00,155.88,2.23,11.42,82.5
2025-01-11 10:00:00,207.75,1.52,13.3,83.15
2025-01-11 11:00:00,301.8,0.88,15.37,70.86
2025-01-11 12:00:00,315.7,0.83,17.13,84.04
2025-01-11 13:00:00,243.55,1.33,17.8,83.87
2025-01-11 14:00:00,166.35,1.19,17.78,81.65
2025-01-11 15:00:00,108.12,0.72,17.31,71.64
2025-01-11 16:00:00,42.12,1.0,15.76,60.47
2025-01-11 17:00:00,2.4,2.02,13.51,44.53
2025-01-11 18:00:00,0.0,2.58,12.63,29.34
2025-01-11 19:00:00,0.0,2.75,12.31,18.44
2025-01-11 20:00:00,0.0,2.75,11.91,19.53
2025-01-11 21:00:00,0.0,2.65,11.43,24.07
2025-01-11 22:00:00,0.0,2.58,10.65,48.66
2025-01-11 23:00:00,0.0,2.45,10.03,79.32
2025-01-12 00:00:00,0.0,2.28,9.58,96.42
2025-01-12 01:00:00,0.0,2.04,9.25,99.87
2025-01-12 02:00:00,0.0,1.73,9.21,99.95
2025-01-12 03:00:00,0.0,1.49,9.07,99.97
2025-01-12 04:00:00,0.0,1.25,8.95,99.98
2025-01-12 05:00:00,0.0,1.12,8.73,99.99
2025-01-12 06:00:00,0.0,1.06,8.32,100.0
2025-01-12 07:00:00,22.35,1.0,9.13,97.49
2025-01-12 08:00:00,86.95,1.21,10.96,96.2
2025-01-12 09:00:00,150.62,0.46,14.12,94.0
2025-01-12 10:00:00,219.77,1.38,18.27,90.47
2025-01-12 11:00:00,319.08,2.19,19.74,88.6
2025-01-12 12:00:00,341.35,2.87,20.37,75.82
2025-01-12 13:00:00,383.98,3.38,20.47,68.68
2025-01-12 14:00:00,332.98,3.67,19.99,49.48
2025-01-12 15:00:00,225.73,3.85,18.97,43.88
2025-01-12 16:00:00,92.07,2.76,16.13,35.04
2025-01-12 17:00:00,4.22,3.18,12.77,22.68
2025-01-12 18:00:00,0.0,3.53,11.78,15.09
2025-01-12 19:00:00,0.0,3.86,10.94,5.55
2025-01-12 20:00:00,0.0,3.92,10.06,3.02
2025-01-12 21:00:00,0.0,3.54,9.16,12.59
2025-01-12 22:00:00,0.0,3.17,8.35,21.64
2025-01-12 23:00:00,0.0,2.93,7.65,15.61
2025-01-13 00:00:00,0.0,2.82,7.07,18.6
2025-01-13 01:00:00,0.0,2.81,6.58,29.21
2025-01-13 02:00:00,0.0,2.86,6.18,46.19
2025-01-13 03:00:00,0.0,2.89,5.79,60.74
2025-01-13 04:00:00,0.0,2.89,5.4,77.84
2025-01-13 05:00:00,0.0,2.86,5.05,84.41
2025-01-13 06:00:00,0.0,2.83,4.75,88.4
2025-01-13 07:00:00,44.28,2.97,6.88,81.52
2025-01-13 08:00:00,152.02,2.78,9.62,72.4
2025-01-13 09:00:00,275.67,1.97,13.38,64.09
2025-01-13 10:00:00,408.05,2.0,16.13,54.45
2025-01-13 11:00:00,530.38,1.89,17.61,19.09
2025-01-13 12:00:00,560.03,1.79,18.71,13.79
2025-01-13 13:00:00,503.42,1.68,19.33,13.26
2025-01-13 14:00:00,385.2,1.6,19.47,18.45
2025-01-13 15:00:00,246.55,1.48,18.99,10.52
2025-01-13 16:00:00,84.85,0.94,17.33,8.63
2025-01-13 17:00:00,3.97,0.8,16.08,7.05
2025-01-13 18:00:00,0.0,1.2,14.87,4.02
2025-01-13 19:00:00,0.0,1.86,13.17,3.6
2025-01-13 20:00:00,0.0,2.47,11.45,3.18
2025-01-13 21:00:00,0.0,2.88,10.04,2.76
2025-01-13 22:00:00,0.0,3.07,9.23,2.35
2025-01-13 23:00:00,0.0,3.11,8.65,1.93
2025-01-14 00:00:00,0.0,3.08,8.17,1.51
2025-01-14 01:00:00,0.0,3.03,7.75,1.17
2025-01-14 02:00:00,0.0,2.96,7.39,16.06
2025-01-14 03:00:00,0.0,2.85,7.11,31.12
2025-01-14 04:00:00,0.0,2.68,6.94,47.7
2025-01-14 05:00:00,0.0,2.45,6.98,69.8
2025-01-14 06:00:00,0.0,2.19,7.21,73.33
2025-01-14 07:00:00,45.6,1.74,8.98,70.46
2025-01-14 08:00:00,149.95,1.98,12.09,65.94
2025-01-14 09:00:00,272.95,2.14,15.26,61.29
2025-01-14 10:00:00,416.75,3.15,18.31,54.49
2025-01-14 11:00:00,589.53,3.11,19.52,4.57
2025-01-14 12:00:00,607.7,3.02,20.32,3.31
2025-01-14 13:00:00,552.62,2.99,20.72,8.46
2025-01-14 14:00:00,431.2,2.93,20.69,8.76
2025-01-14 15:00:00,266.0,2.91,19.97,7.98
2025-01-14 16:00:00,97.85,2.13,16.97,4.96
2025-01-14 17:00:00,4.72,2.55,13.77,4.69
2025-01-14 18:00:00,0.0,2.69,12.54,4.08
2025-01-14 19:00:00,0.0,2.73,11.58,3.46
2025-01-14 20:00:00,0.0,2.77,10.74,2.85
2025-01-14 21:00:00,0.0,2.8,10.01,2.23
2025-01-14 22:00:00,0.0,2.77,9.41,1.62
2025-01-14 23:00:00,0.0,2.75,8.87,1.01
2025-01-15 00:00:00,0.0,2.75,8.37,1.14
2025-01-15 01:00:00,0.0,2.79,7.89,1.07
2025-01-15 02:00:00,0.0,2.85,7.47,1.0
2025-01-15 03:00:00,0.0,2.94,7.03,9.15
2025-01-15 04:00:00,0.0,3.04,6.64,17.29
2025-01-15 05:00:00,0.0,3.06,6.31,25.43
2025-01-15 06:00:00,0.0,3.07,5.97,33.57
2025-01-15 07:00:00,46.53,3.13,8.22,44.2
2025-01-15 08:00:00,166.4,4.1,11.24,48.48
2025-01-15 09:00:00,263.33,4.47,14.62,57.07
2025-01-15 10:00:00,316.02,5.32,17.48,66.87
2025-01-15 11:00:00,239.3,4.63,18.94,67.02
2025-01-15 12:00:00,150.23,3.98,19.89,85.96
2025-01-15 13:00:00,78.7,3.58,20.35,99.49
2025-01-15 14:00:00,46.3,3.3,19.86,97.18
2025-01-15 15:00:00,32.88,3.01,18.81,96.69
2025-01-15 16:00:00,16.75,2.22,16.44,94.83
2025-01-15 17:00:00,1.62,2.57,14.42,90.69
2025-01-15 18:00:00,0.0,2.6,13.71,87.9
2025-01-15 19:00:00,0.0,2.5,13.11,67.18
2025-01-15 20:00:00,0.0,2.42,12.65,66.11
2025-01-15 21:00:00,0.0,2.33,12.18,54.83
2025-01-15 22:00:00,0.0,2.26,11.63,59.27
2025-01-15 23:00:00,0.0,2.1,11.42,56.18
2025-01-16 00:00:00,0.0,1.96,11.14,60.22
2025-01-16 01:00:00,0.0,1.83,10.86,54.2
2025-01-16 02:00:00,0.0,1.55,10.65,70.99
2025-01-16 03:00:00,0.0,1.17,10.56,25.05
2025-01-16 04:00:00,0.0,0.82,10.55,20.04
2025-01-16 05:00:00,0.0,0.51,10.41,17.03
2025-01-16 06:00:00,0.0,0.4,9.85,19.53
2025-01-16 07:00:00,47.47,0.53,10.16,22.76
2025-01-16 08:00:00,182.48,0.88,11.69,23.88
2025-01-16 09:00:00,312.42,1.73,15.02,30.41
2025-01-16 10:00:00,443.98,2.5,17.69,33.08
2025-01-16 11:00:00,577.72,2.86,19.43,26.77
2025-01-16 12:00:00,628.65,3.24,20.6,20.41
2025-01-16 13:00:00,574.53,3.59,21.22,8.55
2025-01-16 14:00:00,474.15,3.82,21.17,2.01
2025-01-16 15:00:00,303.42,3.8,20.32,1.79
2025-01-16 16:00:00,119.78,2.63,17.11,1.58
2025-01-16 17:00:00,6.03,3.2,13.55,1.36
2025-01-16 18:00:00,0.0,3.42,12.45,1.15
2025-01-16 19:00:00,0.0,3.46,11.65,0.93
2025-01-16 20:00:00,0.0,3.45,10.91,0.72
2025-01-16 21:00:00,0.0,3.38,10.17,0.5
2025-01-16 22:00:00,0.0,3.3,9.44,7.0
2025-01-16 23:00:00,0.0,3.09,8.69,33.61
2025-01-17 00:00:00,0.0,2.84,7.99,59.73
2025-01-17 01:00:00,0.0,2.7,7.51,84.43
2025-01-17 02:00:00,0.0,2.64,7.14,90.92
2025-01-17 03:00:00,0.0,2.63,6.79,97.44
2025-01-17 04:00:00,0.0,2.79,6.38,96.44
2025-01-17 05:00:00,0.0,2.97,6.0,97.41
2025-01-17 06:00:00,0.0,3.12,5.71,94.91
2025-01-17 07:00:00,41.65,3.28,8.4,91.05
2025-01-17 08:00:00,125.47,3.73,11.52,84.96
2025-01-17 09:00:00,210.88,4.14,14.87,79.61
2025-01-17 10:00:00,312.88,3.65,17.0,72.11
2025-01-17 11:00:00,461.02,2.96,18.43,59.66
2025-01-17 12:00:00,542.35,2.34,19.4,43.97
2025-01-17 13:00:00,457.02,1.95,19.88,49.26
2025-01-17 14:00:00,463.55,1.77,19.81,20.71
2025-01-17 15:00:00,299.65,1.59,19.16,18.51
2025-01-17 16:00:00,119.35,1.13,16.99,14.27
2025-01-17 17:00:00,6.5,1.51,14.62,11.62
2025-01-17 18:00:00,0.0,2.01,13.05,8.97
2025-01-17 19:00:00,0.0,2.28,11.68,6.32
2025-01-17 20:00:00,0.0,2.48,10.39,3.66
2025-01-17 21:00:00,0.0,2.73,9.19,1.01
2025-01-17 22:00:00,0.0,2.94,8.31,8.93
2025-01-17 23:00:00,0.0,2.99,7.7,18.87
2025-01-18 00:00:00,0.0,2.86,7.32,31.55
2025-01-18 01:00:00,0.0,2.64,7.0,14.18
2025-01-18 02:00:00,0.0,2.45,6.56,46.13
2025-01-18 03:00:00,0.0,2.13,6.57,65.74
2025-01-18 04:00:00,0.0,1.86,6.74,85.26
2025-01-18 05:00:00,0.0,1.68,6.78,98.21
2025-01-18 06:00:00,0.0,1.74,6.48,89.02
2025-01-18 07:00:00,44.95,1.71,7.69,90.68
2025-01-18 08:00:00,134.65,2.44,10.79,90.03
2025-01-18 09:00:00,226.73,2.69,14.02,88.95
2025-01-18 10:00:00,308.05,2.96,17.03,87.79
2025-01-18 11:00:00,556.78,2.66,18.67,27.87
2025-01-18 12:00:00,613.53,2.24,19.88,1.58
2025-01-18 13:00:00,553.22,2.13,20.75,4.02
2025-01-18 14:00:00,431.02,1.93,21.1,4.02
2025-01-18 15:00:00,266.58,1.7,20.7,3.8
2025-01-18 16:00:00,103.28,1.48,18.2,3.57
2025-01-18 17:00:00,5.82,2.11,15.61,3.35
2025-01-18 18:00:00,0.0,2.62,13.99,3.13
2025-01-18 19:00:00,0.0,2.93,12.87,2.9
2025-01-18 20:00:00,0.0,3.09,12.13,2.68
2025-01-18 21:00:00,0.0,3.17,11.55,2.45
2025-01-18 22:00:00,0.0,3.19,11.06,2.23
2025-01-18 23:00:00,0.0,3.11,10.63,2.01
2025-01-19 00:00:00,0.0,2.96,10.34,1.78
2025-01-19 01:00:00,0.0,2.81,10.1,1.56
2025-01-19 02:00:00,0.0,2.72,9.79,13.2
2025-01-19 03:00:00,0.0,2.72,9.37,24.86
2025-01-19 04:00:00,0.0,2.68,9.18,23.46
2025-01-19 05:00:00,0.0,2.6,9.24,23.24
2025-01-19 06:00:00,0.0,2.63,8.96,20.01
2025-01-19 07:00:00,59.85,2.77,11.05,16.54
2025-01-19 08:00:00,209.15,3.41,13.84,13.79
2025-01-19 09:00:00,376.55,2.8,16.84,10.64
2025-01-19 10:00:00,512.67,3.64,20.7,7.36
2025-01-19 11:00:00,603.47,4.75,24.2,3.68
2025-01-19 12:00:00,614.15,4.68,25.77,0.41
2025-01-19 13:00:00,553.88,4.19,26.19,3.52
2025-01-19 14:00:00,431.88,3.64,26.05,4.52
2025-01-19 15:00:00,270.15,2.74,25.16,3.72
2025-01-19 16:00:00,104.4,1.76,22.4,2.91
2025-01-19 17:00:00,6.12,1.65,20.66,2.11
2025-01-19 18:00:00,0.0,1.82,19.44,1.31
2025-01-19 19:00:00,0.0,2.17,18.17,0.5
2025-01-19 20:00:00,0.0,2.54,16.68,0.5
2025-01-19 21:00:00,0.0,2.83,15.38,0.5
2025-01-19 22:00:00,0.0,3.04,14.31,0.5
2025-01-19 23:00:00,0.0,3.15,13.5,0.5
2025-01-20 00:00:00,0.0,3.14,12.84,12.38
2025-01-20 01:00:00,0.0,3.1,12.3,26.08
2025-01-20 02:00:00,0.0,2.94,11.85,39.8
2025-01-20 03:00:00,0.0,2.71,11.69,1.01
2025-01-20 04:00:00,0.0,2.61,11.24,2.51
2025-01-20 05:00:00,0.0,2.56,10.76,6.51
2025-01-20 06:00:00,0.0,2.41,10.59,11.54
2025-01-20 07:00:00,63.55,1.78,12.46,9.93
2025-01-20 08:00:00,223.73,1.81,15.48,8.75
2025-01-20 09:00:00,391.9,1.16,18.22,3.64
2025-01-20 10:00:00,535.6,1.58,22.82,1.01
2025-01-20 11:00:00,616.2,3.45,25.12,0.72
2025-01-20 12:00:00,632.12,3.98,25.94,0.44
2025-01-20 13:00:00,573.85,4.09,26.18,1.09
2025-01-20 14:00:00,450.38,3.98,25.82,2.51
2025-01-20 15:00:00,283.65,3.26,24.65,2.31
2025-01-20 16:00:00,114.53,2.32,20.98,2.11
2025-01-20 17:00:00,6.95,2.66,17.96,1.91
2025-01-20 18:00:00,0.0,2.8,16.61,1.71
2025-01-20 19:00:00,0.0,2.87,15.52,1.51
2025-01-20 20:00:00,0.0,2.85,14.66,1.31
2025-01-20 21:00:00,0.0,2.78,13.96,1.11
2025-01-20 22:00:00,0.0,2.8,13.26,0.9
2025-01-20 23:00:00,0.0,2.88,12.55,0.7
2025-01-21 00:00:00,0.0,2.91,11.96,0.5
2025-01-21 01:00:00,0.0,2.97,11.43,0.5
2025-01-21 02:00:00,0.0,3.04,10.94,11.61
2025-01-21 03:00:00,0.0,3.08,10.53,6.0
2025-01-21 04:00:00,0.0,3.01,10.18,5.5
2025-01-21 05:00:00,0.0,2.93,9.89,7.52
2025-01-21 06:00:00,0.0,2.81,9.75,7.02
2025-01-21 07:00:00,69.88,2.3,11.72,7.64
2025-01-21 08:00:00,233.45,2.76,15.45,4.86
2025-01-21 09:00:00,414.9,2.08,18.29,3.77
2025-01-21 10:00:00,563.53,0.98,22.5,2.68
2025-01-21 11:00:00,594.25,0.98,24.54,1.59
2025-01-21 12:00:00,609.72,1.8,25.49,0.5
2025-01-21 13:00:00,561.0,2.15,25.77,0.0
2025-01-21 14:00:00,436.62,2.28,25.41,2.51
2025-01-21 15:00:00,278.95,2.09,24.45,2.3
2025-01-21 16:00:00,112.57,1.33,21.9,2.08
2025-01-21 17:00:00,7.12,1.53,19.4,1.86
2025-01-21 18:00:00,0.0,2.03,17.79,1.64
2025-01-21 19:00:00,0.0,2.51,15.98,1.43
2025-01-21 20:00:00,0.0,2.85,14.49,1.21
2025-01-21 21:00:00,0.0,3.02,13.47,0.99
2025-01-21 22:00:00,0.0,3.09,12.68,0.78
2025-01-21 23:00:00,0.0,3.13,12.03,0.56
2025-01-22 00:00:00,0.0,3.14,11.49,0.34
2025-01-22 01:00:00,0.0,3.16,11.08,0.13
2025-01-22 02:00:00,0.0,3.12,10.71,0.5
2025-01-22 03:00:00,0.0,3.05,10.39,2.01
2025-01-22 04:00:00,0.0,2.96,10.14,15.06
2025-01-22 05:00:00,0.0,2.83,10.0,11.54
2025-01-22 06:00:00,0.0,2.7,9.99,9.99
2025-01-22 07:00:00,70.28,2.36,12.21,10.74
2025-01-22 08:00:00,238.43,3.14,15.27,11.84
2025-01-22 09:00:00,417.1,3.34,18.48,10.22
2025-01-22 10:00:00,558.33,4.32,21.78,4.02
2025-01-22 11:00:00,572.67,4.15,23.22,3.78
2025-01-22 12:00:00,591.33,4.05,24.1,3.54
2025-01-22 13:00:00,544.5,3.83,24.43,3.38
2025-01-22 14:00:00,427.33,3.48,24.1,12.64
2025-01-22 15:00:00,265.15,2.65,23.26,14.56
2025-01-22 16:00:00,105.5,1.24,21.28,12.97
2025-01-22 17:00:00,7.18,1.05,19.76,17.24
2025-01-22 18:00:00,0.0,1.4,18.66,19.87
2025-01-22 19:00:00,0.0,1.75,17.58,25.33
2025-01-22 20:00:00,0.0,1.79,16.83,26.89
2025-01-22 21:00:00,0.0,1.75,16.17,21.77
2025-01-22 22:00:00,0.0,1.85,15.31,25.79
2025-01-22 23:00:00,0.0,2.1,14.31,25.28
2025-01-23 00:00:00,0.0,2.34,13.36,19.76
2025-01-23 01:00:00,0.0,2.57,12.51,25.12
2025-01-23 02:00:00,0.0,2.76,11.86,17.78
2025-01-23 03:00:00,0.0,2.89,11.36,16.81
2025-01-23 04:00:00,0.0,2.99,10.93,11.87
2025-01-23 05:00:00,0.0,3.07,10.52,5.45
2025-01-23 06:00:00,0.0,3.05,10.19,3.52
2025-01-23 07:00:00,74.78,3.36,12.32,5.86
2025-01-23 08:00:00,243.55,3.57,14.98,12.01
2025-01-23 09:00:00,418.17,3.24,18.7,14.59
2025-01-23 10:00:00,565.38,2.95,21.55,17.24
2025-01-23 11:00:00,584.25,2.7,22.98,15.91
2025-01-23 12:00:00,600.95,2.66,23.69,9.06
2025-01-23 13:00:00,551.55,2.91,23.92,11.35
2025-01-23 14:00:00,436.8,3.22,23.72,1.51
2025-01-23 15:00:00,278.85,3.57,22.88,1.57
2025-01-23 16:00:00,124.43,2.63,20.15,1.63
2025-01-23 17:00:00,8.48,3.25,16.27,1.69
2025-01-23 18:00:00,0.0,3.64,14.76,1.76
2025-01-23 19:00:00,0.0,3.92,13.74,1.82
2025-01-23 20:00:00,0.0,4.03,12.84,1.88
2025-01-23 21:00:00,0.0,3.96,12.03,1.94
2025-01-23 22:00:00,0.0,3.79,11.34,2.01
2025-01-23 23:00:00,0.0,3.66,10.79,2.07
2025-01-24 00:00:00,0.0,3.58,10.31,2.13
2025-01-24 01:00:00,0.0,3.54,9.82,2.19
2025-01-24 02:00:00,0.0,3.51,9.31,2.02
2025-01-24 03:00:00,0.0,3.47,8.81,1.86
2025-01-24 04:00:00,0.0,3.43,8.34,1.69
2025-01-24 05:00:00,0.0,3.37,7.94,1.52
2025-01-24 06:00:00,0.0,3.27,7.7,1.35
2025-01-24 07:00:00,99.9,2.77,10.65,1.18
2025-01-24 08:00:00,309.08,3.49,14.63,1.01
2025-01-24 09:00:00,507.08,3.0,18.32,0.84
2025-01-24 10:00:00,657.22,3.24,21.38,0.67
2025-01-24 11:00:00,744.5,3.21,22.51,0.5
2025-01-24 12:00:00,757.62,3.35,23.22,0.0
2025-01-24 13:00:00,697.4,3.66,23.53,0.5
2025-01-24 14:00:00,568.1,3.96,23.3,2.01
2025-01-24 15:00:00,385.33,4.05,22.4,2.08
2025-01-24 16:00:00,171.3,2.71,19.26,2.15
2025-01-24 17:00:00,12.4,3.23,14.82,2.22
2025-01-24 18:00:00,0.0,3.4,13.37,2.29
2025-01-24 19:00:00,0.0,3.36,12.32,2.36
2025-01-24 20:00:00,0.0,3.23,11.47,2.42
2025-01-24 21:00:00,0.0,3.05,10.86,2.49
2025-01-24 22:00:00,0.0,2.83,10.48,2.56
2025-01-24 23:00:00,0.0,2.63,10.31,2.63
2025-01-25 00:00:00,0.0,2.47,10.17,2.7
2025-01-25 01:00:00,0.0,2.43,9.81,2.77
2025-01-25 02:00:00,0.0,2.56,9.16,2.01
2025-01-25 03:00:00,0.0,2.71,8.44,1.26
2025-01-25 04:00:00,0.0,2.86,7.75,0.5
2025-01-25 05:00:00,0.0,3.06,7.06,0.5
2025-01-25 06:00:00,0.0,3.22,6.54,0.5
2025-01-25 07:00:00,111.95,2.85,9.37,0.42
2025-01-25 08:00:00,328.67,3.66,13.78,0.34
2025-01-25 09:00:00,527.88,2.81,16.96,0.25
2025-01-25 10:00:00,677.6,3.38,21.1,0.17
2025-01-25 11:00:00,765.92,3.43,22.78,0.08
2025-01-25 12:00:00,778.85,3.47,23.71,0.0
2025-01-25 13:00:00,719.47,3.5,24.09,0.0
2025-01-25 14:00:00,590.75,3.45,23.88,0.3
2025-01-25 15:00:00,405.65,3.06,22.88,0.6
2025-01-25 16:00:00,185.02,2.1,19.29,0.9
2025-01-25 17:00:00,14.18,2.4,16.01,1.21
2025-01-25 18:00:00,0.0,2.47,14.69,1.51
2025-01-25 19:00:00,0.0,2.56,13.48,1.34
2025-01-25 20:00:00,0.0,2.65,12.35,1.17
2025-01-25 21:00:00,0.0,2.74,11.37,1.01
2025-01-25 22:00:00,0.0,2.87,10.42,0.84
2025-01-25 23:00:00,0.0,3.03,9.55,0.67
2025-01-26 00:00:00,0.0,3.07,8.98,0.5
2025-01-26 01:00:00,0.0,2.89,8.9,1.01
2025-01-26 02:00:00,0.0,2.67,9.02,1.38
2025-01-26 03:00:00,0.0,2.57,8.93,1.19
2025-01-26 04:00:00,0.0,2.47,8.83,1.01
2025-01-26 05:00:00,0.0,2.29,8.93,1.01
2025-01-26 06:00:00,0.0,2.15,8.97,1.01
2025-01-26 07:00:00,117.65,1.97,10.59,0.86
2025-01-26 08:00:00,337.7,2.12,14.59,0.72
2025-01-26 09:00:00,538.38,1.65,17.45,0.57
2025-01-26 10:00:00,688.65,1.85,21.74,0.43
2025-01-26 11:00:00,769.3,2.24,23.73,0.29
2025-01-26 12:00:00,783.0,2.39,24.63,0.14
2025-01-26 13:00:00,723.05,2.45,25.01,0.0
2025-01-26 14:00:00,594.38,2.46,24.85,0.14
2025-01-26 15:00:00,408.92,2.26,23.97,0.29
2025-01-26 16:00:00,187.35,1.8,20.66,0.43
2025-01-26 17:00:00,14.88,2.2,17.59,0.57
2025-01-26 18:00:00,0.0,2.54,15.72,0.72
2025-01-26 19:00:00,0.0,2.83,14.05,0.86
2025-01-26 20:00:00,0.0,2.94,12.77,1.01
2025-01-26 21:00:00,0.0,2.94,11.8,1.16
2025-01-26 22:00:00,0.0,2.92,11.04,1.32
2025-01-26 23:00:00,0.0,2.92,10.35,1.48
2025-01-27 00:00:00,0.0,2.93,9.79,1.63
2025-01-27 01:00:00,0.0,2.85,9.51,1.79
2025-01-27 02:00:00,0.0,2.67,9.56,1.95
2025-01-27 03:00:00,0.0,2.33,9.96,2.01
2025-01-27 04:00:00,0.0,1.93,10.79,1.51
2025-01-27 05:00:00,0.0,1.48,11.11,1.01
2025-01-27 06:00:00,0.0,1.05,11.3,0.88
2025-01-27 07:00:00,118.0,0.65,13.01,0.75
2025-01-27 08:00:00,337.1,0.49,15.24,0.63
2025-01-27 09:00:00,537.72,0.58,17.17,0.5
2025-01-27 10:00:00,688.4,0.93,21.71,0.38
2025-01-27 11:00:00,771.5,1.48,24.12,0.25
2025-01-27 12:00:00,785.7,1.77,25.06,0.13
2025-01-27 13:00:00,726.08,1.96,25.48,0.0
2025-01-27 14:00:00,597.65,2.13,25.35,0.1
2025-01-27 15:00:00,412.48,2.03,24.54,0.2
2025-01-27 16:00:00,191.35,1.69,21.39,0.3
2025-01-27 17:00:00,15.95,2.03,18.55,0.4
2025-01-27 18:00:00,0.0,2.33,16.85,0.5
2025-01-27 19:00:00,0.0,2.64,15.14,0.5
2025-01-27 20:00:00,0.0,2.81,13.72,0.5
2025-01-27 21:00:00,0.0,2.76,12.8,0.5
2025-01-27 22:00:00,0.0,2.59,12.28,0.5
2025-01-27 23:00:00,0.0,2.35,11.96,0.5
2025-01-28 00:00:00,0.0,2.1,11.72,0.5
2025-01-28 01:00:00,0.0,1.87,11.52,1.71
2025-01-28 02:00:00,0.0,1.6,11.58,1.86
2025-01-28 03:00:00,0.0,1.24,11.35,2.01
2025-01-28 04:00:00,0.0,0.84,11.8,2.51
2025-01-28 05:00:00,0.0,0.36,12.13,1.51
2025-01-28 06:00:00,0.0,0.31,11.9,1.29
2025-01-28 07:00:00,116.55,0.83,12.48,1.08
2025-01-28 08:00:00,332.23,1.33,14.96,0.86
2025-01-28 09:00:00,530.7,1.39,17.72,0.65
2025-01-28 10:00:00,679.38,1.82,22.45,0.43
2025-01-28 11:00:00,762.75,1.78,24.75,0.22
2025-01-28 12:00:00,776.3,1.59,25.91,0.0
2025-01-28 13:00:00,717.58,1.31,26.43,0.0
2025-01-28 14:00:00,566.03,1.1,26.34,13.23
2025-01-28 15:00:00,378.17,0.84,25.54,23.96
2025-01-28 16:00:00,170.0,1.11,22.96,35.41
2025-01-28 17:00:00,13.68,2.08,19.14,55.59
2025-01-28 18:00:00,0.0,2.78,16.72,69.85
2025-01-28 19:00:00,0.0,3.22,15.13,30.64
2025-01-28 20:00:00,0.0,3.49,14.01,3.03
2025-01-28 21:00:00,0.0,3.59,13.06,5.49
2025-01-28 22:00:00,0.0,3.62,12.17,22.52
2025-01-28 23:00:00,0.0,3.59,11.48,31.89
2025-01-29 00:00:00,0.0,3.46,10.91,34.94
2025-01-29 01:00:00,0.0,3.23,10.48,33.29
2025-01-29 02:00:00,0.0,2.89,10.69,53.12
2025-01-29 03:00:00,0.0,2.73,10.38,43.58
2025-01-29 04:00:00,0.0,2.75,9.62,28.06
2025-01-29 05:00:00,0.0,2.87,8.98,18.57
2025-01-29 06:00:00,0.0,3.0,8.53,3.52
2025-01-29 07:00:00,106.0,3.0,11.51,2.93
2025-01-29 08:00:00,311.73,3.81,14.85,2.35
2025-01-29 09:00:00,507.85,3.78,18.47,1.76
2025-01-29 10:00:00,656.85,4.25,22.04,1.18
2025-01-29 11:00:00,740.67,4.11,25.2,0.59
2025-01-29 12:00:00,757.5,3.86,26.98,0.01
2025-01-29 13:00:00,700.8,3.51,27.53,1.29
2025-01-29 14:00:00,575.38,2.97,27.4,2.57
2025-01-29 15:00:00,394.15,2.1,26.61,3.85
2025-01-29 16:00:00,181.27,1.56,23.5,5.0
2025-01-29 17:00:00,15.7,2.41,19.65,6.35
2025-01-29 18:00:00,0.0,2.94,17.47,7.69
2025-01-29 19:00:00,0.0,3.17,16.11,9.19
2025-01-29 20:00:00,0.0,3.06,15.21,6.29
2025-01-29 21:00:00,0.0,2.87,14.28,3.4
2025-01-29 22:00:00,0.0,2.9,12.98,0.5
2025-01-29 23:00:00,0.0,2.94,11.73,2.34
2025-01-30 00:00:00,0.0,2.91,10.67,4.18
2025-01-30 01:00:00,0.0,2.78,9.82,6.02
2025-01-30 02:00:00,0.0,2.64,9.26,3.02
2025-01-30 03:00:00,0.0,2.54,8.93,1.76
2025-01-30 04:00:00,0.0,2.47,8.7,0.5
2025-01-30 05:00:00,0.0,2.4,8.55,1.02
2025-01-30 06:00:00,0.0,2.29,8.53,6.6
2025-01-30 07:00:00,105.1,2.07,11.05,5.12
2025-01-30 08:00:00,311.1,2.37,14.24,4.4
2025-01-30 09:00:00,509.05,1.99,17.66,3.3
2025-01-30 10:00:00,659.8,2.87,22.36,2.2
2025-01-30 11:00:00,756.05,3.78,26.07,1.1
2025-01-30 12:00:00,773.3,4.07,27.13,0.0
2025-01-30 13:00:00,714.55,4.41,27.33,0.72
2025-01-30 14:00:00,586.5,4.6,26.96,1.45
2025-01-30 15:00:00,402.5,4.29,25.88,2.17
2025-01-30 16:00:00,186.12,2.66,21.99,2.89
2025-01-30 17:00:00,16.73,3.0,17.78,3.62
2025-01-30 18:00:00,0.0,2.97,16.59,4.34
2025-01-30 19:00:00,0.0,2.92,15.66,5.05
2025-01-30 20:00:00,0.0,3.02,14.51,5.77
2025-01-30 21:00:00,0.0,3.22,13.26,6.5
2025-01-30 22:00:00,0.0,3.42,12.22,7.22
2025-01-30 23:00:00,0.0,3.54,11.44,7.95
2025-01-31 00:00:00,0.0,3.51,10.84,8.68
2025-01-31 01:00:00,0.0,3.4,10.4,6.77
2025-01-31 02:00:00,0.0,3.18,10.24,4.87
2025-01-31 03:00:00,0.0,2.86,10.46,2.69
2025-01-31 04:00:00,0.0,2.38,11.14,0.5
2025-01-31 05:00:00,0.0,1.76,12.05,0.51
2025-01-31 06:00:00,0.0,1.31,12.52,0.5
2025-01-31 07:00:00,104.97,1.26,13.46,0.5
2025-01-31 08:00:00,307.1,1.79,16.14,0.5
2025-01-31 09:00:00,502.67,1.86,19.12,0.5
2025-01-31 10:00:00,649.95,2.79,23.56,0.5
2025-01-31 11:00:00,748.9,3.58,25.23,0.5
2025-01-31 12:00:00,762.55,3.72,25.86,0.5
2025-01-31 13:00:00,704.4,3.61,25.99,0.0
2025-01-31 14:00:00,577.3,3.35,25.65,0.01
2025-01-31 15:00:00,393.62,2.85,24.81,0.02
2025-01-31 16:00:00,180.57,1.58,22.15,0.03
2025-01-31 17:00:00,16.4,1.42,20.04,0.04
2025-01-31 18:00:00,0.0,1.51,18.76,0.06
2025-01-31 19:00:00,0.0,1.68,17.53,0.07
2025-01-31 20:00:00,0.0,1.57,16.97,0.08
2025-01-31 21:00:00,0.0,1.17,16.59,0.09
2025-01-31 22:00:00,0.0,0.89,15.93,0.1
2025-01-31 23:00:00,0.0,0.97,14.95,0.11
2025-02-01 00:00:00,0.0,1.28,14.01,0.12
2025-02-01 01:00:00,0.0,1.56,12.98,0.13
2025-02-01 02:00:00,0.0,1.86,11.95,0.14
2025-02-01 03:00:00,0.0,2.15,10.99,0.14
2025-02-01 04:00:00,0.0,2.38,10.11,0.14
2025-02-01 05:00:00,0.0,2.54,9.59,1.01
2025-02-01 06:00:00,0.0,2.63,9.27,1.01
2025-02-01 07:00:00,103.15,2.41,11.8,1.01
2025-02-01 08:00:00,304.08,2.69,15.32,1.01
2025-02-01 09:00:00,500.1,1.59,19.22,1.01
2025-02-01 10:00:00,650.58,0.88,23.27,1.34
2025-02-01 11:00:00,722.17,1.6,24.59,1.68
2025-02-01 12:00:00,743.15,2.13,25.22,2.01
2025-02-01 13:00:00,691.45,2.66,25.38,0.24
2025-02-01 14:00:00,537.4,2.71,24.89,19.32
2025-02-01 15:00:00,369.75,2.24,23.94,15.31
2025-02-01 16:00:00,173.85,1.42,21.3,9.34
2025-02-01 17:00:00,16.65,1.63,19.06,5.23
2025-02-01 18:00:00,0.0,2.09,17.48,0.5
2025-02-01 19:00:00,0.0,2.6,15.91,1.51
2025-02-01 20:00:00,0.0,2.97,14.58,1.01
2025-02-01 21:00:00,0.0,3.19,13.48,0.5
2025-02-01 22:00:00,0.0,3.34,12.59,0.5
2025-02-01 23:00:00,0.0,3.43,11.85,0.5
2025-02-02 00:00:00,0.0,3.49,11.25,0.5
2025-02-02 01:00:00,0.0,3.46,10.72,0.0
2025-02-02 02:00:00,0.0,3.39,10.24,1.76
2025-02-02 03:00:00,0.0,3.33,9.79,3.52
2025-02-02 04:00:00,0.0,3.3,9.38,10.52
2025-02-02 05:00:00,0.0,3.26,8.99,22.57
2025-02-02 06:00:00,0.0,3.18,8.76,21.07
2025-02-02 07:00:00,103.18,3.09,11.67,17.77
2025-02-02 08:00:00,303.23,3.43,14.78,14.66
2025-02-02 09:00:00,511.33,2.59,18.84,10.51
2025-02-02 10:00:00,666.97,1.91,22.74,6.45
2025-02-02 11:00:00,708.17,1.18,24.07,4.36
2025-02-02 12:00:00,729.03,0.74,24.76,3.02
2025-02-02 13:00:00,671.75,0.59,25.05,2.17
2025-02-02 14:00:00,550.5,0.92,24.85,3.02
2025-02-02 15:00:00,373.02,1.26,24.11,2.77
2025-02-02 16:00:00,171.12,1.17,21.91,2.52
2025-02-02 17:00:00,16.52,1.72,19.03,2.27
2025-02-02 18:00:00,0.0,2.26,17.33,2.03
2025-02-02 19:00:00,0.0,2.73,15.65,1.78
2025-02-02 20:00:00,0.0,2.99,14.22,1.53
2025-02-02 21:00:00,0.0,3.11,13.1,1.29
2025-02-02 22:00:00,0.0,3.18,12.19,1.04
2025-02-02 23:00:00,0.0,3.17,11.45,0.79
2025-02-03 00:00:00,0.0,3.14,10.86,0.55
2025-02-03 01:00:00,0.0,3.11,10.35,0.3
2025-02-03 02:00:00,0.0,3.09,9.95,0.35
2025-02-03 03:00:00,0.0,3.03,9.63,0.4
2025-02-03 04:00:00,0.0,2.95,9.41,0.45
2025-02-03 05:00:00,0.0,2.88,9.27,0.5
2025-02-03 06:00:00,0.0,2.8,9.29,1.65
2025-02-03 07:00:00,103.6,2.44,12.22,2.8
2025-02-03 08:00:00,298.02,3.3,15.87,3.95
2025-02-03 09:00:00,489.58,3.58,19.92,5.54
2025-02-03 10:00:00,634.8,4.21,23.14,6.65
2025-02-03 11:00:00,695.53,4.17,24.81,7.75
2025-02-03 12:00:00,711.2,4.21,25.9,8.79
2025-02-03 13:00:00,664.67,4.28,26.49,4.71
2025-02-03 14:00:00,513.75,3.93,26.45,18.1
2025-02-03 15:00:00,335.08,3.11,25.73,33.19
2025-02-03 16:00:00,150.23,1.6,23.07,49.04
2025-02-03 17:00:00,15.52,2.36,19.55,72.15
2025-02-03 18:00:00,0.0,2.99,18.01,90.43
2025-02-03 19:00:00,0.0,3.18,17.36,87.89
2025-02-03 20:00:00,0.0,3.15,16.79,95.17
2025-02-03 21:00:00,0.0,3.08,16.16,97.97
2025-02-03 22:00:00,0.0,3.0,15.61,82.11
2025-02-03 23:00:00,0.0,2.88,15.25,84.88
2025-02-04 00:00:00,0.0,2.82,14.99,55.79
2025-02-04 01:00:00,0.0,2.63,14.59,58.32
2025-02-04 02:00:00,0.0,2.29,14.26,99.88
2025-02-04 03:00:00,0.0,1.89,13.98,83.34
2025-02-04 04:00:00,0.0,1.61,13.79,80.18
2025-02-04 05:00:00,0.0,1.57,13.58,92.59
2025-02-04 06:00:00,0.0,1.65,13.34,76.27
2025-02-04 07:00:00,65.38,2.08,14.41,82.36
2025-02-04 08:00:00,174.18,2.24,15.51,85.9
2025-02-04 09:00:00,284.6,1.86,17.67,89.74
2025-02-04 10:00:00,420.48,1.47,20.67,91.21
2025-02-04 11:00:00,403.6,2.77,23.55,89.3
2025-02-04 12:00:00,435.42,3.71,24.69,87.34
2025-02-04 13:00:00,440.23,4.33,24.88,75.73
2025-02-04 14:00:00,401.98,4.42,24.51,64.16
2025-02-04 15:00:00,259.48,4.1,23.8,49.52
2025-02-04 16:00:00,130.85,2.96,21.42,34.0
2025-02-04 17:00:00,15.25,2.93,17.7,17.28
2025-02-04 18:00:00,0.0,2.98,16.33,1.02
2025-02-04 19:00:00,0.0,3.12,15.2,1.49
2025-02-04 20:00:00,0.0,3.26,14.19,1.96
2025-02-04 21:00:00,0.0,3.45,13.17,2.43
2025-02-04 22:00:00,0.0,3.73,12.29,2.9
2025-02-04 23:00:00,0.0,4.05,11.55,3.37
2025-02-05 00:00:00,0.0,4.42,10.85,3.84
2025-02-05 01:00:00,0.0,4.53,10.16,5.16
2025-02-05 02:00:00,0.0,4.29,9.47,6.46
2025-02-05 03:00:00,0.0,4.12,8.91,5.09
2025-02-05 04:00:00,0.0,4.08,8.46,3.73
2025-02-05 05:00:00,0.0,4.03,8.05,2.37
2025-02-05 06:00:00,0.0,3.98,7.88,1.01
2025-02-05 07:00:00,120.28,4.8,11.18,0.9
2025-02-05 08:00:00,331.05,4.45,14.57,0.8
2025-02-05 09:00:00,535.25,4.46,18.69,0.7
2025-02-05 10:00:00,691.15,4.99,21.04,0.6
2025-02-05 11:00:00,780.85,4.75,22.28,0.5
2025-02-05 12:00:00,798.2,4.56,23.1,0.0
2025-02-05 13:00:00,740.97,4.4,23.48,0.0
2025-02-05 14:00:00,613.05,4.14,23.28,0.42
2025-02-05 15:00:00,427.92,3.67,22.41,0.85
2025-02-05 16:00:00,208.48,2.14,19.76,1.27
2025-02-05 17:00:00,23.08,2.23,16.38,1.7
2025-02-05 18:00:00,0.0,2.19,15.46,2.12
2025-02-05 19:00:00,0.0,2.23,14.66,2.55
2025-02-05 20:00:00,0.0,2.41,13.63,2.97
2025-02-05 21:00:00,0.0,2.64,12.48,3.39
2025-02-05 22:00:00,0.0,2.9,11.32,3.82
2025-02-05 23:00:00,0.0,3.06,10.4,4.24
2025-02-06 00:00:00,0.0,3.13,9.73,4.67
2025-02-06 01:00:00,0.0,3.16,9.18,5.09
2025-02-06 02:00:00,0.0,3.18,8.73,5.51
2025-02-06 03:00:00,0.0,3.15,8.35,4.51
2025-02-06 04:00:00,0.0,3.08,8.04,3.51
2025-02-06 05:00:00,0.0,2.95,7.86,2.51
2025-02-06 06:00:00,0.0,2.72,8.03,1.51
2025-02-06 07:00:00,129.68,2.08,11.11,1.29
2025-02-06 08:00:00,344.08,2.16,14.96,1.08
2025-02-06 09:00:00,548.03,1.77,18.78,0.86
2025-02-06 10:00:00,702.55,2.0,21.89,0.65
2025-02-06 11:00:00,791.78,2.32,23.25,0.43
2025-02-06 12:00:00,808.1,2.64,24.03,0.22
2025-02-06 13:00:00,749.67,3.0,24.34,0.0
2025-02-06 14:00:00,619.03,3.47,24.09,3.7
2025-02-06 15:00:00,431.58,3.49,23.2,7.42
2025-02-06 16:00:00,210.3,2.26,20.18,10.87
2025-02-06 17:00:00,24.08,2.97,15.4,14.69
2025-02-06 18:00:00,0.0,3.4,13.42,18.49
2025-02-06 19:00:00,0.0,3.56,12.17,22.18
2025-02-06 20:00:00,0.0,3.64,11.19,25.98
2025-02-06 21:00:00,0.0,3.68,10.44,12.45
2025-02-06 22:00:00,0.0,3.7,9.76,49.54
2025-02-06 23:00:00,0.0,3.74,9.22,3.52
2025-02-07 00:00:00,0.0,3.78,8.77,1.01
2025-02-07 01:00:00,0.0,3.79,8.31,15.58
2025-02-07 02:00:00,0.0,3.77,7.84,14.6
2025-02-07 03:00:00,0.0,3.72,7.34,13.68
2025-02-07 04:00:00,0.0,3.65,6.89,3.02
2025-02-07 05:00:00,0.0,3.55,6.48,2.51
2025-02-07 06:00:00,0.0,3.35,6.4,2.01
2025-02-07 07:00:00,129.45,2.69,10.2,1.71
2025-02-07 08:00:00,341.4,2.91,14.32,1.41
2025-02-07 09:00:00,544.83,2.31,18.22,1.11
2025-02-07 10:00:00,699.4,3.28,21.85,0.81
2025-02-07 11:00:00,795.2,3.58,23.31,0.51
2025-02-07 12:00:00,810.97,4.07,24.15,0.26
2025-02-07 13:00:00,753.65,4.53,24.42,0.01
2025-02-07 14:00:00,620.95,4.7,24.2,4.92
2025-02-07 15:00:00,430.38,4.58,23.34,15.09
2025-02-07 16:00:00,209.8,2.91,20.27,25.72
2025-02-07 17:00:00,24.1,3.29,15.22,35.64
2025-02-07 18:00:00,0.0,3.46,13.57,45.78
2025-02-07 19:00:00,0.0,3.44,12.68,6.01
2025-02-07 20:00:00,0.0,3.36,12.23,24.17
2025-02-07 21:00:00,0.0,3.19,12.27,41.56
2025-02-07 22:00:00,0.0,3.14,11.9,90.13
2025-02-07 23:00:00,0.0,3.12,11.47,81.88
2025-02-08 00:00:00,0.0,3.26,10.27,54.92
2025-02-08 01:00:00,0.0,3.27,9.62,27.8
2025-02-08 02:00:00,0.0,3.26,9.15,72.5
2025-02-08 03:00:00,0.0,3.26,8.84,50.13
2025-02-08 04:00:00,0.0,3.2,8.61,46.73
2025-02-08 05:00:00,0.0,3.03,8.66,52.83
2025-02-08 06:00:00,0.0,2.89,8.83,71.61
2025-02-08 07:00:00,116.68,2.39,12.13,49.41
2025-02-08 08:00:00,311.67,2.88,16.47,33.79
2025-02-08 09:00:00,511.02,2.34,20.17,18.26
2025-02-08 10:00:00,678.65,2.49,24.08,1.61
2025-02-08 11:00:00,744.33,2.11,25.8,24.3
2025-02-08 12:00:00,764.88,1.69,26.14,63.18
2025-02-08 13:00:00,704.5,1.75,26.26,40.63
2025-02-08 14:00:00,572.72,1.95,26.31,39.21
2025-02-08 15:00:00,399.95,2.05,25.77,37.66
2025-02-08 16:00:00,198.77,1.61,22.83,35.49
2025-02-08 17:00:00,25.3,2.19,19.39,34.15
2025-02-08 18:00:00,0.0,2.52,17.5,30.92
2025-02-08 19:00:00,0.0,2.74,15.94,26.66
2025-02-08 20:00:00,0.0,2.83,14.84,17.03
2025-02-08 21:00:00,0.0,2.82,14.12,9.58
2025-02-08 22:00:00,0.0,2.84,13.38,5.53
2025-02-08 23:00:00,0.0,2.85,12.74,1.51
2025-02-09 00:00:00,0.0,2.81,12.3,28.01
2025-02-09 01:00:00,0.0,2.74,11.98,37.43
2025-02-09 02:00:00,0.0,2.63,11.75,35.71
2025-02-09 03:00:00,0.0,2.46,11.65,30.04
2025-02-09 04:00:00,0.0,2.24,11.59,15.32
2025-02-09 05:00:00,0.0,2.07,11.69,0.5
2025-02-09 06:00:00,0.0,1.94,11.75,12.09
2025-02-09 07:00:00,138.3,1.66,13.85,9.47
2025-02-09 08:00:00,350.23,2.07,17.12,6.63
2025-02-09 09:00:00,553.2,2.23,20.99,3.41
2025-02-09 10:00:00,707.22,2.7,24.71,0.5
2025-02-09 11:00:00,788.3,2.88,26.33,7.67
2025-02-09 12:00:00,797.35,3.04,27.24,9.04
2025-02-09 13:00:00,700.12,3.02,27.6,30.1
2025-02-09 14:00:00,531.62,2.79,27.39,50.85
2025-02-09 15:00:00,363.98,2.43,26.54,46.87
2025-02-09 16:00:00,187.57,1.54,23.73,41.84
2025-02-09 17:00:00,25.85,2.01,19.86,35.4
2025-02-09 18:00:00,0.0,2.48,17.85,29.11
2025-02-09 19:00:00,0.0,2.74,16.66,18.72
2025-02-09 20:00:00,0.0,2.67,16.08,27.72
2025-02-09 21:00:00,0.0,2.41,15.83,8.62
2025-02-09 22:00:00,0.0,2.2,15.77,4.52
2025-02-09 23:00:00,0.0,2.11,15.33,15.38
2025-02-10 00:00:00,0.0,1.96,14.85,24.89
2025-02-10 01:00:00,0.0,1.8,14.32,27.2
2025-02-10 02:00:00,0.0,1.95,13.27,1.51
2025-02-10 03:00:00,0.0,2.16,12.28,8.87
2025-02-10 04:00:00,0.0,2.26,11.5,70.3
2025-02-10 05:00:00,0.0,2.29,10.93,64.52
2025-02-10 06:00:00,3.53,2.26,10.72,67.67
2025-02-10 07:00:00,94.28,1.95,13.59,70.58
2025-02-10 08:00:00,263.45,2.04,16.99,73.01
2025-02-10 09:00:00,422.08,1.83,20.82,75.09
2025-02-10 10:00:00,555.0,2.16,25.4,89.7
2025-02-10 11:00:00,685.1,2.52,28.32,50.09
2025-02-10 12:00:00,760.17,2.65,29.28,62.33
2025-02-10 13:00:00,705.25,2.81,29.62,68.07
2025-02-10 14:00:00,546.72,2.93,29.35,53.53
2025-02-10 15:00:00,384.65,2.79,28.57,41.61
2025-02-10 16:00:00,194.98,1.79,25.7,29.67
2025-02-10 17:00:00,26.23,1.69,23.35,16.9
2025-02-10 18:00:00,0.0,1.48,22.33,4.02
2025-02-10 19:00:00,0.0,1.47,21.5,1.01
2025-02-10 20:00:00,0.0,1.52,20.81,1.51
2025-02-10 21:00:00,0.0,1.45,19.88,1.17
2025-02-10 22:00:00,0.0,1.34,18.81,0.84
2025-02-10 23:00:00,0.0,1.09,18.36,0.5
2025-02-11 00:00:00,0.0,0.64,18.36,7.31
2025-02-11 01:00:00,0.0,0.2,17.81,5.18
2025-02-11 02:00:00,0.0,0.28,17.08,32.26
2025-02-11 03:00:00,0.0,0.75,15.94,5.71
2025-02-11 04:00:00,0.0,1.18,15.09,2.01
2025-02-11 05:00:00,0.0,1.54,14.17,13.93
2025-02-11 06:00:00,4.07,1.88,13.34,12.39
2025-02-11 07:00:00,120.68,1.93,15.11,9.14
2025-02-11 08:00:00,332.4,2.21,18.22,8.64
2025-02-11 09:00:00,531.8,2.0,21.84,7.0
2025-02-11 10:00:00,684.38,2.56,26.03,5.29
2025-02-11 11:00:00,767.28,3.31,28.86,3.44
2025-02-11 12:00:00,786.97,3.71,29.82,1.72
2025-02-11 13:00:00,733.78,4.13,30.07,0.0
2025-02-11 14:00:00,607.72,4.28,29.66,1.18
2025-02-11 15:00:00,423.92,4.0,28.7,2.36
2025-02-11 16:00:00,209.55,2.41,25.53,3.54
2025-02-11 17:00:00,27.0,2.56,21.67,4.71
2025-02-11 18:00:00,0.0,2.51,20.57,5.89
2025-02-11 19:00:00,0.0,2.5,19.66,7.11
2025-02-11 20:00:00,0.0,2.6,18.55,6.15
2025-02-11 21:00:00,0.0,2.75,17.39,2.51
2025-02-11 22:00:00,0.0,2.81,16.43,2.01
2025-02-11 23:00:00,0.0,2.79,15.63,2.26
2025-02-12 00:00:00,0.0,2.68,14.79,2.51
2025-02-12 01:00:00,0.0,2.61,13.98,13.89
2025-02-12 02:00:00,0.0,2.73,13.16,17.83
2025-02-12 03:00:00,0.0,2.97,12.32,16.23
2025-02-12 04:00:00,0.0,3.2,11.64,14.6
2025-02-12 05:00:00,0.0,3.32,11.12,12.98
2025-02-12 06:00:00,4.32,3.35,10.99,11.39
2025-02-12 07:00:00,122.68,4.06,14.5,9.23
2025-02-12 08:00:00,338.48,3.93,17.7,8.05
2025-02-12 09:00:00,542.15,3.84,22.23,6.58
2025-02-12 10:00:00,698.67,4.68,25.69,4.87
2025-02-12 11:00:00,802.47,4.77,26.81,3.25
2025-02-12 12:00:00,820.45,5.01,27.35,1.62
2025-02-12 13:00:00,763.53,5.34,27.42,0.0
2025-02-12 14:00:00,633.55,5.47,27.05,0.73
2025-02-12 15:00:00,445.5,5.17,26.12,1.47
2025-02-12 16:00:00,223.05,3.48,23.71,2.2
2025-02-12 17:00:00,29.67,3.16,18.57,2.93
2025-02-12 18:00:00,0.0,3.38,16.74,3.67
2025-02-12 19:00:00,0.0,3.37,15.74,4.4
2025-02-12 20:00:00,0.0,3.32,14.84,5.13
2025-02-12 21:00:00,0.0,3.33,14.01,5.86
2025-02-12 22:00:00,0.0,3.38,13.28,6.6
2025-02-12 23:00:00,0.0,3.48,12.6,7.33
2025-02-13 00:00:00,0.0,3.58,12.02,8.06
2025-02-13 01:00:00,0.0,3.61,11.47,8.8
2025-02-13 02:00:00,0.0,3.62,10.95,8.0
2025-02-13 03:00:00,0.0,3.57,10.44,7.21
2025-02-13 04:00:00,0.0,3.52,9.94,6.41
2025-02-13 05:00:00,0.0,3.44,9.52,5.62
2025-02-13 06:00:00,4.72,3.25,9.48,4.82
2025-02-13 07:00:00,125.55,2.84,13.59,4.03
2025-02-13 08:00:00,339.77,2.7,17.4,3.23
2025-02-13 09:00:00,543.42,2.34,21.84,2.43
2025-02-13 10:00:00,699.62,2.87,25.31,1.64
2025-02-13 11:00:00,814.1,3.3,26.94,0.84
2025-02-13 12:00:00,829.7,3.99,27.84,0.05
2025-02-13 13:00:00,771.75,4.52,28.12,0.24
2025-02-13 14:00:00,642.3,4.85,27.71,0.7
2025-02-13 15:00:00,454.73,4.72,26.71,1.16
2025-02-13 16:00:00,230.52,2.85,24.1,1.62
2025-02-13 17:00:00,31.88,2.69,19.11,2.08
2025-02-13 18:00:00,0.0,3.02,17.07,2.54
2025-02-13 19:00:00,0.0,3.11,15.91,3.48
2025-02-13 20:00:00,0.0,2.91,15.23,4.43
2025-02-13 21:00:00,0.0,2.44,15.25,5.37
2025-02-13 22:00:00,0.0,1.94,15.55,6.31
2025-02-13 23:00:00,0.0,1.35,15.83,7.26
2025-02-14 00:00:00,0.0,0.65,16.16,8.2
2025-02-14 01:00:00,0.0,0.55,16.12,9.15
2025-02-14 02:00:00,0.0,1.31,14.69,8.68
2025-02-14 03:00:00,0.0,1.76,13.64,8.2
2025-02-14 04:00:00,0.0,2.01,12.72,7.73
2025-02-14 05:00:00,0.0,2.18,11.92,7.26
2025-02-14 06:00:00,4.93,2.24,11.49,6.78
2025-02-14 07:00:00,122.75,2.24,14.41,5.9
2025-02-14 08:00:00,330.92,2.53,17.78,5.87
2025-02-14 09:00:00,526.97,2.46,22.21,5.51
2025-02-14 10:00:00,677.78,3.44,26.91,4.89
2025-02-14 11:00:00,780.83,4.04,28.88,4.42
2025-02-14 12:00:00,797.83,4.37,29.8,3.94
2025-02-14 13:00:00,727.47,4.57,30.1,17.25
2025-02-14 14:00:00,614.3,4.62,29.78,6.95
2025-02-14 15:00:00,433.1,4.36,28.89,5.67
2025-02-14 16:00:00,219.23,2.64,26.22,4.22
2025-02-14 17:00:00,30.9,2.44,22.22,2.98
2025-02-14 18:00:00,0.0,2.16,21.53,1.74
2025-02-14 19:00:00,0.0,1.9,21.08,0.5
2025-02-14 20:00:00,0.0,1.65,20.53,1.86
2025-02-14 21:00:00,0.0,1.23,20.0,3.23
2025-02-14 22:00:00,0.0,0.83,20.0,4.59
2025-02-14 23:00:00,0.0,0.7,19.39,5.95
2025-02-15 00:00:00,0.0,0.92,18.55,7.31
2025-02-15 01:00:00,0.0,1.22,17.7,8.67
2025-02-15 02:00:00,0.0,1.44,16.69,5.34
2025-02-15 03:00:00,0.0,1.73,15.9,2.01
2025-02-15 04:00:00,0.0,2.05,15.2,28.58
2025-02-15 05:00:00,0.0,2.4,14.1,73.3
2025-02-15 06:00:00,5.28,2.61,13.38,55.82
2025-02-15 07:00:00,111.47,3.01,16.63,36.36
2025-02-15 08:00:00,304.45,3.14,19.76,22.39
2025-02-15 09:00:00,507.8,3.92,24.27,6.73
2025-02-15 10:00:00,659.65,6.23,28.58,3.45
2025-02-15 11:00:00,797.45,6.94,30.34,1.72
2025-02-15 12:00:00,812.53,7.04,31.14,0.0
2025-02-15 13:00:00,759.72,6.82,31.38,1.01
2025-02-15 14:00:00,636.2,5.94,31.27,0.5
2025-02-15 15:00:00,452.08,4.95,30.59,1.45
2025-02-15 16:00:00,232.15,3.02,27.96,2.4
2025-02-15 17:00:00,34.55,2.94,23.25,3.35
2025-02-15 18:00:00,0.0,2.9,21.76,4.29
2025-02-15 19:00:00,0.0,2.78,20.88,5.24
2025-02-15 20:00:00,0.0,2.77,19.77,6.19
2025-02-15 21:00:00,0.0,2.77,18.61,7.14
2025-02-15 22:00:00,0.0,2.7,17.62,8.09
2025-02-15 23:00:00,0.0,2.65,16.66,9.03
2025-02-16 00:00:00,0.0,2.6,15.55,9.98
2025-02-16 01:00:00,0.0,2.55,14.56,8.64
2025-02-16 02:00:00,0.0,2.61,13.75,7.29
2025-02-16 03:00:00,0.0,2.71,13.06,6.96
2025-02-16 04:00:00,0.0,2.69,12.42,6.62
2025-02-16 05:00:00,0.0,2.67,11.88,6.29
2025-02-16 06:00:00,6.12,2.59,11.77,6.17
2025-02-16 07:00:00,140.07,3.19,14.94,5.18
2025-02-16 08:00:00,357.73,2.67,17.99,5.41
2025-02-16 09:00:00,557.97,2.07,22.78,4.94
2025-02-16 10:00:00,710.08,0.69,27.02,4.6
2025-02-16 11:00:00,796.6,1.17,28.9,4.26
2025-02-16 12:00:00,814.33,1.7,29.74,3.93
2025-02-16 13:00:00,759.08,2.16,30.1,3.59
2025-02-16 14:00:00,618.7,2.44,29.86,8.7
2025-02-16 15:00:00,420.12,2.69,29.09,15.8
2025-02-16 16:00:00,211.68,1.83,26.68,23.19
2025-02-16 17:00:00,29.7,2.1,23.2,37.84
2025-02-16 18:00:00,0.0,2.66,21.03,48.83
2025-02-16 19:00:00,0.0,3.24,19.28,74.71
2025-02-16 20:00:00,0.0,3.59,18.24,66.89
2025-02-16 21:00:00,0.0,3.69,17.6,66.4
2025-02-16 22:00:00,0.0,3.76,17.03,68.97
2025-02-16 23:00:00,0.0,3.83,16.36,10.31
2025-02-17 00:00:00,0.0,3.77,15.68,24.87
2025-02-17 01:00:00,0.0,3.71,15.21,44.92
2025-02-17 02:00:00,0.0,3.57,14.86,43.39
2025-02-17 03:00:00,0.0,3.56,14.61,23.35
2025-02-17 04:00:00,0.0,3.75,14.53,26.82
2025-02-17 05:00:00,0.0,3.69,14.42,19.92
2025-02-17 06:00:00,6.07,4.02,14.53,17.52
2025-02-17 07:00:00,127.6,5.13,16.39,10.12
2025-02-17 08:00:00,335.05,5.12,19.44,10.27
2025-02-17 09:00:00,530.97,6.15,23.68,9.64
2025-02-17 10:00:00,684.12,5.64,26.22,7.39
2025-02-17 11:00:00,773.05,4.74,27.8,5.05
2025-02-17 12:00:00,795.33,3.9,28.86,2.53
2025-02-17 13:00:00,743.88,3.16,29.38,0.02
2025-02-17 14:00:00,612.42,2.61,29.39,6.03
2025-02-17 15:00:00,429.5,2.4,28.77,4.52
2025-02-17 16:00:00,219.52,1.86,26.83,3.52
2025-02-17 17:00:00,33.1,2.51,22.72,2.51
2025-02-17 18:00:00,0.0,3.07,21.07,1.51
2025-02-17 19:00:00,0.0,3.35,20.4,0.5
2025-02-17 20:00:00,0.0,3.57,19.55,18.57
2025-02-17 21:00:00,0.0,3.67,18.87,67.01
2025-02-17 22:00:00,0.0,3.65,18.08,69.91
2025-02-17 23:00:00,0.0,3.66,17.96,74.97
2025-02-18 00:00:00,0.0,3.51,17.3,80.78
2025-02-18 01:00:00,0.0,3.46,16.58,90.47
2025-02-18 02:00:00,0.0,3.53,15.98,94.24
2025-02-18 03:00:00,0.0,3.53,15.4,99.54
2025-02-18 04:00:00,0.0,3.54,14.82,100.0
2025-02-18 05:00:00,0.0,3.38,14.03,100.0
2025-02-18 06:00:00,4.62,3.32,13.85,88.96
2025-02-18 07:00:00,99.05,4.43,16.24,76.02
2025-02-18 08:00:00,264.85,3.81,19.24,67.88
2025-02-18 09:00:00,446.5,4.2,24.27,59.64
2025-02-18 10:00:00,685.92,3.9,27.23,16.55
2025-02-18 11:00:00,741.35,2.88,28.84,11.28
2025-02-18 12:00:00,781.17,1.99,29.8,4.55
2025-02-18 13:00:00,729.67,1.7,30.16,0.12
2025-02-18 14:00:00,604.45,1.73,29.96,1.07
2025-02-18 15:00:00,423.17,1.67,29.15,2.02
2025-02-18 16:00:00,214.68,1.23,27.49,2.97
2025-02-18 17:00:00,33.03,1.16,25.0,3.92
2025-02-18 18:00:00,0.0,1.35,23.81,4.87
2025-02-18 19:00:00,0.0,1.56,22.4,5.8
2025-02-18 20:00:00,0.0,1.81,21.33,6.75
2025-02-18 21:00:00,0.0,2.15,20.01,7.71
2025-02-18 22:00:00,0.0,2.5,18.6,8.66
2025-02-18 23:00:00,0.0,2.75,17.36,9.61
2025-02-19 00:00:00,0.0,2.79,16.43,10.56
2025-02-19 01:00:00,0.0,2.69,16.2,11.51
2025-02-19 02:00:00,0.0,2.61,16.24,1.01
2025-02-19 03:00:00,0.0,2.6,16.11,11.62
2025-02-19 04:00:00,0.0,2.56,15.93,2.02
2025-02-19 05:00:00,0.0,2.52,15.73,3.52
2025-02-19 06:00:00,7.28,2.49,15.74,2.9
2025-02-19 07:00:00,134.7,3.38,17.83,2.29
2025-02-19 08:00:00,342.38,3.07,20.67,1.68
2025-02-19 09:00:00,540.15,2.84,24.23,1.06
2025-02-19 10:00:00,644.8,2.62,26.49,27.33
2025-02-19 11:00:00,689.3,2.59,27.76,38.72
2025-02-19 12:00:00,680.58,2.64,28.63,73.42
2025-02-19 13:00:00,650.42,2.72,28.39,56.96
2025-02-19 14:00:00,560.62,2.72,28.65,17.55
2025-02-19 15:00:00,373.1,2.4,28.33,28.15
2025-02-19 16:00:00,183.25,1.62,26.88,36.88
2025-02-19 17:00:00,27.77,1.67,23.88,50.0
2025-02-19 18:00:00,0.0,2.3,22.26,60.76
2025-02-19 19:00:00,0.0,2.52,21.79,36.34
2025-02-19 20:00:00,0.0,2.57,21.35,10.21
2025-02-19 21:00:00,0.0,2.62,20.67,7.74
2025-02-19 22:00:00,0.0,2.67,19.96,9.85
2025-02-19 23:00:00,0.0,2.74,19.23,28.45
2025-02-20 00:00:00,0.0,2.95,18.48,33.14
2025-02-20 01:00:00,0.0,3.12,17.54,24.79
2025-02-20 02:00:00,0.0,3.24,16.69,19.9
2025-02-20 03:00:00,0.0,3.29,15.68,0.5
2025-02-20 04:00:00,0.0,3.54,14.91,13.44
2025-02-20 05:00:00,0.0,3.93,14.45,18.02
2025-02-20 06:00:00,7.8,4.53,14.37,15.22
2025-02-20 07:00:00,141.07,5.44,16.08,9.41
2025-02-20 08:00:00,351.6,5.38,19.55,9.6
2025-02-20 09:00:00,549.45,5.2,23.26,7.36
2025-02-20 10:00:00,702.33,4.68,26.79,5.09
2025-02-20 11:00:00,805.88,4.48,28.96,2.65
2025-02-20 12:00:00,827.45,4.53,30.25,0.07
2025-02-20 13:00:00,764.28,4.84,30.92,4.1
2025-02-20 14:00:00,632.72,5.09,30.87,4.74
2025-02-20 15:00:00,447.5,5.13,30.17,4.43
2025-02-20 16:00:00,231.88,3.99,28.27,4.13
2025-02-20 17:00:00,37.7,3.08,23.37,3.82
2025-02-20 18:00:00,0.0,3.29,21.26,3.52
2025-02-20 19:00:00,0.0,3.3,20.08,2.53
2025-02-20 20:00:00,0.0,3.35,19.01,1.51
2025-02-20 21:00:00,0.0,3.56,18.05,1.01
2025-02-20 22:00:00,0.0,4.35,17.33,0.5
2025-02-20 23:00:00,0.0,5.42,16.5,8.52
2025-02-21 00:00:00,0.0,5.51,15.37,17.51
2025-02-21 01:00:00,0.0,5.18,14.49,17.31
2025-02-21 02:00:00,0.0,4.88,13.88,17.11
2025-02-21 03:00:00,0.0,4.73,13.45,15.41
2025-02-21 04:00:00,0.0,4.61,13.06,13.7
2025-02-21 05:00:00,0.0,4.4,12.65,12.0
2025-02-21 06:00:00,8.02,4.4,12.59,10.28
2025-02-21 07:00:00,135.88,5.08,14.81,5.54
2025-02-21 08:00:00,347.83,4.54,18.78,6.65
2025-02-21 09:00:00,553.45,3.84,22.65,5.23
2025-02-21 10:00:00,712.15,2.44,24.99,3.47
2025-02-21 11:00:00,808.17,1.91,26.63,1.76
2025-02-21 12:00:00,827.12,2.54,27.65,0.05
2025-02-21 13:00:00,768.75,3.52,28.09,0.0
2025-02-21 14:00:00,637.35,4.47,27.9,1.01
2025-02-21 15:00:00,447.65,4.95,26.92,1.26
2025-02-21 16:00:00,230.05,4.38,25.06,1.51
2025-02-21 17:00:00,38.1,3.25,20.52,1.77
2025-02-21 18:00:00,0.0,3.57,18.31,2.02
2025-02-21 19:00:00,0.0,3.73,17.39,16.02
2025-02-21 20:00:00,0.0,3.73,16.48,38.28
2025-02-21 21:00:00,0.0,3.68,15.89,0.5
2025-02-21 22:00:00,0.0,3.65,15.39,2.67
2025-02-21 23:00:00,0.0,3.48,14.38,4.83
2025-02-22 00:00:00,0.0,3.43,13.61,6.99
2025-02-22 01:00:00,0.0,3.39,13.06,9.16
2025-02-22 02:00:00,0.0,3.15,12.59,11.33
2025-02-22 03:00:00,0.0,2.93,12.08,7.89
2025-02-22 04:00:00,0.0,2.79,11.48,4.45
2025-02-22 05:00:00,0.0,2.71,11.03,1.01
2025-02-22 06:00:00,8.8,2.58,11.21,1.08
2025-02-22 07:00:00,145.38,3.37,14.74,1.15
2025-02-22 08:00:00,351.5,3.2,18.28,1.22
2025-02-22 09:00:00,556.65,4.12,22.4,1.29
2025-02-22 10:00:00,714.2,4.38,24.67,1.36
2025-02-22 11:00:00,826.67,4.68,26.11,1.44
2025-02-22 12:00:00,843.95,5.11,26.95,1.51
2025-02-22 13:00:00,786.7,5.6,27.21,0.0
2025-02-22 14:00:00,655.67,5.75,26.87,4.02
2025-02-22 15:00:00,467.62,5.51,26.13,3.27
2025-02-22 16:00:00,247.25,4.65,24.66,2.51
2025-02-22 17:00:00,43.4,2.81,20.52,1.76
2025-02-22 18:00:00,0.0,2.92,18.43,1.01
2025-02-22 19:00:00,0.0,2.94,17.55,1.01
2025-02-22 20:00:00,0.0,2.99,16.76,1.51
2025-02-22 21:00:00,0.0,3.03,16.04,2.01
2025-02-22 22:00:00,0.0,3.02,15.37,0.5
2025-02-22 23:00:00,0.0,2.97,14.73,0.5
2025-02-23 00:00:00,0.0,2.89,14.12,5.76
2025-02-23 01:00:00,0.0,2.79,13.57,11.03
2025-02-23 02:00:00,0.0,2.59,13.17,10.11
2025-02-23 03:00:00,0.0,2.27,13.05,9.19
2025-02-23 04:00:00,0.0,1.91,13.22,8.27
2025-02-23 05:00:00,0.0,1.52,13.45,7.35
2025-02-23 06:00:00,10.48,1.09,13.76,6.42
2025-02-23 07:00:00,164.02,0.93,16.2,4.97
2025-02-23 08:00:00,388.88,0.86,19.63,4.6
2025-02-23 09:00:00,593.55,0.62,24.27,3.68
2025-02-23 10:00:00,748.12,1.76,26.45,2.76
2025-02-23 11:00:00,833.38,2.36,27.76,1.84
2025-02-23 12:00:00,851.2,2.75,28.51,0.92
2025-02-23 13:00:00,794.03,2.92,28.8,0.0
2025-02-23 14:00:00,664.33,2.86,28.59,0.5
2025-02-23 15:00:00,474.98,2.69,27.85,2.83
2025-02-23 16:00:00,250.65,2.15,26.31,5.11
2025-02-23 17:00:00,44.4,2.01,22.12,7.18
2025-02-23 18:00:00,0.0,2.67,19.69,9.78
2025-02-23 19:00:00,0.0,3.08,18.43,2.55
2025-02-23 20:00:00,0.0,3.22,17.48,6.32
2025-02-23 21:00:00,0.0,3.26,16.59,10.12
2025-02-23 22:00:00,0.0,3.26,15.74,13.28
2025-02-23 23:00:00,0.0,3.29,14.99,19.08
2025-02-24 00:00:00,0.0,3.37,14.36,1.01
2025-02-24 01:00:00,0.0,3.43,13.79,17.67
2025-02-24 02:00:00,0.0,3.25,13.15,51.26
2025-02-24 03:00:00,0.0,3.02,12.55,17.77
2025-02-24 04:00:00,0.0,2.89,12.1,15.63
2025-02-24 05:00:00,0.0,2.77,11.79,13.68
2025-02-24 06:00:00,11.27,2.53,12.12,11.95
2025-02-24 07:00:00,165.93,2.69,15.9,9.39
2025-02-24 08:00:00,390.88,2.22,19.46,7.83
2025-02-24 09:00:00,595.33,1.79,24.08,5.91
2025-02-24 10:00:00,750.05,0.72,26.32,3.91
2025-02-24 11:00:00,844.75,0.78,27.65,1.95
2025-02-24 12:00:00,860.92,1.28,28.44,0.0
2025-02-24 13:00:00,800.88,1.56,28.77,0.5
2025-02-24 14:00:00,669.97,1.8,28.63,2.01
2025-02-24 15:00:00,480.9,1.98,28.02,1.63
2025-02-24 16:00:00,257.4,1.9,26.68,1.26
2025-02-24 17:00:00,47.72,1.65,23.32,0.88
2025-02-24 18:00:00,0.0,1.94,21.63,0.5
2025-02-24 19:00:00,0.0,2.04,20.63,0.76
2025-02-24 20:00:00,0.0,1.91,19.87,1.01
2025-02-24 21:00:00,0.0,2.1,18.74,1.26
2025-02-24 22:00:00,0.0,2.27,17.58,1.52
2025-02-24 23:00:00,0.0,2.51,16.35,14.12
2025-02-25 00:00:00,0.0,2.66,15.44,0.5
2025-02-25 01:00:00,0.0,2.72,14.95,15.76
2025-02-25 02:00:00,0.0,2.72,15.35,7.53
2025-02-25 03:00:00,0.0,2.66,15.33,20.54
2025-02-25 04:00:00,0.0,2.62,14.44,1.52
2025-02-25 05:00:00,0.0,2.59,14.21,1.52
2025-02-25 06:00:00,10.75,2.46,14.43,5.29
2025-02-25 07:00:00,147.48,3.18,16.93,9.73
2025-02-25 08:00:00,346.9,3.11,19.53,16.15
2025-02-25 09:00:00,531.72,3.49,24.55,18.99
2025-02-25 10:00:00,687.83,3.12,27.75,14.69
2025-02-25 11:00:00,636.28,2.66,29.44,97.87
2025-02-25 12:00:00,634.58,2.17,30.34,100.0
2025-02-25 13:00:00,469.55,2.09,30.89,99.47
2025-02-25 14:00:00,325.4,2.24,31.03,99.14
2025-02-25 15:00:00,218.27,2.26,30.51,99.96
2025-02-25 16:00:00,106.62,1.79,29.03,99.28
2025-02-25 17:00:00,22.9,1.67,25.55,99.77
2025-02-25 18:00:00,0.0,2.13,23.41,99.66
2025-02-25 19:00:00,0.0,2.77,21.38,99.77
2025-02-25 20:00:00,0.0,3.15,20.28,99.4
2025-02-25 21:00:00,0.0,3.23,19.8,99.13
2025-02-25 22:00:00,0.0,3.17,19.43,99.18
2025-02-25 23:00:00,0.0,3.08,18.79,99.38
2025-02-26 00:00:00,0.0,3.11,17.86,98.71
2025-02-26 01:00:00,0.0,3.21,16.86,99.97
2025-02-26 02:00:00,0.0,3.05,16.81,100.0
2025-02-26 03:00:00,0.0,2.81,16.64,99.36
2025-02-26 04:00:00,0.0,2.49,16.46,97.67
2025-02-26 05:00:00,0.0,2.25,16.35,98.22
2025-02-26 06:00:00,11.2,1.69,16.92,91.02
2025-02-26 07:00:00,130.55,0.42,19.38,83.59
2025-02-26 08:00:00,304.45,1.03,22.48,77.2
2025-02-26 09:00:00,494.58,2.21,26.54,70.86
2025-02-26 10:00:00,632.53,3.34,28.51,55.29
2025-02-26 11:00:00,727.12,4.22,30.29,56.61
2025-02-26 12:00:00,822.1,4.61,31.3,32.27
2025-02-26 13:00:00,776.65,4.59,32.03,15.18
2025-02-26 14:00:00,646.0,4.06,31.99,9.92
2025-02-26 15:00:00,460.05,2.9,31.06,9.2
2025-02-26 16:00:00,238.38,1.48,29.27,14.07
2025-02-26 17:00:00,43.88,1.11,26.96,18.76
2025-02-26 18:00:00,0.0,1.25,25.87,26.96
2025-02-26 19:00:00,0.0,1.68,24.7,32.91
2025-02-26 20:00:00,0.0,2.64,22.63,38.86
2025-02-26 21:00:00,0.0,3.43,20.74,44.8
2025-02-26 22:00:00,0.0,3.66,19.91,50.75
2025-02-26 23:00:00,0.0,3.6,19.03,56.72
2025-02-27 00:00:00,0.0,3.4,18.09,62.58
2025-02-27 01:00:00,0.0,3.2,17.26,99.65
2025-02-27 02:00:00,0.0,2.95,16.68,86.25
2025-02-27 03:00:00,0.0,2.66,16.23,98.86
2025-02-27 04:00:00,0.0,2.46,16.16,97.36
2025-02-27 05:00:00,0.0,2.48,15.81,99.35
2025-02-27 06:00:00,11.88,2.57,16.08,91.21
2025-02-27 07:00:00,123.03,4.29,18.56,84.44
2025-02-27 08:00:00,281.92,3.81,19.9,78.07
2025-02-27 09:00:00,455.02,2.58,21.35,70.25
2025-02-27 10:00:00,571.78,2.73,23.98,94.42
2025-02-27 11:00:00,596.12,3.19,26.81,93.27
2025-02-27 12:00:00,613.33,4.35,28.25,87.31
2025-02-27 13:00:00,587.58,5.05,28.56,99.89
2025-02-27 14:00:00,366.15,5.31,28.44,99.95
2025-02-27 15:00:00,246.23,4.83,27.89,99.05
2025-02-27 16:00:00,126.75,2.84,25.99,99.69
2025-02-27 17:00:00,26.1,2.38,23.16,98.97
2025-02-27 18:00:00,0.0,2.17,22.17,98.69
2025-02-27 19:00:00,0.0,1.9,21.35,98.88
2025-02-27 20:00:00,0.0,1.94,21.01,98.46
2025-02-27 21:00:00,0.0,2.25,20.4,98.83
2025-02-27 22:00:00,0.0,2.19,19.97,99.02
2025-02-27 23:00:00,0.0,2.18,19.19,99.96
2025-02-28 00:00:00,0.0,2.23,18.34,99.11
2025-02-28 01:00:00,0.0,2.09,18.0,99.08
2025-02-28 02:00:00,0.0,1.8,18.01,99.83
2025-02-28 03:00:00,0.0,1.65,17.54,99.64
2025-02-28 04:00:00,0.0,1.73,17.03,100.0
2025-02-28 05:00:00,0.0,1.62,16.91,99.91
2025-02-28 06:00:00,8.02,1.46,16.96,100.0
2025-02-28 07:00:00,82.85,1.59,17.94,100.0
2025-02-28 08:00:00,183.18,2.22,19.52,100.0
2025-02-28 09:00:00,290.9,2.62,22.48,100.0
2025-02-28 10:00:00,422.17,3.56,25.29,100.0
2025-02-28 11:00:00,503.55,3.78,26.98,99.32
2025-02-28 12:00:00,526.28,3.02,27.62,84.61
2025-02-28 13:00:00,386.45,2.43,28.43,90.87
2025-02-28 14:00:00,258.38,3.7,29.24,95.67
2025-02-28 15:00:00,211.85,4.61,29.08,89.96
2025-02-28 16:00:00,150.1,4.1,28.21,66.35
2025-02-28 17:00:00,38.7,2.74,24.56,40.67
2025-02-28 18:00:00,0.0,2.99,22.85,11.72
2025-02-28 19:00:00,0.0,3.09,22.2,12.84
2025-02-28 20:00:00,0.0,3.24,21.6,6.83
2025-02-28 21:00:00,0.0,3.4,20.97,5.54
2025-02-28 22:00:00,0.0,3.38,20.05,4.08
2025-02-28 23:00:00,0.0,3.27,19.14,71.9
2025-03-01 00:00:00,0.0,2.98,18.05,96.58
2025-03-01 01:00:00,0.0,2.7,17.09,71.68
2025-03-01 02:00:00,0.0,2.44,16.4,49.9
2025-03-01 03:00:00,0.0,2.12,16.0,39.1
2025-03-01 04:00:00,0.0,1.72,15.87,67.65
2025-03-01 05:00:00,0.0,1.17,15.89,99.38
2025-03-01 06:00:00,13.2,0.74,16.01,81.43
2025-03-01 07:00:00,146.07,1.37,18.08,60.68
2025-03-01 08:00:00,340.6,1.91,21.67,44.11
2025-03-01 09:00:00,535.53,3.05,25.94,28.25
2025-03-01 10:00:00,698.08,4.38,28.32,12.84
2025-03-01 11:00:00,771.1,5.47,29.68,39.62
2025-03-01 12:00:00,826.45,6.15,30.47,55.91
2025-03-01 13:00:00,758.6,6.44,30.68,34.79
2025-03-01 14:00:00,624.25,6.24,30.36,52.27
2025-03-01 15:00:00,448.23,5.72,29.49,42.02
2025-03-01 16:00:00,223.02,4.8,28.01,59.64
2025-03-01 17:00:00,43.5,2.96,24.22,80.02
2025-03-01 18:00:00,0.0,3.4,22.26,99.89
2025-03-01 19:00:00,0.0,4.39,21.68,99.95
2025-03-01 20:00:00,0.0,5.22,20.86,99.86
2025-03-01 21:00:00,0.0,5.23,19.87,99.45
2025-03-01 22:00:00,0.0,5.06,19.11,99.98
2025-03-01 23:00:00,0.0,4.84,18.46,98.94
2025-03-02 00:00:00,0.0,4.72,17.92,99.95
2025-03-02 01:00:00,0.0,4.58,17.37,14.98
2025-03-02 02:00:00,0.0,4.6,16.96,98.43
2025-03-02 03:00:00,0.0,4.32,16.36,97.44
2025-03-02 04:00:00,0.0,3.87,15.65,99.47
2025-03-02 05:00:00,0.0,3.48,14.96,95.96
2025-03-02 06:00:00,13.05,3.63,15.07,72.1
2025-03-02 07:00:00,156.43,4.32,17.21,44.82
2025-03-02 08:00:00,374.4,3.78,21.23,24.82
2025-03-02 09:00:00,607.8,2.89,24.79,1.04
2025-03-02 10:00:00,763.83,1.74,26.9,0.51
2025-03-02 11:00:00,793.72,1.01,28.3,18.82
2025-03-02 12:00:00,757.8,1.38,29.22,38.32
2025-03-02 13:00:00,654.88,2.09,29.66,55.44
2025-03-02 14:00:00,594.45,2.59,29.56,30.31
2025-03-02 15:00:00,418.2,3.02,28.85,24.38
2025-03-02 16:00:00,206.38,3.21,27.45,47.29
2025-03-02 17:00:00,39.3,2.45,23.58,73.82
2025-03-02 18:00:00,0.0,2.92,21.09,98.85
2025-03-02 19:00:00,0.0,3.07,19.98,98.84
2025-03-02 20:00:00,0.0,3.1,18.89,99.38
2025-03-02 21:00:00,0.0,3.03,17.84,98.19
2025-03-02 22:00:00,0.0,2.91,16.92,98.82
2025-03-02 23:00:00,0.0,2.79,16.16,99.43
2025-03-03 00:00:00,0.0,2.65,15.57,97.81
2025-03-03 01:00:00,0.0,2.47,15.16,14.28
2025-03-03 02:00:00,0.0,2.22,14.95,95.83
2025-03-03 03:00:00,0.0,1.99,14.78,93.72
2025-03-03 04:00:00,0.0,1.83,14.57,91.9
2025-03-03 05:00:00,0.0,1.82,14.29,93.57
2025-03-03 06:00:00,14.82,2.02,14.34,80.12
2025-03-03 07:00:00,153.27,3.15,17.56,65.35
2025-03-03 08:00:00,355.85,3.7,20.87,52.27
2025-03-03 09:00:00,555.2,4.84,24.8,39.25
2025-03-03 10:00:00,713.4,5.56,28.2,26.44
2025-03-03 11:00:00,823.28,5.95,30.38,13.39
2025-03-03 12:00:00,853.65,6.36,31.77,0.16
2025-03-03 13:00:00,794.45,6.93,32.52,2.54
2025-03-03 14:00:00,664.78,7.49,32.49,3.06
2025-03-03 15:00:00,477.38,7.74,31.72,2.04
2025-03-03 16:00:00,245.4,7.0,30.07,31.45
2025-03-03 17:00:00,47.92,4.56,25.99,66.82
2025-03-03 18:00:00,0.0,4.16,23.24,99.99
2025-03-03 19:00:00,0.0,4.12,22.19,99.97
2025-03-03 20:00:00,0.0,4.38,21.51,99.99
2025-03-03 21:00:00,0.0,5.02,21.1,99.98
2025-03-03 22:00:00,0.0,5.59,20.62,99.97
2025-03-03 23:00:00,0.0,5.84,19.9,99.98
2025-03-04 00:00:00,0.0,5.92,19.05,81.52
2025-03-04 01:00:00,0.0,6.03,18.17,99.99
2025-03-04 02:00:00,0.0,6.06,17.33,87.89
2025-03-04 03:00:00,0.0,6.02,16.62,100.0
2025-03-04 04:00:00,0.0,5.63,15.8,100.0
2025-03-04 05:00:00,0.0,4.96,14.83,100.0
2025-03-04 06:00:00,13.2,4.83,14.61,87.45
2025-03-04 07:00:00,136.6,5.82,17.13,73.82
2025-03-04 08:00:00,340.1,6.55,21.17,59.95
2025-03-04 09:00:00,530.05,7.82,24.02,49.09
2025-03-04 10:00:00,707.15,8.04,25.14,37.04
2025-03-04 11:00:00,843.8,7.96,25.78,24.86
2025-03-04 12:00:00,895.72,7.9,26.16,12.55
2025-03-04 13:00:00,868.7,7.94,26.26,0.01
2025-03-04 14:00:00,729.25,7.83,25.87,0.5
2025-03-04 15:00:00,532.35,7.45,24.94,0.5
2025-03-04 16:00:00,273.02,6.71,23.43,31.47
2025-03-04 17:00:00,50.42,4.22,19.89,64.37
2025-03-04 18:00:00,0.0,3.7,16.9,99.46
2025-03-04 19:00:00,0.0,3.72,15.59,98.98
2025-03-04 20:00:00,0.0,3.7,14.26,99.47
2025-03-04 21:00:00,0.0,3.64,12.95,99.47
2025-03-04 22:00:00,0.0,4.07,12.14,97.24
2025-03-04 23:00:00,0.0,4.42,11.48,96.02
2025-03-05 00:00:00,0.0,4.3,10.57,94.91
2025-03-05 01:00:00,0.0,4.54,10.0,89.0
2025-03-05 02:00:00,0.0,4.51,9.48,29.06
2025-03-05 03:00:00,0.0,4.0,8.66,83.12
2025-03-05 04:00:00,0.0,3.95,8.15,76.52
2025-03-05 05:00:00,0.0,3.89,7.74,96.39
2025-03-05 06:00:00,18.52,4.22,8.45,84.06
2025-03-05 07:00:00,187.2,4.99,11.9,70.33
2025-03-05 08:00:00,423.12,4.85,16.11,58.3
2025-03-05 09:00:00,642.25,6.14,20.19,46.86
2025-03-05 10:00:00,807.38,6.17,23.11,35.21
2025-03-05 11:00:00,901.6,6.64,25.5,23.57
2025-03-05 12:00:00,927.42,7.28,26.94,11.85
2025-03-05 13:00:00,879.7,7.7,27.3,0.01
2025-03-05 14:00:00,683.12,7.89,26.93,18.96
2025-03-05 15:00:00,459.12,7.81,26.1,37.81
2025-03-05 16:00:00,233.05,7.13,24.52,57.02
2025-03-05 17:00:00,46.78,4.25,20.04,76.87
2025-03-05 18:00:00,0.0,3.77,16.6,97.86
2025-03-05 19:00:00,0.0,3.75,15.45,98.97
2025-03-05 20:00:00,0.0,3.98,14.72,99.98
2025-03-05 21:00:00,0.0,4.49,14.38,99.99
2025-03-05 22:00:00,0.0,4.94,13.99,99.47
2025-03-05 23:00:00,0.0,4.79,13.14,98.93
2025-03-06 00:00:00,0.0,4.41,12.2,99.43
2025-03-06 01:00:00,0.0,4.12,11.49,67.45
2025-03-06 02:00:00,0.0,3.79,10.72,99.47
2025-03-06 03:00:00,0.0,3.6,10.14,95.69
2025-03-06 04:00:00,0.0,3.44,9.7,90.89
2025-03-06 05:00:00,0.0,3.32,9.41,95.79
2025-03-06 06:00:00,16.4,3.13,10.34,83.73
2025-03-06 07:00:00,156.85,4.0,15.28,70.39
2025-03-06 08:00:00,362.65,3.29,18.93,57.03
2025-03-06 09:00:00,544.3,5.57,24.51,47.01
2025-03-06 10:00:00,706.53,6.12,27.26,35.4
2025-03-06 11:00:00,840.4,5.95,28.91,23.63
2025-03-06 12:00:00,888.62,5.69,29.99,11.87
2025-03-06 13:00:00,867.45,5.6,30.52,0.03
2025-03-06 14:00:00,680.05,5.42,30.51,19.12
2025-03-06 15:00:00,461.3,4.97,29.94,38.02
2025-03-06 16:00:00,239.8,3.5,28.13,57.28
2025-03-06 17:00:00,50.9,2.51,23.22,77.13
2025-03-06 18:00:00,0.0,2.15,22.21,97.91
2025-03-06 19:00:00,0.0,1.68,21.95,97.91
2025-03-06 20:00:00,0.0,1.84,20.76,98.42
2025-03-06 21:00:00,0.0,2.24,19.19,98.93
2025-03-06 22:00:00,0.0,2.48,17.78,97.92
2025-03-06 23:00:00,0.0,2.65,16.52,99.43
2025-03-07 00:00:00,0.0,2.72,15.61,97.92
2025-03-07 01:00:00,0.0,2.58,15.17,28.73
2025-03-07 02:00:00,0.0,2.51,14.74,98.42
2025-03-07 03:00:00,0.0,2.56,14.19,92.85
2025-03-07 04:00:00,0.0,2.57,13.76,92.92
2025-03-07 05:00:00,0.0,2.56,13.44,98.89
2025-03-07 06:00:00,20.45,2.24,14.19,84.46
2025-03-07 07:00:00,194.0,1.61,18.43,68.65
2025-03-07 08:00:00,436.48,0.69,21.94,52.64
2025-03-07 09:00:00,637.58,1.86,27.45,41.12
2025-03-07 10:00:00,796.53,3.26,30.36,27.56
2025-03-07 11:00:00,900.78,4.27,31.82,13.84
2025-03-07 12:00:00,919.38,5.3,32.7,0.0
2025-03-07 13:00:00,833.7,5.76,33.07,16.18
2025-03-07 14:00:00,682.17,5.9,32.98,32.2
2025-03-07 15:00:00,480.83,5.89,32.39,48.4
2025-03-07 16:00:00,256.2,4.37,30.71,64.96
2025-03-07 17:00:00,55.78,2.93,25.31,82.19
2025-03-07 18:00:00,0.0,3.07,22.63,99.97
2025-03-07 19:00:00,0.0,3.22,21.3,99.45
2025-03-07 20:00:00,0.0,3.26,20.13,99.96
2025-03-07 21:00:00,0.0,3.25,19.08,99.42
2025-03-07 22:00:00,0.0,3.1,18.18,98.36
2025-03-07 23:00:00,0.0,2.85,17.49,98.38
2025-03-08 00:00:00,0.0,2.8,16.71,99.99
2025-03-08 01:00:00,0.0,3.02,15.72,59.4
2025-03-08 02:00:00,0.0,3.2,14.91,98.94
2025-03-08 03:00:00,0.0,3.18,14.37,98.94
2025-03-08 04:00:00,0.0,2.96,14.17,99.47
2025-03-08 05:00:00,0.0,2.61,14.38,100.0
2025-03-08 06:00:00,20.62,2.21,15.39,85.37
2025-03-08 07:00:00,187.0,1.97,19.57,69.3
2025-03-08 08:00:00,414.52,1.49,23.14,55.31
2025-03-08 09:00:00,627.22,2.48,28.37,41.35
2025-03-08 10:00:00,792.8,2.81,30.77,27.54
2025-03-08 11:00:00,907.95,2.77,32.1,13.73
2025-03-08 12:00:00,941.15,3.0,32.88,0.03
2025-03-08 13:00:00,842.75,3.64,33.18,15.5
2025-03-08 14:00:00,683.6,4.1,32.87,30.62
2025-03-08 15:00:00,477.23,4.03,32.06,45.92
2025-03-08 16:00:00,265.65,3.13,30.35,57.49
2025-03-08 17:00:00,51.4,2.48,25.38,79.75
2025-03-08 18:00:00,0.0,2.73,22.89,99.9
2025-03-08 19:00:00,0.0,2.76,21.86,99.95
2025-03-08 20:00:00,0.0,2.86,20.97,99.95
2025-03-08 21:00:00,0.0,2.96,20.18,99.97
2025-03-08 22:00:00,0.0,3.08,19.39,99.98
2025-03-08 23:00:00,0.0,3.17,18.62,99.48
2025-03-09 00:00:00,0.0,3.22,17.78,61.66
2025-03-09 01:00:00,0.0,3.26,16.83,97.93
2025-03-09 02:00:00,0.0,3.26,15.89,31.28
2025-03-09 03:00:00,0.0,3.2,15.04,96.47
2025-03-09 04:00:00,0.0,3.17,14.37,95.43
2025-03-09 05:00:00,0.0,3.11,13.82,95.41
2025-03-09 06:00:00,24.38,2.85,14.49,81.75
2025-03-09 07:00:00,197.18,3.88,18.79,67.04
2025-03-09 08:00:00,413.42,4.18,22.63,54.01
2025-03-09 09:00:00,617.08,5.14,27.41,41.04
2025-03-09 10:00:00,777.67,5.91,31.01,28.06
2025-03-09 11:00:00,883.7,5.76,32.86,14.92
2025-03-09 12:00:00,912.17,5.27,33.93,1.59
2025-03-09 13:00:00,848.62,4.64,34.51,2.06
2025-03-09 14:00:00,707.67,3.86,34.46,9.79
2025-03-09 15:00:00,503.4,3.14,33.94,20.14
2025-03-09 16:00:00,268.58,2.17,32.32,44.92
2025-03-09 17:00:00,58.55,2.43,27.56,72.24
2025-03-09 18:00:00,0.0,3.27,24.61,99.99
2025-03-09 19:00:00,0.0,3.66,23.43,99.99
2025-03-09 20:00:00,0.0,3.83,22.59,99.99
2025-03-09 21:00:00,0.0,3.74,21.54,99.99
2025-03-09 22:00:00,0.0,3.6,20.15,99.92
2025-03-09 23:00:00,0.0,3.47,19.07,99.42
2025-03-10 00:00:00,0.0,3.13,18.58,99.74
2025-03-10 01:00:00,0.0,2.86,17.81,99.97
2025-03-10 02:00:00,0.0,2.82,16.71,65.17
2025-03-10 03:00:00,0.0,2.8,15.58,96.15
2025-03-10 04:00:00,0.0,2.81,14.98,95.71
2025-03-10 05:00:00,0.0,2.86,14.51,97.71
2025-03-10 06:00:00,24.42,2.97,15.39,78.97
2025-03-10 07:00:00,195.25,4.16,18.91,58.82
2025-03-10 08:00:00,415.15,4.22,22.77,41.74
2025-03-10 09:00:00,622.88,4.9,26.81,23.39
2025-03-10 10:00:00,764.62,5.01,30.32,21.49
2025-03-10 11:00:00,838.33,3.97,33.01,36.02
2025-03-10 12:00:00,901.75,2.71,34.61,4.12
2025-03-10 13:00:00,842.7,2.07,35.6,2.37
2025-03-10 14:00:00,708.88,2.15,35.76,3.02
2025-03-10 15:00:00,519.3,2.61,35.19,1.51
2025-03-10 16:00:00,277.2,2.5,33.58,32.2
2025-03-10 17:00:00,59.2,2.33,28.74,65.43
2025-03-10 18:00:00,0.0,2.71,26.2,99.67
2025-03-10 19:00:00,0.0,2.9,24.87,99.85
2025-03-10 20:00:00,0.0,3.07,23.76,99.98
2025-03-10 21:00:00,0.0,3.22,22.53,99.98
2025-03-10 22:00:00,0.0,3.27,21.57,99.98
2025-03-10 23:00:00,0.0,3.18,20.96,99.99
2025-03-11 00:00:00,0.0,2.97,20.62,100.0
2025-03-11 01:00:00,0.0,2.73,20.3,78.37
2025-03-11 02:00:00,0.0,2.63,19.61,99.73
2025-03-11 03:00:00,0.0,2.62,18.78,99.73
2025-03-11 04:00:00,0.0,2.74,18.18,99.62
2025-03-11 05:00:00,0.0,2.92,18.04,99.68
2025-03-11 06:00:00,24.08,2.85,18.28,80.83
2025-03-11 07:00:00,196.48,3.74,22.38,59.78
2025-03-11 08:00:00,418.52,3.37,25.98,41.55
2025-03-11 09:00:00,620.47,4.62,30.76,25.86
2025-03-11 10:00:00,771.78,4.66,33.6,17.27
2025-03-11 11:00:00,806.85,4.18,34.84,49.26
2025-03-11 12:00:00,906.45,3.74,36.14,7.67
2025-03-11 13:00:00,843.92,3.57,37.0,8.18
2025-03-11 14:00:00,710.42,3.58,37.2,9.23
2025-03-11 15:00:00,480.58,3.9,36.58,52.76
2025-03-11 16:00:00,254.6,3.43,34.82,67.85
2025-03-11 17:00:00,57.75,2.83,29.46,83.18
2025-03-11 18:00:00,0.0,3.38,26.36,99.5
2025-03-11 19:00:00,0.0,3.55,25.05,99.28
2025-03-11 20:00:00,0.0,3.42,24.63,99.74
2025-03-11 21:00:00,0.0,3.33,23.77,99.95
2025-03-11 22:00:00,0.0,3.25,22.65,99.96
2025-03-11 23:00:00,0.0,3.19,21.41,99.99
2025-03-12 00:00:00,0.0,3.17,20.53,99.19
2025-03-12 01:00:00,0.0,3.12,20.3,82.8
2025-03-12 02:00:00,0.0,3.05,20.16,99.26
2025-03-12 03:00:00,0.0,2.94,19.79,99.35
2025-03-12 04:00:00,0.0,2.77,19.31,99.77
2025-03-12 05:00:00,0.0,2.5,19.02,99.94
2025-03-12 06:00:00,26.2,1.93,19.83,79.74
2025-03-12 07:00:00,199.18,1.61,23.09,58.21
2025-03-12 08:00:00,412.4,1.19,26.66,40.98
2025-03-12 09:00:00,621.15,3.23,32.29,22.0
2025-03-12 10:00:00,781.17,4.39,34.31,2.53
2025-03-12 11:00:00,890.62,5.24,35.39,4.92
2025-03-12 12:00:00,898.17,5.85,35.92,10.08
2025-03-12 13:00:00,816.83,6.18,35.83,16.79
2025-03-12 14:00:00,700.8,6.15,35.5,7.51
2025-03-12 15:00:00,515.72,5.8,34.81,2.03
2025-03-12 16:00:00,273.23,4.98,33.48,33.65
2025-03-12 17:00:00,60.72,2.99,29.33,66.94
2025-03-12 18:00:00,0.0,3.14,26.31,99.99
2025-03-12 19:00:00,0.0,3.14,25.27,99.97
2025-03-12 20:00:00,0.0,3.23,24.72,99.79
2025-03-12 21:00:00,0.0,3.44,24.48,99.75
2025-03-12 22:00:00,0.0,3.41,24.07,99.3
2025-03-12 23:00:00,0.0,3.1,23.42,99.44
2025-03-13 00:00:00,0.0,2.78,22.63,99.34
2025-03-13 01:00:00,0.0,2.51,21.95,99.17
2025-03-13 02:00:00,0.0,2.03,21.74,99.28
2025-03-13 03:00:00,0.0,1.54,21.94,99.54
2025-03-13 04:00:00,0.0,1.57,21.31,99.42
2025-03-13 05:00:00,0.0,1.87,20.3,99.32
2025-03-13 06:00:00,27.88,1.92,20.41,81.32
2025-03-13 07:00:00,199.68,2.6,23.45,62.83
2025-03-13 08:00:00,414.58,2.5,27.45,47.78
2025-03-13 09:00:00,618.22,3.31,31.88,33.46
2025-03-13 10:00:00,785.33,3.62,33.92,17.41
2025-03-13 11:00:00,893.05,4.13,35.29,0.61
2025-03-13 12:00:00,903.3,4.56,36.09,0.31
2025-03-13 13:00:00,840.9,4.9,36.3,2.51
2025-03-13 14:00:00,696.47,5.18,35.43,11.97
2025-03-13 15:00:00,491.77,5.3,34.45,16.1
2025-03-13 16:00:00,248.8,4.53,33.11,42.86
2025-03-13 17:00:00,54.03,2.58,29.56,70.69
2025-03-13 18:00:00,0.0,2.53,27.29,99.41
2025-03-13 19:00:00,0.0,2.46,26.68,99.54
2025-03-13 20:00:00,0.0,2.5,25.72,99.99
2025-03-13 21:00:00,0.0,2.48,24.79,99.99
2025-03-13 22:00:00,0.0,2.42,24.04,99.96
2025-03-13 23:00:00,0.0,2.36,23.39,99.9
2025-03-14 00:00:00,0.0,2.34,22.65,99.92
2025-03-14 01:00:00,0.0,2.34,21.78,85.71
2025-03-14 02:00:00,0.0,2.44,20.88,99.69
2025-03-14 03:00:00,0.0,2.64,20.25,99.72
2025-03-14 04:00:00,0.0,2.79,19.71,99.73
2025-03-14 05:00:00,0.0,2.91,18.98,99.77
2025-03-14 06:00:00,26.9,2.86,19.6,66.81
2025-03-14 07:00:00,193.6,4.09,22.79,34.56
2025-03-14 08:00:00,429.48,3.71,27.35,2.53
2025-03-14 09:00:00,622.22,2.95,31.54,14.43
2025-03-14 10:00:00,740.72,2.13,33.63,31.59
2025-03-14 11:00:00,833.33,1.96,35.02,37.99
2025-03-14 12:00:00,870.6,2.3,35.84,43.19
2025-03-14 13:00:00,673.3,2.84,36.12,53.34
2025-03-14 14:00:00,533.15,3.37,35.66,74.94
2025-03-14 15:00:00,286.27,3.63,34.89,96.22
2025-03-14 16:00:00,154.55,3.13,33.63,98.5
2025-03-14 17:00:00,39.45,2.12,30.46,99.98
2025-03-14 18:00:00,0.0,2.08,28.98,98.98
2025-03-14 19:00:00,0.0,2.38,27.73,99.07
2025-03-14 20:00:00,0.0,3.23,26.39,99.2
2025-03-14 21:00:00,0.0,3.79,25.27,99.33
2025-03-14 22:00:00,0.0,3.84,24.38,98.68
2025-03-14 23:00:00,0.0,3.58,23.35,99.95
2025-03-15 00:00:00,0.0,3.26,22.18,99.97
2025-03-15 01:00:00,0.0,2.9,20.88,99.99
2025-03-15 02:00:00,0.0,2.53,19.79,54.97
2025-03-15 03:00:00,0.0,1.94,19.35,98.43
2025-03-15 04:00:00,0.0,1.07,19.27,99.55
2025-03-15 05:00:00,0.0,0.18,18.76,99.5
2025-03-15 06:00:00,30.27,0.58,18.86,95.98
2025-03-15 07:00:00,185.85,1.39,20.59,92.34
2025-03-15 08:00:00,378.17,2.13,24.26,88.39
2025-03-15 09:00:00,588.35,3.74,28.84,69.63
2025-03-15 10:00:00,670.88,5.17,31.26,87.03
2025-03-15 11:00:00,775.92,6.52,32.97,78.11
2025-03-15 12:00:00,744.03,7.46,33.97,96.76
2025-03-15 13:00:00,739.22,7.93,34.37,93.05
2025-03-15 14:00:00,603.1,7.78,34.17,74.8
2025-03-15 15:00:00,377.4,7.08,33.47,81.77
2025-03-15 16:00:00,205.3,5.82,32.07,87.23
2025-03-15 17:00:00,50.3,3.08,27.94,93.99
2025-03-15 18:00:00,0.0,2.86,24.71,99.34
2025-03-15 19:00:00,0.0,2.75,23.64,99.23
2025-03-15 20:00:00,0.0,3.02,22.61,96.87
2025-03-15 21:00:00,0.0,3.39,21.75,93.55
2025-03-15 22:00:00,0.0,3.9,20.98,90.63
2025-03-15 23:00:00,0.0,4.4,20.28,89.75
2025-03-16 00:00:00,0.0,4.77,19.64,96.27
2025-03-16 01:00:00,0.0,4.73,19.01,99.43
2025-03-16 02:00:00,0.0,4.46,18.48,28.5
2025-03-16 03:00:00,0.0,4.09,17.96,99.11
2025-03-16 04:00:00,0.0,3.77,17.53,99.69
2025-03-16 05:00:00,0.0,3.48,17.14,99.87
2025-03-16 06:00:00,28.38,4.02,17.99,72.52
2025-03-16 07:00:00,189.43,4.28,20.78,45.71
2025-03-16 08:00:00,429.02,4.23,25.34,20.93
2025-03-16 09:00:00,655.7,3.95,28.44,1.51
2025-03-16 10:00:00,804.67,3.68,30.34,2.17
2025-03-16 11:00:00,875.75,4.0,31.59,2.84
2025-03-16 12:00:00,854.97,4.65,32.26,22.57
2025-03-16 13:00:00,761.62,5.24,32.35,30.32
2025-03-16 14:00:00,572.72,5.53,31.92,60.71
2025-03-16 15:00:00,408.45,5.53,31.01,54.97
2025-03-16 16:00:00,195.18,5.4,29.63,67.84
2025-03-16 17:00:00,47.58,4.04,27.1,81.12
2025-03-16 18:00:00,0.0,3.87,24.44,92.85
2025-03-16 19:00:00,0.0,4.55,23.68,99.15
2025-03-16 20:00:00,0.0,4.71,22.85,99.59
2025-03-16 21:00:00,0.0,4.6,22.04,99.86
2025-03-16 22:00:00,0.0,4.41,21.26,99.63
2025-03-16 23:00:00,0.0,4.32,20.71,99.37
2025-03-17 00:00:00,0.0,4.21,20.3,99.27
2025-03-17 01:00:00,0.0,4.1,19.9,89.18
2025-03-17 02:00:00,0.0,3.75,19.33,99.76
2025-03-17 03:00:00,0.0,3.34,18.69,99.73
2025-03-17 04:00:00,0.0,2.97,18.15,99.63
2025-03-17 05:00:00,0.0,2.69,17.31,99.75
2025-03-17 06:00:00,28.92,2.52,18.04,63.1
2025-03-17 07:00:00,218.43,2.84,21.4,24.35
2025-03-17 08:00:00,482.23,3.35,25.78,0.5
2025-03-17 09:00:00,686.55,4.77,28.43,1.18
2025-03-17 10:00:00,836.28,5.03,29.72,1.86
2025-03-17 11:00:00,920.83,5.14,30.68,2.54
2025-03-17 12:00:00,933.15,5.25,31.28,3.22
2025-03-17 13:00:00,878.95,5.32,31.45,0.5
2025-03-17 14:00:00,743.33,5.26,31.15,0.51
2025-03-17 15:00:00,549.5,5.06,30.44,0.51
2025-03-17 16:00:00,298.17,4.72,29.17,33.21
2025-03-17 17:00:00,73.72,2.96,25.8,66.12
2025-03-17 18:00:00,0.0,3.1,22.4,100.0
2025-03-17 19:00:00,0.0,3.16,21.42,100.0
2025-03-17 20:00:00,0.0,3.15,20.5,99.99
2025-03-17 21:00:00,0.0,3.16,19.64,99.98
2025-03-17 22:00:00,0.0,3.22,18.88,99.97
2025-03-17 23:00:00,0.0,3.26,18.19,99.89
2025-03-18 00:00:00,0.0,3.14,18.06,99.98
2025-03-18 01:00:00,0.0,3.09,17.09,69.06
2025-03-18 02:00:00,0.0,2.88,17.22,99.43
2025-03-18 03:00:00,0.0,2.73,16.52,99.98
2025-03-18 04:00:00,0.0,2.44,16.33,99.94
2025-03-18 05:00:00,0.0,2.15,16.4,99.81
2025-03-18 06:00:00,37.67,1.73,17.5,67.41
2025-03-18 07:00:00,243.77,1.65,21.22,35.42
2025-03-18 08:00:00,503.45,1.51,25.37,7.71
2025-03-18 09:00:00,708.67,2.72,28.62,7.53
2025-03-18 10:00:00,863.62,2.93,30.24,4.36
2025-03-18 11:00:00,955.5,3.0,31.5,2.18
2025-03-18 12:00:00,965.15,3.06,32.34,0.0
2025-03-18 13:00:00,866.2,3.21,32.73,15.7
2025-03-18 14:00:00,706.38,3.38,32.52,31.39
2025-03-18 15:00:00,498.52,3.44,31.8,47.62
2025-03-18 16:00:00,267.8,3.46,30.48,64.06
2025-03-18 17:00:00,66.4,2.53,26.4,81.06
2025-03-18 18:00:00,0.0,3.11,22.84,99.93
2025-03-18 19:00:00,0.0,3.32,21.69,99.98
2025-03-18 20:00:00,0.0,3.41,20.74,99.97
2025-03-18 21:00:00,0.0,3.43,19.85,99.96
2025-03-18 22:00:00,0.0,3.41,19.07,99.96
2025-03-18 23:00:00,0.0,3.41,18.38,99.97
2025-03-19 00:00:00,0.0,3.39,17.77,99.75
2025-03-19 01:00:00,0.0,3.36,17.21,73.73
2025-03-19 02:00:00,0.0,3.31,16.72,99.23
2025-03-19 03:00:00,0.0,3.24,16.28,99.83
2025-03-19 04:00:00,0.0,3.16,15.93,99.98
2025-03-19 05:00:00,0.0,3.13,15.61,99.95
2025-03-19 06:00:00,37.83,2.86,16.89,83.3
2025-03-19 07:00:00,222.75,3.74,21.5,69.1
2025-03-19 08:00:00,454.2,3.76,25.74,55.44
2025-03-19 09:00:00,667.55,3.59,29.65,41.57
2025-03-19 10:00:00,829.3,2.66,31.75,27.79
2025-03-19 11:00:00,918.08,2.05,33.1,14.1
2025-03-19 12:00:00,943.2,1.71,33.86,0.01
2025-03-19 13:00:00,850.65,1.52,34.13,16.42
2025-03-19 14:00:00,694.38,1.35,33.9,32.63
2025-03-19 15:00:00,489.83,1.27,33.23,48.94
2025-03-19 16:00:00,262.77,1.47,32.05,65.56
2025-03-19 17:00:00,67.5,1.79,28.39,82.57
2025-03-19 18:00:00,0.0,2.88,24.81,99.97
2025-03-19 19:00:00,0.0,3.53,23.56,99.95
2025-03-19 20:00:00,0.0,3.91,22.94,99.92
2025-03-19 21:00:00,0.0,4.21,22.27,99.92
2025-03-19 22:00:00,0.0,4.27,21.47,99.93
2025-03-19 23:00:00,0.0,4.14,20.64,98.77
2025-03-20 00:00:00,0.0,3.95,19.92,84.51
2025-03-20 01:00:00,0.0,3.82,19.72,99.5
2025-03-20 02:00:00,0.0,3.7,19.29,88.72
2025-03-20 03:00:00,0.0,3.65,18.83,99.51
2025-03-20 04:00:00,0.0,3.67,18.4,99.61
2025-03-20 05:00:00,0.0,3.6,17.95,99.63
2025-03-20 06:00:00,31.5,4.09,18.79,94.94
2025-03-20 07:00:00,166.45,4.78,21.36,91.3
2025-03-20 08:00:00,332.85,4.6,25.53,87.92
2025-03-20 09:00:00,577.85,5.31,29.91,50.11
2025-03-20 10:00:00,738.7,4.75,32.05,43.22
2025-03-20 11:00:00,752.15,4.13,33.35,60.51
2025-03-20 12:00:00,771.9,3.54,33.98,57.86
2025-03-20 13:00:00,530.25,3.02,34.11,75.79
2025-03-20 14:00:00,525.85,2.67,33.68,71.73
2025-03-20 15:00:00,329.75,2.57,32.89,78.12
2025-03-20 16:00:00,175.05,2.62,31.7,84.13
2025-03-20 17:00:00,41.95,2.13,28.43,92.44
2025-03-20 18:00:00,0.0,2.82,25.75,99.41
2025-03-20 19:00:00,0.0,3.19,25.13,99.24
2025-03-20 20:00:00,0.0,3.55,24.67,99.28
2025-03-20 21:00:00,0.0,3.87,23.73,98.49
2025-03-20 22:00:00,0.0,4.09,22.62,98.47
2025-03-20 23:00:00,0.0,4.17,21.71,99.54
2025-03-21 00:00:00,0.0,4.1,20.96,99.1
2025-03-21 01:00:00,0.0,3.97,20.35,99.4
2025-03-21 02:00:00,0.0,3.75,19.81,86.08
2025-03-21 03:00:00,0.0,3.45,19.19,99.55
2025-03-21 04:00:00,0.0,3.25,18.67,99.64
2025-03-21 05:00:00,0.0,3.23,18.76,99.49
2025-03-21 06:00:00,32.62,3.72,19.86,65.81
2025-03-21 07:00:00,190.52,4.02,22.42,35.52
2025-03-21 08:00:00,420.55,3.2,25.96,4.08
2025-03-21 09:00:00,619.7,2.66,28.75,13.21
2025-03-21 10:00:00,765.12,2.14,30.44,6.65
2025-03-21 11:00:00,881.03,1.8,31.83,4.02
2025-03-21 12:00:00,895.22,1.97,33.03,1.01
2025-03-21 13:00:00,826.17,2.44,33.82,0.77
2025-03-21 14:00:00,684.7,2.88,33.94,4.2
2025-03-21 15:00:00,489.95,3.34,33.4,8.09
2025-03-21 16:00:00,239.68,3.73,32.22,36.31
2025-03-21 17:00:00,55.5,2.74,28.55,67.36
2025-03-21 18:00:00,0.0,3.16,25.01,99.85
2025-03-21 19:00:00,0.0,3.43,23.88,99.94
2025-03-21 20:00:00,0.0,3.53,22.98,99.84
2025-03-21 21:00:00,0.0,3.42,22.12,99.85
2025-03-21 22:00:00,0.0,3.16,21.36,99.93
2025-03-21 23:00:00,0.0,2.88,20.89,99.92
2025-03-22 00:00:00,0.0,2.5,20.79,99.94
2025-03-22 01:00:00,0.0,2.09,20.97,77.66
2025-03-22 02:00:00,0.0,1.69,21.09,86.89
2025-03-22 03:00:00,0.0,1.35,20.79,99.97
2025-03-22 04:00:00,0.0,1.24,20.5,99.99
2025-03-22 05:00:00,0.0,1.32,19.61,99.97
2025-03-22 06:00:00,41.67,1.61,19.47,84.59
2025-03-22 07:00:00,240.98,2.45,22.51,68.55
2025-03-22 08:00:00,463.48,2.74,26.67,56.55
2025-03-22 09:00:00,676.53,3.84,31.16,43.08
2025-03-22 10:00:00,838.92,4.64,33.04,29.6
2025-03-22 11:00:00,936.7,5.6,34.18,15.89
2025-03-22 12:00:00,956.55,6.63,34.75,2.01
2025-03-22 13:00:00,885.0,7.41,34.77,3.96
2025-03-22 14:00:00,753.67,7.55,34.3,1.01
2025-03-22 15:00:00,537.92,7.12,33.46,25.0
2025-03-22 16:00:00,297.67,6.46,32.1,49.43
2025-03-22 17:00:00,80.07,4.15,28.79,74.37
2025-03-22 18:00:00,0.0,3.75,24.85,100.0
2025-03-22 19:00:00,0.0,3.9,23.7,100.0
2025-03-22 20:00:00,0.0,3.84,22.56,99.99
2025-03-22 21:00:00,0.0,3.7,21.4,100.0
2025-03-22 22:00:00,0.0,3.57,20.35,100.0
2025-03-22 23:00:00,0.0,3.45,19.4,99.99
2025-03-23 00:00:00,0.0,3.34,18.56,99.98
2025-03-23 01:00:00,0.0,3.22,17.82,64.21
2025-03-23 02:00:00,0.0,3.05,17.21,52.24
2025-03-23 03:00:00,0.0,2.91,16.72,96.97
2025-03-23 04:00:00,0.0,2.86,16.22,93.07
2025-03-23 05:00:00,0.0,2.87,15.69,98.44
2025-03-23 06:00:00,45.95,2.61,17.0,82.54
2025-03-23 07:00:00,218.5,3.49,21.37,68.9
2025-03-23 08:00:00,423.58,3.15,25.54,55.12
2025-03-23 09:00:00,624.28,2.59,30.6,41.41
2025-03-23 10:00:00,797.2,0.77,32.96,27.76
2025-03-23 11:00:00,917.0,0.24,34.45,14.15
2025-03-23 12:00:00,978.55,0.82,35.42,0.22
2025-03-23 13:00:00,878.25,1.39,35.85,16.37
2025-03-23 14:00:00,709.62,1.87,35.64,31.8
2025-03-23 15:00:00,492.2,2.25,34.98,46.98
2025-03-23 16:00:00,255.45,2.41,33.74,62.14
2025-03-23 17:00:00,63.9,1.84,30.05,77.6
2025-03-23 18:00:00,0.0,2.17,27.17,99.93
2025-03-23 19:00:00,0.0,2.6,25.41,99.91
2025-03-23 20:00:00,0.0,3.01,23.67,99.97
2025-03-23 21:00:00,0.0,3.23,22.2,99.97
2025-03-23 22:00:00,0.0,3.33,21.0,99.97
2025-03-23 23:00:00,0.0,3.36,20.03,99.98
2025-03-24 00:00:00,0.0,3.35,19.19,98.41
2025-03-24 01:00:00,0.0,3.33,18.42,59.02
2025-03-24 02:00:00,0.0,3.32,17.71,34.16
2025-03-24 03:00:00,0.0,3.31,17.04,94.15
2025-03-24 04:00:00,0.0,3.28,16.41,90.94
2025-03-24 05:00:00,0.0,3.26,15.83,99.21
2025-03-24 06:00:00,49.42,3.24,17.46,83.26
2025-03-24 07:00:00,224.7,4.25,21.12,69.6
2025-03-24 08:00:00,429.88,4.05,25.41,55.64
2025-03-24 09:00:00,631.58,4.48,30.46,41.93
2025-03-24 10:00:00,794.83,4.04,34.02,28.13
2025-03-24 11:00:00,911.5,3.3,36.01,14.31
2025-03-24 12:00:00,964.17,2.68,37.27,0.19
2025-03-24 13:00:00,842.42,2.35,37.92,16.54
2025-03-24 14:00:00,670.45,2.06,37.91,32.48
2025-03-24 15:00:00,465.62,1.8,37.31,48.59
2025-03-24 16:00:00,250.27,1.55,36.1,65.0
2025-03-24 17:00:00,67.82,0.99,33.17,81.85
2025-03-24 18:00:00,0.0,1.37,30.49,99.44
2025-03-24 19:00:00,0.0,1.94,28.48,99.97
2025-03-24 20:00:00,0.0,2.43,26.49,99.42
2025-03-24 21:00:00,0.0,2.73,24.81,99.99
2025-03-24 22:00:00,0.0,2.89,23.47,99.99
2025-03-24 23:00:00,0.0,2.93,22.33,99.43
2025-03-25 00:00:00,0.0,2.94,21.27,62.47
2025-03-25 01:00:00,0.0,2.92,20.33,99.44
2025-03-25 02:00:00,0.0,2.93,19.5,54.97
2025-03-25 03:00:00,0.0,2.95,18.8,95.4
2025-03-25 04:00:00,0.0,2.92,18.24,94.47
2025-03-25 05:00:00,0.0,2.87,17.82,99.96
2025-03-25 06:00:00,50.0,2.55,19.43,65.82
2025-03-25 07:00:00,246.75,3.22,23.42,33.81
2025-03-25 08:00:00,506.55,2.61,27.44,0.5
2025-03-25 09:00:00,710.08,2.0,32.87,0.38
2025-03-25 10:00:00,856.9,1.99,36.23,0.25
2025-03-25 11:00:00,951.47,1.95,37.78,0.13
2025-03-25 12:00:00,955.05,2.0,38.6,0.0
2025-03-25 13:00:00,885.45,2.21,38.94,0.0
2025-03-25 14:00:00,701.58,2.47,38.79,18.85
2025-03-25 15:00:00,482.48,2.79,38.16,37.74
2025-03-25 16:00:00,251.5,2.89,36.97,57.38
2025-03-25 17:00:00,65.88,2.11,33.03,77.87
2025-03-25 18:00:00,0.0,2.24,30.31,99.92
2025-03-25 19:00:00,0.0,2.29,29.08,99.99
2025-03-25 20:00:00,0.0,2.42,27.64,99.97
2025-03-25 21:00:00,0.0,2.44,26.24,99.98
2025-03-25 22:00:00,0.0,2.31,25.06,99.42
2025-03-25 23:00:00,0.0,2.1,24.1,99.97
2025-03-26 00:00:00,0.0,1.87,23.28,99.41
2025-03-26 01:00:00,0.0,1.66,22.49,99.98
2025-03-26 02:00:00,0.0,1.53,21.8,74.12
2025-03-26 03:00:00,0.0,1.4,21.29,99.43
2025-03-26 04:00:00,0.0,1.2,20.93,98.34
2025-03-26 05:00:00,0.0,0.96,20.63,99.97
2025-03-26 06:00:00,50.6,0.7,21.35,86.32
2025-03-26 07:00:00,246.23,0.73,24.7,73.39
2025-03-26 08:00:00,469.77,1.38,28.72,61.83
2025-03-26 09:00:00,678.22,3.58,34.55,49.55
2025-03-26 10:00:00,834.97,4.45,37.06,37.28
2025-03-26 11:00:00,909.85,4.83,38.19,24.96
2025-03-26 12:00:00,920.67,5.11,38.85,12.58
2025-03-26 13:00:00,856.22,5.21,39.1,0.0
2025-03-26 14:00:00,682.5,4.96,38.79,19.43
2025-03-26 15:00:00,470.58,4.55,38.1,38.65
2025-03-26 16:00:00,247.35,3.95,36.92,58.54
2025-03-26 17:00:00,65.68,2.3,33.02,78.81
2025-03-26 18:00:00,0.0,2.25,30.48,99.94
2025-03-26 19:00:00,0.0,2.23,29.32,99.99
2025-03-26 20:00:00,0.0,2.57,28.03,99.26
2025-03-26 21:00:00,0.0,3.17,26.24,99.95
2025-03-26 22:00:00,0.0,3.7,24.98,99.82
2025-03-26 23:00:00,0.0,3.87,24.25,99.92
2025-03-27 00:00:00,0.0,3.99,23.59,99.92
2025-03-27 01:00:00,0.0,3.92,22.88,81.7
2025-03-27 02:00:00,0.0,3.55,22.06,98.56
2025-03-27 03:00:00,0.0,3.27,21.26,99.98
2025-03-27 04:00:00,0.0,3.17,20.62,99.96
2025-03-27 05:00:00,0.0,3.15,20.09,99.93
2025-03-27 06:00:00,48.7,3.65,21.68,74.0
2025-03-27 07:00:00,224.68,4.4,24.65,50.36
2025-03-27 08:00:00,459.58,5.45,29.13,26.77
2025-03-27 09:00:00,708.15,5.88,32.35,2.51
2025-03-27 10:00:00,853.12,6.24,34.2,3.55
2025-03-27 11:00:00,913.85,6.76,35.5,4.59
2025-03-27 12:00:00,921.7,7.23,36.4,4.08
2025-03-27 13:00:00,852.03,7.6,36.88,10.67
2025-03-27 14:00:00,725.05,7.65,36.74,0.5
2025-03-27 15:00:00,532.8,7.61,36.13,2.51
2025-03-27 16:00:00,277.17,7.32,34.93,32.67
2025-03-27 17:00:00,71.95,5.02,32.05,64.89
2025-03-27 18:00:00,0.0,3.81,27.66,99.91
2025-03-27 19:00:00,0.0,3.89,26.12,99.99
2025-03-27 20:00:00,0.0,4.18,24.97,99.99
2025-03-27 21:00:00,0.0,4.82,24.1,99.97
2025-03-27 22:00:00,0.0,5.67,23.27,99.98
2025-03-27 23:00:00,0.0,6.07,22.19,99.97
2025-03-28 00:00:00,0.0,6.24,21.19,99.96
2025-03-28 01:00:00,0.0,6.5,20.35,62.11
2025-03-28 02:00:00,0.0,6.53,19.34,95.28
2025-03-28 03:00:00,0.0,6.5,18.3,99.4
2025-03-28 04:00:00,0.0,6.12,17.3,98.84
2025-03-28 05:00:00,0.0,5.36,16.17,99.95
2025-03-28 06:00:00,67.07,5.61,16.62,63.88
2025-03-28 07:00:00,298.75,5.29,19.35,32.69
2025-03-28 08:00:00,575.55,4.73,23.47,0.51
2025-03-28 09:00:00,791.65,4.23,27.81,0.5
2025-03-28 10:00:00,948.92,4.31,31.09,0.53
2025-03-28 11:00:00,1036.5,4.52,32.7,0.56
2025-03-28 12:00:00,1041.55,4.8,33.61,0.59
2025-03-28 13:00:00,942.75,5.14,33.93,16.86
2025-03-28 14:00:00,768.2,5.42,33.53,32.53
2025-03-28 15:00:00,537.9,5.62,32.59,48.2
2025-03-28 16:00:00,285.98,5.54,30.96,64.17
2025-03-28 17:00:00,75.62,3.64,26.89,80.38
2025-03-28 18:00:00,0.0,3.74,22.4,99.97
2025-03-28 19:00:00,0.0,3.89,21.06,100.0
2025-03-28 20:00:00,0.0,4.06,20.0,100.0
2025-03-28 21:00:00,0.0,4.27,19.12,100.0
2025-03-28 22:00:00,0.0,4.51,18.48,99.98
2025-03-28 23:00:00,0.0,4.58,17.76,99.91
2025-03-29 00:00:00,0.0,4.89,18.0,99.91
2025-03-29 01:00:00,0.0,4.75,17.6,80.55
2025-03-29 02:00:00,0.0,4.61,16.86,94.02
2025-03-29 03:00:00,0.0,4.23,15.63,99.78
2025-03-29 04:00:00,0.0,4.05,14.76,99.71
2025-03-29 05:00:00,0.0,3.83,13.91,99.44
2025-03-29 06:00:00,74.25,4.38,15.54,81.83
2025-03-29 07:00:00,295.02,4.41,18.46,67.13
2025-03-29 08:00:00,547.95,4.62,22.55,52.49
2025-03-29 09:00:00,769.62,5.37,26.04,27.04
2025-03-29 10:00:00,912.53,5.03,28.35,30.28
2025-03-29 11:00:00,946.97,4.75,30.31,42.14
2025-03-29 12:00:00,954.0,4.71,31.75,35.51
2025-03-29 13:00:00,833.15,4.86,32.19,78.5
2025-03-29 14:00:00,731.3,5.12,31.08,59.33
2025-03-29 15:00:00,497.67,5.35,30.03,67.57
2025-03-29 16:00:00,278.73,5.18,28.83,77.12
2025-03-29 17:00:00,85.62,3.55,26.19,86.31
2025-03-29 18:00:00,0.0,3.19,23.23,99.51
2025-03-29 19:00:00,0.0,3.13,22.1,99.42
2025-03-29 20:00:00,0.0,3.04,21.18,99.36
2025-03-29 21:00:00,0.0,3.0,20.41,99.13
2025-03-29 22:00:00,0.0,3.07,19.58,99.14
2025-03-29 23:00:00,0.0,3.2,18.74,99.21
2025-03-30 00:00:00,0.0,3.21,18.66,98.79
2025-03-30 01:00:00,0.0,3.27,18.72,99.22
2025-03-30 02:00:00,0.0,3.22,18.5,98.87
2025-03-30 03:00:00,0.0,3.09,17.87,99.46
2025-03-30 04:00:00,0.0,2.98,17.01,99.52
2025-03-30 05:00:00,0.0,2.84,16.13,99.44
2025-03-30 06:00:00,72.0,2.32,17.5,91.57
2025-03-30 07:00:00,280.9,2.25,21.49,83.71
2025-03-30 08:00:00,508.73,1.9,25.8,76.37
2025-03-30 09:00:00,731.47,2.43,29.55,61.97
2025-03-30 10:00:00,911.1,2.74,31.51,31.99
2025-03-30 11:00:00,997.88,3.06,33.03,23.27
2025-03-30 12:00:00,1005.2,3.4,34.17,14.61
2025-03-30 13:00:00,945.38,3.7,34.77,0.8
2025-03-30 14:00:00,760.05,3.82,34.85,20.35
2025-03-30 15:00:00,518.92,3.79,34.33,39.27
2025-03-30 16:00:00,276.58,3.63,33.14,58.29
2025-03-30 17:00:00,77.28,2.49,29.09,77.6
2025-03-30 18:00:00,0.0,3.01,24.76,99.42
2025-03-30 19:00:00,0.0,3.31,23.18,99.98
2025-03-30 20:00:00,0.0,3.5,21.94,99.98
2025-03-30 21:00:00,0.0,3.58,20.9,99.97
2025-03-30 22:00:00,0.0,3.58,20.01,99.95
2025-03-30 23:00:00,0.0,3.54,19.23,99.96
2025-03-31 00:00:00,0.0,3.46,18.56,99.97
2025-03-31 01:00:00,0.0,3.35,18.02,99.96
2025-03-31 02:00:00,0.0,3.25,17.59,61.29
2025-03-31 03:00:00,0.0,3.15,17.22,98.8
2025-03-31 04:00:00,0.0,3.0,16.93,97.57
2025-03-31 05:00:00,0.0,2.79,16.85,99.84
2025-03-31 06:00:00,71.8,2.37,18.54,64.39
2025-03-31 07:00:00,292.08,2.46,23.35,33.28
2025-03-31 08:00:00,576.2,1.65,27.92,0.5
2025-03-31 09:00:00,780.38,1.42,32.05,0.45
2025-03-31 10:00:00,927.55,1.91,33.86,0.39
2025-03-31 11:00:00,1005.75,2.59,35.16,0.33
2025-03-31 12:00:00,1007.92,3.31,35.96,0.27
2025-03-31 13:00:00,934.28,4.0,36.3,0.22
2025-03-31 14:00:00,758.38,4.36,36.13,19.74
2025-03-31 15:00:00,529.72,4.53,35.47,38.61
2025-03-31 16:00:00,282.67,4.63,34.17,57.53
2025-03-31 17:00:00,79.57,3.12,30.33,76.96
2025-03-31 18:00:00,0.0,3.54,25.77,99.94
2025-03-31 19:00:00,0.0,3.69,24.52,99.99
2025-03-31 20:00:00,0.0,3.78,23.52,99.98
2025-03-31 21:00:00,0.0,3.88,22.65,99.95
2025-03-31 22:00:00,0.0,3.98,21.87,99.94
2025-03-31 23:00:00,0.0,4.04,21.16,99.88
2025-04-01 00:00:00,0.0,4.09,20.49,99.92
2025-04-01 01:00:00,0.0,4.11,19.87,99.94
2025-04-01 02:00:00,0.0,3.96,19.16,70.4
2025-04-01 03:00:00,0.0,3.74,18.43,99.97
2025-04-01 04:00:00,0.0,3.56,17.84,99.91
2025-04-01 05:00:00,0.0,3.36,17.44,99.74
2025-04-01 06:00:00,71.57,2.69,19.6,83.83
2025-04-01 07:00:00,249.88,2.97,24.39,72.68
2025-04-01 08:00:00,458.17,1.72,28.8,60.43
2025-04-01 09:00:00,654.25,1.15,33.02,48.04
2025-04-01 10:00:00,808.03,2.2,34.81,35.83
2025-04-01 11:00:00,893.65,2.7,35.98,24.03
2025-04-01 12:00:00,933.05,2.98,36.68,12.43
2025-04-01 13:00:00,907.83,3.14,36.93,0.34
2025-04-01 14:00:00,738.1,3.26,36.78,20.03
2025-04-01 15:00:00,510.35,3.42,36.18,38.97
2025-04-01 16:00:00,264.12,3.52,35.0,58.28
2025-04-01 17:00:00,70.53,2.51,31.26,77.88
2025-04-01 18:00:00,0.0,3.17,26.87,99.93
2025-04-01 19:00:00,0.0,3.61,25.44,99.98
2025-04-01 20:00:00,0.0,3.9,24.49,99.97
2025-04-01 21:00:00,0.0,4.16,23.71,99.94
2025-04-01 22:00:00,0.0,4.11,22.79,99.85
2025-04-01 23:00:00,0.0,3.84,21.84,99.94
2025-04-02 00:00:00,0.0,3.62,21.05,99.94
2025-04-02 01:00:00,0.0,3.52,20.42,78.28
2025-04-02 02:00:00,0.0,3.44,19.88,99.87
2025-04-02 03:00:00,0.0,3.38,19.38,99.71
2025-04-02 04:00:00,0.0,3.34,18.88,99.7
2025-04-02 05:00:00,0.0,3.29,18.38,99.41
2025-04-02 06:00:00,63.3,2.85,20.38,80.47
2025-04-02 07:00:00,232.25,3.68,24.96,65.26
2025-04-02 08:00:00,409.33,2.99,29.36,53.06
2025-04-02 09:00:00,589.9,2.27,33.84,39.5
2025-04-02 10:00:00,739.6,2.2,35.57,26.42
2025-04-02 11:00:00,883.42,2.42,36.79,13.22
2025-04-02 12:00:00,938.97,2.7,37.56,0.01
2025-04-02 13:00:00,822.2,2.89,37.84,16.77
2025-04-02 14:00:00,650.4,2.88,37.61,32.93
2025-04-02 15:00:00,441.08,2.79,36.96,49.38
2025-04-02 16:00:00,227.77,2.72,35.82,66.05
2025-04-02 17:00:00,66.85,2.07,32.23,82.82
2025-04-02 18:00:00,0.0,2.61,28.64,99.98
2025-04-02 19:00:00,0.0,3.13,26.87,99.97
2025-04-02 20:00:00,0.0,3.5,25.54,99.82
2025-04-02 21:00:00,0.0,3.62,24.96,99.66
2025-04-02 22:00:00,0.0,3.74,24.28,99.49
2025-04-02 23:00:00,0.0,4.02,23.72,98.5
2025-04-03 00:00:00,0.0,4.3,22.86,99.55
2025-04-03 01:00:00,0.0,4.35,21.98,83.33
2025-04-03 02:00:00,0.0,4.17,21.04,99.71
2025-04-03 03:00:00,0.0,3.98,20.45,99.7
2025-04-03 04:00:00,0.0,3.83,20.03,99.4
2025-04-03 05:00:00,0.0,3.73,19.66,99.09
2025-04-03 06:00:00,49.22,4.0,21.53,79.57
2025-04-03 07:00:00,192.12,5.04,24.85,62.82
2025-04-03 08:00:00,376.12,5.48,29.45,48.01
2025-04-03 09:00:00,567.75,6.52,33.51,32.1
2025-04-03 10:00:00,738.8,6.16,35.32,17.28
2025-04-03 11:00:00,880.65,5.55,36.45,1.01
2025-04-03 12:00:00,882.42,4.85,37.14,2.63
2025-04-03 13:00:00,814.17,4.09,37.41,1.01
2025-04-03 14:00:00,658.88,3.34,37.31,6.01
2025-04-03 15:00:00,426.38,2.68,36.56,24.85
2025-04-03 16:00:00,217.55,2.14,35.56,48.61
2025-04-03 17:00:00,61.95,1.4,33.23,73.71
2025-04-03 18:00:00,0.0,1.88,30.83,98.74
2025-04-03 19:00:00,0.0,2.53,29.17,99.9
2025-04-03 20:00:00,0.0,2.91,28.03,99.97
2025-04-03 21:00:00,0.0,3.09,27.09,99.97
2025-04-03 22:00:00,0.0,3.22,25.99,99.97
2025-04-03 23:00:00,0.0,3.28,24.93,99.96
2025-04-04 00:00:00,0.0,3.25,23.9,99.97
2025-04-04 01:00:00,0.0,3.18,22.68,50.54
2025-04-04 02:00:00,0.0,3.19,21.83,99.99
2025-04-04 03:00:00,0.0,3.24,21.23,99.82
2025-04-04 04:00:00,0.0,3.28,20.74,99.78
2025-04-04 05:00:00,0.0,3.32,20.32,99.81
2025-04-04 06:00:00,60.15,3.31,22.5,81.14
2025-04-04 07:00:00,226.73,4.44,26.28,67.41
2025-04-04 08:00:00,417.02,3.39,30.73,55.28
2025-04-04 09:00:00,617.6,2.02,34.96,41.99
2025-04-04 10:00:00,797.2,1.5,36.94,27.75
2025-04-04 11:00:00,914.42,2.48,38.42,14.25
2025-04-04 12:00:00,971.22,3.68,39.17,0.05
2025-04-04 13:00:00,884.3,4.77,39.38,16.71
2025-04-04 14:00:00,723.88,5.52,39.02,32.91
2025-04-04 15:00:00,513.12,6.0,38.22,49.1
2025-04-04 16:00:00,280.98,6.14,36.89,65.25
2025-04-04 17:00:00,83.65,4.44,33.85,81.79
2025-04-04 18:00:00,0.0,3.98,29.51,99.97
2025-04-04 19:00:00,0.0,4.32,28.33,99.99
2025-04-04 20:00:00,0.0,4.29,27.21,99.98
2025-04-04 21:00:00,0.0,4.15,26.11,99.97
2025-04-04 22:00:00,0.0,4.03,25.13,99.98
2025-04-04 23:00:00,0.0,3.88,24.19,99.98
2025-04-05 00:00:00,0.0,3.76,23.31,30.11
2025-04-05 01:00:00,0.0,3.7,22.5,99.99
2025-04-05 02:00:00,0.0,3.77,21.79,36.45
2025-04-05 03:00:00,0.0,3.78,21.08,99.97
2025-04-05 04:00:00,0.0,3.53,20.26,99.93
2025-04-05 05:00:00,0.0,3.12,19.58,99.82
2025-04-05 06:00:00,71.03,2.45,21.81,83.62
2025-04-05 07:00:00,232.88,1.98,25.45,72.69
2025-04-05 08:00:00,433.23,0.35,29.97,60.44
2025-04-05 09:00:00,621.25,2.78,34.66,48.32
2025-04-05 10:00:00,773.0,4.15,36.62,36.23
2025-04-05 11:00:00,883.62,4.97,37.94,24.27
2025-04-05 12:00:00,926.08,5.67,38.74,12.32
2025-04-05 13:00:00,898.22,6.33,39.01,0.03
2025-04-05 14:00:00,731.55,6.89,38.68,19.64
2025-04-05 15:00:00,517.62,7.19,37.86,38.99
2025-04-05 16:00:00,284.52,6.91,36.55,58.55
2025-04-05 17:00:00,90.55,4.73,33.99,77.55
2025-04-05 18:00:00,0.0,3.44,29.67,99.95
2025-04-05 19:00:00,0.0,3.38,28.23,99.98
2025-04-05 20:00:00,0.0,3.33,27.2,99.96
2025-04-05 21:00:00,0.0,3.34,26.25,99.96
2025-04-05 22:00:00,0.0,3.34,25.45,99.95
2025-04-05 23:00:00,0.0,3.23,24.76,99.98
2025-04-06 00:00:00,0.0,2.97,24.2,98.49
2025-04-06 01:00:00,0.0,2.69,23.79,99.98
2025-04-06 02:00:00,0.0,2.38,23.72,59.9
2025-04-06 03:00:00,0.0,2.0,23.92,96.36
2025-04-06 04:00:00,0.0,1.54,24.16,94.01
2025-04-06 05:00:00,0.0,1.01,24.41,99.84
2025-04-06 06:00:00,78.78,0.88,25.03,85.49
2025-04-06 07:00:00,246.35,1.68,27.52,73.91
2025-04-06 08:00:00,449.5,2.17,31.88,61.42
2025-04-06 09:00:00,640.15,2.77,36.31,49.07
2025-04-06 10:00:00,790.42,3.24,38.47,36.85
2025-04-06 11:00:00,902.53,3.69,39.98,24.59
2025-04-06 12:00:00,934.3,4.21,40.94,12.43
2025-04-06 13:00:00,894.83,4.7,41.38,0.17
2025-04-06 14:00:00,724.45,5.05,41.35,19.65
2025-04-06 15:00:00,513.78,5.07,40.79,39.14
2025-04-06 16:00:00,285.02,4.8,39.68,58.99
2025-04-06 17:00:00,93.57,2.93,36.14,78.42
2025-04-06 18:00:00,0.0,3.1,31.85,99.99
2025-04-06 19:00:00,0.0,3.16,30.52,99.98
2025-04-06 20:00:00,0.0,3.21,29.42,99.98
2025-04-06 21:00:00,0.0,3.22,28.38,99.98
2025-04-06 22:00:00,0.0,3.26,27.4,99.97
2025-04-06 23:00:00,0.0,3.29,26.46,99.97
2025-04-07 00:00:00,0.0,3.26,25.58,99.99
2025-04-07 01:00:00,0.0,3.15,24.69,69.97
2025-04-07 02:00:00,0.0,3.08,23.79,98.91
2025-04-07 03:00:00,0.0,3.04,23.0,97.79
2025-04-07 04:00:00,0.0,3.01,22.31,92.81
2025-04-07 05:00:00,0.0,2.95,21.77,99.88
2025-04-07 06:00:00,86.53,2.79,24.08,85.65
2025-04-07 07:00:00,260.95,3.53,27.65,73.79
2025-04-07 08:00:00,468.77,3.4,32.37,61.43
2025-04-07 09:00:00,658.7,3.59,37.28,49.2
2025-04-07 10:00:00,809.53,2.87,39.71,37.01
2025-04-07 11:00:00,916.35,1.87,41.45,24.66
2025-04-07 12:00:00,944.08,0.93,42.43,12.36
2025-04-07 13:00:00,901.08,0.6,42.85,0.03
2025-04-07 14:00:00,726.25,0.88,42.61,19.25
2025-04-07 15:00:00,511.02,1.23,42.03,38.39
2025-04-07 16:00:00,279.75,1.45,41.0,58.11
2025-04-07 17:00:00,92.07,1.02,38.4,76.65
2025-04-07 18:00:00,0.0,0.76,36.1,99.96
2025-04-07 19:00:00,0.0,0.74,34.53,99.99
2025-04-07 20:00:00,0.0,1.08,32.66,99.98
2025-04-07 21:00:00,0.0,1.64,30.8,99.98
2025-04-07 22:00:00,0.0,2.13,29.1,99.39
2025-04-07 23:00:00,0.0,2.46,27.78,94.67
2025-04-08 00:00:00,0.0,2.63,26.68,89.1
2025-04-08 01:00:00,0.0,2.71,25.72,58.18
2025-04-08 02:00:00,0.0,2.64,25.01,78.82
2025-04-08 03:00:00,0.0,2.47,24.37,78.83
2025-04-08 04:00:00,0.0,2.4,23.87,79.34
2025-04-08 05:00:00,0.0,2.42,23.29,98.95
2025-04-08 06:00:00,87.68,3.12,24.85,84.3
2025-04-08 07:00:00,267.27,3.46,27.54,70.13
2025-04-08 08:00:00,476.0,3.64,31.86,56.04
2025-04-08 09:00:00,670.12,3.91,36.4,42.06
2025-04-08 10:00:00,828.65,3.63,39.44,28.11
2025-04-08 11:00:00,940.4,2.9,41.11,14.13
2025-04-08 12:00:00,976.42,1.9,42.14,0.08
2025-04-08 13:00:00,868.65,0.92,42.61,16.57
2025-04-08 14:00:00,704.92,0.26,42.48,32.87
2025-04-08 15:00:00,502.9,0.17,41.97,49.17
2025-04-08 16:00:00,283.73,0.43,40.99,65.73
2025-04-08 17:00:00,97.57,0.14,38.64,81.76
2025-04-08 18:00:00,0.0,0.28,35.87,99.95
2025-04-08 19:00:00,0.0,0.6,34.02,99.53
2025-04-08 20:00:00,0.0,0.84,32.36,99.26
2025-04-08 21:00:00,0.0,1.04,30.94,98.64
2025-04-08 22:00:00,0.0,1.18,29.74,99.58
2025-04-08 23:00:00,0.0,1.29,28.74,99.37
2025-04-09 00:00:00,0.0,1.3,28.04,99.25
2025-04-09 01:00:00,0.0,1.27,27.47,82.51
2025-04-09 02:00:00,0.0,1.29,26.99,99.34
2025-04-09 03:00:00,0.0,1.28,26.6,99.39
2025-04-09 04:00:00,0.0,1.16,26.04,99.62
2025-04-09 05:00:00,0.0,0.98,25.22,99.03
2025-04-09 06:00:00,91.95,1.17,26.22,65.72
2025-04-09 07:00:00,290.65,1.18,28.7,33.5
2025-04-09 08:00:00,545.9,1.03,32.45,0.5
2025-04-09 09:00:00,745.42,1.59,36.57,0.5
2025-04-09 10:00:00,886.0,2.48,39.69,1.01
2025-04-09 11:00:00,953.28,3.15,41.74,1.51
2025-04-09 12:00:00,944.78,3.75,42.93,5.87
2025-04-09 13:00:00,871.47,4.23,43.43,3.6
2025-04-09 14:00:00,730.75,4.61,43.26,1.52
2025-04-09 15:00:00,522.53,5.0,42.56,10.04
2025-04-09 16:00:00,282.88,5.29,41.37,41.1
2025-04-09 17:00:00,92.65,4.08,38.6,69.83
2025-04-09 18:00:00,0.0,3.63,35.06,98.49
2025-04-09 19:00:00,0.0,3.86,33.92,98.69
2025-04-09 20:00:00,0.0,3.92,32.9,98.73
2025-04-09 21:00:00,0.0,3.94,31.77,98.8
2025-04-09 22:00:00,0.0,3.88,30.61,98.99
2025-04-09 23:00:00,0.0,4.04,29.63,99.36
2025-04-10 00:00:00,0.0,3.88,28.47,71.81
2025-04-10 01:00:00,0.0,3.62,27.41,99.45
2025-04-10 02:00:00,0.0,3.56,26.64,80.84
2025-04-10 03:00:00,0.0,3.54,25.95,98.85
2025-04-10 04:00:00,0.0,3.38,25.28,96.48
2025-04-10 05:00:00,0.0,3.17,24.62,99.41
2025-04-10 06:00:00,91.43,3.51,26.15,68.74
2025-04-10 07:00:00,288.38,3.54,28.75,39.5
2025-04-10 08:00:00,541.1,3.31,33.27,11.36
2025-04-10 09:00:00,748.88,4.39,37.27,1.01
2025-04-10 10:00:00,884.62,5.08,39.04,8.87
2025-04-10 11:00:00,939.42,5.44,39.87,16.21
2025-04-10 12:00:00,927.72,5.64,40.24,23.48
2025-04-10 13:00:00,884.47,5.55,40.07,6.54
2025-04-10 14:00:00,737.9,4.91,39.64,10.92
2025-04-10 15:00:00,548.1,4.06,39.06,4.79
2025-04-10 16:00:00,297.62,3.32,38.29,35.72
2025-04-10 17:00:00,96.15,2.0,35.43,64.59
2025-04-10 18:00:00,0.0,2.05,32.53,99.94
2025-04-10 19:00:00,0.0,2.0,31.67,99.98
2025-04-10 20:00:00,0.0,2.02,30.93,99.98
2025-04-10 21:00:00,0.0,2.0,29.91,99.96
2025-04-10 22:00:00,0.0,1.93,29.02,99.94
2025-04-10 23:00:00,0.0,1.77,27.82,99.94
2025-04-11 00:00:00,0.0,1.53,26.67,99.89
2025-04-11 01:00:00,0.0,1.45,25.53,99.6
2025-04-11 02:00:00,0.0,1.77,24.29,95.78
2025-04-11 03:00:00,0.0,2.18,23.48,99.27
2025-04-11 04:00:00,0.0,2.47,22.99,98.32
2025-04-11 05:00:00,2.7,2.63,22.73,79.34
2025-04-11 06:00:00,84.97,3.48,24.62,59.91
2025-04-11 07:00:00,257.38,4.01,27.41,42.41
2025-04-11 08:00:00,471.9,4.53,31.2,25.18
2025-04-11 09:00:00,674.62,5.67,34.82,13.88
2025-04-11 10:00:00,831.33,6.44,37.36,6.57
2025-04-11 11:00:00,881.08,6.68,38.62,38.99
2025-04-11 12:00:00,890.9,6.63,39.22,24.53
2025-04-11 13:00:00,814.8,6.45,39.2,31.62
2025-04-11 14:00:00,623.5,6.12,38.71,41.19
2025-04-11 15:00:00,485.48,5.66,37.76,29.19
2025-04-11 16:00:00,254.25,5.07,36.56,48.46
2025-04-11 17:00:00,86.57,3.57,34.56,62.78
2025-04-11 18:00:00,0.0,3.25,30.87,99.33
2025-04-11 19:00:00,0.0,3.76,29.47,99.2
2025-04-11 20:00:00,0.0,3.66,28.05,99.67
2025-04-11 21:00:00,0.0,3.05,26.53,99.77
2025-04-11 22:00:00,0.0,2.71,25.41,99.15
2025-04-11 23:00:00,0.0,2.83,24.87,99.6
2025-04-12 00:00:00,0.0,3.49,24.83,99.51
2025-04-12 01:00:00,0.0,3.79,25.38,95.94
2025-04-12 02:00:00,0.0,2.42,25.48,96.0
2025-04-12 03:00:00,0.0,2.08,25.1,99.58
2025-04-12 04:00:00,0.0,2.66,24.37,89.04
2025-04-12 05:00:00,2.92,2.73,23.42,78.85
2025-04-12 06:00:00,81.1,3.85,24.4,68.6
2025-04-12 07:00:00,247.38,3.8,25.5,58.84
2025-04-12 08:00:00,445.12,4.48,27.52,48.99
2025-04-12 09:00:00,628.72,4.38,29.73,39.16
2025-04-12 10:00:00,777.3,3.6,32.58,29.41
2025-04-12 11:00:00,908.85,2.78,35.31,19.59
2025-04-12 12:00:00,930.55,2.32,37.01,9.84
2025-04-12 13:00:00,885.3,2.6,37.97,0.02
2025-04-12 14:00:00,742.25,3.24,37.86,3.02
2025-04-12 15:00:00,549.2,3.75,36.97,2.2
2025-04-12 16:00:00,305.52,4.0,36.35,28.72
2025-04-12 17:00:00,99.12,2.96,34.9,61.12
2025-04-12 18:00:00,0.0,2.08,32.31,98.42
2025-04-12 19:00:00,0.0,1.64,31.5,99.4
2025-04-12 20:00:00,0.0,1.18,30.53,100.0
2025-04-12 21:00:00,0.0,0.86,29.32,98.16
2025-04-12 22:00:00,0.0,0.48,27.95,99.18
2025-04-12 23:00:00,0.0,0.48,26.59,99.41
2025-04-13 00:00:00,0.0,1.02,25.52,99.57
2025-04-13 01:00:00,0.0,1.56,24.65,92.95
2025-04-13 02:00:00,0.0,1.93,23.88,98.57
2025-04-13 03:00:00,0.0,2.16,23.14,96.91
2025-04-13 04:00:00,0.0,2.3,22.48,99.98
2025-04-13 05:00:00,3.75,2.35,21.93,87.74
2025-04-13 06:00:00,97.18,2.71,23.75,72.77
2025-04-13 07:00:00,274.0,2.85,26.81,61.42
2025-04-13 08:00:00,475.0,1.57,31.44,49.04
2025-04-13 09:00:00,658.67,0.18,34.64,36.95
2025-04-13 10:00:00,806.12,1.2,36.52,25.19
2025-04-13 11:00:00,906.75,1.88,37.83,13.6
2025-04-13 12:00:00,946.88,2.4,38.71,2.0
2025-04-13 13:00:00,874.08,2.9,39.18,1.5
2025-04-13 14:00:00,739.08,3.33,39.31,1.0
2025-04-13 15:00:00,549.25,3.82,38.96,0.51
2025-04-13 16:00:00,306.75,4.25,38.06,29.22
2025-04-13 17:00:00,99.95,3.56,36.17,65.41
2025-04-13 18:00:00,0.0,2.88,32.08,99.98
2025-04-13 19:00:00,0.0,3.08,30.68,99.99
2025-04-13 20:00:00,0.0,3.17,29.58,100.0
2025-04-13 21:00:00,0.0,3.17,28.5,99.32
2025-04-13 22:00:00,0.0,3.15,27.5,99.98
2025-04-13 23:00:00,0.0,3.16,26.59,99.39
2025-04-14 00:00:00,0.0,3.16,25.77,95.93
2025-04-14 01:00:00,0.0,3.16,25.04,76.74
2025-04-14 02:00:00,0.0,3.1,24.37,88.88
2025-04-14 03:00:00,0.0,3.07,23.75,85.99
2025-04-14 04:00:00,0.0,3.04,23.16,86.47
2025-04-14 05:00:00,4.38,3.06,22.65,75.67
2025-04-14 06:00:00,102.15,4.48,24.53,64.47
2025-04-14 07:00:00,295.77,4.4,27.45,53.77
2025-04-14 08:00:00,512.2,4.54,32.46,43.11
2025-04-14 09:00:00,705.75,3.86,35.11,32.4
2025-04-14 10:00:00,851.2,3.06,36.81,21.67
2025-04-14 11:00:00,966.72,2.46,38.07,10.86
2025-04-14 12:00:00,973.17,2.08,38.88,0.04
2025-04-14 13:00:00,861.2,1.81,39.29,16.6
2025-04-14 14:00:00,673.12,1.61,39.21,32.67
2025-04-14 15:00:00,453.8,1.63,38.8,48.4
2025-04-14 16:00:00,238.82,1.9,37.94,64.57
2025-04-14 17:00:00,77.6,2.16,36.27,80.85
2025-04-14 18:00:00,0.0,2.79,32.66,99.91
2025-04-14 19:00:00,0.0,4.19,31.55,98.39
2025-04-14 20:00:00,0.0,4.91,30.54,90.46
2025-04-14 21:00:00,0.0,5.15,29.43,86.52
2025-04-14 22:00:00,0.0,4.99,28.31,87.24
2025-04-14 23:00:00,0.0,4.69,27.3,89.11
2025-04-15 00:00:00,0.0,4.37,26.38,86.66
2025-04-15 01:00:00,0.0,4.09,25.54,17.8
2025-04-15 02:00:00,0.0,4.09,24.84,90.32
2025-04-15 03:00:00,0.0,4.25,24.28,82.31
2025-04-15 04:00:00,0.0,4.48,23.75,84.81
2025-04-15 05:00:00,3.17,4.77,23.32,74.16
2025-04-15 06:00:00,85.22,5.91,24.45,59.93
2025-04-15 07:00:00,268.88,6.22,27.78,48.27
2025-04-15 08:00:00,486.45,6.89,31.84,38.03
2025-04-15 09:00:00,684.8,6.24,34.32,27.83
2025-04-15 10:00:00,835.62,5.27,36.19,18.47
2025-04-15 11:00:00,930.0,4.3,37.65,9.32
2025-04-15 12:00:00,959.5,3.47,38.57,0.0
2025-04-15 13:00:00,884.58,2.82,39.0,0.28
2025-04-15 14:00:00,729.9,2.46,38.96,14.9
2025-04-15 15:00:00,518.6,2.3,38.52,29.03
2025-04-15 16:00:00,284.62,2.26,37.64,43.41
2025-04-15 17:00:00,85.88,2.11,36.02,58.18
2025-04-15 18:00:00,2.65,2.5,32.4,74.37
2025-04-15 19:00:00,0.0,3.11,31.23,89.27
2025-04-15 20:00:00,0.0,3.66,30.49,83.84
2025-04-15 21:00:00,0.0,4.01,29.65,84.35
2025-04-15 22:00:00,0.0,4.01,28.7,82.86
2025-04-15 23:00:00,0.0,3.85,27.77,71.82
2025-04-16 00:00:00,0.0,3.72,26.92,66.8
2025-04-16 01:00:00,0.0,3.62,26.22,83.89
2025-04-16 02:00:00,0.0,3.53,25.55,4.46
2025-04-16 03:00:00,0.0,3.38,24.94,74.35
2025-04-16 04:00:00,0.0,3.2,24.35,69.33
2025-04-16 05:00:00,4.18,3.15,23.93,61.71
2025-04-16 06:00:00,95.12,4.58,25.65,52.31
2025-04-16 07:00:00,280.73,4.42,28.5,44.6
2025-04-16 08:00:00,491.55,4.64,33.3,37.28
2025-04-16 09:00:00,686.03,4.09,35.8,30.23
2025-04-16 10:00:00,839.55,3.32,37.54,23.04
2025-04-16 11:00:00,917.12,2.58,38.88,15.73
2025-04-16 12:00:00,935.67,1.93,39.72,8.19
2025-04-16 13:00:00,875.65,1.34,40.12,0.4
2025-04-16 14:00:00,713.45,0.96,40.07,16.97
2025-04-16 15:00:00,506.17,0.9,39.77,33.14
2025-04-16 16:00:00,283.0,0.98,39.08,49.32
2025-04-16 17:00:00,94.47,0.97,37.58,65.11
2025-04-16 18:00:00,3.25,1.66,34.6,83.38
2025-04-16 19:00:00,0.0,2.42,32.64,99.99
2025-04-16 20:00:00,0.0,2.92,31.31,99.99
2025-04-16 21:00:00,0.0,3.17,30.32,99.96
2025-04-16 22:00:00,0.0,3.32,29.49,98.67
2025-04-16 23:00:00,0.0,3.41,28.72,87.86
2025-04-17 00:00:00,0.0,3.4,27.97,79.29
2025-04-17 01:00:00,0.0,3.36,27.21,65.75
2025-04-17 02:00:00,0.0,3.39,26.55,58.03
2025-04-17 03:00:00,0.0,3.42,25.91,99.36
2025-04-17 04:00:00,0.0,3.4,25.3,99.35
2025-04-17 05:00:00,4.65,3.46,24.82,82.66
2025-04-17 06:00:00,98.68,4.61,26.5,64.33
2025-04-17 07:00:00,271.95,4.78,29.38,47.97
2025-04-17 08:00:00,479.2,5.0,33.12,32.28
2025-04-17 09:00:00,710.08,4.77,36.69,10.98
2025-04-17 10:00:00,822.03,4.02,39.64,21.39
2025-04-17 11:00:00,946.67,3.39,41.71,10.39
2025-04-17 12:00:00,955.12,3.22,43.01,2.51
2025-04-17 13:00:00,877.8,3.43,43.7,3.24
2025-04-17 14:00:00,676.53,4.02,43.86,29.32
2025-04-17 15:00:00,443.73,4.88,43.45,49.21
2025-04-17 16:00:00,250.52,5.55,42.42,60.46
2025-04-17 17:00:00,83.35,4.35,40.35,68.3
2025-04-17 18:00:00,2.65,3.29,36.43,86.7
2025-04-17 19:00:00,0.0,3.45,35.06,99.19
2025-04-17 20:00:00,0.0,3.35,33.84,98.79
2025-04-17 21:00:00,0.0,2.82,32.43,99.42
2025-04-17 22:00:00,0.0,2.03,31.06,98.61
2025-04-17 23:00:00,0.0,1.12,30.15,99.04
2025-04-18 00:00:00,0.0,0.43,29.72,98.38
2025-04-18 01:00:00,0.0,0.99,29.25,84.54
2025-04-18 02:00:00,0.0,1.92,28.47,90.24
2025-04-18 03:00:00,0.0,2.81,27.45,86.75
2025-04-18 04:00:00,0.0,3.39,26.73,76.6
2025-04-18 05:00:00,4.9,3.63,25.92,67.12
2025-04-18 06:00:00,93.9,5.04,27.34,56.68
2025-04-18 07:00:00,268.42,5.37,30.08,47.05
2025-04-18 08:00:00,473.35,5.35,34.0,37.54
2025-04-18 09:00:00,664.95,5.83,37.8,28.12
2025-04-18 10:00:00,817.25,6.61,41.52,18.93
2025-04-18 11:00:00,950.35,6.36,43.55,9.64
2025-04-18 12:00:00,981.4,5.81,44.48,0.29
2025-04-18 13:00:00,884.75,5.68,44.7,14.15
2025-04-18 14:00:00,724.92,5.87,44.45,27.96
2025-04-18 15:00:00,516.08,6.21,43.73,42.09
2025-04-18 16:00:00,287.33,6.43,42.57,56.35
2025-04-18 17:00:00,91.12,5.27,40.36,70.93
2025-04-18 18:00:00,3.4,4.39,36.09,85.66
2025-04-18 19:00:00,0.0,5.83,35.24,99.94
2025-04-18 20:00:00,0.0,6.94,34.47,99.94
2025-04-18 21:00:00,0.0,7.04,33.22,99.95
2025-04-18 22:00:00,0.0,6.87,32.07,99.96
2025-04-18 23:00:00,0.0,6.49,30.98,99.96
2025-04-19 00:00:00,0.0,5.88,29.89,99.95
2025-04-19 01:00:00,0.0,5.26,28.81,78.51
2025-04-19 02:00:00,0.0,3.95,27.43,98.22
2025-04-19 03:00:00,0.0,3.22,26.27,94.79
2025-04-19 04:00:00,0.0,2.69,25.54,98.29
2025-04-19 05:00:00,5.85,1.98,25.44,86.05
2025-04-19 06:00:00,118.82,1.87,27.36,71.29
2025-04-19 07:00:00,309.8,2.55,30.59,60.38
2025-04-19 08:00:00,526.67,4.31,34.69,48.36
2025-04-19 09:00:00,726.38,6.52,37.86,36.39
2025-04-19 10:00:00,886.12,7.72,39.57,24.39
2025-04-19 11:00:00,978.5,8.5,40.72,12.34
2025-04-19 12:00:00,1016.65,8.85,41.47,0.04
2025-04-19 13:00:00,918.88,9.0,41.81,13.98
2025-04-19 14:00:00,761.12,8.65,41.59,27.8
2025-04-19 15:00:00,553.9,8.21,40.89,41.88
2025-04-19 16:00:00,320.42,7.72,39.67,56.09
2025-04-19 17:00:00,106.43,5.94,37.53,70.4
2025-04-19 18:00:00,3.9,3.62,32.95,85.72
2025-04-19 19:00:00,0.0,3.5,31.23,100.0
2025-04-19 20:00:00,0.0,3.7,30.32,100.0
2025-04-19 21:00:00,0.0,4.32,29.77,100.0
2025-04-19 22:00:00,0.0,5.45,29.49,97.85
2025-04-19 23:00:00,0.0,6.45,29.11,100.0
2025-04-20 00:00:00,0.0,6.57,28.3,98.9
2025-04-20 01:00:00,0.0,6.48,27.5,73.72
2025-04-20 02:00:00,0.0,6.35,26.86,100.0
2025-04-20 03:00:00,0.0,6.18,26.35,100.0
2025-04-20 04:00:00,0.0,5.85,25.9,100.0
2025-04-20 05:00:00,6.22,5.38,25.48,79.26
2025-04-20 06:00:00,106.05,6.13,26.88,57.86
2025-04-20 07:00:00,295.58,6.14,29.83,38.32
2025-04-20 08:00:00,526.03,6.34,33.62,18.91
2025-04-20 09:00:00,720.15,5.46,36.64,21.7
2025-04-20 10:00:00,857.78,5.01,38.16,26.17
2025-04-20 11:00:00,927.95,4.88,39.31,30.67
2025-04-20 12:00:00,921.92,4.98,40.03,35.17
2025-04-20 13:00:00,841.8,5.2,40.35,44.36
2025-04-20 14:00:00,693.55,5.31,40.23,53.54
2025-04-20 15:00:00,497.08,5.48,39.68,62.68
2025-04-20 16:00:00,279.38,5.57,38.68,71.98
2025-04-20 17:00:00,91.85,4.79,37.1,81.16
2025-04-20 18:00:00,3.75,3.31,33.65,90.7
2025-04-20 19:00:00,0.0,3.67,32.36,99.99
2025-04-20 20:00:00,0.0,4.2,31.58,99.99
2025-04-20 21:00:00,0.0,4.91,30.87,99.98
2025-04-20 22:00:00,0.0,5.4,29.95,99.99
2025-04-20 23:00:00,0.0,5.54,28.72,99.98
2025-04-21 00:00:00,0.0,5.49,27.32,84.01
2025-04-21 01:00:00,0.0,5.33,25.97,100.0
2025-04-21 02:00:00,0.0,4.96,24.86,71.63
2025-04-21 03:00:00,0.0,4.47,23.96,99.77
2025-04-21 04:00:00,0.0,4.01,23.2,98.98
2025-04-21 05:00:00,6.2,3.61,22.57,88.07
2025-04-21 06:00:00,115.68,3.81,24.97,73.37
2025-04-21 07:00:00,295.67,4.0,28.07,64.18
2025-04-21 08:00:00,499.67,3.62,32.55,53.37
2025-04-21 09:00:00,689.47,4.8,36.33,42.9
2025-04-21 10:00:00,842.55,5.31,37.86,32.38
2025-04-21 11:00:00,957.2,5.77,39.14,21.72
2025-04-21 12:00:00,992.35,6.1,39.91,11.03
2025-04-21 13:00:00,957.38,6.3,40.24,0.09
2025-04-21 14:00:00,792.25,6.14,40.18,16.69
2025-04-21 15:00:00,576.1,5.79,39.65,33.12
2025-04-21 16:00:00,332.08,5.35,38.67,49.67
2025-04-21 17:00:00,109.53,3.43,36.2,66.3
2025-04-21 18:00:00,4.25,2.97,31.38,83.31
2025-04-21 19:00:00,0.0,2.86,30.13,99.99
2025-04-21 20:00:00,0.0,2.96,29.07,99.98
2025-04-21 21:00:00,0.0,3.28,27.72,99.98
2025-04-21 22:00:00,0.0,3.58,26.49,99.89
2025-04-21 23:00:00,0.0,3.71,25.47,99.99
2025-04-22 00:00:00,0.0,3.75,24.53,99.95
2025-04-22 01:00:00,0.0,3.76,23.67,99.95
2025-04-22 02:00:00,0.0,3.66,22.8,78.1
2025-04-22 03:00:00,0.0,3.55,22.01,99.13
2025-04-22 04:00:00,0.0,3.42,21.34,98.47
2025-04-22 05:00:00,7.05,3.29,20.94,87.62
2025-04-22 06:00:00,118.62,3.24,24.24,74.08
2025-04-22 07:00:00,297.65,3.5,27.81,64.22
2025-04-22 08:00:00,497.8,3.07,32.73,53.47
2025-04-22 09:00:00,686.15,4.02,37.34,42.78
2025-04-22 10:00:00,838.25,4.25,38.91,32.22
2025-04-22 11:00:00,952.1,4.54,40.09,21.57
2025-04-22 12:00:00,991.1,4.88,40.81,10.94
2025-04-22 13:00:00,961.62,5.28,41.13,0.04
2025-04-22 14:00:00,787.78,5.55,40.92,16.43
2025-04-22 15:00:00,571.9,5.64,40.25,32.65
2025-04-22 16:00:00,334.67,5.48,39.07,49.15
2025-04-22 17:00:00,118.03,3.64,36.12,65.56
2025-04-22 18:00:00,5.12,3.52,30.51,83.34
2025-04-22 19:00:00,0.0,3.63,28.66,100.0
2025-04-22 20:00:00,0.0,3.67,27.42,100.0
2025-04-22 21:00:00,0.0,3.71,26.31,99.99
2025-04-22 22:00:00,0.0,3.71,25.33,99.97
2025-04-22 23:00:00,0.0,3.71,24.46,99.97
2025-04-23 00:00:00,0.0,3.66,23.66,99.86
2025-04-23 01:00:00,0.0,3.58,22.96,78.25
2025-04-23 02:00:00,0.0,3.53,22.27,99.73
2025-04-23 03:00:00,0.0,3.54,21.59,97.54
2025-04-23 04:00:00,0.0,3.58,20.95,99.84
2025-04-23 05:00:00,7.25,3.6,20.59,88.85
2025-04-23 06:00:00,134.12,3.47,23.99,74.43
2025-04-23 07:00:00,323.8,4.67,28.12,64.84
2025-04-23 08:00:00,537.6,4.49,32.73,53.91
2025-04-23 09:00:00,723.58,5.96,37.09,42.88
2025-04-23 10:00:00,872.33,6.08,38.54,32.17
2025-04-23 11:00:00,972.12,6.17,39.56,21.45
2025-04-23 12:00:00,1009.78,6.28,40.25,10.89
2025-04-23 13:00:00,979.55,6.45,40.62,0.08
2025-04-23 14:00:00,799.9,6.41,40.55,16.09
2025-04-23 15:00:00,577.22,6.16,39.94,31.74
2025-04-23 16:00:00,332.05,5.71,38.82,47.49
2025-04-23 17:00:00,112.4,3.5,35.75,63.12
2025-04-23 18:00:00,4.4,3.01,30.73,82.45
2025-04-23 19:00:00,0.0,2.54,30.23,98.94
2025-04-23 20:00:00,0.0,2.13,30.04,99.4
2025-04-23 21:00:00,0.0,2.1,29.16,99.98
2025-04-23 22:00:00,0.0,2.53,27.64,99.97
2025-04-23 23:00:00,0.0,3.17,25.67,99.77
2025-04-24 00:00:00,0.0,3.65,24.22,99.86
2025-04-24 01:00:00,0.0,3.9,23.61,85.45
2025-04-24 02:00:00,0.0,3.93,23.24,99.65
2025-04-24 03:00:00,0.0,3.88,22.77,99.65
2025-04-24 04:00:00,0.0,3.81,22.19,99.67
2025-04-24 05:00:00,7.38,3.7,21.74,87.18
2025-04-24 06:00:00,132.12,4.4,24.9,70.56
2025-04-24 07:00:00,318.17,4.92,28.25,60.29
2025-04-24 08:00:00,529.03,5.04,33.53,48.07
2025-04-24 09:00:00,721.15,6.2,38.48,35.59
2025-04-24 10:00:00,872.1,6.0,40.13,24.03
2025-04-24 11:00:00,983.25,5.79,41.24,12.54
2025-04-24 12:00:00,1024.22,5.6,41.92,0.22
2025-04-24 13:00:00,895.75,5.46,42.19,14.33
2025-04-24 14:00:00,720.45,5.38,41.99,28.12
2025-04-24 15:00:00,513.7,5.34,41.4,42.2
2025-04-24 16:00:00,295.85,5.23,40.37,56.38
2025-04-24 17:00:00,106.25,3.56,37.83,70.59
2025-04-24 18:00:00,4.75,3.35,32.64,85.71
2025-04-24 19:00:00,0.0,3.62,30.97,99.98
2025-04-24 20:00:00,0.0,3.82,29.91,99.94
2025-04-24 21:00:00,0.0,4.03,29.02,99.88
2025-04-24 22:00:00,0.0,4.34,28.24,99.88
2025-04-24 23:00:00,0.0,4.67,27.48,99.87
2025-04-25 00:00:00,0.0,4.88,26.7,99.89
2025-04-25 01:00:00,0.0,4.81,25.9,92.55
2025-04-25 02:00:00,0.0,4.54,25.12,99.94
2025-04-25 03:00:00,0.0,4.33,24.42,99.94
2025-04-25 04:00:00,0.0,4.17,23.8,99.83
2025-04-25 05:00:00,8.57,4.06,23.4,89.3
2025-04-25 06:00:00,121.2,5.39,25.78,77.58
2025-04-25 07:00:00,323.05,5.19,28.72,66.93
2025-04-25 08:00:00,546.05,4.93,33.29,56.37
2025-04-25 09:00:00,741.33,5.61,38.18,46.04
2025-04-25 10:00:00,885.47,5.54,40.81,35.77
2025-04-25 11:00:00,947.22,5.33,41.88,25.77
2025-04-25 12:00:00,795.7,5.24,42.41,49.65
2025-04-25 13:00:00,870.28,5.21,42.58,39.34
2025-04-25 14:00:00,738.75,4.91,42.29,29.79
2025-04-25 15:00:00,546.62,4.5,41.7,28.95
2025-04-25 16:00:00,306.15,4.14,40.63,45.64
2025-04-25 17:00:00,108.1,2.92,38.53,63.22
2025-04-25 18:00:00,5.25,2.66,34.5,81.68
2025-04-25 19:00:00,0.0,2.85,33.01,99.61
2025-04-25 20:00:00,0.0,2.96,31.99,99.51
2025-04-25 21:00:00,0.0,3.03,31.04,99.54
2025-04-25 22:00:00,0.0,3.02,30.19,99.61
2025-04-25 23:00:00,0.0,3.01,29.38,99.57
2025-04-26 00:00:00,0.0,3.12,28.49,92.81
2025-04-26 01:00:00,0.0,3.37,27.55,99.33
2025-04-26 02:00:00,0.0,3.43,26.6,84.45
2025-04-26 03:00:00,0.0,3.33,25.77,98.97
2025-04-26 04:00:00,0.0,3.19,25.06,98.43
2025-04-26 05:00:00,9.75,2.98,24.64,79.82
2025-04-26 06:00:00,133.38,3.72,26.82,59.3
2025-04-26 07:00:00,340.52,3.68,29.14,40.43
2025-04-26 08:00:00,571.28,3.46,32.63,23.8
2025-04-26 09:00:00,705.6,3.86,36.58,41.96
2025-04-26 10:00:00,772.55,3.91,39.33,53.42
2025-04-26 11:00:00,770.8,3.85,40.34,75.92
2025-04-26 12:00:00,718.62,3.72,40.84,71.54
2025-04-26 13:00:00,670.6,3.55,40.95,65.44
2025-04-26 14:00:00,525.08,3.3,40.58,72.64
2025-04-26 15:00:00,333.73,2.85,39.87,90.87
2025-04-26 16:00:00,188.18,2.28,38.87,92.62
2025-04-26 17:00:00,70.82,1.33,37.15,94.04
2025-04-26 18:00:00,3.5,0.63,34.92,97.03
2025-04-26 19:00:00,0.0,0.74,33.88,99.53
2025-04-26 20:00:00,0.0,1.33,32.84,99.38
2025-04-26 21:00:00,0.0,1.99,31.57,99.53
2025-04-26 22:00:00,0.0,2.73,29.97,98.98
2025-04-26 23:00:00,0.0,3.24,29.17,97.99
2025-04-27 00:00:00,0.0,3.96,28.51,91.16
2025-04-27 01:00:00,0.0,3.86,27.61,84.53
2025-04-27 02:00:00,0.0,3.72,26.91,66.49
2025-04-27 03:00:00,0.0,3.54,25.84,98.06
2025-04-27 04:00:00,0.0,3.33,25.01,99.58
2025-04-27 05:00:00,8.45,3.16,24.38,88.66
2025-04-27 06:00:00,118.25,3.7,26.45,73.29
2025-04-27 07:00:00,291.42,3.72,29.44,64.5
2025-04-27 08:00:00,500.05,2.8,34.34,53.91
2025-04-27 09:00:00,693.33,1.65,37.68,43.0
2025-04-27 10:00:00,840.92,1.19,39.48,32.57
2025-04-27 11:00:00,942.92,1.11,40.76,22.06
2025-04-27 12:00:00,962.33,1.52,41.5,11.86
2025-04-27 13:00:00,908.22,2.13,41.79,1.33
2025-04-27 14:00:00,768.15,2.65,41.72,1.52
2025-04-27 15:00:00,560.6,3.06,41.19,20.94
2025-04-27 16:00:00,329.38,3.31,40.21,40.43
2025-04-27 17:00:00,117.8,2.44,37.99,60.08
2025-04-27 18:00:00,6.2,2.51,33.73,80.28
2025-04-27 19:00:00,0.0,2.86,32.07,99.99
2025-04-27 20:00:00,0.0,3.05,30.91,99.97
2025-04-27 21:00:00,0.0,3.16,29.75,99.97
2025-04-27 22:00:00,0.0,3.28,28.6,99.96
2025-04-27 23:00:00,0.0,3.34,27.48,99.96
2025-04-28 00:00:00,0.0,3.34,26.45,99.97
2025-04-28 01:00:00,0.0,3.3,25.53,77.59
2025-04-28 02:00:00,0.0,3.28,24.72,99.97
2025-04-28 03:00:00,0.0,3.28,23.99,99.96
2025-04-28 04:00:00,0.0,3.36,23.34,99.85
2025-04-28 05:00:00,12.0,3.56,22.99,88.91
2025-04-28 06:00:00,145.77,5.01,25.35,75.59
2025-04-28 07:00:00,343.77,4.77,28.5,66.12
2025-04-28 08:00:00,557.12,4.68,33.56,55.43
2025-04-28 09:00:00,744.53,3.85,37.7,44.74
2025-04-28 10:00:00,883.55,2.54,40.11,34.02
2025-04-28 11:00:00,972.88,1.56,41.6,23.16
2025-04-28 12:00:00,981.95,1.22,42.48,12.31
2025-04-28 13:00:00,924.58,1.65,42.86,1.34
2025-04-28 14:00:00,758.2,2.45,42.9,17.62
2025-04-28 15:00:00,551.3,3.38,42.48,33.63
2025-04-28 16:00:00,332.5,4.22,41.53,48.48
2025-04-28 17:00:00,116.7,3.68,39.32,66.47
2025-04-28 18:00:00,6.53,3.46,34.49,83.5
2025-04-28 19:00:00,0.0,3.82,32.68,99.95
2025-04-28 20:00:00,0.0,3.83,31.48,99.92
2025-04-28 21:00:00,0.0,3.73,30.2,99.85
2025-04-28 22:00:00,0.0,3.59,28.94,99.89
2025-04-28 23:00:00,0.0,3.54,27.78,99.62
2025-04-29 00:00:00,0.0,3.71,26.75,99.87
2025-04-29 01:00:00,0.0,4.12,25.86,80.54
2025-04-29 02:00:00,0.0,4.48,24.97,98.37
2025-04-29 03:00:00,0.0,4.49,24.08,98.32
2025-04-29 04:00:00,0.0,4.27,23.25,99.13
2025-04-29 05:00:00,10.57,4.13,22.77,86.77
2025-04-29 06:00:00,136.07,5.44,24.87,71.62
2025-04-29 07:00:00,317.98,4.97,27.98,61.14
2025-04-29 08:00:00,526.15,5.16,32.5,49.05
2025-04-29 09:00:00,720.1,4.75,36.5,37.0
2025-04-29 10:00:00,875.85,3.94,38.83,24.88
2025-04-29 11:00:00,978.17,3.42,40.37,12.62
2025-04-29 12:00:00,1006.85,3.13,41.31,0.18
2025-04-29 13:00:00,917.42,2.99,41.72,14.45
2025-04-29 14:00:00,762.38,2.82,41.73,28.54
2025-04-29 15:00:00,554.17,2.58,41.3,42.67
2025-04-29 16:00:00,320.27,2.39,40.4,56.87
2025-04-29 17:00:00,112.5,1.93,38.34,71.03
2025-04-29 18:00:00,6.07,2.71,34.1,85.72
2025-04-29 19:00:00,0.0,3.44,32.35,99.99
2025-04-29 20:00:00,0.0,4.04,31.36,99.99
2025-04-29 21:00:00,0.0,4.42,30.28,99.99
2025-04-29 22:00:00,0.0,4.61,29.17,99.99
2025-04-29 23:00:00,0.0,4.63,28.14,99.98
2025-04-30 00:00:00,0.0,4.46,27.18,99.44
2025-04-30 01:00:00,0.0,4.23,26.29,26.95
2025-04-30 02:00:00,0.0,4.04,25.48,99.48
2025-04-30 03:00:00,0.0,3.92,24.71,99.48
2025-04-30 04:00:00,0.0,3.82,23.99,96.9
2025-04-30 05:00:00,12.75,3.87,23.52,84.8
2025-04-30 06:00:00,139.57,5.21,25.13,71.88
2025-04-30 07:00:00,341.8,5.01,28.02,59.95
2025-04-30 08:00:00,562.92,5.76,32.76,48.06
2025-04-30 09:00:00,757.45,5.5,36.12,36.18
2025-04-30 10:00:00,902.5,4.89,38.36,24.28
2025-04-30 11:00:00,964.65,4.06,40.03,12.35
2025-04-30 12:00:00,972.05,3.11,41.23,0.13
2025-04-30 13:00:00,894.38,2.22,41.89,0.76
2025-04-30 14:00:00,750.22,1.36,41.96,1.38
2025-04-30 15:00:00,553.62,0.73,41.61,2.01
2025-04-30 16:00:00,318.6,0.64,40.84,25.4
2025-04-30 17:00:00,113.53,1.1,39.18,50.35
2025-04-30 18:00:00,6.8,2.37,35.32,75.48
2025-04-30 19:00:00,0.0,3.44,33.41,99.99
2025-04-30 20:00:00,0.0,4.67,32.4,99.99
2025-04-30 21:00:00,0.0,5.34,31.14,99.99
2025-04-30 22:00:00,0.0,5.8,30.01,99.99
2025-04-30 23:00:00,0.0,5.86,29.02,99.98
2025-05-01 00:00:00,0.0,5.59,28.17,99.99
2025-05-01 01:00:00,0.0,5.17,27.4,83.43
2025-05-01 02:00:00,0.0,4.65,26.64,99.97
2025-05-01 03:00:00,0.0,4.35,25.97,98.96
2025-05-01 04:00:00,0.0,4.36,25.42,97.91
2025-05-01 05:00:00,13.5,4.73,25.13,0.2
2025-05-01 06:00:00,150.93,5.96,26.5,0.2
2025-05-01 07:00:00,357.48,6.51,29.79,0.2
2025-05-01 08:00:00,575.2,7.51,33.58,0.2
2025-05-01 09:00:00,760.4,7.32,35.91,0.2
2025-05-01 10:00:00,891.2,6.61,37.75,0.2
2025-05-01 11:00:00,976.85,5.66,39.37,0.2
2025-05-01 12:00:00,970.45,4.72,40.51,0.2
2025-05-01 13:00:00,880.25,3.91,41.17,6.01
2025-05-01 14:00:00,731.65,3.22,41.39,21.55
2025-05-01 15:00:00,534.47,2.79,41.12,36.79
2025-05-01 16:00:00,315.77,2.66,40.37,52.57
2025-05-01 17:00:00,117.12,2.67,38.95,68.07
2025-05-01 18:00:00,7.25,2.76,35.07,83.5
2025-05-01 19:00:00,0.0,3.83,33.72,99.15
2025-05-01 20:00:00,0.0,5.02,33.01,98.51
2025-05-01 21:00:00,0.0,5.67,31.97,98.74
2025-05-01 22:00:00,0.0,5.92,30.92,98.84
2025-05-01 23:00:00,0.0,5.89,30.08,99.4
2025-05-02 00:00:00,0.0,5.68,29.45,92.43
2025-05-02 01:00:00,0.0,5.48,28.96,94.49
2025-05-02 02:00:00,0.0,5.31,28.44,83.52
2025-05-02 03:00:00,0.0,5.33,27.76,99.29
2025-05-02 04:00:00,0.0,5.68,27.14,91.99
2025-05-02 05:00:00,12.07,6.2,26.59,92.07
2025-05-02 06:00:00,114.97,6.68,27.24,89.93
2025-05-02 07:00:00,263.45,6.69,29.39,88.41
2025-05-02 08:00:00,447.1,5.65,31.72,86.68
2025-05-02 09:00:00,680.47,4.16,33.85,6.33
2025-05-02 10:00:00,793.85,2.93,35.86,22.85
2025-05-02 11:00:00,905.2,1.66,37.64,38.73
2025-05-02 12:00:00,920.88,0.5,38.91,26.72
2025-05-02 13:00:00,827.6,0.85,39.85,71.48
2025-05-02 14:00:00,705.33,1.61,40.26,27.47
2025-05-02 15:00:00,537.05,2.01,40.14,4.02
2025-05-02 16:00:00,313.73,2.21,39.56,26.08
2025-05-02 17:00:00,111.57,2.46,38.26,48.27
2025-05-02 18:00:00,6.57,2.87,34.92,71.0
2025-05-02 19:00:00,0.0,4.91,33.02,93.37
2025-05-02 20:00:00,0.0,5.89,31.37,97.93
2025-05-02 21:00:00,0.0,5.98,29.95,97.41
2025-05-02 22:00:00,0.0,5.69,28.84,96.39
2025-05-02 23:00:00,0.0,5.35,27.94,98.29
2025-05-03 00:00:00,0.0,5.06,27.2,99.53
2025-05-03 01:00:00,0.0,4.82,26.55,99.47
2025-05-03 02:00:00,0.0,4.71,26.02,98.69
2025-05-03 03:00:00,0.0,4.77,25.68,99.31
2025-05-03 04:00:00,0.0,5.02,25.56,99.55
2025-05-03 05:00:00,10.73,5.39,25.52,93.49
2025-05-03 06:00:00,97.05,6.2,26.7,88.67
2025-05-03 07:00:00,213.73,7.2,29.31,85.52
2025-05-03 08:00:00,380.62,7.41,32.19,79.48
2025-05-03 09:00:00,588.5,6.79,34.79,37.7
2025-05-03 10:00:00,734.3,6.05,37.08,33.33
2025-05-03 11:00:00,842.05,5.42,38.57,26.77
2025-05-03 12:00:00,787.58,5.11,39.93,38.94
2025-05-03 13:00:00,662.0,5.14,40.82,54.67
2025-05-03 14:00:00,240.2,5.58,40.88,80.8
2025-05-03 15:00:00,70.05,6.12,40.14,100.0
2025-05-03 16:00:00,56.4,6.29,39.3,100.0
2025-05-03 17:00:00,30.42,5.44,38.09,100.0
2025-05-03 18:00:00,2.95,3.62,35.5,100.0
2025-05-03 19:00:00,0.0,4.15,34.23,100.0
2025-05-03 20:00:00,0.0,4.74,33.23,100.0
2025-05-03 21:00:00,0.0,5.0,32.18,99.66
2025-05-03 22:00:00,0.0,4.32,31.03,99.64
2025-05-03 23:00:00,0.0,3.62,30.06,99.36
2025-05-04 00:00:00,0.0,2.42,29.17,99.89
2025-05-04 01:00:00,0.0,0.99,28.4,100.0
2025-05-04 02:00:00,0.0,0.73,27.71,98.78
2025-05-04 03:00:00,0.0,1.35,27.0,100.0
2025-05-04 04:00:00,0.0,2.03,26.16,100.0
2025-05-04 05:00:00,7.53,2.72,26.0,99.99
2025-05-04 06:00:00,78.07,4.45,27.8,99.72
2025-05-04 07:00:00,198.45,4.88,30.71,97.89
2025-05-04 08:00:00,393.17,5.08,34.34,93.78
2025-05-04 09:00:00,564.58,4.45,36.09,90.49
2025-05-04 10:00:00,752.5,4.21,37.32,45.5
2025-05-04 11:00:00,914.0,4.4,38.28,19.36
2025-05-04 12:00:00,809.33,4.71,38.69,33.1
2025-05-04 13:00:00,803.45,4.89,38.75,28.46
2025-05-04 14:00:00,716.72,4.85,38.39,18.87
2025-05-04 15:00:00,536.42,4.82,37.88,15.37
2025-05-04 16:00:00,313.08,4.77,37.1,27.92
2025-05-04 17:00:00,115.15,4.12,35.99,40.4
2025-05-04 18:00:00,6.88,2.73,34.07,55.4
2025-05-04 19:00:00,0.0,2.8,33.09,68.61
2025-05-04 20:00:00,0.0,3.09,32.34,79.62
2025-05-04 21:00:00,0.0,3.34,31.38,86.24
2025-05-04 22:00:00,0.0,3.72,30.24,72.89
2025-05-04 23:00:00,0.0,4.2,29.18,61.13
2025-05-05 00:00:00,0.0,4.51,28.23,51.71
2025-05-05 01:00:00,0.0,4.32,27.24,63.54
2025-05-05 02:00:00,0.0,3.91,26.2,72.18
2025-05-05 03:00:00,0.0,3.79,25.38,99.83
2025-05-05 04:00:00,0.0,3.92,24.75,99.78
2025-05-05 05:00:00,12.05,4.15,24.4,99.11
2025-05-05 06:00:00,89.18,5.25,25.97,99.5
2025-05-05 07:00:00,219.4,5.5,28.84,97.45
2025-05-05 08:00:00,207.12,5.03,31.77,100.0
2025-05-05 09:00:00,276.02,3.73,34.08,100.0
2025-05-05 10:00:00,278.17,2.45,35.75,100.0
2025-05-05 11:00:00,455.88,1.9,36.88,99.49
2025-05-05 12:00:00,527.9,1.89,37.68,96.35
2025-05-05 13:00:00,628.88,2.1,38.11,77.05
2025-05-05 14:00:00,592.28,2.3,38.13,49.51
2025-05-05 15:00:00,437.58,2.5,37.66,44.38
2025-05-05 16:00:00,238.32,2.65,36.75,58.14
2025-05-05 17:00:00,95.3,2.65,35.44,69.54
2025-05-05 18:00:00,6.0,1.95,32.73,86.55
2025-05-05 19:00:00,0.0,2.15,31.49,99.4
2025-05-05 20:00:00,0.0,2.19,30.82,97.45
2025-05-05 21:00:00,0.0,2.27,29.89,99.77
2025-05-05 22:00:00,0.0,2.65,28.75,99.5
2025-05-05 23:00:00,0.0,2.86,27.72,99.28
2025-05-06 00:00:00,0.0,2.15,27.03,99.69
2025-05-06 01:00:00,0.0,1.24,26.73,99.91
2025-05-06 02:00:00,0.0,0.8,26.21,99.62
2025-05-06 03:00:00,0.0,0.98,25.64,99.58
2025-05-06 04:00:00,0.0,1.82,25.2,99.57
2025-05-06 05:00:00,11.25,2.37,24.79,99.15
2025-05-06 06:00:00,78.5,2.92,25.58,99.66
2025-05-06 07:00:00,183.85,2.87,27.27,99.37
2025-05-06 08:00:00,259.7,2.18,29.26,100.0
2025-05-06 09:00:00,448.4,1.25,30.9,100.0
2025-05-06 10:00:00,570.03,0.93,31.94,88.78
2025-05-06 11:00:00,860.12,1.4,32.99,76.42
2025-05-06 12:00:00,796.6,1.73,33.68,74.57
2025-05-06 13:00:00,831.25,1.72,33.97,23.94
2025-05-06 14:00:00,604.75,1.87,33.74,46.96
2025-05-06 15:00:00,342.65,2.26,33.2,59.8
2025-05-06 16:00:00,194.5,2.7,32.38,69.33
2025-05-06 17:00:00,74.78,3.19,31.33,78.91
2025-05-06 18:00:00,5.68,3.25,30.14,88.16
2025-05-06 19:00:00,0.0,3.3,29.27,96.94
2025-05-06 20:00:00,0.0,3.01,28.58,99.76
2025-05-06 21:00:00,0.0,2.64,28.09,99.84
2025-05-06 22:00:00,0.0,2.56,27.86,95.55
2025-05-06 23:00:00,0.0,2.53,27.55,97.78
2025-05-07 00:00:00,0.0,2.2,27.15,92.96
2025-05-07 01:00:00,0.0,1.84,26.74,99.89
2025-05-07 02:00:00,0.0,1.44,26.28,99.81
2025-05-07 03:00:00,0.0,1.16,25.89,99.38
2025-05-07 04:00:00,0.0,0.91,25.58,99.86
2025-05-07 05:00:00,15.05,0.76,25.27,79.88
2025-05-07 06:00:00,128.43,1.25,25.32,59.99
2025-05-07 07:00:00,298.35,2.15,26.05,42.51
2025-05-07 08:00:00,513.15,2.94,27.5,22.34
2025-05-07 09:00:00,677.88,3.4,29.0,21.12
2025-05-07 10:00:00,800.17,3.55,30.43,20.25
2025-05-07 11:00:00,851.8,3.42,31.71,19.89
2025-05-07 12:00:00,803.1,3.16,32.67,39.16
2025-05-07 13:00:00,590.55,2.86,33.28,62.65
2025-05-07 14:00:00,516.08,2.57,33.63,51.06
2025-05-07 15:00:00,359.7,2.41,33.58,65.38
2025-05-07 16:00:00,208.75,2.44,33.16,72.64
2025-05-07 17:00:00,81.82,2.33,32.42,80.51
2025-05-07 18:00:00,6.38,1.63,30.74,89.29
2025-05-07 19:00:00,0.0,2.37,29.89,96.78
2025-05-07 20:00:00,0.0,3.58,29.11,99.12
2025-05-07 21:00:00,0.0,4.09,28.05,98.72
2025-05-07 22:00:00,0.0,4.24,27.13,97.96
2025-05-07 23:00:00,0.0,4.29,26.36,85.34
2025-05-08 00:00:00,0.0,3.88,25.71,74.87
2025-05-08 01:00:00,0.0,3.21,25.11,96.37
2025-05-08 02:00:00,0.0,2.47,24.61,98.66
2025-05-08 03:00:00,0.0,2.09,24.26,100.0
2025-05-08 04:00:00,0.0,2.14,23.94,100.0
2025-05-08 05:00:00,12.3,2.85,23.9,93.34
2025-05-08 06:00:00,98.9,4.07,25.22,86.22
2025-05-08 07:00:00,213.8,4.56,27.49,80.27
2025-05-08 08:00:00,397.48,5.01,29.27,71.95
2025-05-08 09:00:00,637.58,5.35,30.3,33.23
2025-05-08 10:00:00,780.67,5.54,31.25,21.9
2025-05-08 11:00:00,787.28,5.52,31.94,42.49
2025-05-08 12:00:00,560.58,5.36,32.66,76.76
2025-05-08 13:00:00,380.58,5.08,33.03,87.76
2025-05-08 14:00:00,245.48,4.68,33.03,97.39
2025-05-08 15:00:00,69.75,4.25,32.55,100.0
2025-05-08 16:00:00,71.12,3.88,31.89,99.5
2025-05-08 17:00:00,62.17,3.6,30.98,98.99
2025-05-08 18:00:00,4.97,2.54,29.37,98.37
2025-05-08 19:00:00,0.0,2.65,28.42,97.63
2025-05-08 20:00:00,0.0,2.93,27.86,82.22
2025-05-08 21:00:00,0.0,3.02,27.27,52.31
2025-05-08 22:00:00,0.0,3.02,26.69,50.83
2025-05-08 23:00:00,0.0,2.9,26.16,27.1
2025-05-09 00:00:00,0.0,2.59,25.61,56.62
2025-05-09 01:00:00,0.0,2.28,25.12,95.65
2025-05-09 02:00:00,0.0,2.09,24.67,87.67
2025-05-09 03:00:00,0.0,1.92,24.17,87.44
2025-05-09 04:00:00,0.0,1.76,23.73,97.17
2025-05-09 05:00:00,13.5,1.69,23.68,80.86
2025-05-09 06:00:00,111.6,2.3,25.38,63.31
2025-05-09 07:00:00,263.25,1.88,28.62,48.08
2025-05-09 08:00:00,465.48,1.39,31.04,32.45
2025-05-09 09:00:00,675.42,1.26,32.72,13.42
2025-05-09 10:00:00,822.92,1.23,34.09,8.96
2025-05-09 11:00:00,935.65,1.06,35.21,0.51
2025-05-09 12:00:00,907.65,0.71,35.97,8.95
2025-05-09 13:00:00,812.15,0.2,36.32,12.13
2025-05-09 14:00:00,573.78,0.29,36.27,50.46
2025-05-09 15:00:00,385.92,0.77,35.77,63.23
2025-05-09 16:00:00,221.95,1.22,35.18,70.85
2025-05-09 17:00:00,87.0,1.54,34.35,77.76
2025-05-09 18:00:00,7.12,1.27,32.73,85.27
2025-05-09 19:00:00,0.0,1.56,31.59,94.56
2025-05-09 20:00:00,0.0,1.89,30.89,86.08
2025-05-09 21:00:00,0.0,2.38,30.15,88.67
2025-05-09 22:00:00,0.0,3.04,29.42,92.48
2025-05-09 23:00:00,0.0,3.81,28.79,93.74
2025-05-10 00:00:00,0.0,4.3,28.07,97.47
2025-05-10 01:00:00,0.0,4.59,27.36,99.85
2025-05-10 02:00:00,0.0,4.54,26.79,99.6
2025-05-10 03:00:00,0.0,4.25,26.31,99.36
2025-05-10 04:00:00,0.0,3.95,25.88,99.42
2025-05-10 05:00:00,14.3,3.82,25.63,91.96
2025-05-10 06:00:00,111.93,3.77,26.74,84.23
2025-05-10 07:00:00,241.38,3.23,29.65,78.13
2025-05-10 08:00:00,425.98,2.39,33.15,71.86
2025-05-10 09:00:00,660.83,2.36,35.09,3.02
2025-05-10 10:00:00,794.28,2.86,36.24,2.53
2025-05-10 11:00:00,879.5,3.3,36.58,13.25
2025-05-10 12:00:00,831.83,3.6,36.89,22.81
2025-05-10 13:00:00,688.53,3.77,37.07,45.8
2025-05-10 14:00:00,581.28,3.82,37.05,39.52
2025-05-10 15:00:00,442.48,3.82,36.82,26.34
2025-05-10 16:00:00,249.1,3.72,36.29,30.74
2025-05-10 17:00:00,94.4,3.31,35.43,33.77
2025-05-10 18:00:00,7.62,1.9,33.33,40.85
2025-05-10 19:00:00,0.0,1.84,32.34,46.06
2025-05-10 20:00:00,0.0,1.8,31.74,62.23
2025-05-10 21:00:00,0.0,1.82,31.11,70.67
2025-05-10 22:00:00,0.0,1.84,30.51,67.17
2025-05-10 23:00:00,0.0,1.85,29.91,68.84
2025-05-11 00:00:00,0.0,1.89,29.27,80.61
2025-05-11 01:00:00,0.0,1.95,28.49,79.53
2025-05-11 02:00:00,0.0,1.97,27.69,94.22
2025-05-11 03:00:00,0.0,1.88,27.12,90.84
2025-05-11 04:00:00,0.0,1.88,26.57,74.57
2025-05-11 05:00:00,16.6,1.99,26.32,56.21
2025-05-11 06:00:00,131.23,2.61,27.6,36.59
2025-05-11 07:00:00,309.98,2.45,30.46,22.8
2025-05-11 08:00:00,504.92,2.46,34.23,2.51
2025-05-11 09:00:00,697.65,2.59,36.8,3.18
2025-05-11 10:00:00,829.58,2.6,38.46,3.85
2025-05-11 11:00:00,856.7,2.75,39.9,4.52
2025-05-11 12:00:00,734.0,3.11,40.84,35.31
2025-05-11 13:00:00,707.08,3.54,41.29,29.88
2025-05-11 14:00:00,608.75,4.03,41.39,24.23
2025-05-11 15:00:00,464.15,4.34,40.96,11.51
2025-05-11 16:00:00,259.95,4.23,39.94,26.04
2025-05-11 17:00:00,102.93,3.02,38.57,43.97
2025-05-11 18:00:00,8.2,1.95,35.87,62.5
2025-05-11 19:00:00,0.0,1.62,34.89,79.87
2025-05-11 20:00:00,0.0,1.46,34.08,96.39
2025-05-11 21:00:00,0.0,1.65,33.41,90.99
2025-05-11 22:00:00,0.0,1.91,32.91,95.95
2025-05-11 23:00:00,0.0,2.26,32.07,91.27
2025-05-12 00:00:00,0.0,2.7,30.96,88.38
2025-05-12 01:00:00,0.0,2.82,29.91,94.44
2025-05-12 02:00:00,0.0,2.63,28.81,76.62
2025-05-12 03:00:00,0.0,2.5,27.93,70.85
2025-05-12 04:00:00,0.0,2.44,27.23,78.08
2025-05-12 05:00:00,18.65,2.5,26.82,58.42
2025-05-12 06:00:00,144.7,3.51,28.58,36.44
2025-05-12 07:00:00,331.6,3.15,31.85,20.75
2025-05-12 08:00:00,540.47,2.41,35.18,2.01
2025-05-12 09:00:00,726.35,1.92,37.31,1.01
2025-05-12 10:00:00,856.85,1.99,38.96,1.25
2025-05-12 11:00:00,966.95,2.18,40.24,1.5
2025-05-12 12:00:00,933.3,2.52,41.16,1.75
2025-05-12 13:00:00,796.65,2.99,41.64,15.83
2025-05-12 14:00:00,608.42,3.44,41.7,36.73
2025-05-12 15:00:00,345.0,3.66,40.61,58.76
2025-05-12 16:00:00,200.6,3.66,38.87,65.22
2025-05-12 17:00:00,84.15,2.78,37.06,70.51
2025-05-12 18:00:00,6.57,1.72,35.01,78.89
2025-05-12 19:00:00,0.0,2.58,33.39,85.07
2025-05-12 20:00:00,0.0,4.73,32.18,91.1
2025-05-12 21:00:00,0.0,6.41,30.91,99.69
2025-05-12 22:00:00,0.0,6.94,29.56,97.56
2025-05-12 23:00:00,0.0,6.72,28.27,96.47
2025-05-13 00:00:00,0.0,5.91,27.55,85.47
2025-05-13 01:00:00,0.0,5.04,27.08,82.14
2025-05-13 02:00:00,0.0,4.09,26.74,75.47
2025-05-13 03:00:00,0.0,3.5,26.48,69.65
2025-05-13 04:00:00,0.0,3.29,26.22,80.27
2025-05-13 05:00:00,18.0,3.54,26.27,64.62
2025-05-13 06:00:00,136.93,4.45,27.76,48.08
2025-05-13 07:00:00,307.45,4.63,30.72,35.06
2025-05-13 08:00:00,505.02,5.53,34.52,20.41
2025-05-13 09:00:00,699.25,5.13,36.67,11.09
2025-05-13 10:00:00,813.22,4.63,38.11,6.15
2025-05-13 11:00:00,969.33,4.29,39.16,13.14
2025-05-13 12:00:00,959.45,4.11,39.89,11.71
2025-05-13 13:00:00,889.42,4.08,40.23,7.41
2025-05-13 14:00:00,691.9,4.08,40.05,27.28
2025-05-13 15:00:00,434.05,4.02,39.43,51.65
2025-05-13 16:00:00,250.15,3.75,38.46,56.39
2025-05-13 17:00:00,102.22,2.94,37.24,60.51
2025-05-13 18:00:00,8.8,1.47,34.8,64.58
2025-05-13 19:00:00,0.0,0.94,33.87,68.67
2025-05-13 20:00:00,0.0,0.86,33.12,82.36
2025-05-13 21:00:00,0.0,1.43,31.99,98.39
2025-05-13 22:00:00,0.0,1.78,30.96,92.82
2025-05-13 23:00:00,0.0,1.89,30.26,96.97
2025-05-14 00:00:00,0.0,1.92,29.61,99.3
2025-05-14 01:00:00,0.0,1.99,29.22,87.01
2025-05-14 02:00:00,0.0,2.2,28.66,97.35
2025-05-14 03:00:00,0.0,2.43,27.86,99.13
2025-05-14 04:00:00,0.0,2.6,26.97,99.46
2025-05-14 05:00:00,17.73,3.08,26.74,80.95
2025-05-14 06:00:00,139.6,4.53,28.17,60.93
2025-05-14 07:00:00,320.25,4.89,31.02,44.29
2025-05-14 08:00:00,545.88,6.06,35.1,25.98
2025-05-14 09:00:00,743.85,6.31,37.63,4.52
2025-05-14 10:00:00,877.2,5.98,39.22,1.51
2025-05-14 11:00:00,967.92,5.55,40.51,1.04
2025-05-14 12:00:00,961.88,5.19,41.33,3.34
2025-05-14 13:00:00,883.83,4.92,41.79,6.05
2025-05-14 14:00:00,716.53,4.64,41.83,21.43
2025-05-14 15:00:00,559.7,4.28,41.54,8.68
2025-05-14 16:00:00,318.62,3.86,40.81,27.56
2025-05-14 17:00:00,122.55,2.88,39.43,41.06
2025-05-14 18:00:00,9.1,1.91,36.15,63.4
2025-05-14 19:00:00,0.0,1.72,35.3,81.1
2025-05-14 20:00:00,0.0,1.54,34.73,95.84
2025-05-14 21:00:00,0.0,1.56,33.74,99.32
2025-05-14 22:00:00,0.0,1.76,32.51,99.42
2025-05-14 23:00:00,0.0,2.17,31.22,99.71
2025-05-15 00:00:00,0.0,2.7,29.8,98.88
2025-05-15 01:00:00,0.0,3.35,28.71,60.05
2025-05-15 02:00:00,0.0,3.69,27.92,77.94
2025-05-15 03:00:00,0.0,3.82,27.22,81.38
2025-05-15 04:00:00,0.0,3.92,26.59,83.19
2025-05-15 05:00:00,20.42,4.32,26.4,82.55
2025-05-15 06:00:00,157.12,5.7,28.14,81.26
2025-05-15 07:00:00,349.08,5.5,30.93,81.05
2025-05-15 08:00:00,545.03,6.23,35.66,80.77
2025-05-15 09:00:00,745.2,6.55,38.85,61.21
2025-05-15 10:00:00,887.3,6.22,40.55,41.76
2025-05-15 11:00:00,966.92,5.8,41.7,22.27
2025-05-15 12:00:00,970.15,5.45,42.49,2.75
2025-05-15 13:00:00,889.4,5.2,42.89,6.73
2025-05-15 14:00:00,666.25,5.08,42.94,39.38
2025-05-15 15:00:00,439.98,4.95,42.61,55.03
2025-05-15 16:00:00,266.3,4.75,41.81,67.09
2025-05-15 17:00:00,104.62,3.64,40.25,78.94
2025-05-15 18:00:00,10.05,2.71,36.3,88.64
2025-05-15 19:00:00,0.0,2.86,34.63,99.98
2025-05-15 20:00:00,0.0,2.86,33.67,91.01
2025-05-15 21:00:00,0.0,2.89,32.73,89.9
2025-05-15 22:00:00,0.0,2.96,31.78,86.54
2025-05-15 23:00:00,0.0,3.06,30.83,89.52
2025-05-16 00:00:00,0.0,3.23,29.88,81.45
2025-05-16 01:00:00,0.0,3.37,28.95,50.46
2025-05-16 02:00:00,0.0,3.54,28.11,42.02
2025-05-16 03:00:00,0.0,3.78,27.37,28.27
2025-05-16 04:00:00,0.0,3.99,26.75,27.91
2025-05-16 05:00:00,22.12,4.47,26.71,25.92
2025-05-16 06:00:00,166.95,5.9,28.82,23.81
2025-05-16 07:00:00,364.95,5.62,32.0,22.51
2025-05-16 08:00:00,565.17,6.4,37.27,20.81
2025-05-16 09:00:00,737.2,6.74,40.54,18.99
2025-05-16 10:00:00,861.35,6.64,42.38,17.24
2025-05-16 11:00:00,943.92,6.5,43.56,15.43
2025-05-16 12:00:00,966.62,6.4,44.19,13.69
2025-05-16 13:00:00,889.72,6.4,44.36,16.54
2025-05-16 14:00:00,738.08,5.95,44.18,18.52
2025-05-16 15:00:00,525.3,5.31,43.66,28.71
2025-05-16 16:00:00,307.17,4.71,42.8,39.03
2025-05-16 17:00:00,122.53,3.34,41.27,49.81
2025-05-16 18:00:00,10.4,2.24,37.65,59.99
2025-05-16 19:00:00,0.0,2.07,36.6,70.71
2025-05-16 20:00:00,0.0,2.16,35.84,67.42
2025-05-16 21:00:00,0.0,2.84,34.35,83.02
2025-05-16 22:00:00,0.0,3.7,32.87,85.23
2025-05-16 23:00:00,0.0,4.45,31.93,85.27
2025-05-17 00:00:00,0.0,5.34,31.13,81.01
2025-05-17 01:00:00,0.0,5.91,30.47,57.2
2025-05-17 02:00:00,0.0,5.94,29.78,73.33
2025-05-17 03:00:00,0.0,5.89,29.15,58.21
2025-05-17 04:00:00,0.0,5.49,28.58,63.29
2025-05-17 05:00:00,23.02,5.35,28.4,55.09
2025-05-17 06:00:00,161.93,5.92,30.07,46.3
2025-05-17 07:00:00,366.08,7.39,33.73,38.67
2025-05-17 08:00:00,577.92,8.83,37.12,30.9
2025-05-17 09:00:00,757.72,8.04,39.26,23.16
2025-05-17 10:00:00,886.35,7.27,40.99,15.57
2025-05-17 11:00:00,979.7,6.83,42.42,7.8
2025-05-17 12:00:00,975.08,6.68,43.39,0.0
2025-05-17 13:00:00,811.85,6.76,43.9,22.51
2025-05-17 14:00:00,718.4,6.78,43.89,20.67
2025-05-17 15:00:00,524.25,6.91,43.53,21.78
2025-05-17 16:00:00,322.62,7.05,42.78,20.36
2025-05-17 17:00:00,136.25,6.7,41.54,16.31
2025-05-17 18:00:00,11.9,4.15,38.85,14.24
2025-05-17 19:00:00,0.0,3.73,37.0,11.88
2025-05-17 20:00:00,0.0,4.25,35.98,7.06
2025-05-17 21:00:00,0.0,5.17,34.99,9.66
2025-05-17 22:00:00,0.0,5.99,34.02,12.59
2025-05-17 23:00:00,0.0,6.67,33.16,25.85
2025-05-18 00:00:00,0.0,7.16,32.38,28.88
2025-05-18 01:00:00,0.0,7.5,31.75,43.6
2025-05-18 02:00:00,0.0,7.48,31.24,0.81
2025-05-18 03:00:00,0.0,7.32,30.83,41.79
2025-05-18 04:00:00,0.0,7.12,30.44,38.04
2025-05-18 05:00:00,20.62,7.04,30.32,34.38
2025-05-18 06:00:00,150.75,7.36,31.91,30.41
2025-05-18 07:00:00,338.2,7.51,35.03,27.25
2025-05-18 08:00:00,536.0,7.06,37.96,23.9
2025-05-18 09:00:00,711.08,6.03,40.11,20.51
2025-05-18 10:00:00,841.88,5.53,41.73,17.19
2025-05-18 11:00:00,939.6,5.47,43.02,13.77
2025-05-18 12:00:00,943.62,5.68,43.9,10.49
2025-05-18 13:00:00,895.0,6.04,44.35,7.17
2025-05-18 14:00:00,757.2,6.22,44.35,9.24
2025-05-18 15:00:00,570.47,6.27,43.98,9.61
2025-05-18 16:00:00,355.62,6.26,43.18,7.98
2025-05-18 17:00:00,144.65,5.89,41.98,8.62
2025-05-18 18:00:00,12.9,3.43,39.28,8.39
2025-05-18 19:00:00,0.0,3.01,37.68,7.49
2025-05-18 20:00:00,0.0,3.13,37.06,3.02
2025-05-18 21:00:00,0.0,3.48,36.27,5.4
2025-05-18 22:00:00,0.0,3.81,35.31,6.41
2025-05-18 23:00:00,0.0,4.22,34.4,6.97
2025-05-19 00:00:00,0.0,4.7,33.53,7.97
2025-05-19 01:00:00,0.0,4.95,32.66,8.47
2025-05-19 02:00:00,0.0,5.04,31.96,5.05
2025-05-19 03:00:00,0.0,5.07,31.36,18.75
2025-05-19 04:00:00,0.0,5.13,30.82,17.83
2025-05-19 05:00:00,24.05,5.63,30.71,18.34
2025-05-19 06:00:00,170.05,6.57,32.32,19.03
2025-05-19 07:00:00,372.5,7.41,35.7,20.04
2025-05-19 08:00:00,578.5,8.39,38.84,20.61
2025-05-19 09:00:00,754.9,8.11,41.16,21.08
2025-05-19 10:00:00,881.0,7.35,42.66,21.51
2025-05-19 11:00:00,957.58,6.71,43.78,21.92
2025-05-19 12:00:00,943.9,6.29,44.43,23.47
2025-05-19 13:00:00,740.67,6.03,44.78,39.31
2025-05-19 14:00:00,663.42,5.68,44.8,35.18
2025-05-19 15:00:00,512.62,5.41,44.41,25.39
2025-05-19 16:00:00,302.12,5.26,43.63,40.25
2025-05-19 17:00:00,121.47,4.81,42.31,55.91
2025-05-19 18:00:00,11.52,2.96,38.33,71.26
2025-05-19 19:00:00,0.0,3.12,36.21,86.51
2025-05-19 20:00:00,0.0,3.28,35.33,91.38
2025-05-19 21:00:00,0.0,3.56,34.58,95.39
2025-05-19 22:00:00,0.0,3.93,33.9,96.41
2025-05-19 23:00:00,0.0,4.32,33.23,87.8
2025-05-20 00:00:00,0.0,4.51,32.52,66.59
2025-05-20 01:00:00,0.0,4.6,31.83,50.96
2025-05-20 02:00:00,0.0,4.8,31.4,67.77
2025-05-20 03:00:00,0.0,5.3,30.97,70.81
2025-05-20 04:00:00,0.0,5.66,30.39,67.31
2025-05-20 05:00:00,19.52,6.01,30.13,54.37
2025-05-20 06:00:00,145.98,6.74,31.59,39.5
2025-05-20 07:00:00,332.35,7.01,34.93,28.81
2025-05-20 08:00:00,547.83,7.66,39.04,16.79
2025-05-20 09:00:00,758.4,7.36,41.62,3.89
2025-05-20 10:00:00,892.03,7.3,43.11,2.85
2025-05-20 11:00:00,997.9,7.32,44.14,1.81
2025-05-20 12:00:00,992.0,7.41,44.85,0.77
2025-05-20 13:00:00,919.7,7.44,45.22,1.19
2025-05-20 14:00:00,762.35,7.3,45.16,17.79
2025-05-20 15:00:00,567.58,7.11,44.68,34.09
2025-05-20 16:00:00,352.0,6.93,43.78,50.5
2025-05-20 17:00:00,148.0,6.19,42.42,66.87
2025-05-20 18:00:00,15.1,3.61,38.98,83.51
2025-05-20 19:00:00,0.0,3.41,36.82,99.99
2025-05-20 20:00:00,0.0,3.44,35.73,99.97
2025-05-20 21:00:00,0.0,3.56,34.79,99.97
2025-05-20 22:00:00,0.0,3.74,33.92,99.96
2025-05-20 23:00:00,0.0,4.01,33.09,99.98
2025-05-21 00:00:00,0.0,4.42,32.36,98.36
2025-05-21 01:00:00,0.0,4.88,31.67,72.33
2025-05-21 02:00:00,0.0,5.36,31.04,90.64
2025-05-21 03:00:00,0.0,5.66,30.48,67.67
2025-05-21 04:00:00,0.0,5.71,29.92,55.09
2025-05-21 05:00:00,22.33,5.92,29.7,47.74
2025-05-21 06:00:00,156.95,6.62,31.17,39.36
2025-05-21 07:00:00,347.52,6.52,34.43,33.08
2025-05-21 08:00:00,553.53,6.87,38.8,26.48
2025-05-21 09:00:00,734.8,6.37,41.91,19.98
2025-05-21 10:00:00,869.62,5.85,43.4,13.63
2025-05-21 11:00:00,983.5,5.53,44.55,7.07
2025-05-21 12:00:00,989.22,5.42,45.21,0.57
2025-05-21 13:00:00,914.15,5.43,45.5,3.54
2025-05-21 14:00:00,768.2,5.53,45.53,8.99
2025-05-21 15:00:00,588.3,5.67,45.17,6.33
2025-05-21 16:00:00,349.33,5.69,44.38,27.77
2025-05-21 17:00:00,144.95,5.26,43.15,49.94
2025-05-21 18:00:00,14.2,3.1,39.68,74.31
2025-05-21 19:00:00,0.0,3.12,37.56,97.12
2025-05-21 20:00:00,0.0,3.05,36.5,98.94
2025-05-21 21:00:00,0.0,2.9,35.38,99.58
2025-05-21 22:00:00,0.0,2.68,34.29,98.69
2025-05-21 23:00:00,0.0,2.39,33.21,94.81
2025-05-22 00:00:00,0.0,1.97,32.17,79.95
2025-05-22 01:00:00,0.0,1.52,31.16,60.36
2025-05-22 02:00:00,0.0,1.03,30.27,87.93
2025-05-22 03:00:00,0.0,0.92,29.67,94.63
2025-05-22 04:00:00,0.0,1.07,29.29,97.63
2025-05-22 05:00:00,22.9,1.04,29.27,85.52
2025-05-22 06:00:00,157.9,1.16,31.27,72.69
2025-05-22 07:00:00,345.62,1.0,34.73,61.29
2025-05-22 08:00:00,552.17,1.58,38.54,49.23
2025-05-22 09:00:00,731.95,2.36,40.72,37.16
2025-05-22 10:00:00,861.4,3.06,42.27,25.06
2025-05-22 11:00:00,957.22,3.57,43.5,12.9
2025-05-22 12:00:00,955.72,4.05,44.24,0.62
2025-05-22 13:00:00,874.9,4.48,44.56,6.26
2025-05-22 14:00:00,675.42,4.72,44.5,29.74
2025-05-22 15:00:00,411.6,4.64,44.02,52.53
2025-05-22 16:00:00,234.85,4.35,43.29,60.87
2025-05-22 17:00:00,103.3,3.71,41.95,67.78
2025-05-22 18:00:00,11.6,3.07,39.64,74.04
2025-05-22 19:00:00,0.0,4.63,37.43,82.36
2025-05-22 20:00:00,0.0,5.39,35.58,91.12
2025-05-22 21:00:00,0.0,5.8,34.28,83.96
2025-05-22 22:00:00,0.0,6.14,33.29,76.2
2025-05-22 23:00:00,0.0,6.0,32.48,68.85
2025-05-23 00:00:00,0.0,5.81,31.93,32.43
2025-05-23 01:00:00,0.0,5.82,31.47,37.85
2025-05-23 02:00:00,0.0,5.57,31.14,22.38
2025-05-23 03:00:00,0.0,4.89,30.72,79.06
2025-05-23 04:00:00,0.0,4.15,30.18,94.23
2025-05-23 05:00:00,20.08,3.96,29.95,84.06
2025-05-23 06:00:00,143.32,4.3,31.44,71.24
2025-05-23 07:00:00,310.92,4.39,33.87,62.69
2025-05-23 08:00:00,508.7,4.33,36.8,52.74
2025-05-23 09:00:00,686.47,4.09,39.47,43.06
2025-05-23 10:00:00,819.5,4.1,41.59,33.36
2025-05-23 11:00:00,968.58,4.24,43.15,23.48
2025-05-23 12:00:00,966.08,4.32,44.16,13.51
2025-05-23 13:00:00,899.22,4.28,44.71,3.46
2025-05-23 14:00:00,762.15,4.12,44.76,6.0
2025-05-23 15:00:00,549.67,3.88,44.48,20.03
2025-05-23 16:00:00,317.62,3.49,43.8,33.38
2025-05-23 17:00:00,125.93,2.7,42.64,47.59
2025-05-23 18:00:00,11.75,1.68,39.47,63.09
2025-05-23 19:00:00,0.0,3.53,37.88,77.76
2025-05-23 20:00:00,0.0,5.42,36.36,79.33
2025-05-23 21:00:00,0.0,6.08,34.91,81.97
2025-05-23 22:00:00,0.0,6.64,34.02,87.23
2025-05-23 23:00:00,0.0,6.67,33.17,91.81
2025-05-24 00:00:00,0.0,6.39,32.42,85.04
2025-05-24 01:00:00,0.0,6.52,31.9,74.61
2025-05-24 02:00:00,0.0,6.45,31.38,30.5
2025-05-24 03:00:00,0.0,6.28,30.81,78.38
2025-05-24 04:00:00,0.0,6.18,30.24,80.91
2025-05-24 05:00:00,22.9,6.36,29.95,71.77
2025-05-24 06:00:00,152.4,6.98,31.54,61.87
2025-05-24 07:00:00,337.95,7.56,34.43,53.05
2025-05-24 08:00:00,542.0,7.35,37.17,44.28
2025-05-24 09:00:00,718.08,6.61,39.49,35.81
2025-05-24 10:00:00,849.7,5.73,41.35,27.18
2025-05-24 11:00:00,959.65,4.91,42.77,18.47
2025-05-24 12:00:00,960.42,4.28,43.68,9.75
2025-05-24 13:00:00,895.95,3.92,44.13,0.76
2025-05-24 14:00:00,758.35,3.87,44.16,1.51
2025-05-24 15:00:00,571.88,4.04,43.8,2.51
2025-05-24 16:00:00,341.2,4.45,42.99,20.72
2025-05-24 17:00:00,139.3,5.09,41.72,41.63
2025-05-24 18:00:00,14.12,5.18,39.63,62.42
2025-05-24 19:00:00,0.0,6.95,38.04,83.03
2025-05-24 20:00:00,0.0,7.94,36.73,90.16
2025-05-24 21:00:00,0.0,8.24,35.44,96.99
2025-05-24 22:00:00,0.0,8.45,34.41,82.21
2025-05-24 23:00:00,0.0,8.15,33.68,97.06
2025-05-25 00:00:00,0.0,8.16,33.25,100.0
2025-05-25 01:00:00,0.0,7.73,32.71,99.94
2025-05-25 02:00:00,0.0,6.51,31.93,100.0
2025-05-25 03:00:00,0.0,5.71,31.22,99.71
2025-05-25 04:00:00,0.0,5.21,30.53,99.24
2025-05-25 05:00:00,19.6,5.37,30.03,78.5
2025-05-25 06:00:00,144.2,6.25,31.03,52.15
2025-05-25 07:00:00,319.5,6.43,32.64,34.44
2025-05-25 08:00:00,521.08,6.52,33.74,20.36
2025-05-25 09:00:00,671.95,6.36,35.4,38.06
2025-05-25 10:00:00,868.0,5.54,36.91,6.04
2025-05-25 11:00:00,945.4,4.39,38.17,3.41
2025-05-25 12:00:00,943.9,3.4,39.09,1.79
2025-05-25 13:00:00,874.33,2.84,39.63,0.17
2025-05-25 14:00:00,739.72,2.81,39.54,1.65
2025-05-25 15:00:00,556.53,3.3,38.78,3.13
2025-05-25 16:00:00,342.38,4.08,37.95,4.61
2025-05-25 17:00:00,137.15,4.97,36.73,3.95
2025-05-25 18:00:00,14.6,5.42,34.82,7.55
2025-05-25 19:00:00,0.0,6.31,33.09,9.01
2025-05-25 20:00:00,0.0,6.47,31.86,4.96
2025-05-25 21:00:00,0.0,6.28,30.95,2.01
2025-05-25 22:00:00,0.0,6.04,30.28,11.99
2025-05-25 23:00:00,0.0,5.73,29.8,28.32
2025-05-26 00:00:00,0.0,5.45,29.49,24.27
2025-05-26 01:00:00,0.0,5.13,29.21,45.46
2025-05-26 02:00:00,0.0,4.89,29.0,26.88
2025-05-26 03:00:00,0.0,4.59,28.78,24.99
2025-05-26 04:00:00,0.0,4.39,28.49,34.51
2025-05-26 05:00:00,25.0,4.74,28.43,32.59
2025-05-26 06:00:00,165.6,5.38,29.8,30.48
2025-05-26 07:00:00,348.67,5.7,32.54,30.31
2025-05-26 08:00:00,540.92,5.72,35.05,27.15
2025-05-26 09:00:00,702.88,5.14,36.97,25.11
2025-05-26 10:00:00,822.6,4.38,38.45,23.08
2025-05-26 11:00:00,883.28,3.74,39.6,22.57
2025-05-26 12:00:00,870.47,3.25,40.31,19.0
2025-05-26 13:00:00,795.95,3.02,40.7,28.83
2025-05-26 14:00:00,674.2,3.14,40.77,18.57
2025-05-26 15:00:00,496.9,3.46,40.38,22.6
2025-05-26 16:00:00,282.42,3.88,39.56,32.72
2025-05-26 17:00:00,118.75,4.58,38.22,42.1
2025-05-26 18:00:00,13.25,5.2,36.18,55.1
2025-05-26 19:00:00,0.0,6.5,34.39,66.5
2025-05-26 20:00:00,0.0,7.06,33.01,54.62
2025-05-26 21:00:00,0.0,7.06,31.9,50.44
2025-05-26 22:00:00,0.0,6.65,31.0,55.61
2025-05-26 23:00:00,0.0,6.18,30.27,65.92
2025-05-27 00:00:00,0.0,5.76,29.69,61.18
2025-05-27 01:00:00,0.0,5.45,29.16,44.46
2025-05-27 02:00:00,0.0,5.06,28.69,60.84
2025-05-27 03:00:00,0.0,4.72,28.27,77.88
2025-05-27 04:00:00,0.0,4.59,27.85,99.81
2025-05-27 05:00:00,23.7,4.92,27.69,75.92
2025-05-27 06:00:00,149.73,5.66,29.2,51.78
2025-05-27 07:00:00,330.67,5.94,31.84,30.84
2025-05-27 08:00:00,537.38,5.23,34.24,4.02
2025-05-27 09:00:00,720.78,4.05,36.32,7.91
2025-05-27 10:00:00,835.9,2.73,38.05,18.89
2025-05-27 11:00:00,902.42,1.61,39.3,23.81
2025-05-27 12:00:00,844.88,0.85,40.1,76.4
2025-05-27 13:00:00,833.55,0.51,40.51,12.57
2025-05-27 14:00:00,695.1,0.6,40.61,18.79
2025-05-27 15:00:00,510.62,0.88,40.28,29.56
2025-05-27 16:00:00,316.58,1.13,39.67,26.85
2025-05-27 17:00:00,135.48,1.45,38.89,21.25
2025-05-27 18:00:00,15.0,1.64,37.72,20.7
2025-05-27 19:00:00,0.0,2.59,36.56,18.22
2025-05-27 20:00:00,0.0,3.93,35.82,25.04
2025-05-27 21:00:00,0.0,4.91,34.84,24.54
2025-05-27 22:00:00,0.0,5.25,33.76,29.79
2025-05-27 23:00:00,0.0,5.17,32.85,59.64
2025-05-28 00:00:00,0.0,4.82,32.01,99.93
2025-05-28 01:00:00,0.0,4.53,31.24,99.43
2025-05-28 02:00:00,0.0,4.39,30.61,99.9
2025-05-28 03:00:00,0.0,4.36,30.14,99.4
2025-05-28 04:00:00,0.0,4.36,29.73,99.57
2025-05-28 05:00:00,23.45,4.67,29.69,98.94
2025-05-28 06:00:00,139.98,4.95,31.23,98.13
2025-05-28 07:00:00,305.67,5.19,34.33,98.32
2025-05-28 08:00:00,480.25,4.14,36.62,98.92
2025-05-28 09:00:00,669.35,2.8,38.4,36.74
2025-05-28 10:00:00,780.5,1.54,39.9,52.9
2025-05-28 11:00:00,814.45,1.24,41.21,56.32
2025-05-28 12:00:00,644.95,2.17,42.31,99.16
2025-05-28 13:00:00,615.75,3.16,42.98,61.25
2025-05-28 14:00:00,568.53,3.91,43.1,15.94
2025-05-28 15:00:00,421.08,4.45,42.58,29.58
2025-05-28 16:00:00,240.57,4.91,41.76,42.69
2025-05-28 17:00:00,97.57,5.31,40.41,55.96
2025-05-28 18:00:00,11.5,5.26,38.43,76.37
2025-05-28 19:00:00,0.0,5.91,36.55,95.88
2025-05-28 20:00:00,0.0,5.92,35.2,97.18
2025-05-28 21:00:00,0.0,5.05,34.18,98.21
2025-05-28 22:00:00,0.0,3.98,33.34,99.2
2025-05-28 23:00:00,0.0,3.13,32.61,99.25
2025-05-29 00:00:00,0.0,2.8,32.0,100.0
2025-05-29 01:00:00,0.0,2.88,31.51,100.0
2025-05-29 02:00:00,0.0,2.97,31.14,100.0
2025-05-29 03:00:00,0.0,2.96,30.82,100.0
2025-05-29 04:00:00,0.0,3.04,30.51,99.92
2025-05-29 05:00:00,16.02,3.41,30.72,99.01
2025-05-29 06:00:00,102.88,4.33,32.42,96.47
2025-05-29 07:00:00,221.55,4.17,34.98,97.14
2025-05-29 08:00:00,347.6,3.44,37.5,99.09
2025-05-29 09:00:00,477.75,2.9,39.05,99.35
2025-05-29 10:00:00,672.38,2.42,40.32,86.64
2025-05-29 11:00:00,746.28,2.07,41.33,76.74
2025-05-29 12:00:00,733.65,1.94,41.86,41.15
2025-05-29 13:00:00,615.83,1.96,41.83,81.24
2025-05-29 14:00:00,483.1,2.0,40.71,78.6
2025-05-29 15:00:00,324.85,2.07,39.75,79.19
2025-05-29 16:00:00,199.57,2.11,38.53,63.76
2025-05-29 17:00:00,92.25,2.04,37.15,47.87
2025-05-29 18:00:00,12.82,1.78,35.69,30.84
2025-05-29 19:00:00,0.0,1.86,34.47,13.84
2025-05-29 20:00:00,0.0,2.58,33.53,14.19
2025-05-29 21:00:00,0.0,3.29,32.79,12.22
2025-05-29 22:00:00,0.0,4.0,32.14,21.94
2025-05-29 23:00:00,0.0,4.42,31.57,48.35
2025-05-30 00:00:00,0.0,4.53,31.15,81.6
2025-05-30 01:00:00,0.0,4.66,30.8,99.93
2025-05-30 02:00:00,0.0,4.44,30.49,99.3
2025-05-30 03:00:00,0.0,3.96,30.11,99.3
2025-05-30 04:00:00,0.0,3.53,29.68,99.2
2025-05-30 05:00:00,14.15,3.56,29.52,99.94
2025-05-30 06:00:00,77.55,4.37,30.8,99.48
2025-05-30 07:00:00,160.9,4.66,33.53,99.32
2025-05-30 08:00:00,233.88,3.8,35.88,97.7
2025-05-30 09:00:00,474.98,2.85,37.43,89.38
2025-05-30 10:00:00,643.62,2.55,38.61,52.76
2025-05-30 11:00:00,819.55,2.72,39.38,61.85
2025-05-30 12:00:00,662.85,3.06,39.67,84.8
2025-05-30 13:00:00,516.15,3.28,39.94,75.05
2025-05-30 14:00:00,394.17,3.23,40.06,92.9
2025-05-30 15:00:00,363.27,3.07,40.0,89.66
2025-05-30 16:00:00,225.25,3.07,39.47,91.33
2025-05-30 17:00:00,87.5,2.85,38.38,94.88
2025-05-30 18:00:00,10.88,2.27,35.49,97.06
2025-05-30 19:00:00,0.0,2.88,33.81,98.41
2025-05-30 20:00:00,0.0,3.6,32.56,98.96
2025-05-30 21:00:00,0.0,4.32,31.44,99.0
2025-05-30 22:00:00,0.0,5.08,30.77,98.75
2025-05-30 23:00:00,0.0,5.47,30.24,98.71
2025-05-31 00:00:00,0.0,5.59,29.75,99.11
2025-05-31 01:00:00,0.0,5.73,29.25,99.62
2025-05-31 02:00:00,0.0,5.71,28.61,99.3
2025-05-31 03:00:00,0.0,5.56,27.89,99.85
2025-05-31 04:00:00,0.0,5.51,27.17,99.46
2025-05-31 05:00:00,22.2,5.94,26.9,99.44
2025-05-31 06:00:00,135.98,6.73,28.39,98.3
2025-05-31 07:00:00,301.62,6.9,31.75,98.45
2025-05-31 08:00:00,483.17,7.23,35.15,98.96
2025-05-31 09:00:00,663.05,6.82,37.33,98.29
2025-05-31 10:00:00,754.62,6.36,38.67,94.77
2025-05-31 11:00:00,818.75,6.03,39.6,45.8
2025-05-31 12:00:00,777.03,5.86,40.23,69.73
2025-05-31 13:00:00,721.58,5.81,40.5,84.83
2025-05-31 14:00:00,648.22,5.77,40.37,47.67
2025-05-31 15:00:00,513.42,5.67,39.81,16.22
2025-05-31 16:00:00,298.17,5.56,38.89,34.28
2025-05-31 17:00:00,131.43,5.34,37.63,53.21
2025-05-31 18:00:00,16.48,3.8,35.21,74.26
2025-05-31 19:00:00,0.0,4.17,33.74,94.36
2025-05-31 20:00:00,0.0,4.76,33.02,70.81
2025-05-31 21:00:00,0.0,5.28,32.25,72.84
2025-05-31 22:00:00,0.0,5.74,31.6,87.83
2025-05-31 23:00:00,0.0,5.8,30.93,88.74
2025-06-01 00:00:00,0.0,5.78,30.24,91.9
2025-06-01 01:00:00,0.0,6.03,29.51,72.77
2025-06-01 02:00:00,0.0,6.52,28.99,98.96
2025-06-01 03:00:00,0.0,6.49,28.72,98.91
2025-06-01 04:00:00,0.0,6.03,28.31,98.99
2025-06-01 05:00:00,23.17,6.14,28.08,63.87
2025-06-01 06:00:00,141.18,8.23,28.84,62.71
2025-06-01 07:00:00,301.45,9.09,30.53,64.2
2025-06-01 08:00:00,483.38,8.93,32.84,64.74
2025-06-01 09:00:00,716.05,8.12,35.24,17.65
2025-06-01 10:00:00,857.45,6.99,37.24,3.12
2025-06-01 11:00:00,969.22,6.0,38.69,2.01
2025-06-01 12:00:00,964.95,5.28,39.48,0.89
2025-06-01 13:00:00,893.4,4.83,39.79,0.95
2025-06-01 14:00:00,760.62,4.73,39.59,1.01
2025-06-01 15:00:00,560.92,4.77,39.1,8.37
2025-06-01 16:00:00,332.6,4.87,38.25,21.12
2025-06-01 17:00:00,137.45,5.04,37.07,34.13
2025-06-01 18:00:00,16.05,4.25,35.22,53.42
2025-06-01 19:00:00,0.0,4.52,33.76,69.05
2025-06-01 20:00:00,0.0,5.26,32.91,76.08
2025-06-01 21:00:00,0.0,5.19,32.07,84.58
2025-06-01 22:00:00,0.0,4.34,31.13,91.59
2025-06-01 23:00:00,0.0,3.29,30.19,95.48
2025-06-02 00:00:00,0.0,2.62,29.66,96.76
2025-06-02 01:00:00,0.0,2.04,29.25,86.0
2025-06-02 02:00:00,0.0,1.31,28.77,99.33
2025-06-02 03:00:00,0.0,0.85,28.32,99.32
2025-06-02 04:00:00,0.0,1.53,28.29,99.26
2025-06-02 05:00:00,18.58,3.04,28.04,99.87
2025-06-02 06:00:00,92.38,4.74,28.68,99.89
2025-06-02 07:00:00,189.2,6.42,30.16,99.62
2025-06-02 08:00:00,355.23,7.13,32.17,98.78
2025-06-02 09:00:00,579.67,6.95,34.43,94.47
2025-06-02 10:00:00,638.12,6.29,36.04,89.62
2025-06-02 11:00:00,859.22,5.56,37.12,59.64
2025-06-02 12:00:00,828.88,4.97,37.58,69.88
2025-06-02 13:00:00,771.9,4.52,37.61,48.9
2025-06-02 14:00:00,625.55,4.14,37.09,34.53
2025-06-02 15:00:00,417.17,3.61,36.74,39.85
2025-06-02 16:00:00,231.02,3.04,36.13,52.49
2025-06-02 17:00:00,97.75,2.8,35.09,65.87
2025-06-02 18:00:00,11.27,3.58,33.22,81.57
2025-06-02 19:00:00,0.0,5.35,30.9,95.98
2025-06-02 20:00:00,0.0,5.63,28.82,99.64
2025-06-02 21:00:00,0.0,5.61,27.34,99.61
2025-06-02 22:00:00,0.0,5.35,26.54,99.47
2025-06-02 23:00:00,0.0,4.99,26.01,99.42
2025-06-03 00:00:00,0.0,4.74,25.53,99.35
2025-06-03 01:00:00,0.0,4.52,25.05,99.43
2025-06-03 02:00:00,0.0,4.16,24.72,99.99
2025-06-03 03:00:00,0.0,3.86,24.65,99.45
2025-06-03 04:00:00,0.0,3.72,24.77,99.46
2025-06-03 05:00:00,11.57,4.29,25.2,100.0
2025-06-03 06:00:00,77.88,5.21,26.82,98.82
2025-06-03 07:00:00,160.0,6.23,29.59,99.45
2025-06-03 08:00:00,287.35,7.21,31.67,98.83
2025-06-03 09:00:00,290.3,7.05,33.02,98.11
2025-06-03 10:00:00,248.0,6.66,34.02,98.22
2025-06-03 11:00:00,285.4,6.24,34.98,97.63
2025-06-03 12:00:00,381.7,5.88,35.5,95.8
2025-06-03 13:00:00,314.48,5.56,35.66,98.48
2025-06-03 14:00:00,414.58,5.12,35.54,94.16
2025-06-03 15:00:00,445.55,4.49,35.15,24.77
2025-06-03 16:00:00,266.27,3.72,34.38,36.21
2025-06-03 17:00:00,111.25,2.58,33.21,47.39
2025-06-03 18:00:00,15.12,1.32,31.6,56.46
2025-06-03 19:00:00,0.0,1.06,30.33,66.32
2025-06-03 20:00:00,0.0,1.44,29.42,75.37
2025-06-03 21:00:00,0.0,1.82,28.53,92.67
2025-06-03 22:00:00,0.0,2.12,27.67,91.78
2025-06-03 23:00:00,0.0,2.38,26.95,99.75
2025-06-04 00:00:00,0.0,2.51,26.31,99.76
2025-06-04 01:00:00,0.0,2.76,25.79,99.96
2025-06-04 02:00:00,0.0,3.13,25.38,98.95
2025-06-04 03:00:00,0.0,3.43,25.06,99.84
2025-06-04 04:00:00,0.0,3.55,24.72,99.4
2025-06-04 05:00:00,12.12,3.87,24.88,100.0
2025-06-04 06:00:00,52.35,4.52,26.43,100.0
2025-06-04 07:00:00,136.5,5.02,29.28,100.0
2025-06-04 08:00:00,247.32,5.82,31.67,98.76
2025-06-04 09:00:00,441.17,6.35,33.49,87.11
2025-06-04 10:00:00,562.0,6.54,35.01,82.59
2025-06-04 11:00:00,618.62,6.36,36.11,82.47
2025-06-04 12:00:00,517.15,5.94,36.79,97.13
2025-06-04 13:00:00,515.88,5.47,37.07,88.14
2025-06-04 14:00:00,641.88,5.21,37.24,39.57
2025-06-04 15:00:00,512.28,5.14,36.97,8.25
2025-06-04 16:00:00,299.3,5.01,36.17,25.1
2025-06-04 17:00:00,124.15,4.66,35.04,42.44
2025-06-04 18:00:00,16.55,2.69,32.88,58.39
2025-06-04 19:00:00,0.0,2.28,31.38,73.49
2025-06-04 20:00:00,0.0,2.1,30.7,75.4
2025-06-04 21:00:00,0.0,1.82,30.1,76.91
2025-06-04 22:00:00,0.0,1.46,29.67,85.24
2025-06-04 23:00:00,0.0,1.1,29.29,97.05
2025-06-05 00:00:00,0.0,1.0,28.65,99.24
2025-06-05 01:00:00,0.0,1.39,27.7,96.71
2025-06-05 02:00:00,0.0,1.84,26.67,99.67
2025-06-05 03:00:00,0.0,2.15,25.82,99.49
2025-06-05 04:00:00,0.0,2.3,25.21,99.07
2025-06-05 05:00:00,23.15,2.71,25.38,97.23
2025-06-05 06:00:00,139.2,3.7,27.3,94.29
2025-06-05 07:00:00,310.1,3.46,30.21,94.43
2025-06-05 08:00:00,486.17,3.04,32.68,94.94
2025-06-05 09:00:00,682.78,2.71,34.5,39.97
2025-06-05 10:00:00,861.88,2.39,35.88,5.88
2025-06-05 11:00:00,959.45,2.01,36.96,1.51
2025-06-05 12:00:00,921.17,1.78,37.71,9.89
2025-06-05 13:00:00,836.35,1.9,38.17,11.52
2025-06-05 14:00:00,709.47,2.39,38.37,6.52
2025-06-05 15:00:00,559.7,2.93,38.22,1.51
2025-06-05 16:00:00,338.65,3.36,37.64,25.86
2025-06-05 17:00:00,144.77,3.51,36.59,49.05
2025-06-05 18:00:00,19.23,2.15,34.17,74.04
2025-06-05 19:00:00,0.0,2.08,32.54,99.33
2025-06-05 20:00:00,0.0,2.0,31.95,98.06
2025-06-05 21:00:00,0.0,1.92,31.53,93.62
2025-06-05 22:00:00,0.0,1.85,31.28,90.15
2025-06-05 23:00:00,0.0,1.89,30.89,70.87
2025-06-06 00:00:00,0.0,2.0,30.42,36.58
2025-06-06 01:00:00,0.0,1.97,30.0,47.08
2025-06-06 02:00:00,0.0,1.71,29.45,18.53
2025-06-06 03:00:00,0.0,1.16,28.84,23.92
2025-06-06 04:00:00,0.0,0.51,28.51,27.5
2025-06-06 05:00:00,26.27,0.91,28.55,21.59
2025-06-06 06:00:00,159.93,1.99,28.93,14.6
2025-06-06 07:00:00,348.5,2.69,30.08,10.16
2025-06-06 08:00:00,552.33,2.73,32.42,4.02
2025-06-06 09:00:00,732.17,3.2,34.81,1.51
2025-06-06 10:00:00,859.72,4.1,36.63,1.01
2025-06-06 11:00:00,939.33,4.79,38.45,3.02
2025-06-06 12:00:00,840.08,5.16,39.32,24.47
2025-06-06 13:00:00,818.12,5.27,39.59,7.75
2025-06-06 14:00:00,693.25,5.32,39.66,4.57
2025-06-06 15:00:00,516.08,5.54,39.81,4.15
2025-06-06 16:00:00,302.83,5.59,39.0,19.85
2025-06-06 17:00:00,130.23,4.42,37.83,34.55
2025-06-06 18:00:00,17.25,3.07,35.55,53.89
2025-06-06 19:00:00,0.0,2.96,34.16,70.61
2025-06-06 20:00:00,0.0,3.01,33.25,99.19
2025-06-06 21:00:00,0.0,3.04,32.23,99.11
2025-06-06 22:00:00,0.0,2.97,31.14,96.08
2025-06-06 23:00:00,0.0,2.72,30.26,87.71
2025-06-07 00:00:00,0.0,2.31,29.54,84.12
2025-06-07 01:00:00,0.0,1.87,29.0,39.65
2025-06-07 02:00:00,0.0,1.32,28.87,64.44
2025-06-07 03:00:00,0.0,0.75,28.99,77.1
2025-06-07 04:00:00,0.0,0.36,28.97,89.84
2025-06-07 05:00:00,23.27,0.62,29.02,79.08
2025-06-07 06:00:00,145.98,1.59,30.52,66.36
2025-06-07 07:00:00,301.23,2.51,33.19,56.77
2025-06-07 08:00:00,481.08,3.13,36.14,46.09
2025-06-07 09:00:00,650.42,3.45,38.31,35.62
2025-06-07 10:00:00,791.88,3.88,40.1,25.14
2025-06-07 11:00:00,921.55,4.34,41.42,14.54
2025-06-07 12:00:00,961.08,4.81,42.35,3.88
2025-06-07 13:00:00,901.25,5.24,42.94,1.01
2025-06-07 14:00:00,766.25,5.49,43.15,4.52
2025-06-07 15:00:00,587.2,5.56,42.92,4.02
2025-06-07 16:00:00,358.6,5.52,42.26,24.87
2025-06-07 17:00:00,156.62,4.82,41.06,45.59
2025-06-07 18:00:00,19.92,2.79,37.87,69.46
2025-06-07 19:00:00,0.0,2.71,36.22,91.76
2025-06-07 20:00:00,0.0,2.6,35.42,90.8
2025-06-07 21:00:00,0.0,2.43,34.51,86.73
2025-06-07 22:00:00,0.0,2.14,33.54,80.36
2025-06-07 23:00:00,0.0,1.78,32.63,80.9
2025-06-08 00:00:00,0.0,1.46,31.79,38.72
2025-06-08 01:00:00,0.0,1.26,30.92,47.38
2025-06-08 02:00:00,0.0,1.34,30.27,27.54
2025-06-08 03:00:00,0.0,1.89,29.79,26.76
2025-06-08 04:00:00,0.0,2.69,28.86,17.17
2025-06-08 05:00:00,26.55,3.57,28.53,14.86
2025-06-08 06:00:00,162.57,5.53,30.16,11.81
2025-06-08 07:00:00,348.45,6.58,32.73,10.75
2025-06-08 08:00:00,544.1,7.3,35.69,9.24
2025-06-08 09:00:00,715.78,7.31,38.6,7.61
2025-06-08 10:00:00,843.8,7.1,40.89,5.84
2025-06-08 11:00:00,972.75,6.91,42.79,3.85
2025-06-08 12:00:00,975.0,6.82,43.96,1.95
2025-06-08 13:00:00,912.17,6.86,44.62,0.04
2025-06-08 14:00:00,763.88,6.92,44.72,15.97
2025-06-08 15:00:00,572.12,6.94,44.32,31.86
2025-06-08 16:00:00,359.05,6.79,43.54,47.94
2025-06-08 17:00:00,159.15,5.96,42.2,64.12
2025-06-08 18:00:00,22.42,3.54,38.39,80.76
2025-06-08 19:00:00,0.0,3.56,36.07,96.96
2025-06-08 20:00:00,0.0,3.71,35.08,99.16
2025-06-08 21:00:00,0.0,3.93,34.16,99.95
2025-06-08 22:00:00,0.0,4.31,33.27,99.89
2025-06-08 23:00:00,0.0,4.81,32.37,99.18
2025-06-09 00:00:00,0.0,5.46,31.54,93.09
2025-06-09 01:00:00,0.0,6.1,30.78,85.87
2025-06-09 02:00:00,0.0,6.67,30.1,66.14
2025-06-09 03:00:00,0.0,7.18,29.52,64.25
2025-06-09 04:00:00,0.0,7.62,28.98,68.66
2025-06-09 05:00:00,22.45,8.26,28.87,60.86
2025-06-09 06:00:00,140.5,8.73,30.49,52.07
2025-06-09 07:00:00,305.5,9.56,33.58,44.46
2025-06-09 08:00:00,488.73,10.38,36.91,36.96
2025-06-09 09:00:00,663.2,10.14,39.78,29.68
2025-06-09 10:00:00,800.38,9.46,42.07,22.43
2025-06-09 11:00:00,949.6,8.83,43.65,15.03
2025-06-09 12:00:00,973.35,8.38,44.6,7.6
2025-06-09 13:00:00,933.5,8.15,45.06,0.02
2025-06-09 14:00:00,781.22,8.03,45.06,16.42
2025-06-09 15:00:00,586.42,7.9,44.61,32.86
2025-06-09 16:00:00,366.42,7.71,43.72,49.49
2025-06-09 17:00:00,160.88,6.8,42.25,66.22
2025-06-09 18:00:00,21.98,4.28,38.36,83.2
2025-06-09 19:00:00,0.0,4.37,35.91,99.98
2025-06-09 20:00:00,0.0,4.9,34.97,99.97
2025-06-09 21:00:00,0.0,5.47,34.12,99.95
2025-06-09 22:00:00,0.0,6.13,33.33,99.95
2025-06-09 23:00:00,0.0,6.63,32.57,99.99
2025-06-10 00:00:00,0.0,6.81,31.79,100.0
2025-06-10 01:00:00,0.0,6.94,31.13,85.06
2025-06-10 02:00:00,0.0,7.16,30.65,100.0
2025-06-10 03:00:00,0.0,7.41,30.32,100.0
2025-06-10 04:00:00,0.0,7.6,30.03,100.0
2025-06-10 05:00:00,27.55,7.96,30.13,88.95
2025-06-10 06:00:00,179.45,8.57,31.93,76.43
2025-06-10 07:00:00,377.0,8.92,35.49,66.18
2025-06-10 08:00:00,587.22,9.66,38.86,55.28
2025-06-10 09:00:00,769.58,8.94,41.04,44.48
2025-06-10 10:00:00,903.15,7.76,42.62,33.81
2025-06-10 11:00:00,982.8,6.71,43.83,23.1
2025-06-10 12:00:00,988.72,5.95,44.56,12.32
2025-06-10 13:00:00,930.38,5.38,44.88,1.47
2025-06-10 14:00:00,803.1,5.02,44.8,0.5
2025-06-10 15:00:00,622.85,4.89,44.3,4.02
2025-06-10 16:00:00,398.95,4.9,43.38,26.7
2025-06-10 17:00:00,177.62,4.8,42.0,51.42
2025-06-10 18:00:00,23.88,3.16,38.38,75.89
2025-06-10 19:00:00,0.0,3.49,36.05,99.99
2025-06-10 20:00:00,0.0,3.87,35.18,99.93
2025-06-10 21:00:00,0.0,4.28,34.37,99.93
2025-06-10 22:00:00,0.0,4.78,33.63,99.93
2025-06-10 23:00:00,0.0,5.37,32.98,99.96
2025-06-11 00:00:00,0.0,5.78,32.32,100.0
2025-06-11 01:00:00,0.0,6.01,31.73,86.07
2025-06-11 02:00:00,0.0,6.25,31.21,100.0
2025-06-11 03:00:00,0.0,6.48,30.77,99.38
2025-06-11 04:00:00,0.0,6.59,30.39,93.38
2025-06-11 05:00:00,26.35,6.9,30.48,81.25
2025-06-11 06:00:00,168.9,7.52,32.45,66.41
2025-06-11 07:00:00,336.23,7.43,36.27,56.93
2025-06-11 08:00:00,522.5,6.74,39.72,45.38
2025-06-11 09:00:00,694.22,5.18,41.63,34.11
2025-06-11 10:00:00,835.47,3.68,43.08,23.17
2025-06-11 11:00:00,936.15,2.58,44.18,12.21
2025-06-11 12:00:00,977.25,1.97,44.87,1.06
2025-06-11 13:00:00,905.1,1.7,45.21,4.55
2025-06-11 14:00:00,763.62,1.86,45.27,10.86
2025-06-11 15:00:00,585.08,2.28,44.99,9.15
2025-06-11 16:00:00,365.23,2.75,44.27,23.28
2025-06-11 17:00:00,159.48,3.19,43.11,37.13
2025-06-11 18:00:00,19.9,2.49,40.26,58.17
2025-06-11 19:00:00,0.0,3.0,38.39,75.03
2025-06-11 20:00:00,0.0,3.37,37.69,69.49
2025-06-11 21:00:00,0.0,3.53,36.8,72.91
2025-06-11 22:00:00,0.0,3.54,35.92,78.27
2025-06-11 23:00:00,0.0,3.44,35.07,86.43
2025-06-12 00:00:00,0.0,3.22,34.24,90.01
2025-06-12 01:00:00,0.0,2.95,33.39,87.04
2025-06-12 02:00:00,0.0,2.75,32.54,95.61
2025-06-12 03:00:00,0.0,2.61,31.77,92.55
2025-06-12 04:00:00,0.0,2.5,31.07,92.81
2025-06-12 05:00:00,27.08,2.67,31.03,81.23
2025-06-12 06:00:00,173.65,3.58,33.03,67.53
2025-06-12 07:00:00,371.4,3.22,36.62,56.84
2025-06-12 08:00:00,573.08,2.99,40.64,46.36
2025-06-12 09:00:00,755.4,2.18,42.81,35.2
2025-06-12 10:00:00,890.15,1.43,44.12,23.99
2025-06-12 11:00:00,971.1,0.98,45.04,12.62
2025-06-12 12:00:00,974.12,0.78,45.67,0.92
2025-06-12 13:00:00,900.72,0.74,46.04,2.53
2025-06-12 14:00:00,735.28,0.83,46.06,19.98
2025-06-12 15:00:00,553.05,1.02,45.75,22.54
2025-06-12 16:00:00,321.1,1.24,45.12,31.63
2025-06-12 17:00:00,136.95,1.51,44.09,39.82
2025-06-12 18:00:00,17.92,1.34,41.44,53.9
2025-06-12 19:00:00,0.0,1.87,39.71,65.2
2025-06-12 20:00:00,0.0,3.08,38.85,66.76
2025-06-12 21:00:00,0.0,4.41,37.52,88.2
2025-06-12 22:00:00,0.0,4.76,36.39,94.2
2025-06-12 23:00:00,0.0,4.6,35.53,96.74
2025-06-13 00:00:00,0.0,4.25,34.79,82.85
2025-06-13 01:00:00,0.0,3.98,34.16,87.99
2025-06-13 02:00:00,0.0,3.59,33.53,68.91
2025-06-13 03:00:00,0.0,3.13,32.87,87.13
2025-06-13 04:00:00,0.0,2.83,32.3,96.31
2025-06-13 05:00:00,23.4,3.21,32.46,85.31
2025-06-13 06:00:00,136.18,4.08,34.09,73.94
2025-06-13 07:00:00,279.7,4.47,37.66,63.54
2025-06-13 08:00:00,488.25,4.55,40.45,53.31
2025-06-13 09:00:00,691.1,4.41,42.14,26.69
2025-06-13 10:00:00,837.05,4.21,43.56,0.5
2025-06-13 11:00:00,798.17,4.0,44.74,31.32
2025-06-13 12:00:00,726.25,3.76,45.47,59.56
2025-06-13 13:00:00,593.17,3.54,45.76,58.43
2025-06-13 14:00:00,532.42,3.35,45.63,55.08
2025-06-13 15:00:00,421.17,3.31,45.16,40.85
2025-06-13 16:00:00,249.95,3.4,44.2,53.27
2025-06-13 17:00:00,112.07,3.68,43.06,66.01
2025-06-13 18:00:00,16.8,3.2,41.14,83.06
2025-06-13 19:00:00,0.0,4.2,39.64,97.27
2025-06-13 20:00:00,0.0,5.51,38.85,95.93
2025-06-13 21:00:00,0.0,6.31,37.96,96.88
2025-06-13 22:00:00,0.0,6.44,37.09,97.5
2025-06-13 23:00:00,0.0,5.99,36.26,98.39
2025-06-14 00:00:00,0.0,5.33,35.44,98.96
2025-06-14 01:00:00,0.0,4.8,34.61,99.91
2025-06-14 02:00:00,0.0,4.25,33.86,84.3
2025-06-14 03:00:00,0.0,3.69,33.21,99.85
2025-06-14 04:00:00,0.0,3.1,32.66,99.75
2025-06-14 05:00:00,22.12,3.32,32.71,92.55
2025-06-14 06:00:00,126.5,4.13,34.58,84.57
2025-06-14 07:00:00,261.65,4.51,37.13,77.38
2025-06-14 08:00:00,443.23,4.06,39.09,70.24
2025-06-14 09:00:00,612.08,3.56,40.8,54.49
2025-06-14 10:00:00,739.58,3.14,42.31,38.92
2025-06-14 11:00:00,852.42,2.92,43.53,23.44
2025-06-14 12:00:00,877.85,2.82,44.38,8.39
2025-06-14 13:00:00,817.2,2.8,44.83,1.51
2025-06-14 14:00:00,689.38,2.78,44.83,0.5
2025-06-14 15:00:00,509.65,2.88,44.29,4.25
2025-06-14 16:00:00,306.83,3.14,43.45,24.66
2025-06-14 17:00:00,135.75,3.52,42.23,43.3
2025-06-14 18:00:00,21.55,3.41,40.83,65.0
2025-06-14 19:00:00,0.0,3.98,39.5,85.63
2025-06-14 20:00:00,0.0,5.09,38.71,98.29
2025-06-14 21:00:00,0.0,5.47,37.75,99.0
2025-06-14 22:00:00,0.0,5.5,36.77,99.23
2025-06-14 23:00:00,0.0,5.34,35.89,98.47
2025-06-15 00:00:00,0.0,5.01,35.1,98.44
2025-06-15 01:00:00,0.0,4.61,34.36,99.55
2025-06-15 02:00:00,0.0,4.09,33.66,99.69
2025-06-15 03:00:00,0.0,3.34,32.97,99.66
2025-06-15 04:00:00,0.0,2.69,32.35,99.67
2025-06-15 05:00:00,23.05,2.59,32.13,97.14
2025-06-15 06:00:00,125.82,2.92,33.21,94.76
2025-06-15 07:00:00,279.05,2.3,35.02,92.76
2025-06-15 08:00:00,424.48,1.29,37.25,91.72
2025-06-15 09:00:00,517.35,0.41,39.12,79.91
2025-06-15 10:00:00,655.7,0.65,40.54,57.83
2025-06-15 11:00:00,851.1,1.58,41.77,34.21
2025-06-15 12:00:00,737.97,2.44,42.62,67.32
2025-06-15 13:00:00,503.6,3.2,43.07,88.1
2025-06-15 14:00:00,477.38,3.79,42.97,61.16
2025-06-15 15:00:00,310.1,4.23,42.16,70.97
2025-06-15 16:00:00,189.35,4.65,41.17,78.8
2025-06-15 17:00:00,94.38,5.06,40.06,84.64
2025-06-15 18:00:00,13.48,5.51,38.79,94.02
2025-06-15 19:00:00,0.0,6.13,37.58,99.41
2025-06-15 20:00:00,0.0,6.58,36.5,99.51
2025-06-15 21:00:00,0.0,6.35,35.58,99.86
2025-06-15 22:00:00,0.0,6.0,34.76,99.31
2025-06-15 23:00:00,0.0,5.23,34.0,99.75
2025-06-16 00:00:00,0.0,4.57,33.34,99.99
2025-06-16 01:00:00,0.0,4.02,32.74,99.94
2025-06-16 02:00:00,0.0,3.58,32.19,99.93
2025-06-16 03:00:00,0.0,3.22,31.7,99.15
2025-06-16 04:00:00,0.0,3.06,31.25,99.46
2025-06-16 05:00:00,24.67,3.31,31.1,98.89
2025-06-16 06:00:00,125.43,4.16,32.4,97.41
2025-06-16 07:00:00,253.95,4.62,33.5,96.11
2025-06-16 08:00:00,392.92,5.2,33.63,94.13
2025-06-16 09:00:00,565.8,5.8,34.25,71.57
2025-06-16 10:00:00,689.58,6.16,34.84,74.93
2025-06-16 11:00:00,715.35,6.35,35.11,77.91
2025-06-16 12:00:00,667.42,6.37,34.93,63.2
2025-06-16 13:00:00,681.62,6.28,34.68,42.6
2025-06-16 14:00:00,599.25,5.91,34.37,29.26
2025-06-16 15:00:00,398.25,5.32,33.94,46.12
2025-06-16 16:00:00,233.62,4.7,33.36,57.26
2025-06-16 17:00:00,106.78,3.76,32.59,65.77
2025-06-16 18:00:00,14.45,2.6,31.51,86.86
2025-06-16 19:00:00,0.0,2.1,30.81,99.37
2025-06-16 20:00:00,0.0,1.92,30.52,99.76
2025-06-16 21:00:00,0.0,1.81,30.25,99.83
2025-06-16 22:00:00,0.0,1.81,29.99,99.99
2025-06-16 23:00:00,0.0,1.91,29.74,100.0
2025-06-17 00:00:00,0.0,2.24,29.43,100.0
2025-06-17 01:00:00,0.0,2.73,29.1,99.9
2025-06-17 02:00:00,0.0,3.1,28.74,99.43
2025-06-17 03:00:00,0.0,3.33,28.51,99.44
2025-06-17 04:00:00,0.0,3.4,28.36,99.95
2025-06-17 05:00:00,17.67,3.68,28.47,99.92
2025-06-17 06:00:00,104.15,4.41,29.5,98.77
2025-06-17 07:00:00,239.07,5.09,30.97,98.54
2025-06-17 08:00:00,381.38,4.96,31.81,99.43
2025-06-17 09:00:00,514.3,4.71,32.32,84.7
2025-06-17 10:00:00,643.12,4.45,32.59,55.01
2025-06-17 11:00:00,682.4,4.13,32.59,62.91
2025-06-17 12:00:00,636.17,3.91,32.39,87.76
2025-06-17 13:00:00,612.75,3.76,32.1,76.14
2025-06-17 14:00:00,401.8,3.71,31.74,88.31
2025-06-17 15:00:00,140.68,3.68,31.2,98.78
2025-06-17 16:00:00,100.47,3.63,30.41,100.0
2025-06-17 17:00:00,49.97,3.44,29.53,100.0
2025-06-17 18:00:00,8.62,2.81,28.51,100.0
2025-06-17 19:00:00,0.0,2.9,27.84,99.72
2025-06-17 20:00:00,0.0,3.15,27.43,99.57
2025-06-17 21:00:00,0.0,3.36,27.22,99.19
2025-06-17 22:00:00,0.0,3.6,27.06,99.47
2025-06-17 23:00:00,0.0,3.84,26.89,99.3
2025-06-18 00:00:00,0.0,4.0,26.67,98.71
2025-06-18 01:00:00,0.0,4.2,26.42,99.44
2025-06-18 02:00:00,0.0,4.05,26.15,99.92
2025-06-18 03:00:00,0.0,3.89,25.88,95.15
2025-06-18 04:00:00,0.0,3.95,25.6,98.09
2025-06-18 05:00:00,15.48,4.05,25.47,97.56
2025-06-18 06:00:00,84.95,4.34,25.83,96.32
2025-06-18 07:00:00,169.2,4.55,26.71,94.93
2025-06-18 08:00:00,280.77,4.6,27.86,92.63
2025-06-18 09:00:00,363.02,4.57,29.36,95.64
2025-06-18 10:00:00,440.95,4.58,30.91,99.96
2025-06-18 11:00:00,481.15,4.77,32.04,100.0
2025-06-18 12:00:00,442.48,4.98,32.64,98.86
2025-06-18 13:00:00,461.92,5.13,32.83,92.9
2025-06-18 14:00:00,489.48,5.15,32.77,59.84
2025-06-18 15:00:00,326.42,5.05,32.47,65.33
2025-06-18 16:00:00,193.5,4.79,31.82,73.28
2025-06-18 17:00:00,96.0,4.37,30.84,81.07
2025-06-18 18:00:00,15.4,3.53,29.5,90.41
2025-06-18 19:00:00,0.0,3.04,28.37,99.11
2025-06-18 20:00:00,0.0,2.83,27.78,99.55
2025-06-18 21:00:00,0.0,2.47,27.38,98.92
2025-06-18 22:00:00,0.0,2.06,27.06,95.87
2025-06-18 23:00:00,0.0,1.93,26.77,96.29
2025-06-19 00:00:00,0.0,1.94,26.53,98.34
2025-06-19 01:00:00,0.0,1.72,26.28,97.34
2025-06-19 02:00:00,0.0,1.72,26.07,86.07
2025-06-19 03:00:00,0.0,1.77,25.89,99.96
2025-06-19 04:00:00,0.0,1.72,25.71,99.33
2025-06-19 05:00:00,18.6,1.89,25.9,99.06
2025-06-19 06:00:00,102.05,2.33,27.66,98.37
2025-06-19 07:00:00,218.15,2.84,29.95,97.71
2025-06-19 08:00:00,361.38,3.52,31.82,97.42
2025-06-19 09:00:00,512.42,4.07,33.23,85.15
2025-06-19 10:00:00,611.75,4.36,34.37,79.5
2025-06-19 11:00:00,562.1,4.47,35.33,89.09
2025-06-19 12:00:00,458.75,4.45,35.92,96.77
2025-06-19 13:00:00,176.1,4.38,35.99,99.65
2025-06-19 14:00:00,98.43,4.41,35.78,99.08
2025-06-19 15:00:00,50.33,4.5,35.16,98.74
2025-06-19 16:00:00,49.25,4.64,34.15,100.0
2025-06-19 17:00:00,28.95,4.83,32.81,100.0
2025-06-19 18:00:00,6.8,4.99,31.37,100.0
2025-06-19 19:00:00,0.0,5.35,30.07,97.69
2025-06-19 20:00:00,0.0,5.43,29.11,97.52
2025-06-19 21:00:00,0.0,5.04,28.45,97.73
2025-06-19 22:00:00,0.0,4.22,27.99,97.77
2025-06-19 23:00:00,0.0,3.13,27.71,98.71
2025-06-20 00:00:00,0.0,1.87,27.49,98.98
2025-06-20 01:00:00,0.0,0.99,27.3,99.13
2025-06-20 02:00:00,0.0,1.08,27.2,100.0
2025-06-20 03:00:00,0.0,1.43,27.14,98.88
2025-06-20 04:00:00,0.0,2.21,27.05,99.58
2025-06-20 05:00:00,9.7,2.79,27.11,99.87
2025-06-20 06:00:00,57.83,3.19,27.67,98.17
2025-06-20 07:00:00,119.57,3.35,28.54,97.96
2025-06-20 08:00:00,165.15,3.22,29.38,99.5
2025-06-20 09:00:00,185.55,2.73,29.95,100.0
2025-06-20 10:00:00,201.6,2.25,30.39,99.93
2025-06-20 11:00:00,169.88,2.0,30.78,98.58
2025-06-20 12:00:00,108.15,1.73,31.01,99.58
2025-06-20 13:00:00,67.25,1.46,31.14,100.0
2025-06-20 14:00:00,34.1,1.05,31.14,99.4
2025-06-20 15:00:00,41.2,0.52,30.93,99.13
2025-06-20 16:00:00,29.9,0.24,30.44,99.51
2025-06-20 17:00:00,19.15,0.58,29.79,99.38
2025-06-20 18:00:00,3.95,0.89,28.96,100.0
2025-06-20 19:00:00,0.0,1.25,28.26,99.85
2025-06-20 20:00:00,0.0,1.32,27.66,99.73
2025-06-20 21:00:00,0.0,1.23,27.29,99.53
2025-06-20 22:00:00,0.0,1.27,27.08,99.47
2025-06-20 23:00:00,0.0,1.28,26.88,99.77
2025-06-21 00:00:00,0.0,1.14,26.7,99.8
2025-06-21 01:00:00,0.0,0.95,26.58,99.94
2025-06-21 02:00:00,0.0,0.63,26.46,100.0
2025-06-21 03:00:00,0.0,0.32,26.37,99.78
2025-06-21 04:00:00,0.0,0.26,26.34,100.0
2025-06-21 05:00:00,11.65,0.36,26.48,100.0
2025-06-21 06:00:00,68.2,0.55,27.32,100.0
2025-06-21 07:00:00,138.45,0.77,28.85,100.0
2025-06-21 08:00:00,266.08,1.08,30.79,99.94
2025-06-21 09:00:00,348.98,1.28,32.73,100.0
2025-06-21 10:00:00,489.48,1.46,34.32,91.42
2025-06-21 11:00:00,584.33,1.58,35.57,66.94
2025-06-21 12:00:00,509.95,1.67,36.31,81.19
2025-06-21 13:00:00,487.67,1.8,36.43,87.56
2025-06-21 14:00:00,353.58,2.11,36.18,72.76
2025-06-21 15:00:00,284.17,2.41,35.54,74.99
2025-06-21 16:00:00,185.77,2.67,34.74,80.75
2025-06-21 17:00:00,90.25,2.78,33.51,86.22
2025-06-21 18:00:00,16.12,2.74,31.66,93.58
2025-06-21 19:00:00,0.0,2.96,30.03,98.45
2025-06-21 20:00:00,0.0,3.5,29.28,98.26
2025-06-21 21:00:00,0.0,3.73,28.72,97.07
2025-06-21 22:00:00,0.0,3.67,28.32,98.3
2025-06-21 23:00:00,0.0,3.4,28.0,99.1
2025-06-22 00:00:00,0.0,2.93,27.69,97.42
2025-06-22 01:00:00,0.0,2.35,27.39,94.27
2025-06-22 02:00:00,0.0,1.73,27.14,91.66
2025-06-22 03:00:00,0.0,1.21,26.9,78.84
2025-06-22 04:00:00,0.0,1.1,26.73,93.37
2025-06-22 05:00:00,25.05,1.58,26.92,90.66
2025-06-22 06:00:00,145.77,2.32,28.42,86.74
2025-06-22 07:00:00,295.42,2.06,30.22,85.03
2025-06-22 08:00:00,444.23,0.79,31.94,83.79
2025-06-22 09:00:00,548.38,0.69,33.57,81.28
2025-06-22 10:00:00,660.4,1.26,34.96,81.43
2025-06-22 11:00:00,777.15,1.58,36.07,66.02
2025-06-22 12:00:00,848.0,1.79,36.8,82.55
2025-06-22 13:00:00,766.38,1.97,37.13,69.34
2025-06-22 14:00:00,642.45,2.02,37.0,72.03
2025-06-22 15:00:00,449.25,2.11,36.56,87.58
2025-06-22 16:00:00,251.93,2.36,35.51,94.08
2025-06-22 17:00:00,118.45,2.73,34.33,91.07
2025-06-22 18:00:00,9.8,2.74,32.81,97.56
2025-06-22 19:00:00,0.0,3.12,31.48,99.9
2025-06-22 20:00:00,0.0,3.6,30.64,99.71
2025-06-22 21:00:00,0.0,3.77,29.94,99.38
2025-06-22 22:00:00,0.0,3.69,29.37,99.57
2025-06-22 23:00:00,0.0,3.38,28.92,98.6
2025-06-23 00:00:00,0.0,3.01,28.59,97.78
2025-06-23 01:00:00,0.0,2.82,28.34,99.84
2025-06-23 02:00:00,0.0,2.7,28.12,97.47
2025-06-23 03:00:00,0.0,2.42,27.89,97.26
2025-06-23 04:00:00,0.0,2.32,27.65,97.1
2025-06-23 05:00:00,6.97,2.7,27.48,99.03
2025-06-23 06:00:00,41.05,2.92,27.71,99.99
2025-06-23 07:00:00,95.32,2.96,28.5,99.6
2025-06-23 08:00:00,168.57,2.5,29.92,99.06
2025-06-23 09:00:00,302.12,1.84,31.49,99.54
2025-06-23 10:00:00,427.5,1.65,32.88,91.29
2025-06-23 11:00:00,532.08,1.85,33.87,79.24
2025-06-23 12:00:00,493.0,1.98,34.62,95.29
2025-06-23 13:00:00,479.17,1.95,35.17,82.74
2025-06-23 14:00:00,173.07,1.9,35.47,96.98
2025-06-23 15:00:00,64.85,1.91,35.35,97.9
2025-06-23 16:00:00,43.28,1.91,34.83,99.49
2025-06-23 17:00:00,24.4,1.96,33.94,98.28
2025-06-23 18:00:00,5.45,2.0,32.21,98.28
2025-06-23 19:00:00,0.0,2.36,30.57,98.22
2025-06-23 20:00:00,0.0,2.94,29.69,98.07
2025-06-23 21:00:00,0.0,3.26,28.88,98.48
2025-06-23 22:00:00,0.0,3.31,28.16,99.38
2025-06-23 23:00:00,0.0,3.14,27.57,99.58
2025-06-24 00:00:00,0.0,2.97,27.16,91.0
2025-06-24 01:00:00,0.0,2.8,26.86,98.42
2025-06-24 02:00:00,0.0,2.63,26.62,74.45
2025-06-24 03:00:00,0.0,2.51,26.53,99.99
2025-06-24 04:00:00,0.0,2.27,26.43,97.76
2025-06-24 05:00:00,17.08,2.51,26.66,89.75
2025-06-24 06:00:00,108.6,3.01,27.72,79.67
2025-06-24 07:00:00,240.73,2.81,29.22,71.88
2025-06-24 08:00:00,394.12,2.03,30.77,64.6
2025-06-24 09:00:00,610.28,1.12,31.98,12.25
2025-06-24 10:00:00,681.97,0.41,32.92,22.37
2025-06-24 11:00:00,707.88,0.27,33.81,27.11
2025-06-24 12:00:00,646.7,0.67,34.54,44.49
2025-06-24 13:00:00,459.67,1.03,34.86,78.9
2025-06-24 14:00:00,163.77,1.18,34.8,93.35
2025-06-24 15:00:00,95.0,1.16,34.46,96.45
2025-06-24 16:00:00,151.3,1.15,33.88,91.12
2025-06-24 17:00:00,73.07,1.03,33.25,86.86
2025-06-24 18:00:00,13.88,1.13,32.56,80.07
2025-06-24 19:00:00,0.0,1.43,31.41,74.22
2025-06-24 20:00:00,0.0,1.9,30.46,53.3
2025-06-24 21:00:00,0.0,2.15,29.63,81.41
2025-06-24 22:00:00,0.0,2.2,28.99,81.46
2025-06-24 23:00:00,0.0,2.08,28.47,99.44
2025-06-25 00:00:00,0.0,1.95,28.08,92.26
2025-06-25 01:00:00,0.0,1.75,27.75,97.35
2025-06-25 02:00:00,0.0,1.49,27.53,96.49
2025-06-25 03:00:00,0.0,1.25,27.39,95.69
2025-06-25 04:00:00,0.0,1.04,27.33,98.08
2025-06-25 05:00:00,14.82,1.03,27.5,79.22
2025-06-25 06:00:00,100.55,1.4,28.34,59.8
2025-06-25 07:00:00,239.57,2.2,29.63,43.3
2025-06-25 08:00:00,424.83,3.23,30.91,26.46
2025-06-25 09:00:00,583.53,3.86,31.9,31.99
2025-06-25 10:00:00,622.35,4.36,33.08,72.61
2025-06-25 11:00:00,724.03,4.97,34.04,75.07
2025-06-25 12:00:00,621.95,5.53,34.6,96.05
2025-06-25 13:00:00,403.5,5.83,34.89,98.61
2025-06-25 14:00:00,218.23,5.85,34.86,99.31
2025-06-25 15:00:00,113.18,5.76,34.55,99.35
2025-06-25 16:00:00,80.57,5.55,33.85,95.02
2025-06-25 17:00:00,40.25,4.83,32.66,94.61
2025-06-25 18:00:00,6.85,3.5,30.98,98.55
2025-06-25 19:00:00,0.0,3.12,29.86,96.38
2025-06-25 20:00:00,0.0,3.23,29.32,97.48
2025-06-25 21:00:00,0.0,3.43,28.85,99.18
2025-06-25 22:00:00,0.0,3.65,28.4,99.73
2025-06-25 23:00:00,0.0,3.81,27.99,99.74
2025-06-26 00:00:00,0.0,3.92,27.61,98.22
2025-06-26 01:00:00,0.0,3.98,27.26,99.77
2025-06-26 02:00:00,0.0,3.83,26.99,98.66
2025-06-26 03:00:00,0.0,3.66,26.8,99.83
2025-06-26 04:00:00,0.0,3.67,26.63,99.97
2025-06-26 05:00:00,19.77,4.0,26.68,94.79
2025-06-26 06:00:00,112.7,4.51,27.63,89.51
2025-06-26 07:00:00,222.98,5.59,29.53,84.73
2025-06-26 08:00:00,401.15,6.09,31.14,80.64
2025-06-26 09:00:00,640.25,6.13,32.34,32.84
2025-06-26 10:00:00,792.25,6.06,33.28,22.9
2025-06-26 11:00:00,875.0,5.92,33.9,29.19
2025-06-26 12:00:00,835.08,5.68,34.4,43.9
2025-06-26 13:00:00,628.9,5.42,34.67,84.32
2025-06-26 14:00:00,278.4,5.11,34.53,99.54
2025-06-26 15:00:00,270.75,4.86,34.22,98.13
2025-06-26 16:00:00,196.0,4.6,33.37,92.74
2025-06-26 17:00:00,109.1,3.79,32.1,92.26
2025-06-26 18:00:00,19.52,3.01,30.55,90.6
2025-06-26 19:00:00,0.0,2.91,29.46,92.36
2025-06-26 20:00:00,0.0,3.18,28.87,99.02
2025-06-26 21:00:00,0.0,3.24,28.35,99.74
2025-06-26 22:00:00,0.0,3.03,27.88,99.55
2025-06-26 23:00:00,0.0,2.99,27.43,98.27
2025-06-27 00:00:00,0.0,2.85,26.99,99.23
2025-06-27 01:00:00,0.0,2.38,26.59,94.22
2025-06-27 02:00:00,0.0,1.8,26.29,85.48
2025-06-27 03:00:00,0.0,1.62,26.15,87.88
2025-06-27 04:00:00,0.0,1.99,26.22,90.6
2025-06-27 05:00:00,17.05,3.03,26.59,90.37
2025-06-27 06:00:00,102.35,4.08,27.67,91.03
2025-06-27 07:00:00,214.85,4.91,29.6,90.87
2025-06-27 08:00:00,313.95,5.47,30.91,91.82
2025-06-27 09:00:00,466.95,5.48,31.88,87.24
2025-06-27 10:00:00,592.6,5.4,32.8,84.17
2025-06-27 11:00:00,739.53,5.32,33.45,72.76
2025-06-27 12:00:00,621.08,5.19,33.9,80.61
2025-06-27 13:00:00,537.83,5.05,34.13,80.03
2025-06-27 14:00:00,399.17,4.81,34.19,91.24
2025-06-27 15:00:00,274.02,4.52,33.94,98.32
2025-06-27 16:00:00,203.8,4.21,33.37,98.41
2025-06-27 17:00:00,108.65,3.66,32.19,97.11
2025-06-27 18:00:00,19.02,2.84,30.48,98.67
2025-06-27 19:00:00,0.0,2.49,29.34,98.65
2025-06-27 20:00:00,0.0,2.41,28.81,99.14
2025-06-27 21:00:00,0.0,2.3,28.31,92.77
2025-06-27 22:00:00,0.0,2.2,27.92,81.0
2025-06-27 23:00:00,0.0,2.06,27.58,87.6
2025-06-28 00:00:00,0.0,1.84,27.27,83.0
2025-06-28 01:00:00,0.0,1.63,26.99,82.35
2025-06-28 02:00:00,0.0,1.41,26.71,79.31
2025-06-28 03:00:00,0.0,1.26,26.44,85.6
2025-06-28 04:00:00,0.0,1.3,26.22,95.31
2025-06-28 05:00:00,20.17,1.91,26.46,93.09
2025-06-28 06:00:00,125.93,2.46,27.49,90.56
2025-06-28 07:00:00,257.75,2.4,28.8,88.48
2025-06-28 08:00:00,410.52,2.22,30.05,87.4
2025-06-28 09:00:00,532.22,2.27,31.18,85.28
2025-06-28 10:00:00,712.65,2.61,32.24,50.03
2025-06-28 11:00:00,819.75,3.04,33.14,46.64
2025-06-28 12:00:00,623.15,3.37,33.78,76.66
2025-06-28 13:00:00,732.25,3.68,34.09,35.29
2025-06-28 14:00:00,557.03,4.04,33.68,46.66
2025-06-28 15:00:00,483.42,4.33,33.18,48.61
2025-06-28 16:00:00,306.62,4.41,32.49,62.05
2025-06-28 17:00:00,142.98,4.27,31.59,79.07
2025-06-28 18:00:00,22.48,3.46,30.12,90.71
2025-06-28 19:00:00,0.0,3.63,28.99,96.84
2025-06-28 20:00:00,0.0,4.19,28.35,97.79
2025-06-28 21:00:00,0.0,4.6,27.75,97.53
2025-06-28 22:00:00,0.0,4.98,27.17,97.89
2025-06-28 23:00:00,0.0,5.11,26.63,98.22
2025-06-29 00:00:00,0.0,4.82,26.12,99.75
2025-06-29 01:00:00,0.0,4.39,25.67,99.49
2025-06-29 02:00:00,0.0,3.92,25.26,99.78
2025-06-29 03:00:00,0.0,3.73,25.04,99.7
2025-06-29 04:00:00,0.0,3.53,24.9,99.79
2025-06-29 05:00:00,19.85,3.53,25.09,94.44
2025-06-29 06:00:00,136.2,4.11,26.5,87.46
2025-06-29 07:00:00,298.62,4.37,28.78,82.89
2025-06-29 08:00:00,464.02,3.35,30.89,79.4
2025-06-29 09:00:00,603.1,1.88,32.53,97.4
2025-06-29 10:00:00,693.47,1.16,33.78,96.87
2025-06-29 11:00:00,794.75,1.13,34.63,81.97
2025-06-29 12:00:00,791.88,1.06,35.28,98.77
2025-06-29 13:00:00,772.12,0.86,35.63,96.29
2025-06-29 14:00:00,609.2,0.85,35.64,90.06
2025-06-29 15:00:00,402.17,1.33,35.33,98.19
2025-06-29 16:00:00,248.38,1.92,34.63,99.62
2025-06-29 17:00:00,113.3,2.36,33.44,99.75
2025-06-29 18:00:00,18.58,2.47,31.73,99.94
2025-06-29 19:00:00,0.0,2.74,30.4,97.56
2025-06-29 20:00:00,0.0,3.32,29.64,97.86
2025-06-29 21:00:00,0.0,3.72,28.94,98.2
2025-06-29 22:00:00,0.0,4.13,28.36,98.28
2025-06-29 23:00:00,0.0,4.44,27.86,99.07
2025-06-30 00:00:00,0.0,5.69,27.5,99.5
2025-06-30 01:00:00,0.0,7.08,26.91,98.3
2025-06-30 02:00:00,0.0,7.33,26.22,100.0
2025-06-30 03:00:00,0.0,7.57,25.77,99.02
2025-06-30 04:00:00,0.0,6.47,25.39,99.74
2025-06-30 05:00:00,14.25,5.64,25.4,99.57
2025-06-30 06:00:00,79.32,6.1,26.4,100.0
2025-06-30 07:00:00,169.8,6.84,28.04,100.0
2025-06-30 08:00:00,263.25,6.75,29.74,99.88
2025-06-30 09:00:00,370.58,6.08,31.21,100.0
2025-06-30 10:00:00,611.97,5.25,32.33,97.57
2025-06-30 11:00:00,702.1,4.63,32.94,91.27
2025-06-30 12:00:00,719.92,4.01,33.23,87.29
2025-06-30 13:00:00,724.28,3.34,33.51,97.02
2025-06-30 14:00:00,588.75,2.56,33.75,60.22
2025-06-30 15:00:00,477.08,2.04,33.76,44.04
2025-06-30 16:00:00,293.83,2.18,33.31,57.1
2025-06-30 17:00:00,136.2,2.56,32.49,69.68
2025-06-30 18:00:00,22.35,2.38,30.83,84.91
2025-06-30 19:00:00,0.0,2.82,29.8,99.39
2025-06-30 20:00:00,0.0,3.23,29.23,99.34
2025-06-30 21:00:00,0.0,3.35,28.57,99.14
2025-06-30 22:00:00,0.0,3.68,28.12,99.19
2025-06-30 23:00:00,0.0,4.52,27.78,99.2
2025-07-01 00:00:00,0.0,5.09,27.42,99.19
2025-07-01 01:00:00,0.0,5.11,27.05,99.96
2025-07-01 02:00:00,0.0,4.71,26.7,99.26
2025-07-01 03:00:00,0.0,3.97,26.39,99.36
2025-07-01 04:00:00,0.0,3.31,26.13,99.31
2025-07-01 05:00:00,11.4,2.94,26.09,99.0
2025-07-01 06:00:00,78.62,3.22,26.54,98.82
2025-07-01 07:00:00,182.7,3.85,27.32,98.53
2025-07-01 08:00:00,275.52,4.02,28.38,99.56
2025-07-01 09:00:00,272.08,3.75,29.44,99.56
2025-07-01 10:00:00,262.58,3.48,30.59,99.1
2025-07-01 11:00:00,266.23,3.17,31.7,98.0
2025-07-01 12:00:00,286.05,2.75,32.32,98.3
2025-07-01 13:00:00,322.95,2.36,32.83,99.94
2025-07-01 14:00:00,383.75,2.38,32.96,99.48
2025-07-01 15:00:00,272.67,2.64,32.63,99.55
2025-07-01 16:00:00,173.45,2.3,32.0,99.37
2025-07-01 17:00:00,73.82,1.6,31.33,99.21
2025-07-01 18:00:00,11.0,0.95,30.45,98.64
2025-07-01 19:00:00,0.0,1.13,29.45,98.81
2025-07-01 20:00:00,0.0,1.53,28.75,99.21
2025-07-01 21:00:00,0.0,1.8,28.14,99.24
2025-07-01 22:00:00,0.0,2.07,27.56,99.75
2025-07-01 23:00:00,0.0,2.37,27.02,99.55
2025-07-02 00:00:00,0.0,2.69,26.55,99.6
2025-07-02 01:00:00,0.0,3.29,26.15,97.22
2025-07-02 02:00:00,0.0,3.82,25.88,99.86
2025-07-02 03:00:00,0.0,3.79,25.64,99.91
2025-07-02 04:00:00,0.0,3.29,25.4,99.25
2025-07-02 05:00:00,15.52,3.22,25.4,95.4
2025-07-02 06:00:00,95.75,4.0,26.32,90.86
2025-07-02 07:00:00,220.07,4.64,28.05,86.92
2025-07-02 08:00:00,327.83,4.84,29.82,84.01
2025-07-02 09:00:00,523.05,4.62,31.2,51.92
2025-07-02 10:00:00,574.12,4.18,32.29,69.06
2025-07-02 11:00:00,616.2,3.82,33.15,74.58
2025-07-02 12:00:00,517.78,3.68,33.79,83.56
2025-07-02 13:00:00,471.83,3.77,34.13,83.4
2025-07-02 14:00:00,374.12,3.97,34.01,88.89
2025-07-02 15:00:00,167.6,4.03,33.47,98.77
2025-07-02 16:00:00,104.68,3.86,32.5,99.11
2025-07-02 17:00:00,46.85,3.27,31.25,98.95
2025-07-02 18:00:00,7.07,2.79,29.8,100.0
2025-07-02 19:00:00,0.0,2.59,28.71,99.41
2025-07-02 20:00:00,0.0,2.81,28.17,98.8
2025-07-02 21:00:00,0.0,2.92,27.7,96.66
2025-07-02 22:00:00,0.0,2.93,27.31,98.16
2025-07-02 23:00:00,0.0,2.93,26.98,99.81
2025-07-03 00:00:00,0.0,2.96,26.68,99.69
2025-07-03 01:00:00,0.0,2.98,26.42,99.31
2025-07-03 02:00:00,0.0,3.07,26.2,98.42
2025-07-03 03:00:00,0.0,3.22,26.03,99.98
2025-07-03 04:00:00,0.0,3.4,25.88,99.98
2025-07-03 05:00:00,15.23,3.95,26.0,98.67
2025-07-03 06:00:00,87.3,4.99,27.05,99.2
2025-07-03 07:00:00,190.45,5.46,28.6,98.81
2025-07-03 08:00:00,273.85,5.53,30.12,99.31
2025-07-03 09:00:00,388.17,5.56,31.37,99.81
2025-07-03 10:00:00,519.8,5.42,32.3,94.34
2025-07-03 11:00:00,528.22,5.2,32.96,93.14
2025-07-03 12:00:00,493.25,4.93,33.37,84.62
2025-07-03 13:00:00,487.35,4.78,33.72,80.43
2025-07-03 14:00:00,294.17,4.56,33.49,94.7
2025-07-03 15:00:00,106.5,4.46,32.94,98.95
2025-07-03 16:00:00,187.23,4.28,32.14,97.54
2025-07-03 17:00:00,86.88,3.69,31.08,98.06
2025-07-03 18:00:00,20.15,2.85,29.74,96.52
2025-07-03 19:00:00,0.0,2.67,28.74,98.5
2025-07-03 20:00:00,0.0,2.84,28.21,97.54
2025-07-03 21:00:00,0.0,2.88,27.76,99.45
2025-07-03 22:00:00,0.0,2.88,27.35,99.61
2025-07-03 23:00:00,0.0,2.87,27.0,99.67
2025-07-04 00:00:00,0.0,2.8,26.69,99.8
2025-07-04 01:00:00,0.0,2.63,26.41,91.56
2025-07-04 02:00:00,0.0,2.26,26.25,83.94
2025-07-04 03:00:00,0.0,1.78,26.13,86.33
2025-07-04 04:00:00,0.0,1.54,26.04,85.73
2025-07-04 05:00:00,15.73,1.89,26.21,88.09
2025-07-04 06:00:00,89.55,2.25,26.92,90.62
2025-07-04 07:00:00,194.88,2.13,27.94,92.32
2025-07-04 08:00:00,320.67,2.04,28.97,93.5
2025-07-04 09:00:00,469.08,1.94,29.9,81.99
2025-07-04 10:00:00,648.3,1.78,30.69,69.89
2025-07-04 11:00:00,677.88,1.62,31.33,64.99
2025-07-04 12:00:00,605.58,1.51,31.76,82.35
2025-07-04 13:00:00,508.73,1.47,31.99,84.8
2025-07-04 14:00:00,433.88,1.33,32.0,82.41
2025-07-04 15:00:00,94.3,1.14,31.94,98.34
2025-07-04 16:00:00,59.15,1.17,31.67,99.78
2025-07-04 17:00:00,29.83,1.31,31.16,98.96
2025-07-04 18:00:00,4.88,1.43,30.1,99.93
2025-07-04 19:00:00,0.0,1.66,29.05,99.43
2025-07-04 20:00:00,0.0,1.93,28.55,99.47
2025-07-04 21:00:00,0.0,2.13,28.17,98.12
2025-07-04 22:00:00,0.0,2.3,27.8,98.57
2025-07-04 23:00:00,0.0,2.38,27.44,98.0
2025-07-05 00:00:00,0.0,2.42,27.11,98.26
2025-07-05 01:00:00,0.0,2.53,26.8,99.1
2025-07-05 02:00:00,0.0,2.63,26.51,99.95
2025-07-05 03:00:00,0.0,2.54,26.31,99.2
2025-07-05 04:00:00,0.0,2.4,26.17,99.5
2025-07-05 05:00:00,15.48,2.68,26.25,98.06
2025-07-05 06:00:00,96.0,3.57,26.91,98.11
2025-07-05 07:00:00,205.07,3.68,27.95,96.56
2025-07-05 08:00:00,292.02,3.15,29.28,96.81
2025-07-05 09:00:00,396.15,2.28,30.53,94.67
2025-07-05 10:00:00,382.62,1.51,31.52,98.31
2025-07-05 11:00:00,70.68,1.06,32.11,99.49
2025-07-05 12:00:00,50.97,1.02,32.44,99.64
2025-07-05 13:00:00,62.55,1.51,32.55,99.81
2025-07-05 14:00:00,134.25,2.13,32.5,98.06
2025-07-05 15:00:00,196.32,2.5,32.22,96.38
2025-07-05 16:00:00,206.3,2.62,31.77,95.4
2025-07-05 17:00:00,118.07,2.45,31.09,90.41
2025-07-05 18:00:00,21.42,1.97,29.83,84.45
2025-07-05 19:00:00,0.0,1.95,28.97,81.54
2025-07-05 20:00:00,0.0,1.9,28.62,82.59
2025-07-05 21:00:00,0.0,1.72,28.28,91.89
2025-07-05 22:00:00,0.0,1.6,27.93,94.39
2025-07-05 23:00:00,0.0,1.68,27.57,98.0
2025-07-06 00:00:00,0.0,1.88,27.19,99.41
2025-07-06 01:00:00,0.0,2.21,26.85,99.75
2025-07-06 02:00:00,0.0,2.57,26.54,91.44
2025-07-06 03:00:00,0.0,3.01,26.23,97.85
2025-07-06 04:00:00,0.0,3.3,25.96,99.13
2025-07-06 05:00:00,15.52,3.17,25.97,93.47
2025-07-06 06:00:00,103.03,3.69,26.54,87.82
2025-07-06 07:00:00,233.43,4.4,27.55,82.11
2025-07-06 08:00:00,340.48,4.36,28.89,78.75
2025-07-06 09:00:00,561.03,3.26,30.18,51.97
2025-07-06 10:00:00,667.95,1.98,31.08,35.3
2025-07-06 11:00:00,753.22,1.03,31.67,33.06
2025-07-06 12:00:00,699.22,0.37,32.16,50.97
2025-07-06 13:00:00,670.28,0.21,32.44,43.36
2025-07-06 14:00:00,628.05,0.69,32.37,36.62
2025-07-06 15:00:00,445.25,1.06,32.12,62.77
2025-07-06 16:00:00,277.9,1.19,31.64,72.45
2025-07-06 17:00:00,141.48,1.45,31.09,82.41
2025-07-06 18:00:00,23.35,1.47,30.01,91.88
2025-07-06 19:00:00,0.0,1.62,29.19,99.5
2025-07-06 20:00:00,0.0,1.91,28.67,99.57
2025-07-06 21:00:00,0.0,2.31,28.18,99.53
2025-07-06 22:00:00,0.0,2.82,27.71,99.34
2025-07-06 23:00:00,0.0,2.78,27.33,98.59
2025-07-07 00:00:00,0.0,2.45,27.01,95.76
2025-07-07 01:00:00,0.0,2.49,26.73,99.66
2025-07-07 02:00:00,0.0,2.33,26.46,99.7
2025-07-07 03:00:00,0.0,1.97,26.26,99.39
2025-07-07 04:00:00,0.0,1.74,26.17,99.29
2025-07-07 05:00:00,1.85,1.61,26.18,99.06
2025-07-07 06:00:00,23.08,1.75,26.42,95.78
2025-07-07 07:00:00,68.05,1.74,26.71,96.41
2025-07-07 08:00:00,149.62,1.86,27.21,99.72
2025-07-07 09:00:00,302.67,1.78,27.8,99.78
2025-07-07 10:00:00,553.3,1.75,28.55,99.83
2025-07-07 11:00:00,643.6,2.0,29.18,94.4
2025-07-07 12:00:00,687.9,2.3,29.43,72.75
2025-07-07 13:00:00,698.25,2.57,29.42,91.85
2025-07-07 14:00:00,602.75,2.83,29.27,73.08
2025-07-07 15:00:00,476.12,3.21,29.01,64.36
2025-07-07 16:00:00,295.05,3.47,28.59,73.0
2025-07-07 17:00:00,145.68,3.28,27.98,80.63
2025-07-07 18:00:00,24.33,3.09,27.31,90.25
2025-07-07 19:00:00,0.0,3.32,26.94,99.38
2025-07-07 20:00:00,0.0,3.48,26.71,99.35
2025-07-07 21:00:00,0.0,3.47,26.45,99.13
2025-07-07 22:00:00,0.0,3.3,26.17,99.11
2025-07-07 23:00:00,0.0,3.07,25.91,99.18
2025-07-08 00:00:00,0.0,2.98,25.67,99.5
2025-07-08 01:00:00,0.0,3.33,25.48,99.98
2025-07-08 02:00:00,0.0,3.76,25.28,99.62
2025-07-08 03:00:00,0.0,3.92,25.04,99.63
2025-07-08 04:00:00,0.0,3.93,24.87,99.6
2025-07-08 05:00:00,18.58,4.24,24.96,84.67
2025-07-08 06:00:00,139.73,4.8,25.74,69.22
2025-07-08 07:00:00,293.85,5.36,27.2,56.48
2025-07-08 08:00:00,503.17,5.35,28.76,42.62
2025-07-08 09:00:00,697.85,4.94,30.18,28.47
2025-07-08 10:00:00,790.05,4.3,31.34,49.64
2025-07-08 11:00:00,820.12,3.61,31.84,46.29
2025-07-08 12:00:00,763.78,3.0,32.07,35.28
2025-07-08 13:00:00,757.05,2.38,32.06,21.34
2025-07-08 14:00:00,587.1,1.64,31.98,46.23
2025-07-08 15:00:00,436.75,0.87,31.92,66.13
2025-07-08 16:00:00,305.4,0.31,31.72,73.23
2025-07-08 17:00:00,142.12,0.58,31.3,80.72
2025-07-08 18:00:00,25.65,1.2,30.34,88.61
2025-07-08 19:00:00,0.0,1.64,29.41,97.58
2025-07-08 20:00:00,0.0,1.97,28.84,97.23
2025-07-08 21:00:00,0.0,2.23,28.33,98.65
2025-07-08 22:00:00,0.0,2.4,27.82,98.96
2025-07-08 23:00:00,0.0,2.55,27.34,98.04
2025-07-09 00:00:00,0.0,2.87,26.91,98.15
2025-07-09 01:00:00,0.0,3.74,26.55,99.99
2025-07-09 02:00:00,0.0,4.87,26.23,98.28
2025-07-09 03:00:00,0.0,5.52,25.89,98.84
2025-07-09 04:00:00,0.0,5.36,25.59,98.79
2025-07-09 05:00:00,15.9,5.01,25.45,98.12
2025-07-09 06:00:00,113.62,5.2,26.11,96.68
2025-07-09 07:00:00,268.33,5.45,27.38,95.41
2025-07-09 08:00:00,436.15,4.69,28.86,94.03
2025-07-09 09:00:00,572.38,3.47,30.26,63.93
2025-07-09 10:00:00,708.22,2.28,31.38,57.61
2025-07-09 11:00:00,805.83,1.69,32.11,45.93
2025-07-09 12:00:00,798.65,1.97,32.28,96.36
2025-07-09 13:00:00,697.17,2.39,32.21,75.13
2025-07-09 14:00:00,597.1,2.42,32.08,95.55
2025-07-09 15:00:00,456.8,2.29,31.91,95.52
2025-07-09 16:00:00,280.35,2.01,31.54,94.79
2025-07-09 17:00:00,127.55,2.1,30.93,93.76
2025-07-09 18:00:00,20.88,1.72,29.78,95.5
2025-07-09 19:00:00,0.0,1.97,29.03,95.91
2025-07-09 20:00:00,0.0,2.24,28.45,97.6
2025-07-09 21:00:00,0.0,2.66,27.81,97.68
2025-07-09 22:00:00,0.0,3.44,27.22,98.66
2025-07-09 23:00:00,0.0,4.36,26.62,99.35
2025-07-10 00:00:00,0.0,4.56,26.09,100.0
2025-07-10 01:00:00,0.0,4.05,25.79,99.21
2025-07-10 02:00:00,0.0,3.86,25.58,100.0
2025-07-10 03:00:00,0.0,3.63,25.29,98.96
2025-07-10 04:00:00,0.0,2.65,24.99,99.38
2025-07-10 05:00:00,16.3,2.25,25.01,98.56
2025-07-10 06:00:00,102.8,3.16,25.73,98.59
2025-07-10 07:00:00,235.73,3.95,26.92,98.09
2025-07-10 08:00:00,374.92,3.75,28.38,97.56
2025-07-10 09:00:00,485.45,2.65,29.61,98.14
2025-07-10 10:00:00,537.12,1.4,30.5,97.21
2025-07-10 11:00:00,559.03,0.87,30.95,98.37
2025-07-10 12:00:00,573.9,1.26,31.27,95.02
2025-07-10 13:00:00,538.67,1.56,31.35,99.52
2025-07-10 14:00:00,375.35,1.5,31.0,99.39
2025-07-10 15:00:00,228.73,1.23,30.61,99.41
2025-07-10 16:00:00,164.98,0.85,30.15,100.0
2025-07-10 17:00:00,83.25,0.56,29.74,100.0
2025-07-10 18:00:00,11.82,0.37,29.14,100.0
2025-07-10 19:00:00,0.0,0.64,28.47,99.37
2025-07-10 20:00:00,0.0,1.21,27.78,98.81
2025-07-10 21:00:00,0.0,1.66,27.11,99.03
2025-07-10 22:00:00,0.0,1.9,26.68,99.03
2025-07-10 23:00:00,0.0,1.98,26.31,99.03
2025-07-11 00:00:00,0.0,1.84,26.06,99.09
2025-07-11 01:00:00,0.0,1.51,25.83,99.53
2025-07-11 02:00:00,0.0,1.13,25.74,99.95
2025-07-11 03:00:00,0.0,0.84,25.64,98.9
2025-07-11 04:00:00,0.0,0.67,25.57,98.11
2025-07-11 05:00:00,6.78,0.64,25.63,100.0
2025-07-11 06:00:00,40.95,0.79,26.02,100.0
2025-07-11 07:00:00,84.5,1.08,26.55,100.0
2025-07-11 08:00:00,140.05,1.51,27.2,100.0
2025-07-11 09:00:00,208.55,1.55,27.97,100.0
2025-07-11 10:00:00,183.1,1.48,28.74,99.42
2025-07-11 11:00:00,175.12,1.57,29.34,99.52
2025-07-11 12:00:00,116.45,1.66,29.72,100.0
2025-07-11 13:00:00,122.03,1.4,29.84,99.98
2025-07-11 14:00:00,205.2,1.09,29.8,99.77
2025-07-11 15:00:00,182.23,0.91,29.62,98.89
2025-07-11 16:00:00,118.72,0.86,29.3,99.68
2025-07-11 17:00:00,54.47,0.78,28.9,99.76
2025-07-11 18:00:00,10.45,0.74,28.3,100.0
2025-07-11 19:00:00,0.0,0.92,27.63,99.17
2025-07-11 20:00:00,0.0,1.11,27.21,99.05
2025-07-11 21:00:00,0.0,1.24,26.86,98.73
2025-07-11 22:00:00,0.0,1.28,26.54,98.97
2025-07-11 23:00:00,0.0,1.21,26.28,98.7
2025-07-12 00:00:00,0.0,1.11,26.04,99.2
2025-07-12 01:00:00,0.0,1.06,25.8,99.87
2025-07-12 02:00:00,0.0,1.1,25.58,100.0
2025-07-12 03:00:00,0.0,1.25,25.38,100.0
2025-07-12 04:00:00,0.0,1.23,25.22,100.0
2025-07-12 05:00:00,13.45,1.21,25.25,99.59
2025-07-12 06:00:00,95.82,1.46,25.65,97.35
2025-07-12 07:00:00,216.93,1.23,26.28,95.95
2025-07-12 08:00:00,350.02,0.92,27.19,94.73
2025-07-12 09:00:00,412.15,1.49,28.04,99.94
2025-07-12 10:00:00,476.92,2.09,28.94,96.79
2025-07-12 11:00:00,430.67,2.48,29.58,99.4
2025-07-12 12:00:00,442.62,2.52,29.86,98.5
2025-07-12 13:00:00,505.45,2.25,30.02,99.12
2025-07-12 14:00:00,574.33,1.7,30.01,74.78
2025-07-12 15:00:00,493.23,1.03,29.95,36.03
2025-07-12 16:00:00,341.45,0.77,29.78,48.13
2025-07-12 17:00:00,157.57,0.96,29.37,64.13
2025-07-12 18:00:00,25.9,1.15,28.49,82.14
2025-07-12 19:00:00,0.0,1.24,27.79,98.98
2025-07-12 20:00:00,0.0,1.25,27.48,96.87
2025-07-12 21:00:00,0.0,1.24,27.14,97.4
2025-07-12 22:00:00,0.0,1.21,26.82,96.75
2025-07-12 23:00:00,0.0,1.12,26.54,96.64
2025-07-13 00:00:00,0.0,0.96,26.36,97.84
2025-07-13 01:00:00,0.0,0.67,26.26,99.92
2025-07-13 02:00:00,0.0,0.17,26.15,99.64
2025-07-13 03:00:00,0.0,0.35,25.9,100.0
2025-07-13 04:00:00,0.0,0.75,25.52,100.0
2025-07-13 05:00:00,10.73,0.96,25.51,99.39
2025-07-13 06:00:00,69.53,1.38,26.41,99.58
2025-07-13 07:00:00,179.82,1.79,28.17,98.56
2025-07-13 08:00:00,236.05,2.14,29.49,100.0
2025-07-13 09:00:00,434.3,2.29,30.52,97.48
2025-07-13 10:00:00,444.83,2.48,31.28,99.11
2025-07-13 11:00:00,542.6,2.61,31.79,91.96
2025-07-13 12:00:00,477.65,2.72,32.06,98.69
2025-07-13 13:00:00,466.4,2.68,32.07,99.18
2025-07-13 14:00:00,447.62,2.72,31.95,98.01
2025-07-13 15:00:00,330.8,2.96,31.56,94.95
2025-07-13 16:00:00,209.1,3.1,30.79,96.0
2025-07-13 17:00:00,109.45,3.29,29.75,96.35
2025-07-13 18:00:00,18.45,3.05,28.48,97.64
2025-07-13 19:00:00,0.0,3.43,27.69,98.86
2025-07-13 20:00:00,0.0,3.77,27.18,99.09
2025-07-13 21:00:00,0.0,3.71,26.69,98.13
2025-07-13 22:00:00,0.0,3.52,26.25,98.13
2025-07-13 23:00:00,0.0,3.31,25.92,97.54
2025-07-14 00:00:00,0.0,3.14,25.67,97.24
2025-07-14 01:00:00,0.0,3.09,25.5,100.0
2025-07-14 02:00:00,0.0,2.92,25.3,98.98
2025-07-14 03:00:00,0.0,2.91,25.14,99.75
2025-07-14 04:00:00,0.0,3.1,25.03,99.15
2025-07-14 05:00:00,8.62,3.51,25.07,98.42
2025-07-14 06:00:00,58.15,4.12,25.61,99.25
2025-07-14 07:00:00,151.57,4.29,26.61,98.62
2025-07-14 08:00:00,230.95,4.23,27.72,99.95
2025-07-14 09:00:00,308.67,4.03,28.8,99.39
2025-07-14 10:00:00,277.65,3.65,29.83,99.95
2025-07-14 11:00:00,182.85,3.09,30.5,98.9
2025-07-14 12:00:00,229.0,2.74,30.71,99.73
2025-07-14 13:00:00,131.43,2.36,30.69,99.62
2025-07-14 14:00:00,94.07,1.96,30.64,99.6
2025-07-14 15:00:00,60.33,1.78,30.43,99.84
2025-07-14 16:00:00,45.05,1.75,29.91,100.0
2025-07-14 17:00:00,26.9,1.7,29.17,100.0
2025-07-14 18:00:00,5.93,1.8,28.23,100.0
2025-07-14 19:00:00,0.0,2.44,27.59,99.36
2025-07-14 20:00:00,0.0,2.97,27.19,99.4
2025-07-14 21:00:00,0.0,2.98,26.76,99.65
2025-07-14 22:00:00,0.0,2.83,26.44,99.59
2025-07-14 23:00:00,0.0,2.48,26.17,99.18
2025-07-15 00:00:00,0.0,2.19,25.9,100.0
2025-07-15 01:00:00,0.0,2.48,25.66,98.79
2025-07-15 02:00:00,0.0,2.33,25.46,100.0
2025-07-15 03:00:00,0.0,1.8,25.33,99.86
2025-07-15 04:00:00,0.0,1.07,25.23,100.0
2025-07-15 05:00:00,6.57,1.16,25.36,99.87
2025-07-15 06:00:00,69.0,1.78,25.96,98.94
2025-07-15 07:00:00,148.75,2.02,26.69,99.92
2025-07-15 08:00:00,232.38,3.27,27.71,99.49
2025-07-15 09:00:00,395.95,3.91,29.06,95.77
2025-07-15 10:00:00,493.38,4.2,30.26,84.75
2025-07-15 11:00:00,579.28,4.53,30.99,81.66
2025-07-15 12:00:00,489.33,4.84,31.46,93.36
2025-07-15 13:00:00,642.67,5.24,31.67,53.97
2025-07-15 14:00:00,549.35,5.74,31.59,47.86
2025-07-15 15:00:00,429.38,6.07,31.21,45.01
2025-07-15 16:00:00,288.33,5.93,30.41,55.53
2025-07-15 17:00:00,127.2,4.87,29.34,70.6
2025-07-15 18:00:00,19.6,3.82,28.08,86.14
2025-07-15 19:00:00,0.0,3.67,27.25,99.73
2025-07-15 20:00:00,0.0,3.41,26.73,99.5
2025-07-15 21:00:00,0.0,3.19,26.27,99.53
2025-07-15 22:00:00,0.0,3.17,25.84,99.67
2025-07-15 23:00:00,0.0,3.14,25.39,99.68
2025-07-16 00:00:00,0.0,3.1,25.03,99.77
2025-07-16 01:00:00,0.0,3.08,24.82,99.82
2025-07-16 02:00:00,0.0,2.94,24.69,91.85
2025-07-16 03:00:00,0.0,2.74,24.63,100.0
2025-07-16 04:00:00,0.0,2.49,24.57,100.0
2025-07-16 05:00:00,8.32,2.67,24.86,96.37
2025-07-16 06:00:00,73.4,3.16,25.87,91.34
2025-07-16 07:00:00,167.9,3.17,27.27,86.76
2025-07-16 08:00:00,262.17,3.38,28.54,83.02
2025-07-16 09:00:00,390.25,3.45,29.53,75.92
2025-07-16 10:00:00,415.92,3.49,30.29,83.0
2025-07-16 11:00:00,586.03,3.51,30.74,65.16
2025-07-16 12:00:00,700.03,3.52,30.84,51.67
2025-07-16 13:00:00,606.08,3.61,30.79,79.84
2025-07-16 14:00:00,578.6,3.52,30.6,66.93
2025-07-16 15:00:00,418.1,3.31,30.3,90.14
2025-07-16 16:00:00,242.52,2.92,29.81,94.74
2025-07-16 17:00:00,126.43,2.48,29.2,96.66
2025-07-16 18:00:00,23.02,1.87,28.19,97.57
2025-07-16 19:00:00,0.0,2.02,27.42,99.6
2025-07-16 20:00:00,0.0,2.21,27.06,99.77
2025-07-16 21:00:00,0.0,2.33,26.73,99.75
2025-07-16 22:00:00,0.0,2.52,26.4,99.83
2025-07-16 23:00:00,0.0,2.81,26.13,99.8
2025-07-17 00:00:00,0.0,3.05,25.88,99.64
2025-07-17 01:00:00,0.0,3.03,25.69,99.63
2025-07-17 02:00:00,0.0,2.74,25.48,97.55
2025-07-17 03:00:00,0.0,2.37,25.27,97.95
2025-07-17 04:00:00,0.0,2.0,25.09,98.28
2025-07-17 05:00:00,8.5,1.78,25.22,99.29
2025-07-17 06:00:00,65.88,1.72,25.95,98.99
2025-07-17 07:00:00,122.95,2.14,27.07,99.48
2025-07-17 08:00:00,193.02,2.42,28.29,99.61
2025-07-17 09:00:00,125.6,2.27,29.33,99.85
2025-07-17 10:00:00,129.12,2.03,29.96,99.47
2025-07-17 11:00:00,100.05,2.01,30.15,99.31
2025-07-17 12:00:00,133.98,2.09,30.2,99.08
2025-07-17 13:00:00,285.75,2.16,30.25,99.37
2025-07-17 14:00:00,453.88,2.13,30.31,81.02
2025-07-17 15:00:00,311.67,2.02,30.19,96.72
2025-07-17 16:00:00,181.48,1.86,29.79,95.9
2025-07-17 17:00:00,77.57,1.61,29.22,95.41
2025-07-17 18:00:00,10.52,1.4,28.31,98.67
2025-07-17 19:00:00,0.0,1.32,27.5,99.75
2025-07-17 20:00:00,0.0,1.37,27.15,99.81
2025-07-17 21:00:00,0.0,1.37,26.85,99.74
2025-07-17 22:00:00,0.0,1.41,26.57,99.84
2025-07-17 23:00:00,0.0,1.57,26.33,100.0
2025-07-18 00:00:00,0.0,1.76,26.13,99.92
2025-07-18 01:00:00,0.0,1.98,25.95,100.0
2025-07-18 02:00:00,0.0,2.11,25.81,98.92
2025-07-18 03:00:00,0.0,2.2,25.69,99.19
2025-07-18 04:00:00,0.0,2.5,25.59,99.63
2025-07-18 05:00:00,10.3,3.02,25.69,96.0
2025-07-18 06:00:00,83.85,4.56,26.4,92.43
2025-07-18 07:00:00,206.95,5.58,27.14,89.76
2025-07-18 08:00:00,316.48,6.0,28.11,86.99
2025-07-18 09:00:00,572.35,6.27,29.33,90.07
2025-07-18 10:00:00,629.25,6.41,30.33,85.42
2025-07-18 11:00:00,659.75,6.27,31.01,75.91
2025-07-18 12:00:00,531.6,6.1,31.44,90.47
2025-07-18 13:00:00,525.62,5.99,31.21,83.24
2025-07-18 14:00:00,376.92,5.69,30.26,86.83
2025-07-18 15:00:00,257.98,5.19,29.48,93.06
2025-07-18 16:00:00,167.23,4.48,29.02,94.52
2025-07-18 17:00:00,80.15,3.7,28.52,96.17
2025-07-18 18:00:00,13.27,2.91,27.38,98.73
2025-07-18 19:00:00,0.0,3.38,26.76,99.71
2025-07-18 20:00:00,0.0,3.58,26.45,99.62
2025-07-18 21:00:00,0.0,3.21,26.14,99.89
2025-07-18 22:00:00,0.0,3.16,25.8,100.0
2025-07-18 23:00:00,0.0,3.28,25.4,100.0
2025-07-19 00:00:00,0.0,3.21,25.0,100.0
2025-07-19 01:00:00,0.0,3.2,24.63,98.83
2025-07-19 02:00:00,0.0,3.17,24.37,100.0
2025-07-19 03:00:00,0.0,2.77,24.18,100.0
2025-07-19 04:00:00,0.0,2.14,24.05,93.5
2025-07-19 05:00:00,9.1,2.2,24.27,90.35
2025-07-19 06:00:00,69.2,3.13,25.3,87.94
2025-07-19 07:00:00,163.05,3.96,26.67,84.58
2025-07-19 08:00:00,193.1,5.35,27.88,82.72
2025-07-19 09:00:00,322.3,6.39,28.74,80.03
2025-07-19 10:00:00,422.65,6.95,29.31,77.57
2025-07-19 11:00:00,519.92,6.95,29.98,73.57
2025-07-19 12:00:00,533.38,6.85,30.71,76.14
2025-07-19 13:00:00,517.22,6.87,31.21,72.0
2025-07-19 14:00:00,452.23,7.03,31.41,75.07
2025-07-19 15:00:00,479.6,7.13,31.03,42.31
2025-07-19 16:00:00,302.08,6.87,30.03,52.83
2025-07-19 17:00:00,147.55,5.9,28.89,60.06
2025-07-19 18:00:00,20.12,4.72,27.52,73.76
2025-07-19 19:00:00,0.0,4.77,26.68,84.91
2025-07-19 20:00:00,0.0,4.79,26.23,88.24
2025-07-19 21:00:00,0.0,4.71,25.9,85.24
2025-07-19 22:00:00,0.0,4.51,25.58,97.43
2025-07-19 23:00:00,0.0,4.06,25.25,100.0
2025-07-20 00:00:00,0.0,3.58,24.93,100.0
2025-07-20 01:00:00,0.0,3.36,24.63,98.96
2025-07-20 02:00:00,0.0,3.34,24.36,100.0
2025-07-20 03:00:00,0.0,3.49,24.11,100.0
2025-07-20 04:00:00,0.0,3.5,23.86,99.98
2025-07-20 05:00:00,12.0,3.69,23.85,99.06
2025-07-20 06:00:00,100.53,4.53,24.64,99.05
2025-07-20 07:00:00,249.98,4.81,26.04,99.13
2025-07-20 08:00:00,416.8,4.79,27.75,99.98
2025-07-20 09:00:00,537.42,4.21,29.2,98.5
2025-07-20 10:00:00,558.3,3.7,30.33,99.73
2025-07-20 11:00:00,612.1,3.52,31.13,100.0
2025-07-20 12:00:00,636.62,3.74,31.67,98.11
2025-07-20 13:00:00,577.58,3.99,31.91,99.63
2025-07-20 14:00:00,499.62,4.11,31.88,98.84
2025-07-20 15:00:00,410.6,4.04,31.51,75.2
2025-07-20 16:00:00,278.2,3.76,30.88,79.17
2025-07-20 17:00:00,120.97,3.25,29.7,85.62
2025-07-20 18:00:00,17.75,2.61,28.14,92.74
2025-07-20 19:00:00,0.0,2.53,27.15,98.67
2025-07-20 20:00:00,0.0,2.67,26.69,99.33
2025-07-20 21:00:00,0.0,2.52,26.37,98.64
2025-07-20 22:00:00,0.0,2.04,26.25,99.64
2025-07-20 23:00:00,0.0,1.98,26.13,99.36
2025-07-21 00:00:00,0.0,2.36,25.89,99.42
2025-07-21 01:00:00,0.0,3.17,25.64,99.81
2025-07-21 02:00:00,0.0,3.49,25.34,99.88
2025-07-21 03:00:00,0.0,2.47,24.96,98.88
2025-07-21 04:00:00,0.0,1.59,24.75,99.41
2025-07-21 05:00:00,9.2,1.45,25.12,99.69
2025-07-21 06:00:00,80.25,1.99,26.08,98.74
2025-07-21 07:00:00,175.15,2.21,27.1,99.32
2025-07-21 08:00:00,290.48,2.39,28.15,99.45
2025-07-21 09:00:00,380.52,2.5,28.98,99.34
2025-07-21 10:00:00,474.05,2.47,29.54,99.72
2025-07-21 11:00:00,492.38,2.49,29.77,98.6
2025-07-21 12:00:00,487.33,2.58,30.07,97.39
2025-07-21 13:00:00,482.52,2.6,30.42,99.46
2025-07-21 14:00:00,402.33,2.5,30.8,99.46
2025-07-21 15:00:00,335.1,2.29,30.91,98.53
2025-07-21 16:00:00,213.55,2.2,30.7,99.44
2025-07-21 17:00:00,106.9,2.04,30.06,99.23
2025-07-21 18:00:00,17.62,1.89,28.78,98.88
2025-07-21 19:00:00,0.0,2.04,27.87,99.71
2025-07-21 20:00:00,0.0,2.28,27.4,99.69
2025-07-21 21:00:00,0.0,2.45,26.96,99.64
2025-07-21 22:00:00,0.0,2.43,26.66,99.8
2025-07-21 23:00:00,0.0,2.37,26.38,99.82
2025-07-22 00:00:00,0.0,2.54,26.14,99.95
2025-07-22 01:00:00,0.0,2.85,25.96,99.99
2025-07-22 02:00:00,0.0,3.03,25.78,99.98
2025-07-22 03:00:00,0.0,2.92,25.59,100.0
2025-07-22 04:00:00,0.0,2.89,25.43,100.0
2025-07-22 05:00:00,9.3,3.29,25.49,99.99
2025-07-22 06:00:00,85.57,4.36,26.24,99.33
2025-07-22 07:00:00,185.88,4.78,27.38,99.64
2025-07-22 08:00:00,309.88,4.96,28.68,99.46
2025-07-22 09:00:00,420.73,4.8,29.92,97.84
2025-07-22 10:00:00,502.98,4.54,30.85,91.85
2025-07-22 11:00:00,599.33,4.32,31.44,81.02
2025-07-22 12:00:00,549.3,4.15,31.7,86.03
2025-07-22 13:00:00,555.3,3.91,31.84,91.17
2025-07-22 14:00:00,420.05,3.41,31.68,99.64
2025-07-22 15:00:00,291.62,2.74,31.31,98.83
2025-07-22 16:00:00,186.12,2.29,30.83,99.03
2025-07-22 17:00:00,80.65,2.1,30.2,99.29
2025-07-22 18:00:00,11.93,1.44,29.25,98.94
2025-07-22 19:00:00,0.0,1.46,28.69,99.09
2025-07-22 20:00:00,0.0,1.74,28.15,99.06
2025-07-22 21:00:00,0.0,2.1,27.59,98.99
2025-07-22 22:00:00,0.0,2.35,27.14,99.26
2025-07-22 23:00:00,0.0,2.55,26.8,99.67
2025-07-23 00:00:00,0.0,3.01,26.58,99.83
2025-07-23 01:00:00,0.0,3.96,26.37,99.97
2025-07-23 02:00:00,0.0,4.94,26.12,99.93
2025-07-23 03:00:00,0.0,5.28,25.82,99.92
2025-07-23 04:00:00,0.0,5.03,25.55,99.91
2025-07-23 05:00:00,6.25,4.71,25.37,100.0
2025-07-23 06:00:00,66.0,5.11,25.89,99.88
2025-07-23 07:00:00,129.43,5.98,26.92,100.0
2025-07-23 08:00:00,207.02,6.54,28.26,99.71
2025-07-23 09:00:00,350.67,6.39,29.63,99.74
2025-07-23 10:00:00,586.7,5.73,30.71,93.55
2025-07-23 11:00:00,604.08,5.05,31.3,84.43
2025-07-23 12:00:00,594.17,4.6,31.62,89.26
2025-07-23 13:00:00,601.53,4.32,31.72,97.97
2025-07-23 14:00:00,497.05,4.15,31.61,93.74
2025-07-23 15:00:00,355.08,3.98,31.19,88.82
2025-07-23 16:00:00,216.45,3.63,30.43,93.0
2025-07-23 17:00:00,97.53,3.09,29.45,95.33
2025-07-23 18:00:00,13.6,2.48,28.21,97.27
2025-07-23 19:00:00,0.0,2.62,27.54,97.34
2025-07-23 20:00:00,0.0,2.89,27.17,96.77
2025-07-23 21:00:00,0.0,3.24,26.78,98.24
2025-07-23 22:00:00,0.0,3.82,26.41,99.46
2025-07-23 23:00:00,0.0,4.43,26.05,99.27
2025-07-24 00:00:00,0.0,4.74,25.67,99.57
2025-07-24 01:00:00,0.0,4.8,25.34,99.98
2025-07-24 02:00:00,0.0,4.68,25.13,99.84
2025-07-24 03:00:00,0.0,4.83,25.03,99.96
2025-07-24 04:00:00,0.0,4.35,24.79,99.86
2025-07-24 05:00:00,11.1,3.99,24.71,83.54
2025-07-24 06:00:00,104.55,4.89,25.65,66.72
2025-07-24 07:00:00,264.23,5.48,26.99,50.02
2025-07-24 08:00:00,420.25,5.42,28.46,36.87
2025-07-24 09:00:00,572.17,4.89,29.75,30.11
2025-07-24 10:00:00,674.3,4.27,30.76,31.22
2025-07-24 11:00:00,795.33,3.89,31.38,28.55
2025-07-24 12:00:00,683.72,3.74,31.73,50.2
2025-07-24 13:00:00,677.62,3.7,31.92,43.19
2025-07-24 14:00:00,605.2,3.57,31.84,38.11
2025-07-24 15:00:00,482.17,3.51,31.76,39.76
2025-07-24 16:00:00,287.5,3.35,31.17,53.69
2025-07-24 17:00:00,130.4,3.08,30.23,66.38
2025-07-24 18:00:00,15.15,2.6,28.61,83.66
2025-07-24 19:00:00,0.0,2.99,27.65,99.9
2025-07-24 20:00:00,0.0,3.55,27.17,99.93
2025-07-24 21:00:00,0.0,4.04,26.76,99.98
2025-07-24 22:00:00,0.0,4.49,26.37,99.94
2025-07-24 23:00:00,0.0,4.78,26.01,99.87
2025-07-25 00:00:00,0.0,5.02,25.65,99.52
2025-07-25 01:00:00,0.0,5.18,25.4,99.42
2025-07-25 02:00:00,0.0,5.28,25.21,99.9
2025-07-25 03:00:00,0.0,5.0,24.9,99.93
2025-07-25 04:00:00,0.0,4.54,24.57,99.74
2025-07-25 05:00:00,12.23,4.49,24.54,95.07
2025-07-25 06:00:00,108.32,4.98,25.53,89.98
2025-07-25 07:00:00,268.27,5.56,27.32,84.64
2025-07-25 08:00:00,407.1,5.71,29.22,80.58
2025-07-25 09:00:00,601.05,5.2,30.74,96.09
2025-07-25 10:00:00,661.28,4.39,31.84,76.51
2025-07-25 11:00:00,774.0,3.65,32.23,61.0
2025-07-25 12:00:00,792.92,3.25,32.28,80.69
2025-07-25 13:00:00,684.03,3.06,32.19,79.77
2025-07-25 14:00:00,605.08,2.93,32.04,57.69
2025-07-25 15:00:00,477.0,2.77,31.9,31.84
2025-07-25 16:00:00,320.33,2.36,31.46,45.29
2025-07-25 17:00:00,136.38,2.34,30.74,62.56
2025-07-25 18:00:00,19.4,1.87,29.34,81.52
2025-07-25 19:00:00,0.0,2.07,28.51,99.81
2025-07-25 20:00:00,0.0,2.21,28.09,99.49
2025-07-25 21:00:00,0.0,2.32,27.7,98.37
2025-07-25 22:00:00,0.0,2.41,27.34,96.09
2025-07-25 23:00:00,0.0,2.43,27.0,96.46
2025-07-26 00:00:00,0.0,2.35,26.7,100.0
2025-07-26 01:00:00,0.0,2.3,26.43,98.87
2025-07-26 02:00:00,0.0,2.3,26.2,100.0
2025-07-26 03:00:00,0.0,2.38,26.03,99.25
2025-07-26 04:00:00,0.0,2.23,25.88,99.51
2025-07-26 05:00:00,1.3,2.02,25.94,100.0
2025-07-26 06:00:00,15.9,2.32,26.57,100.0
2025-07-26 07:00:00,46.28,2.07,27.6,100.0
2025-07-26 08:00:00,83.3,1.7,29.0,100.0
2025-07-26 09:00:00,185.45,1.49,30.16,100.0
2025-07-26 10:00:00,257.55,1.7,31.23,100.0
2025-07-26 11:00:00,341.67,2.27,32.06,97.63
2025-07-26 12:00:00,412.2,2.59,32.57,93.31
2025-07-26 13:00:00,451.08,2.57,32.83,95.13
2025-07-26 14:00:00,495.2,2.44,32.7,95.1
2025-07-26 15:00:00,391.08,2.4,32.06,78.71
2025-07-26 16:00:00,234.55,2.46,30.87,82.53
2025-07-26 17:00:00,119.18,2.37,29.65,85.16
2025-07-26 18:00:00,13.52,1.51,28.6,93.28
2025-07-26 19:00:00,0.0,1.03,28.01,97.09
2025-07-26 20:00:00,0.0,1.2,27.56,99.73
2025-07-26 21:00:00,0.0,1.52,27.12,99.45
2025-07-26 22:00:00,0.0,1.66,26.65,99.65
2025-07-26 23:00:00,0.0,1.63,26.19,99.27
2025-07-27 00:00:00,0.0,1.54,25.86,99.53
2025-07-27 01:00:00,0.0,1.34,25.83,99.36
2025-07-27 02:00:00,0.0,1.13,25.87,100.0
2025-07-27 03:00:00,0.0,0.8,25.85,99.61
2025-07-27 04:00:00,0.0,0.75,25.82,99.61
2025-07-27 05:00:00,6.78,1.07,25.96,99.77
2025-07-27 06:00:00,73.82,2.06,26.92,98.19
2025-07-27 07:00:00,179.8,3.13,28.12,99.22
2025-07-27 08:00:00,302.42,4.3,29.37,99.43
2025-07-27 09:00:00,441.73,5.02,30.48,90.24
2025-07-27 10:00:00,445.67,5.32,31.58,98.07
2025-07-27 11:00:00,489.12,5.43,32.42,95.74
2025-07-27 12:00:00,242.75,5.32,32.89,98.87
2025-07-27 13:00:00,257.58,5.1,33.07,99.69
2025-07-27 14:00:00,446.23,4.71,33.16,94.2
2025-07-27 15:00:00,377.42,4.23,32.86,77.51
2025-07-27 16:00:00,252.27,3.49,32.33,80.58
2025-07-27 17:00:00,114.47,2.99,31.41,85.32
2025-07-27 18:00:00,15.65,2.05,29.74,93.41
2025-07-27 19:00:00,0.0,1.94,28.97,96.15
2025-07-27 20:00:00,0.0,1.87,28.61,96.91
2025-07-27 21:00:00,0.0,1.72,28.32,95.72
2025-07-27 22:00:00,0.0,1.6,28.14,97.73
2025-07-27 23:00:00,0.0,1.83,27.86,98.08
2025-07-28 00:00:00,0.0,2.28,27.31,99.36
2025-07-28 01:00:00,0.0,2.7,26.83,99.99
2025-07-28 02:00:00,0.0,2.59,26.52,98.7
2025-07-28 03:00:00,0.0,2.34,26.35,98.34
2025-07-28 04:00:00,0.0,2.26,26.24,98.2
2025-07-28 05:00:00,7.38,2.32,26.26,98.15
2025-07-28 06:00:00,70.4,3.13,26.75,99.17
2025-07-28 07:00:00,165.73,3.41,27.3,99.49
2025-07-28 08:00:00,264.65,3.72,27.83,99.55
2025-07-28 09:00:00,429.98,3.93,28.23,94.51
2025-07-28 10:00:00,538.3,3.8,28.62,92.59
2025-07-28 11:00:00,653.85,3.47,29.11,57.45
2025-07-28 12:00:00,713.88,3.2,29.58,54.56
2025-07-28 13:00:00,654.6,3.06,30.0,84.76
2025-07-28 14:00:00,539.53,3.06,30.22,97.26
2025-07-28 15:00:00,422.38,2.96,30.44,89.51
2025-07-28 16:00:00,242.98,2.71,30.39,85.82
2025-07-28 17:00:00,114.07,2.3,30.06,81.98
2025-07-28 18:00:00,13.3,1.0,29.45,98.78
2025-07-28 19:00:00,0.0,1.28,28.9,99.58
2025-07-28 20:00:00,0.0,1.89,27.99,99.47
2025-07-28 21:00:00,0.0,2.35,27.42,99.16
2025-07-28 22:00:00,0.0,2.92,27.0,98.56
2025-07-28 23:00:00,0.0,3.56,26.63,98.82
2025-07-29 00:00:00,0.0,3.61,26.24,99.29
2025-07-29 01:00:00,0.0,3.39,25.96,99.97
2025-07-29 02:00:00,0.0,3.3,25.75,100.0
2025-07-29 03:00:00,0.0,3.41,25.56,98.96
2025-07-29 04:00:00,0.0,3.74,25.41,98.92
2025-07-29 05:00:00,6.57,4.2,25.35,88.29
2025-07-29 06:00:00,73.47,5.07,25.94,77.37
2025-07-29 07:00:00,194.18,5.29,26.93,67.71
2025-07-29 08:00:00,310.67,5.75,28.35,59.61
2025-07-29 09:00:00,483.27,5.95,29.78,60.34
2025-07-29 10:00:00,476.95,5.8,31.01,85.91
2025-07-29 11:00:00,500.77,5.39,31.91,87.71
2025-07-29 12:00:00,495.95,4.83,32.36,99.91
2025-07-29 13:00:00,457.95,4.28,32.46,99.82
2025-07-29 14:00:00,317.67,3.61,32.21,99.46
2025-07-29 15:00:00,264.45,3.06,31.82,99.38
2025-07-29 16:00:00,165.23,2.71,31.23,99.1
2025-07-29 17:00:00,77.47,2.25,30.4,99.17
2025-07-29 18:00:00,9.23,1.55,29.27,99.95
2025-07-29 19:00:00,0.0,1.67,28.59,99.52
2025-07-29 20:00:00,0.0,1.81,28.11,99.41
2025-07-29 21:00:00,0.0,2.0,27.65,99.39
2025-07-29 22:00:00,0.0,2.26,27.18,99.74
2025-07-29 23:00:00,0.0,2.49,26.65,99.34
2025-07-30 00:00:00,0.0,3.06,26.21,99.22
2025-07-30 01:00:00,0.0,3.41,25.75,100.0
2025-07-30 02:00:00,0.0,3.12,25.4,99.5
2025-07-30 03:00:00,0.0,2.68,25.2,99.2
2025-07-30 04:00:00,0.0,2.44,25.06,99.16
2025-07-30 05:00:00,2.55,2.25,25.0,100.0
2025-07-30 06:00:00,21.73,2.64,25.31,100.0
2025-07-30 07:00:00,44.03,3.18,25.86,100.0
2025-07-30 08:00:00,66.65,3.67,26.57,100.0
2025-07-30 09:00:00,101.03,4.0,27.34,99.64
2025-07-30 10:00:00,151.43,4.18,28.09,100.0
2025-07-30 11:00:00,211.45,4.22,28.64,98.27
2025-07-30 12:00:00,318.85,4.16,28.87,99.79
2025-07-30 13:00:00,362.8,4.14,28.89,99.95
2025-07-30 14:00:00,221.07,4.0,28.86,99.31
2025-07-30 15:00:00,189.2,3.73,28.74,98.51
2025-07-30 16:00:00,90.07,3.31,28.42,99.42
2025-07-30 17:00:00,52.33,2.79,27.88,97.57
2025-07-30 18:00:00,5.97,2.41,27.09,100.0
2025-07-30 19:00:00,0.0,2.65,26.66,100.0
2025-07-30 20:00:00,0.0,2.9,26.35,99.95
2025-07-30 21:00:00,0.0,3.0,26.02,99.69
2025-07-30 22:00:00,0.0,3.04,25.67,100.0
2025-07-30 23:00:00,0.0,3.02,25.37,100.0
2025-07-31 00:00:00,0.0,2.94,25.12,99.76
2025-07-31 01:00:00,0.0,2.85,24.94,99.94
2025-07-31 02:00:00,0.0,2.76,24.76,99.65
2025-07-31 03:00:00,0.0,2.66,24.62,100.0
2025-07-31 04:00:00,0.0,2.75,24.49,100.0
2025-07-31 05:00:00,3.38,3.0,24.42,100.0
2025-07-31 06:00:00,33.47,3.52,24.63,100.0
2025-07-31 07:00:00,74.7,4.39,25.02,100.0
2025-07-31 08:00:00,106.0,5.75,25.44,99.8
2025-07-31 09:00:00,120.6,6.45,26.01,98.77
2025-07-31 10:00:00,180.48,6.62,26.64,99.85
2025-07-31 11:00:00,151.88,6.49,27.15,99.05
2025-07-31 12:00:00,149.2,6.3,27.49,99.93
2025-07-31 13:00:00,149.35,6.09,27.59,99.72
2025-07-31 14:00:00,121.28,5.69,27.56,99.31
2025-07-31 15:00:00,126.93,5.13,27.29,100.0
2025-07-31 16:00:00,78.6,4.59,26.83,100.0
2025-07-31 17:00:00,33.7,4.0,26.27,100.0
2025-07-31 18:00:00,5.6,3.53,25.69,100.0
2025-07-31 19:00:00,0.0,3.88,25.31,99.37
2025-07-31 20:00:00,0.0,4.31,24.99,99.57
2025-07-31 21:00:00,0.0,4.44,24.7,99.87
2025-07-31 22:00:00,0.0,4.3,24.46,99.86
2025-07-31 23:00:00,0.0,4.13,24.24,99.83
2025-08-01 00:00:00,0.0,3.72,24.08,99.93
2025-08-01 01:00:00,0.0,3.74,24.0,99.75
2025-08-01 02:00:00,0.0,3.93,23.94,98.66
2025-08-01 03:00:00,0.0,4.05,23.87,100.0
2025-08-01 04:00:00,0.0,4.27,23.82,100.0
2025-08-01 05:00:00,4.57,4.28,23.81,80.28
2025-08-01 06:00:00,50.15,5.06,24.36,81.05
2025-08-01 07:00:00,117.15,5.75,25.15,82.0
2025-08-01 08:00:00,207.85,6.46,26.03,81.64
2025-08-01 09:00:00,289.05,6.6,26.91,89.01
2025-08-01 10:00:00,321.15,6.25,27.76,90.0
2025-08-01 11:00:00,362.42,5.75,28.54,92.2
2025-08-01 12:00:00,450.9,5.3,29.16,93.67
2025-08-01 13:00:00,587.75,5.0,29.52,73.53
2025-08-01 14:00:00,610.55,4.79,29.71,53.85
2025-08-01 15:00:00,500.55,4.66,29.71,36.15
2025-08-01 16:00:00,292.62,4.61,29.46,50.29
2025-08-01 17:00:00,122.28,3.76,28.58,65.21
2025-08-01 18:00:00,13.88,2.67,27.11,82.55
2025-08-01 19:00:00,0.0,2.77,26.35,98.59
2025-08-01 20:00:00,0.0,3.09,26.01,98.73
2025-08-01 21:00:00,0.0,3.61,25.69,95.13
2025-08-01 22:00:00,0.0,4.09,25.37,91.37
2025-08-01 23:00:00,0.0,4.43,25.0,92.66
2025-08-02 00:00:00,0.0,4.35,24.64,92.16
2025-08-02 01:00:00,0.0,4.23,24.35,65.57
2025-08-02 02:00:00,0.0,3.99,24.17,94.64
2025-08-02 03:00:00,0.0,3.8,24.07,89.1
2025-08-02 04:00:00,0.0,3.84,23.99,93.97
2025-08-02 05:00:00,6.38,3.95,24.03,94.83
2025-08-02 06:00:00,69.43,4.98,24.88,95.87
2025-08-02 07:00:00,172.43,6.37,26.2,96.7
2025-08-02 08:00:00,355.52,7.01,27.7,97.47
2025-08-02 09:00:00,505.48,6.86,29.03,79.34
2025-08-02 10:00:00,655.88,6.5,30.04,60.74
2025-08-02 11:00:00,757.7,6.13,30.82,60.24
2025-08-02 12:00:00,761.0,5.83,31.27,63.63
2025-08-02 13:00:00,654.78,5.7,31.59,63.69
2025-08-02 14:00:00,584.83,5.53,31.41,75.52
2025-08-02 15:00:00,481.35,5.22,31.13,81.98
2025-08-02 16:00:00,301.58,4.68,30.41,86.43
2025-08-02 17:00:00,128.55,3.73,29.18,90.11
2025-08-02 18:00:00,15.95,3.01,27.57,94.65
2025-08-02 19:00:00,0.0,3.13,26.75,99.68
2025-08-02 20:00:00,0.0,3.15,26.29,99.39
2025-08-02 21:00:00,0.0,3.2,25.9,98.87
2025-08-02 22:00:00,0.0,3.77,25.56,99.04
2025-08-02 23:00:00,0.0,4.33,25.19,99.31
2025-08-03 00:00:00,0.0,4.44,24.79,98.9
2025-08-03 01:00:00,0.0,4.31,24.43,99.96
2025-08-03 02:00:00,0.0,3.99,24.15,99.78
2025-08-03 03:00:00,0.0,3.96,24.11,95.91
2025-08-03 04:00:00,0.0,4.2,24.12,93.42
2025-08-03 05:00:00,6.07,4.55,24.15,85.84
2025-08-03 06:00:00,82.7,5.48,24.87,77.39
2025-08-03 07:00:00,212.9,6.05,26.07,71.14
2025-08-03 08:00:00,392.98,6.72,27.43,64.39
2025-08-03 09:00:00,597.38,6.79,28.77,53.68
2025-08-03 10:00:00,753.22,6.12,29.9,39.6
2025-08-03 11:00:00,800.28,5.31,30.61,58.78
2025-08-03 12:00:00,760.1,4.7,31.05,94.29
2025-08-03 13:00:00,654.22,4.22,31.21,94.35
2025-08-03 14:00:00,520.4,3.85,31.21,95.16
2025-08-03 15:00:00,341.27,3.42,30.81,98.99
2025-08-03 16:00:00,205.68,3.12,30.27,99.66
2025-08-03 17:00:00,85.82,2.86,29.24,98.4
2025-08-03 18:00:00,10.77,2.51,27.73,97.37
2025-08-03 19:00:00,0.0,2.83,26.96,97.4
2025-08-03 20:00:00,0.0,2.98,26.58,98.98
2025-08-03 21:00:00,0.0,2.95,26.26,99.74
2025-08-03 22:00:00,0.0,3.02,25.96,97.19
2025-08-03 23:00:00,0.0,3.18,25.65,96.14
2025-08-04 00:00:00,0.0,3.49,25.32,98.28
2025-08-04 01:00:00,0.0,4.06,25.08,98.1
2025-08-04 02:00:00,0.0,4.93,24.89,74.06
2025-08-04 03:00:00,0.0,5.21,24.52,99.84
2025-08-04 04:00:00,0.0,5.24,24.28,99.7
2025-08-04 05:00:00,7.72,5.5,24.24,88.21
2025-08-04 06:00:00,91.4,6.13,24.91,76.77
2025-08-04 07:00:00,234.0,6.48,26.14,65.63
2025-08-04 08:00:00,405.67,6.95,27.59,54.39
2025-08-04 09:00:00,555.72,6.74,28.99,57.06
2025-08-04 10:00:00,617.83,6.09,30.19,97.36
2025-08-04 11:00:00,665.92,5.4,31.02,87.42
2025-08-04 12:00:00,621.47,5.01,31.49,96.78
2025-08-04 13:00:00,538.2,4.91,31.59,98.45
2025-08-04 14:00:00,429.67,4.87,31.46,98.49
2025-08-04 15:00:00,307.0,4.69,31.17,95.95
2025-08-04 16:00:00,198.82,4.38,30.52,96.07
2025-08-04 17:00:00,90.7,3.55,29.42,95.82
2025-08-04 18:00:00,12.43,2.78,27.87,96.7
2025-08-04 19:00:00,0.0,2.88,27.21,98.97
2025-08-04 20:00:00,0.0,3.07,26.86,99.52
2025-08-04 21:00:00,0.0,3.37,26.48,99.42
2025-08-04 22:00:00,0.0,3.82,26.12,99.23
2025-08-04 23:00:00,0.0,4.2,25.67,99.07
2025-08-05 00:00:00,0.0,4.39,25.24,99.49
2025-08-05 01:00:00,0.0,4.48,24.91,99.36
2025-08-05 02:00:00,0.0,4.75,24.65,88.6
2025-08-05 03:00:00,0.0,4.79,24.42,99.6
2025-08-05 04:00:00,0.0,4.7,24.24,99.5
2025-08-05 05:00:00,6.55,5.24,24.17,94.51
2025-08-05 06:00:00,76.72,5.82,24.71,88.9
2025-08-05 07:00:00,183.52,6.08,25.78,83.61
2025-08-05 08:00:00,313.5,6.2,27.14,77.75
2025-08-05 09:00:00,423.4,6.31,28.46,89.88
2025-08-05 10:00:00,539.6,6.25,29.61,82.77
2025-08-05 11:00:00,657.95,6.21,30.27,91.52
2025-08-05 12:00:00,678.15,6.23,30.52,98.53
2025-08-05 13:00:00,699.47,6.24,30.58,89.82
2025-08-05 14:00:00,578.78,5.96,30.41,66.67
2025-08-05 15:00:00,426.6,5.35,29.99,69.7
2025-08-05 16:00:00,248.25,4.46,29.31,77.17
2025-08-05 17:00:00,103.9,3.33,28.17,84.27
2025-08-05 18:00:00,11.68,2.46,26.66,92.47
2025-08-05 19:00:00,0.0,2.48,25.85,99.7
2025-08-05 20:00:00,0.0,2.79,25.36,99.72
2025-08-05 21:00:00,0.0,3.03,24.95,98.77
2025-08-05 22:00:00,0.0,3.19,24.65,99.79
2025-08-05 23:00:00,0.0,3.41,24.37,98.19
2025-08-06 00:00:00,0.0,3.67,24.09,99.98
2025-08-06 01:00:00,0.0,3.74,23.8,100.0
2025-08-06 02:00:00,0.0,3.44,23.57,92.14
2025-08-06 03:00:00,0.0,3.07,23.41,100.0
2025-08-06 04:00:00,0.0,2.84,23.28,99.99
2025-08-06 05:00:00,5.9,3.07,23.33,88.4
2025-08-06 06:00:00,74.62,4.28,24.41,76.85
2025-08-06 07:00:00,201.43,5.32,26.0,65.95
2025-08-06 08:00:00,425.5,5.47,27.43,54.7
2025-08-06 09:00:00,630.05,5.04,28.56,30.47
2025-08-06 10:00:00,790.38,4.61,29.47,15.84
2025-08-06 11:00:00,799.12,4.32,30.11,30.86
2025-08-06 12:00:00,765.88,4.14,30.48,49.22
2025-08-06 13:00:00,689.15,4.0,30.67,49.62
2025-08-06 14:00:00,667.05,3.81,30.73,31.28
2025-08-06 15:00:00,512.1,3.61,30.67,20.55
2025-08-06 16:00:00,300.77,3.34,30.27,38.6
2025-08-06 17:00:00,115.5,2.94,29.25,57.81
2025-08-06 18:00:00,10.57,2.46,27.42,79.9
2025-08-06 19:00:00,0.0,2.81,26.49,99.97
2025-08-06 20:00:00,0.0,3.32,26.03,96.93
2025-08-06 21:00:00,0.0,3.71,25.58,98.89
2025-08-06 22:00:00,0.0,3.91,25.11,99.48
2025-08-06 23:00:00,0.0,3.92,24.64,100.0
2025-08-07 00:00:00,0.0,3.86,24.21,99.87
2025-08-07 01:00:00,0.0,3.81,23.86,99.83
2025-08-07 02:00:00,0.0,3.75,23.57,95.3
2025-08-07 03:00:00,0.0,3.69,23.35,99.79
2025-08-07 04:00:00,0.0,3.71,23.23,99.84
2025-08-07 05:00:00,7.47,3.98,23.3,77.54
2025-08-07 06:00:00,100.9,4.86,24.37,53.26
2025-08-07 07:00:00,275.45,5.61,26.25,32.49
2025-08-07 08:00:00,487.6,6.0,28.19,11.96
2025-08-07 09:00:00,633.03,5.31,29.63,47.47
2025-08-07 10:00:00,732.6,4.4,30.55,52.78
2025-08-07 11:00:00,662.78,3.86,31.15,82.31
2025-08-07 12:00:00,669.33,3.73,31.55,89.14
2025-08-07 13:00:00,648.4,3.86,31.79,70.46
2025-08-07 14:00:00,681.7,4.03,31.8,26.15
2025-08-07 15:00:00,534.15,4.0,31.36,9.04
2025-08-07 16:00:00,312.08,4.0,30.73,28.63
2025-08-07 17:00:00,117.72,3.38,29.54,50.08
2025-08-07 18:00:00,9.57,2.84,27.78,76.61
2025-08-07 19:00:00,0.0,3.18,26.88,99.95
2025-08-07 20:00:00,0.0,3.72,26.32,99.95
2025-08-07 21:00:00,0.0,4.17,25.77,99.95
2025-08-07 22:00:00,0.0,4.44,25.19,99.96
2025-08-07 23:00:00,0.0,4.5,24.61,99.97
2025-08-08 00:00:00,0.0,4.61,24.1,99.97
2025-08-08 01:00:00,0.0,4.64,23.69,57.87
2025-08-08 02:00:00,0.0,4.53,23.41,99.91
2025-08-08 03:00:00,0.0,4.47,23.33,99.83
2025-08-08 04:00:00,0.0,4.68,23.45,99.61
2025-08-08 05:00:00,7.0,4.64,23.54,82.39
2025-08-08 06:00:00,100.7,5.28,24.56,62.24
2025-08-08 07:00:00,275.23,5.63,26.11,44.68
2025-08-08 08:00:00,481.2,5.92,27.88,27.29
2025-08-08 09:00:00,665.7,5.64,29.6,18.86
2025-08-08 10:00:00,795.62,4.87,31.0,25.88
2025-08-08 11:00:00,814.0,4.2,31.87,52.37
2025-08-08 12:00:00,729.33,3.9,32.3,88.13
2025-08-08 13:00:00,675.88,3.86,32.4,90.62
2025-08-08 14:00:00,533.6,3.74,32.24,94.92
2025-08-08 15:00:00,350.35,3.37,31.7,99.18
2025-08-08 16:00:00,210.32,2.95,30.77,99.76
2025-08-08 17:00:00,88.3,2.72,29.56,98.75
2025-08-08 18:00:00,10.0,2.26,27.98,97.66
2025-08-08 19:00:00,0.0,2.49,27.23,97.78
2025-08-08 20:00:00,0.0,2.71,26.75,99.61
2025-08-08 21:00:00,0.0,2.95,26.32,99.77
2025-08-08 22:00:00,0.0,3.14,25.93,99.6
2025-08-08 23:00:00,0.0,3.16,25.52,99.78
2025-08-09 00:00:00,0.0,3.27,25.09,98.25
2025-08-09 01:00:00,0.0,3.67,24.71,99.95
2025-08-09 02:00:00,0.0,3.86,24.34,77.65
2025-08-09 03:00:00,0.0,4.06,24.09,93.48
2025-08-09 04:00:00,0.0,4.26,23.84,87.09
2025-08-09 05:00:00,7.65,4.29,23.73,88.94
2025-08-09 06:00:00,85.25,4.79,24.43,92.52
2025-08-09 07:00:00,202.8,4.75,25.82,95.14
2025-08-09 08:00:00,346.83,5.0,27.48,96.88
2025-08-09 09:00:00,458.7,5.14,29.07,97.96
2025-08-09 10:00:00,519.3,4.54,30.48,99.41
2025-08-09 11:00:00,537.55,3.53,31.4,96.19
2025-08-09 12:00:00,515.33,2.8,31.84,98.93
2025-08-09 13:00:00,511.67,2.28,31.7,96.95
2025-08-09 14:00:00,428.12,2.01,31.4,96.42
2025-08-09 15:00:00,330.45,1.82,30.94,98.86
2025-08-09 16:00:00,202.05,1.61,30.22,98.62
2025-08-09 17:00:00,85.93,1.68,29.17,99.09
2025-08-09 18:00:00,10.82,1.58,27.78,98.52
2025-08-09 19:00:00,0.0,1.84,26.91,99.58
2025-08-09 20:00:00,0.0,2.1,26.33,98.56
2025-08-09 21:00:00,0.0,2.23,25.84,98.74
2025-08-09 22:00:00,0.0,2.31,25.42,99.72
2025-08-09 23:00:00,0.0,2.33,25.05,99.72
2025-08-10 00:00:00,0.0,2.34,24.69,99.79
2025-08-10 01:00:00,0.0,2.4,24.32,95.54
2025-08-10 02:00:00,0.0,2.51,24.0,99.76
2025-08-10 03:00:00,0.0,2.56,23.75,99.32
2025-08-10 04:00:00,0.0,2.6,23.55,98.86
2025-08-10 05:00:00,5.72,2.96,23.57,89.02
2025-08-10 06:00:00,79.75,4.22,24.49,79.49
2025-08-10 07:00:00,213.18,4.68,26.03,70.12
2025-08-10 08:00:00,398.08,5.09,27.77,60.67
2025-08-10 09:00:00,618.6,5.11,29.13,42.84
2025-08-10 10:00:00,752.62,4.6,30.18,40.21
2025-08-10 11:00:00,773.45,3.95,31.08,48.8
2025-08-10 12:00:00,580.78,3.48,31.64,67.45
2025-08-10 13:00:00,572.3,3.13,31.85,79.27
2025-08-10 14:00:00,447.77,2.98,31.93,79.24
2025-08-10 15:00:00,363.3,3.06,31.65,78.73
2025-08-10 16:00:00,202.18,3.18,31.09,84.34
2025-08-10 17:00:00,91.7,2.89,29.93,88.98
2025-08-10 18:00:00,9.15,2.35,28.01,95.03
2025-08-10 19:00:00,0.0,2.6,27.09,100.0
2025-08-10 20:00:00,0.0,2.98,26.55,99.78
2025-08-10 21:00:00,0.0,3.35,26.1,99.91
2025-08-10 22:00:00,0.0,3.63,25.68,99.89
2025-08-10 23:00:00,0.0,3.85,25.31,96.34
2025-08-11 00:00:00,0.0,3.96,25.02,99.95
2025-08-11 01:00:00,0.0,4.03,24.73,99.76
2025-08-11 02:00:00,0.0,4.26,24.44,98.32
2025-08-11 03:00:00,0.0,4.58,24.22,99.96
2025-08-11 04:00:00,0.0,4.48,23.99,99.64
2025-08-11 05:00:00,6.2,4.28,23.89,85.51
2025-08-11 06:00:00,80.88,4.87,24.5,73.58
2025-08-11 07:00:00,224.55,5.44,25.82,62.94
2025-08-11 08:00:00,405.4,6.03,27.51,53.06
2025-08-11 09:00:00,592.4,5.68,29.04,53.06
2025-08-11 10:00:00,652.75,5.05,30.21,73.74
2025-08-11 11:00:00,667.38,4.39,31.06,73.09
2025-08-11 12:00:00,686.47,3.88,31.48,79.08
2025-08-11 13:00:00,660.22,3.85,31.5,85.71
2025-08-11 14:00:00,523.7,3.79,31.12,80.42
2025-08-11 15:00:00,430.2,3.46,30.49,50.86
2025-08-11 16:00:00,248.82,3.11,29.73,62.73
2025-08-11 17:00:00,104.5,2.54,28.71,73.48
2025-08-11 18:00:00,9.93,2.41,27.51,87.8
2025-08-11 19:00:00,0.0,2.73,26.89,98.54
2025-08-11 20:00:00,0.0,3.19,26.41,98.31
2025-08-11 21:00:00,0.0,3.73,25.85,98.94
2025-08-11 22:00:00,0.0,4.29,25.33,99.27
2025-08-11 23:00:00,0.0,4.39,24.84,99.61
2025-08-12 00:00:00,0.0,3.88,24.36,99.67
2025-08-12 01:00:00,0.0,3.42,24.06,99.56
2025-08-12 02:00:00,0.0,3.43,23.9,99.87
2025-08-12 03:00:00,0.0,3.47,23.8,99.34
2025-08-12 04:00:00,0.0,3.41,23.7,99.7
2025-08-12 05:00:00,6.18,3.29,23.73,81.09
2025-08-12 06:00:00,94.22,3.89,24.7,60.93
2025-08-12 07:00:00,260.1,5.12,26.15,43.39
2025-08-12 08:00:00,461.92,5.97,27.78,25.73
2025-08-12 09:00:00,657.75,5.86,29.32,14.07
2025-08-12 10:00:00,804.17,5.38,30.68,4.62
2025-08-12 11:00:00,868.58,4.94,31.74,24.29
2025-08-12 12:00:00,833.15,4.56,32.34,56.43
2025-08-12 13:00:00,755.22,4.26,32.58,73.11
2025-08-12 14:00:00,652.17,4.18,32.38,45.4
2025-08-12 15:00:00,461.4,4.02,32.14,63.22
2025-08-12 16:00:00,267.27,3.7,31.39,71.85
2025-08-12 17:00:00,101.78,3.22,30.06,80.34
2025-08-12 18:00:00,8.45,2.64,28.06,88.64
2025-08-12 19:00:00,0.0,2.99,27.09,97.19
2025-08-12 20:00:00,0.0,3.61,26.53,98.82
2025-08-12 21:00:00,0.0,3.89,25.98,99.03
2025-08-12 22:00:00,0.0,3.46,25.4,97.88
2025-08-12 23:00:00,0.0,3.11,24.96,97.91
2025-08-13 00:00:00,0.0,3.28,24.63,98.52
2025-08-13 01:00:00,0.0,3.93,24.37,100.0
2025-08-13 02:00:00,0.0,4.01,24.03,99.43
2025-08-13 03:00:00,0.0,3.32,23.78,99.8
2025-08-13 04:00:00,0.0,2.66,23.76,99.68
2025-08-13 05:00:00,6.6,3.02,23.88,89.02
2025-08-13 06:00:00,103.12,4.23,24.7,78.09
2025-08-13 07:00:00,281.55,4.32,26.0,67.66
2025-08-13 08:00:00,479.92,4.71,27.52,57.05
2025-08-13 09:00:00,655.15,4.05,28.87,63.69
2025-08-13 10:00:00,786.62,2.87,29.64,49.32
2025-08-13 11:00:00,738.33,2.03,29.94,72.81
2025-08-13 12:00:00,742.35,2.02,30.09,70.48
2025-08-13 13:00:00,667.62,2.57,30.12,92.23
2025-08-13 14:00:00,492.58,3.02,29.81,80.92
2025-08-13 15:00:00,315.92,3.36,29.08,99.65
2025-08-13 16:00:00,196.73,3.62,28.28,99.87
2025-08-13 17:00:00,83.22,3.39,27.34,99.82
2025-08-13 18:00:00,8.2,2.7,26.36,99.53
2025-08-13 19:00:00,0.0,2.5,25.87,98.6
2025-08-13 20:00:00,0.0,2.31,25.57,99.07
2025-08-13 21:00:00,0.0,2.09,25.38,98.86
2025-08-13 22:00:00,0.0,1.91,25.32,97.95
2025-08-13 23:00:00,0.0,1.73,25.3,99.25
2025-08-14 00:00:00,0.0,1.62,25.23,99.22
2025-08-14 01:00:00,0.0,1.58,25.09,100.0
2025-08-14 02:00:00,0.0,1.42,24.95,99.75
2025-08-14 03:00:00,0.0,1.21,24.86,99.17
2025-08-14 04:00:00,0.0,1.06,24.82,99.4
2025-08-14 05:00:00,2.42,1.01,24.89,100.0
2025-08-14 06:00:00,35.2,1.13,25.49,100.0
2025-08-14 07:00:00,85.57,0.67,26.33,100.0
2025-08-14 08:00:00,143.43,1.11,27.18,99.88
2025-08-14 09:00:00,162.12,1.68,27.78,98.65
2025-08-14 10:00:00,165.95,2.06,28.26,99.5
2025-08-14 11:00:00,158.77,2.5,28.4,99.05
2025-08-14 12:00:00,266.35,3.04,28.26,100.0
2025-08-14 13:00:00,197.75,3.35,28.12,98.92
2025-08-14 14:00:00,208.2,2.93,28.17,99.51
2025-08-14 15:00:00,272.35,2.0,28.23,99.34
2025-08-14 16:00:00,176.8,1.36,28.23,99.21
2025-08-14 17:00:00,68.95,1.12,27.77,98.8
2025-08-14 18:00:00,7.7,1.06,26.68,97.34
2025-08-14 19:00:00,0.0,1.33,26.07,98.23
2025-08-14 20:00:00,0.0,1.67,25.76,99.79
2025-08-14 21:00:00,0.0,2.06,25.52,99.81
2025-08-14 22:00:00,0.0,2.48,25.31,99.89
2025-08-14 23:00:00,0.0,2.63,25.15,99.91
2025-08-15 00:00:00,0.0,2.47,24.96,97.44
2025-08-15 01:00:00,0.0,2.26,24.75,94.3
2025-08-15 02:00:00,0.0,2.11,24.59,93.79
2025-08-15 03:00:00,0.0,2.07,24.47,92.41
2025-08-15 04:00:00,0.0,2.16,24.37,90.7
2025-08-15 05:00:00,3.9,2.26,24.33,92.81
2025-08-15 06:00:00,54.58,3.26,25.21,96.57
2025-08-15 07:00:00,144.07,3.57,26.54,98.08
2025-08-15 08:00:00,265.27,3.22,28.15,99.52
2025-08-15 09:00:00,435.42,2.77,29.33,88.19
2025-08-15 10:00:00,647.33,2.58,30.15,60.52
2025-08-15 11:00:00,688.62,2.6,30.7,56.87
2025-08-15 12:00:00,698.88,2.71,31.05,71.16
2025-08-15 13:00:00,659.28,2.79,31.45,65.62
2025-08-15 14:00:00,548.97,2.76,31.61,63.58
2025-08-15 15:00:00,381.9,2.71,31.5,58.92
2025-08-15 16:00:00,216.35,2.58,30.98,68.35
2025-08-15 17:00:00,82.9,2.28,29.94,78.36
2025-08-15 18:00:00,6.78,1.92,28.32,88.09
2025-08-15 19:00:00,0.0,1.95,27.44,99.2
2025-08-15 20:00:00,0.0,2.06,26.91,99.56
2025-08-15 21:00:00,0.0,2.19,26.48,99.18
2025-08-15 22:00:00,0.0,2.39,26.1,99.82
2025-08-15 23:00:00,0.0,2.64,25.74,99.16
2025-08-16 00:00:00,0.0,2.75,25.37,95.86
2025-08-16 01:00:00,0.0,2.68,25.02,99.62
2025-08-16 02:00:00,0.0,2.32,24.73,73.06
2025-08-16 03:00:00,0.0,2.12,24.51,84.77
2025-08-16 04:00:00,0.0,2.04,24.34,81.89
2025-08-16 05:00:00,4.07,2.08,24.31,86.42
2025-08-16 06:00:00,61.5,2.89,25.29,91.81
2025-08-16 07:00:00,156.35,3.45,27.17,96.07
2025-08-16 08:00:00,265.12,3.74,28.7,99.88
2025-08-16 09:00:00,415.25,3.81,29.78,99.31
2025-08-16 10:00:00,519.17,3.82,30.6,95.44
2025-08-16 11:00:00,580.22,3.82,31.12,83.32
2025-08-16 12:00:00,592.25,3.85,31.52,77.59
2025-08-16 13:00:00,635.3,3.82,31.73,69.92
2025-08-16 14:00:00,559.47,3.7,31.75,64.69
2025-08-16 15:00:00,418.67,3.6,31.57,80.35
2025-08-16 16:00:00,237.98,3.4,31.04,84.58
2025-08-16 17:00:00,92.75,2.83,29.95,89.56
2025-08-16 18:00:00,7.18,2.15,28.32,94.12
2025-08-16 19:00:00,0.0,2.12,27.58,98.65
2025-08-16 20:00:00,0.0,2.21,27.16,99.6
2025-08-16 21:00:00,0.0,2.43,26.77,99.64
2025-08-16 22:00:00,0.0,2.84,26.41,99.65
2025-08-16 23:00:00,0.0,3.33,26.08,99.76
2025-08-17 00:00:00,0.0,3.64,25.85,99.04
2025-08-17 01:00:00,0.0,3.71,25.72,99.58
2025-08-17 02:00:00,0.0,3.29,25.54,99.0
2025-08-17 03:00:00,0.0,2.88,25.33,99.65
2025-08-17 04:00:00,0.0,2.84,25.18,99.64
2025-08-17 05:00:00,4.38,3.02,25.06,78.18
2025-08-17 06:00:00,84.6,4.13,25.89,55.79
2025-08-17 07:00:00,256.05,4.84,27.43,35.88
2025-08-17 08:00:00,493.95,5.67,28.95,16.11
2025-08-17 09:00:00,596.08,5.96,30.07,57.95
2025-08-17 10:00:00,785.53,5.92,31.06,20.24
2025-08-17 11:00:00,822.38,5.82,31.83,31.75
2025-08-17 12:00:00,684.62,5.79,32.31,60.79
2025-08-17 13:00:00,704.75,5.78,32.39,49.11
2025-08-17 14:00:00,604.28,5.59,32.16,63.12
2025-08-17 15:00:00,459.0,5.29,31.73,59.62
2025-08-17 16:00:00,273.33,4.59,30.83,68.77
2025-08-17 17:00:00,98.72,3.42,29.56,78.81
2025-08-17 18:00:00,7.07,2.6,28.18,88.64
2025-08-17 19:00:00,0.0,2.8,27.61,99.25
2025-08-17 20:00:00,0.0,3.24,27.27,98.89
2025-08-17 21:00:00,0.0,3.52,26.95,99.13
2025-08-17 22:00:00,0.0,3.44,26.68,99.4
2025-08-17 23:00:00,0.0,3.37,26.48,99.59
2025-08-18 00:00:00,0.0,3.46,26.34,99.12
2025-08-18 01:00:00,0.0,3.55,26.19,99.46
2025-08-18 02:00:00,0.0,3.52,26.01,99.72
2025-08-18 03:00:00,0.0,3.38,25.83,99.25
2025-08-18 04:00:00,0.0,3.34,25.64,99.75
2025-08-18 05:00:00,5.43,3.54,25.56,91.94
2025-08-18 06:00:00,89.07,4.41,26.32,84.94
2025-08-18 07:00:00,228.77,4.93,27.73,78.2
2025-08-18 08:00:00,425.67,5.74,29.1,71.77
2025-08-18 09:00:00,541.75,6.19,30.08,86.86
2025-08-18 10:00:00,636.8,6.52,30.64,80.82
2025-08-18 11:00:00,677.97,6.88,30.91,65.54
2025-08-18 12:00:00,712.3,7.14,31.05,61.77
2025-08-18 13:00:00,621.92,7.14,30.92,47.49
2025-08-18 14:00:00,515.25,6.71,30.78,56.45
2025-08-18 15:00:00,356.1,5.9,30.44,67.78
2025-08-18 16:00:00,203.8,4.92,29.78,76.19
2025-08-18 17:00:00,79.85,3.43,28.65,83.19
2025-08-18 18:00:00,6.1,2.3,27.16,90.78
2025-08-18 19:00:00,0.0,2.14,26.51,99.32
2025-08-18 20:00:00,0.0,2.21,26.24,99.5
2025-08-18 21:00:00,0.0,2.45,26.05,99.43
2025-08-18 22:00:00,0.0,2.67,25.84,98.69
2025-08-18 23:00:00,0.0,2.7,25.58,99.71
2025-08-19 00:00:00,0.0,2.68,25.32,99.41
2025-08-19 01:00:00,0.0,2.61,25.06,98.55
2025-08-19 02:00:00,0.0,2.56,24.9,98.23
2025-08-19 03:00:00,0.0,2.51,24.79,99.83
2025-08-19 04:00:00,0.0,2.56,24.69,99.36
2025-08-19 05:00:00,4.35,2.89,24.79,90.82
2025-08-19 06:00:00,82.53,3.99,25.97,82.17
2025-08-19 07:00:00,233.52,4.46,27.81,74.08
2025-08-19 08:00:00,428.52,4.87,29.35,65.71
2025-08-19 09:00:00,663.08,4.8,30.29,24.35
2025-08-19 10:00:00,718.35,4.82,30.94,44.4
2025-08-19 11:00:00,619.1,4.93,31.44,77.91
2025-08-19 12:00:00,657.62,5.04,31.73,63.62
2025-08-19 13:00:00,601.12,5.1,31.78,75.19
2025-08-19 14:00:00,574.53,5.1,31.71,52.48
2025-08-19 15:00:00,501.75,4.96,31.47,20.71
2025-08-19 16:00:00,288.6,4.68,30.85,41.08
2025-08-19 17:00:00,97.47,3.75,29.38,59.78
2025-08-19 18:00:00,5.15,3.11,27.76,80.62
2025-08-19 19:00:00,0.0,3.48,27.09,99.89
2025-08-19 20:00:00,0.0,3.79,26.68,99.87
2025-08-19 21:00:00,0.0,3.62,26.27,99.39
2025-08-19 22:00:00,0.0,3.26,25.87,98.75
2025-08-19 23:00:00,0.0,3.14,25.63,99.92
2025-08-20 00:00:00,0.0,3.07,25.45,99.98
2025-08-20 01:00:00,0.0,3.05,25.35,99.97
2025-08-20 02:00:00,0.0,3.22,25.26,99.98
2025-08-20 03:00:00,0.0,3.5,25.17,98.94
2025-08-20 04:00:00,0.0,3.75,25.07,99.94
2025-08-20 05:00:00,3.55,4.01,25.04,94.67
2025-08-20 06:00:00,70.22,5.08,25.94,89.42
2025-08-20 07:00:00,213.7,5.99,27.46,84.45
2025-08-20 08:00:00,422.5,6.25,28.84,79.55
2025-08-20 09:00:00,683.1,6.02,29.89,22.87
2025-08-20 10:00:00,799.75,5.8,30.73,24.61
2025-08-20 11:00:00,878.03,5.66,31.32,14.6
2025-08-20 12:00:00,742.62,5.57,31.62,45.6
2025-08-20 13:00:00,607.72,5.47,31.73,63.7
2025-08-20 14:00:00,517.67,5.24,31.6,73.83
2025-08-20 15:00:00,418.83,4.91,31.28,60.68
2025-08-20 16:00:00,240.1,4.35,30.66,69.36
2025-08-20 17:00:00,87.35,3.37,29.44,79.5
2025-08-20 18:00:00,5.82,2.37,27.74,88.58
2025-08-20 19:00:00,0.0,2.42,27.07,98.66
2025-08-20 20:00:00,0.0,2.7,26.67,98.09
2025-08-20 21:00:00,0.0,2.99,26.31,97.99
2025-08-20 22:00:00,0.0,3.16,25.98,98.34
2025-08-20 23:00:00,0.0,3.13,25.64,97.95
2025-08-21 00:00:00,0.0,3.05,25.38,99.24
2025-08-21 01:00:00,0.0,3.08,25.18,99.76
2025-08-21 02:00:00,0.0,3.06,25.05,99.34
2025-08-21 03:00:00,0.0,3.16,25.0,99.5
2025-08-21 04:00:00,0.0,3.35,24.97,99.65
2025-08-21 05:00:00,1.58,3.5,25.0,99.87
2025-08-21 06:00:00,44.0,4.0,25.51,98.62
2025-08-21 07:00:00,120.55,4.18,26.31,99.62
2025-08-21 08:00:00,222.88,4.6,27.15,99.88
2025-08-21 09:00:00,415.4,4.64,27.93,98.48
2025-08-21 10:00:00,501.4,4.59,28.54,95.86
2025-08-21 11:00:00,626.72,4.48,28.99,82.13
2025-08-21 12:00:00,565.95,4.28,29.3,97.21
2025-08-21 13:00:00,330.55,4.03,29.47,97.74
2025-08-21 14:00:00,341.67,3.67,29.4,96.91
2025-08-21 15:00:00,103.2,3.2,29.14,96.9
2025-08-21 16:00:00,68.57,2.64,28.73,97.77
2025-08-21 17:00:00,30.12,2.14,28.02,99.63
2025-08-21 18:00:00,2.55,1.57,26.84,99.68
2025-08-21 19:00:00,0.0,1.52,26.39,97.73
2025-08-21 20:00:00,0.0,1.52,26.09,98.79
2025-08-21 21:00:00,0.0,1.54,25.79,99.06
2025-08-21 22:00:00,0.0,1.39,25.55,99.24
2025-08-21 23:00:00,0.0,1.13,25.36,99.67
2025-08-22 00:00:00,0.0,0.84,25.28,99.71
2025-08-22 01:00:00,0.0,0.77,25.14,97.79
2025-08-22 02:00:00,0.0,1.14,24.9,91.95
2025-08-22 03:00:00,0.0,1.53,24.81,98.02
2025-08-22 04:00:00,0.0,1.82,24.8,99.37
2025-08-22 05:00:00,1.3,2.1,24.88,100.0
2025-08-22 06:00:00,25.77,2.99,25.81,99.73
2025-08-22 07:00:00,72.82,3.36,26.71,99.85
2025-08-22 08:00:00,133.98,3.07,28.12,99.87
2025-08-22 09:00:00,173.18,2.87,29.11,99.9
2025-08-22 10:00:00,179.07,2.8,29.7,100.0
2025-08-22 11:00:00,135.73,2.93,30.08,99.05
2025-08-22 12:00:00,95.28,3.16,30.24,98.2
2025-08-22 13:00:00,99.7,3.45,30.31,99.73
2025-08-22 14:00:00,114.57,3.51,30.17,98.84
2025-08-22 15:00:00,166.82,3.28,29.93,99.84
2025-08-22 16:00:00,99.93,3.03,29.46,99.97
2025-08-22 17:00:00,39.7,2.79,28.56,99.67
2025-08-22 18:00:00,2.42,2.74,27.29,99.8
2025-08-22 19:00:00,0.0,3.05,26.64,99.31
2025-08-22 20:00:00,0.0,3.33,26.2,99.37
2025-08-22 21:00:00,0.0,3.71,25.81,98.5
2025-08-22 22:00:00,0.0,3.91,25.42,96.73
2025-08-22 23:00:00,0.0,3.76,25.13,95.92
2025-08-23 00:00:00,0.0,4.06,24.97,95.24
2025-08-23 01:00:00,0.0,4.07,24.81,98.65
2025-08-23 02:00:00,0.0,4.03,24.69,100.0
2025-08-23 03:00:00,0.0,3.87,24.55,99.74
2025-08-23 04:00:00,0.0,3.69,24.46,99.32
2025-08-23 05:00:00,0.5,3.5,24.46,100.0
2025-08-23 06:00:00,9.02,3.96,24.96,100.0
2025-08-23 07:00:00,24.3,4.47,25.97,100.0
2025-08-23 08:00:00,40.75,4.57,27.39,100.0
2025-08-23 09:00:00,88.72,4.23,28.68,99.56
2025-08-23 10:00:00,129.3,3.7,29.55,99.93
2025-08-23 11:00:00,135.45,3.37,30.06,99.91
2025-08-23 12:00:00,105.4,3.24,30.47,95.83
2025-08-23 13:00:00,58.67,3.0,30.4,99.71
2025-08-23 14:00:00,54.75,2.83,30.08,97.69
2025-08-23 15:00:00,39.95,2.76,29.68,97.98
2025-08-23 16:00:00,26.62,2.58,29.03,98.34
2025-08-23 17:00:00,11.98,2.56,28.2,98.86
2025-08-23 18:00:00,0.93,2.28,27.13,99.36
2025-08-23 19:00:00,0.0,2.39,26.6,99.36
2025-08-23 20:00:00,0.0,2.35,26.19,98.59
2025-08-23 21:00:00,0.0,2.17,25.75,99.23
2025-08-23 22:00:00,0.0,2.08,25.38,99.47
2025-08-23 23:00:00,0.0,2.15,25.04,99.22
2025-08-24 00:00:00,0.0,2.1,24.77,99.3
2025-08-24 01:00:00,0.0,1.78,24.56,99.54
2025-08-24 02:00:00,0.0,1.52,24.45,100.0
2025-08-24 03:00:00,0.0,1.53,24.39,99.64
2025-08-24 04:00:00,0.0,1.57,24.32,99.7
2025-08-24 05:00:00,2.6,1.61,24.32,99.87
2025-08-24 06:00:00,43.08,2.25,25.42,99.75
2025-08-24 07:00:00,119.53,2.18,26.73,99.62
2025-08-24 08:00:00,206.68,1.99,28.13,99.85
2025-08-24 09:00:00,289.0,2.26,29.22,99.59
2025-08-24 10:00:00,336.15,2.56,29.98,99.61
2025-08-24 11:00:00,482.3,2.54,30.47,96.9
2025-08-24 12:00:00,527.65,2.27,30.86,93.58
2025-08-24 13:00:00,554.05,1.78,31.1,80.37
2025-08-24 14:00:00,600.47,1.06,31.13,54.14
2025-08-24 15:00:00,444.67,0.47,30.85,54.04
2025-08-24 16:00:00,256.6,0.88,30.28,64.66
2025-08-24 17:00:00,90.35,1.42,29.3,74.59
2025-08-24 18:00:00,3.75,1.51,27.83,88.46
2025-08-24 19:00:00,0.0,1.68,27.0,97.93
2025-08-24 20:00:00,0.0,1.8,26.5,99.2
2025-08-24 21:00:00,0.0,1.8,26.11,98.59
2025-08-24 22:00:00,0.0,1.77,25.76,99.19
2025-08-24 23:00:00,0.0,1.75,25.48,99.11
2025-08-25 00:00:00,0.0,1.86,25.19,89.28
2025-08-25 01:00:00,0.0,2.03,24.95,68.24
2025-08-25 02:00:00,0.0,2.26,24.78,91.74
2025-08-25 03:00:00,0.0,2.55,24.62,94.76
2025-08-25 04:00:00,0.0,2.77,24.42,79.76
2025-08-25 05:00:00,3.3,2.78,24.3,84.46
2025-08-25 06:00:00,58.38,3.29,24.94,90.55
2025-08-25 07:00:00,150.95,3.09,26.23,95.64
2025-08-25 08:00:00,278.65,2.61,27.73,99.42
2025-08-25 09:00:00,422.6,2.11,28.97,92.05
2025-08-25 10:00:00,493.98,1.87,29.93,89.75
2025-08-25 11:00:00,489.67,2.11,30.74,97.49
2025-08-25 12:00:00,583.45,2.44,31.22,90.44
2025-08-25 13:00:00,553.17,2.79,31.31,86.51
2025-08-25 14:00:00,473.9,2.93,31.22,80.67
2025-08-25 15:00:00,371.42,2.9,30.74,78.91
2025-08-25 16:00:00,221.65,2.72,30.04,84.36
2025-08-25 17:00:00,83.4,2.3,28.99,88.98
2025-08-25 18:00:00,4.05,1.72,27.7,94.39
2025-08-25 19:00:00,0.0,1.5,27.13,98.47
2025-08-25 20:00:00,0.0,1.44,26.78,99.45
2025-08-25 21:00:00,0.0,1.32,26.46,99.28
2025-08-25 22:00:00,0.0,1.1,26.2,98.73
2025-08-25 23:00:00,0.0,0.83,25.98,97.72
2025-08-26 00:00:00,0.0,0.59,25.81,95.77
2025-08-26 01:00:00,0.0,0.3,25.76,96.19
2025-08-26 02:00:00,0.0,0.45,25.55,99.37
2025-08-26 03:00:00,0.0,0.71,25.22,99.87
2025-08-26 04:00:00,0.0,0.8,25.01,82.96
2025-08-26 05:00:00,3.7,0.93,24.9,76.89
2025-08-26 06:00:00,80.22,1.42,25.53,71.57
2025-08-26 07:00:00,221.2,1.2,26.6,66.58
2025-08-26 08:00:00,382.42,1.05,27.72,61.37
2025-08-26 09:00:00,610.92,0.9,28.75,50.39
2025-08-26 10:00:00,726.47,0.71,29.54,48.41
2025-08-26 11:00:00,750.55,0.53,30.22,46.77
2025-08-26 12:00:00,716.9,0.68,30.59,50.94
2025-08-26 13:00:00,609.7,1.05,30.85,63.53
2025-08-26 14:00:00,422.0,1.55,30.8,77.18
2025-08-26 15:00:00,358.9,2.12,30.18,60.2
2025-08-26 16:00:00,202.32,2.46,29.32,68.39
2025-08-26 17:00:00,70.93,2.16,28.36,75.11
2025-08-26 18:00:00,2.17,1.66,27.29,91.08
2025-08-26 19:00:00,0.0,1.52,26.71,98.41
2025-08-26 20:00:00,0.0,1.62,26.3,97.79
2025-08-26 21:00:00,0.0,1.85,25.99,97.92
2025-08-26 22:00:00,0.0,2.17,25.73,99.43
2025-08-26 23:00:00,0.0,2.47,25.51,99.57
2025-08-27 00:00:00,0.0,2.67,25.32,92.56
2025-08-27 01:00:00,0.0,2.63,25.16,97.84
2025-08-27 02:00:00,0.0,2.37,24.99,95.67
2025-08-27 03:00:00,0.0,2.03,24.83,99.97
2025-08-27 04:00:00,0.0,1.75,24.68,98.45
2025-08-27 05:00:00,2.92,1.53,24.64,98.52
2025-08-27 06:00:00,52.1,1.92,25.6,98.94
2025-08-27 07:00:00,133.6,1.95,26.92,99.3
2025-08-27 08:00:00,245.95,2.0,28.6,99.2
2025-08-27 09:00:00,377.4,1.93,29.91,94.58
2025-08-27 10:00:00,576.45,1.76,30.81,80.28
2025-08-27 11:00:00,779.5,1.49,31.44,52.72
2025-08-27 12:00:00,773.05,1.18,31.74,42.66
2025-08-27 13:00:00,635.62,0.9,31.89,47.57
2025-08-27 14:00:00,519.25,0.83,31.81,57.38
2025-08-27 15:00:00,336.6,0.96,31.45,76.84
2025-08-27 16:00:00,195.12,1.06,30.85,82.48
2025-08-27 17:00:00,67.18,1.31,29.81,87.74
2025-08-27 18:00:00,2.83,1.21,28.59,92.74
2025-08-27 19:00:00,0.0,1.32,27.85,98.9
2025-08-27 20:00:00,0.0,1.3,27.28,99.75
2025-08-27 21:00:00,0.0,1.15,26.83,99.71
2025-08-27 22:00:00,0.0,0.89,26.52,99.55
2025-08-27 23:00:00,0.0,0.53,26.3,99.76
2025-08-28 00:00:00,0.0,0.2,25.97,97.2
2025-08-28 01:00:00,0.0,0.17,25.68,97.11
2025-08-28 02:00:00,0.0,0.38,25.51,93.76
2025-08-28 03:00:00,0.0,0.63,25.34,99.54
2025-08-28 04:00:00,0.0,0.81,25.16,99.74
2025-08-28 05:00:00,3.3,0.88,25.07,78.98
2025-08-28 06:00:00,84.8,1.14,26.26,57.37
2025-08-28 07:00:00,261.58,1.52,27.65,37.58
2025-08-28 08:00:00,486.02,1.79,28.84,18.17
2025-08-28 09:00:00,635.72,1.88,29.72,29.4
2025-08-28 10:00:00,740.95,1.81,30.16,33.0
2025-08-28 11:00:00,768.67,1.79,30.26,43.65
2025-08-28 12:00:00,708.17,1.86,30.24,52.98
2025-08-28 13:00:00,482.17,2.05,29.98,79.32
2025-08-28 14:00:00,191.75,2.22,29.62,95.93
2025-08-28 15:00:00,117.1,2.34,29.23,98.42
2025-08-28 16:00:00,57.1,2.35,28.67,100.0
2025-08-28 17:00:00,25.7,1.99,27.9,99.72
2025-08-28 18:00:00,1.65,1.82,27.16,97.89
2025-08-28 19:00:00,0.0,1.87,26.86,98.12
2025-08-28 20:00:00,0.0,1.93,26.61,98.22
2025-08-28 21:00:00,0.0,1.97,26.27,98.09
2025-08-28 22:00:00,0.0,1.96,25.93,99.13
2025-08-28 23:00:00,0.0,1.91,25.7,98.92
2025-08-29 00:00:00,0.0,2.09,25.55,98.95
2025-08-29 01:00:00,0.0,2.58,25.49,100.0
2025-08-29 02:00:00,0.0,2.66,25.4,99.41
2025-08-29 03:00:00,0.0,2.39,25.31,99.53
2025-08-29 04:00:00,0.0,2.25,25.22,99.58
2025-08-29 05:00:00,2.78,2.14,25.18,96.32
2025-08-29 06:00:00,57.28,2.8,25.69,96.57
2025-08-29 07:00:00,156.27,3.24,26.58,95.55
2025-08-29 08:00:00,288.02,3.57,27.76,94.52
2025-08-29 09:00:00,374.98,4.03,28.67,98.27
2025-08-29 10:00:00,371.67,4.36,29.29,99.43
2025-08-29 11:00:00,245.3,4.64,29.88,99.7
2025-08-29 12:00:00,123.82,4.8,30.22,98.89
2025-08-29 13:00:00,142.7,4.72,30.11,99.98
2025-08-29 14:00:00,97.07,4.3,29.84,97.99
2025-08-29 15:00:00,131.55,3.64,29.47,98.9
2025-08-29 16:00:00,78.72,3.16,28.9,99.97
2025-08-29 17:00:00,35.47,2.56,27.98,98.63
2025-08-29 18:00:00,0.0,2.52,27.05,97.65
2025-08-29 19:00:00,0.0,2.62,26.68,97.88
2025-08-29 20:00:00,0.0,2.55,26.39,97.66
2025-08-29 21:00:00,0.0,2.47,26.14,97.93
2025-08-29 22:00:00,0.0,2.79,25.95,98.37
2025-08-29 23:00:00,0.0,3.57,25.8,98.88
2025-08-30 00:00:00,0.0,4.06,25.66,99.18
2025-08-30 01:00:00,0.0,4.37,25.47,98.16
2025-08-30 02:00:00,0.0,4.19,25.29,98.24
2025-08-30 03:00:00,0.0,3.92,25.11,96.2
2025-08-30 04:00:00,0.0,3.76,24.97,95.27
2025-08-30 05:00:00,2.4,3.69,24.86,98.81
2025-08-30 06:00:00,63.53,4.05,25.21,97.67
2025-08-30 07:00:00,179.73,4.44,26.12,97.03
2025-08-30 08:00:00,316.58,4.72,27.45,95.27
2025-08-30 09:00:00,488.02,4.65,28.77,76.5
2025-08-30 10:00:00,604.0,4.53,29.5,56.76
2025-08-30 11:00:00,698.35,4.4,29.92,55.21
2025-08-30 12:00:00,647.7,4.17,30.03,90.39
2025-08-30 13:00:00,636.97,3.76,30.02,69.69
2025-08-30 14:00:00,481.2,2.89,29.74,89.5
2025-08-30 15:00:00,351.65,1.72,29.41,89.91
2025-08-30 16:00:00,195.1,1.38,29.1,92.6
2025-08-30 17:00:00,67.1,0.98,28.41,94.8
2025-08-30 18:00:00,0.0,0.83,27.47,98.45
2025-08-30 19:00:00,0.0,0.7,27.16,96.2
2025-08-30 20:00:00,0.0,0.58,26.94,97.65
2025-08-30 21:00:00,0.0,1.0,26.48,99.8
2025-08-30 22:00:00,0.0,1.45,26.11,100.0
2025-08-30 23:00:00,0.0,1.85,25.85,99.9
2025-08-31 00:00:00,0.0,2.09,25.58,99.48
2025-08-31 01:00:00,0.0,1.87,25.3,100.0
2025-08-31 02:00:00,0.0,1.43,25.11,99.82
2025-08-31 03:00:00,0.0,1.03,25.05,99.0
2025-08-31 04:00:00,0.0,0.84,24.99,98.31
2025-08-31 05:00:00,2.08,0.85,24.94,95.61
2025-08-31 06:00:00,54.5,1.47,25.46,90.91
2025-08-31 07:00:00,149.6,2.0,26.24,86.3
2025-08-31 08:00:00,282.3,2.43,27.18,82.44
2025-08-31 09:00:00,373.27,2.78,28.07,96.1
2025-08-31 10:00:00,441.15,3.02,28.73,99.71
2025-08-31 11:00:00,606.58,3.17,29.23,85.49
2025-08-31 12:00:00,568.22,3.1,29.57,96.6
2025-08-31 13:00:00,453.48,2.78,29.55,86.3
2025-08-31 14:00:00,335.15,2.26,29.24,98.05
2025-08-31 15:00:00,95.3,1.84,28.89,99.56
2025-08-31 16:00:00,55.45,1.82,28.38,100.0
2025-08-31 17:00:00,12.95,1.97,27.52,100.0
2025-08-31 18:00:00,0.0,2.08,26.62,98.96
2025-08-31 19:00:00,0.0,2.39,26.2,99.17
2025-08-31 20:00:00,0.0,2.75,25.89,99.13
2025-08-31 21:00:00,0.0,3.11,25.7,99.0
2025-08-31 22:00:00,0.0,3.15,25.5,98.59
2025-08-31 23:00:00,0.0,2.83,25.25,99.08
2025-09-01 00:00:00,0.0,2.65,25.02,99.96
2025-09-01 01:00:00,0.0,2.53,24.86,98.95
2025-09-01 02:00:00,0.0,2.45,24.72,93.1
2025-09-01 03:00:00,0.0,2.75,24.59,99.62
2025-09-01 04:00:00,0.0,3.22,24.52,98.48
2025-09-01 05:00:00,0.45,3.88,24.34,92.06
2025-09-01 06:00:00,6.03,4.68,24.31,100.0
2025-09-01 07:00:00,31.55,5.59,24.57,98.67
2025-09-01 08:00:00,59.3,6.51,25.1,98.48
2025-09-01 09:00:00,85.6,7.01,25.61,100.0
2025-09-01 10:00:00,90.28,6.69,26.17,99.27
2025-09-01 11:00:00,208.0,6.23,26.9,100.0
2025-09-01 12:00:00,255.77,5.74,27.51,99.88
2025-09-01 13:00:00,258.2,5.19,27.82,99.71
2025-09-01 14:00:00,303.58,4.37,27.91,99.71
2025-09-01 15:00:00,242.5,3.36,27.67,94.39
2025-09-01 16:00:00,139.8,2.43,27.28,95.84
2025-09-01 17:00:00,46.55,1.9,26.68,97.81
2025-09-01 18:00:00,0.0,1.67,25.88,98.75
2025-09-01 19:00:00,0.0,2.27,25.58,99.68
2025-09-01 20:00:00,0.0,2.86,25.3,99.47
2025-09-01 21:00:00,0.0,3.07,25.06,99.49
2025-09-01 22:00:00,0.0,3.01,24.87,99.71
2025-09-01 23:00:00,0.0,3.1,24.69,99.58
2025-09-02 00:00:00,0.0,3.35,24.45,99.51
2025-09-02 01:00:00,0.0,3.67,24.23,95.65
2025-09-02 02:00:00,0.0,3.66,23.98,90.42
2025-09-02 03:00:00,0.0,3.53,23.73,92.1
2025-09-02 04:00:00,0.0,3.39,23.51,85.93
2025-09-02 05:00:00,2.22,3.31,23.34,81.13
2025-09-02 06:00:00,55.85,4.12,23.91,77.62
2025-09-02 07:00:00,178.95,4.89,25.21,73.1
2025-09-02 08:00:00,298.77,5.65,26.79,69.44
2025-09-02 09:00:00,400.33,5.93,28.11,81.07
2025-09-02 10:00:00,557.65,5.82,29.08,72.78
2025-09-02 11:00:00,697.58,5.52,29.8,57.35
2025-09-02 12:00:00,680.15,5.13,30.28,62.26
2025-09-02 13:00:00,621.05,4.74,30.53,77.81
2025-09-02 14:00:00,488.85,4.3,30.55,71.04
2025-09-02 15:00:00,352.12,3.75,30.27,76.99
2025-09-02 16:00:00,193.55,2.91,29.62,84.02
2025-09-02 17:00:00,64.62,2.31,28.59,91.59
2025-09-02 18:00:00,0.0,1.46,27.28,99.34
2025-09-02 19:00:00,0.0,1.15,27.14,99.68
2025-09-02 20:00:00,0.0,0.7,27.06,97.13
2025-09-02 21:00:00,0.0,0.38,26.79,96.1
2025-09-02 22:00:00,0.0,0.63,26.16,99.36
2025-09-02 23:00:00,0.0,0.9,25.6,99.35
2025-09-03 00:00:00,0.0,0.99,25.14,99.81
2025-09-03 01:00:00,0.0,1.0,24.72,99.94
2025-09-03 02:00:00,0.0,0.88,24.41,99.8
2025-09-03 03:00:00,0.0,0.87,24.09,98.2
2025-09-03 04:00:00,0.0,1.05,23.85,92.91
2025-09-03 05:00:00,2.33,1.3,23.68,92.36
2025-09-03 06:00:00,58.15,2.18,24.6,94.45
2025-09-03 07:00:00,149.98,2.61,25.77,95.73
2025-09-03 08:00:00,298.48,3.0,27.17,96.86
2025-09-03 09:00:00,258.7,3.42,28.29,99.05
2025-09-03 10:00:00,183.07,3.72,28.99,99.36
2025-09-03 11:00:00,287.45,3.75,29.35,98.73
2025-09-03 12:00:00,414.62,3.8,29.54,93.97
2025-09-03 13:00:00,460.33,3.79,29.54,86.97
2025-09-03 14:00:00,466.4,3.71,29.13,91.31
2025-09-03 15:00:00,361.27,3.65,28.55,92.71
2025-09-03 16:00:00,204.57,3.38,27.81,96.4
2025-09-03 17:00:00,66.65,2.84,26.78,97.7
2025-09-03 18:00:00,0.0,2.16,25.7,99.64
2025-09-03 19:00:00,0.0,2.1,25.24,99.65
2025-09-03 20:00:00,0.0,2.07,24.92,99.09
2025-09-03 21:00:00,0.0,2.01,24.64,98.82
2025-09-03 22:00:00,0.0,2.02,24.42,99.43
2025-09-03 23:00:00,0.0,2.16,24.26,99.73
2025-09-04 00:00:00,0.0,2.32,24.18,99.86
2025-09-04 01:00:00,0.0,2.46,24.12,99.94
2025-09-04 02:00:00,0.0,2.66,24.06,99.81
2025-09-04 03:00:00,0.0,2.78,23.99,99.7
2025-09-04 04:00:00,0.0,2.82,23.92,99.92
2025-09-04 05:00:00,0.0,2.89,23.85,99.98
2025-09-04 06:00:00,51.12,3.33,24.39,99.48
2025-09-04 07:00:00,135.23,3.62,25.22,99.12
2025-09-04 08:00:00,247.65,3.83,26.21,99.16
2025-09-04 09:00:00,394.62,3.89,27.1,86.71
2025-09-04 10:00:00,604.45,3.79,27.93,56.56
2025-09-04 11:00:00,681.97,3.65,28.66,66.43
2025-09-04 12:00:00,683.88,3.59,29.15,53.05
2025-09-04 13:00:00,583.67,3.66,29.44,76.1
2025-09-04 14:00:00,463.05,3.55,29.35,69.6
2025-09-04 15:00:00,306.02,3.53,29.04,72.17
2025-09-04 16:00:00,159.93,3.36,28.34,77.84
2025-09-04 17:00:00,46.75,2.98,27.24,88.24
2025-09-04 18:00:00,0.0,2.85,26.1,99.21
2025-09-04 19:00:00,0.0,3.22,25.71,98.53
2025-09-04 20:00:00,0.0,3.51,25.41,96.81
2025-09-04 21:00:00,0.0,3.62,25.06,96.7
2025-09-04 22:00:00,0.0,3.76,24.74,98.78
2025-09-04 23:00:00,0.0,4.14,24.53,98.86
2025-09-05 00:00:00,0.0,4.39,24.34,99.57
2025-09-05 01:00:00,0.0,4.26,24.19,97.93
2025-09-05 02:00:00,0.0,4.05,24.09,94.1
2025-09-05 03:00:00,0.0,3.99,23.99,87.05
2025-09-05 04:00:00,0.0,3.93,23.88,64.68
2025-09-05 05:00:00,0.0,3.88,23.77,72.74
2025-09-05 06:00:00,67.6,4.52,24.34,65.95
2025-09-05 07:00:00,196.02,5.28,25.47,60.23
2025-09-05 08:00:00,361.2,5.86,26.78,56.42
2025-09-05 09:00:00,422.65,6.13,27.99,81.08
2025-09-05 10:00:00,363.2,6.27,28.83,84.94
2025-09-05 11:00:00,336.65,6.15,29.27,92.78
2025-09-05 12:00:00,392.65,5.89,29.61,91.44
2025-09-05 13:00:00,312.25,5.56,29.82,94.01
2025-09-05 14:00:00,274.27,5.14,29.85,89.41
2025-09-05 15:00:00,152.23,4.52,29.4,96.21
2025-09-05 16:00:00,97.7,3.66,28.61,97.74
2025-09-05 17:00:00,30.25,2.68,27.59,98.49
2025-09-05 18:00:00,0.0,1.93,26.61,98.36
2025-09-05 19:00:00,0.0,1.68,26.27,99.79
2025-09-05 20:00:00,0.0,1.35,26.03,99.72
2025-09-05 21:00:00,0.0,1.86,25.92,99.4
2025-09-05 22:00:00,0.0,2.74,25.76,99.77
2025-09-05 23:00:00,0.0,3.37,25.51,99.51
2025-09-06 00:00:00,0.0,3.91,25.3,99.68
2025-09-06 01:00:00,0.0,4.2,25.06,99.54
2025-09-06 02:00:00,0.0,4.36,24.86,99.57
2025-09-06 03:00:00,0.0,4.66,24.67,99.09
2025-09-06 04:00:00,0.0,4.9,24.5,92.49
2025-09-06 05:00:00,0.0,5.15,24.34,69.82
2025-09-06 06:00:00,50.67,5.51,24.66,77.89
2025-09-06 07:00:00,115.2,6.16,25.76,83.34
2025-09-06 08:00:00,193.88,7.3,27.06,86.87
2025-09-06 09:00:00,296.8,8.01,28.04,75.96
2025-09-06 10:00:00,367.38,8.18,28.74,86.56
2025-09-06 11:00:00,553.47,8.1,29.37,80.27
2025-09-06 12:00:00,621.28,7.93,29.81,66.15
2025-09-06 13:00:00,497.45,7.79,29.95,76.75
2025-09-06 14:00:00,453.05,7.26,29.53,67.01
2025-09-06 15:00:00,285.95,6.64,28.97,79.78
2025-09-06 16:00:00,159.1,5.73,28.34,84.89
2025-09-06 17:00:00,42.6,4.72,27.48,92.75
2025-09-06 18:00:00,0.0,4.58,26.61,96.86
2025-09-06 19:00:00,0.0,4.47,26.24,99.23
2025-09-06 20:00:00,0.0,4.27,25.95,95.7
2025-09-06 21:00:00,0.0,4.44,25.76,95.54
2025-09-06 22:00:00,0.0,4.62,25.63,99.55
2025-09-06 23:00:00,0.0,4.71,25.5,99.27
2025-09-07 00:00:00,0.0,4.63,25.27,98.79
2025-09-07 01:00:00,0.0,4.67,24.9,96.23
2025-09-07 02:00:00,0.0,4.49,24.43,81.33
2025-09-07 03:00:00,0.0,3.82,24.01,83.8
2025-09-07 04:00:00,0.0,3.43,23.69,66.28
2025-09-07 05:00:00,0.0,3.55,23.52,69.37
2025-09-07 06:00:00,67.75,4.53,23.97,76.81
2025-09-07 07:00:00,161.25,5.1,24.94,83.41
2025-09-07 08:00:00,268.25,5.71,26.19,88.36
2025-09-07 09:00:00,401.98,6.45,27.38,66.08
2025-09-07 10:00:00,504.75,6.95,28.21,73.79
2025-09-07 11:00:00,559.5,7.16,28.72,76.82
2025-09-07 12:00:00,698.9,7.19,28.97,60.1
2025-09-07 13:00:00,656.15,7.11,29.01,37.23
2025-09-07 14:00:00,511.83,6.82,28.92,52.97
2025-09-07 15:00:00,323.23,6.31,28.67,70.43
2025-09-07 16:00:00,164.35,5.41,28.07,79.1
2025-09-07 17:00:00,46.55,3.94,27.06,87.25
2025-09-07 18:00:00,0.0,3.16,25.82,95.45
2025-09-07 19:00:00,0.0,3.52,25.5,96.75
2025-09-07 20:00:00,0.0,4.06,25.28,87.31
2025-09-07 21:00:00,0.0,4.61,25.13,96.43
2025-09-07 22:00:00,0.0,4.85,24.89,90.14
2025-09-07 23:00:00,0.0,4.7,24.56,89.54
2025-09-08 00:00:00,0.0,4.21,24.18,85.12
2025-09-08 01:00:00,0.0,3.82,23.87,62.12
2025-09-08 02:00:00,0.0,3.39,23.58,46.83
2025-09-08 03:00:00,0.0,3.07,23.32,36.64
2025-09-08 04:00:00,0.0,2.95,23.12,37.63
2025-09-08 05:00:00,0.0,3.0,22.95,62.07
2025-09-08 06:00:00,67.03,3.83,23.48,55.01
2025-09-08 07:00:00,206.95,4.22,24.51,50.88
2025-09-08 08:00:00,402.33,4.62,25.96,46.25
2025-09-08 09:00:00,599.17,5.2,27.34,27.09
2025-09-08 10:00:00,718.97,5.55,28.29,27.54
2025-09-08 11:00:00,788.3,5.65,28.86,29.93
2025-09-08 12:00:00,673.6,5.61,29.15,68.88
2025-09-08 13:00:00,563.62,5.45,29.31,62.08
2025-09-08 14:00:00,525.28,5.08,29.2,56.48
2025-09-08 15:00:00,401.62,4.59,28.86,39.35
2025-09-08 16:00:00,179.5,3.8,28.12,58.87
2025-09-08 17:00:00,42.78,2.74,26.89,79.57
2025-09-08 18:00:00,0.0,1.96,25.44,99.97
2025-09-08 19:00:00,0.0,1.93,24.87,99.79
2025-09-08 20:00:00,0.0,1.96,24.52,99.95
2025-09-08 21:00:00,0.0,2.09,24.23,99.84
2025-09-08 22:00:00,0.0,2.23,24.0,99.93
2025-09-08 23:00:00,0.0,2.37,23.77,99.43
2025-09-09 00:00:00,0.0,2.52,23.56,99.83
2025-09-09 01:00:00,0.0,2.62,23.34,97.12
2025-09-09 02:00:00,0.0,2.62,23.07,96.35
2025-09-09 03:00:00,0.0,2.49,22.8,99.94
2025-09-09 04:00:00,0.0,2.35,22.59,99.93
2025-09-09 05:00:00,0.0,2.21,22.37,95.9
2025-09-09 06:00:00,64.4,3.18,23.18,71.07
2025-09-09 07:00:00,208.35,3.6,24.55,49.14
2025-09-09 08:00:00,421.42,3.78,26.31,26.6
2025-09-09 09:00:00,653.97,3.36,27.86,3.52
2025-09-09 10:00:00,784.62,2.82,28.97,4.02
2025-09-09 11:00:00,865.03,2.42,29.71,10.43
2025-09-09 12:00:00,853.88,2.2,30.22,11.54
2025-09-09 13:00:00,756.42,2.08,30.52,14.87
2025-09-09 14:00:00,636.4,2.08,30.5,14.71
2025-09-09 15:00:00,452.33,2.18,30.22,14.08
2025-09-09 16:00:00,219.35,2.15,29.63,39.97
2025-09-09 17:00:00,49.55,2.04,28.39,68.9
2025-09-09 18:00:00,0.0,1.86,26.7,98.86
2025-09-09 19:00:00,0.0,2.14,25.93,98.37
2025-09-09 20:00:00,0.0,2.39,25.37,99.21
2025-09-09 21:00:00,0.0,2.72,24.91,99.94
2025-09-09 22:00:00,0.0,3.11,24.5,99.79
2025-09-09 23:00:00,0.0,3.37,24.08,99.86
2025-09-10 00:00:00,0.0,3.57,23.67,99.95
2025-09-10 01:00:00,0.0,3.78,23.27,99.86
2025-09-10 02:00:00,0.0,3.94,22.93,99.96
2025-09-10 03:00:00,0.0,4.07,22.67,99.99
2025-09-10 04:00:00,0.0,4.42,22.5,99.92
2025-09-10 05:00:00,0.0,4.56,22.36,98.9
2025-09-10 06:00:00,68.38,5.08,22.89,65.2
2025-09-10 07:00:00,231.0,5.39,24.48,36.87
2025-09-10 08:00:00,460.4,5.77,26.31,11.1
2025-09-10 09:00:00,652.62,5.42,27.77,7.72
2025-09-10 10:00:00,788.6,4.79,28.9,2.02
2025-09-10 11:00:00,866.3,4.35,29.59,10.76
2025-09-10 12:00:00,826.92,4.26,29.98,20.17
2025-09-10 13:00:00,783.88,4.34,30.21,13.0
2025-09-10 14:00:00,647.1,4.48,30.16,12.09
2025-09-10 15:00:00,463.08,4.48,29.75,10.51
2025-09-10 16:00:00,228.27,4.09,28.86,36.75
2025-09-10 17:00:00,51.2,3.37,27.24,64.79
2025-09-10 18:00:00,0.0,3.25,25.56,95.36
2025-09-10 19:00:00,0.0,3.81,24.94,98.38
2025-09-10 20:00:00,0.0,4.16,24.4,95.05
2025-09-10 21:00:00,0.0,4.38,23.89,94.93
2025-09-10 22:00:00,0.0,4.53,23.42,99.91
2025-09-10 23:00:00,0.0,4.43,22.95,99.91
2025-09-11 00:00:00,0.0,4.49,22.58,99.88
2025-09-11 01:00:00,0.0,4.62,22.23,98.34
2025-09-11 02:00:00,0.0,4.66,21.93,99.94
2025-09-11 03:00:00,0.0,4.58,21.62,99.9
2025-09-11 04:00:00,0.0,4.45,21.32,99.96
2025-09-11 05:00:00,0.0,4.33,21.09,99.87
2025-09-11 06:00:00,75.7,4.83,21.63,69.84
2025-09-11 07:00:00,237.57,5.42,23.28,42.85
2025-09-11 08:00:00,458.23,5.92,25.29,16.56
2025-09-11 09:00:00,619.8,5.64,27.02,26.09
2025-09-11 10:00:00,727.9,5.09,28.17,29.88
2025-09-11 11:00:00,844.6,4.77,28.96,23.66
2025-09-11 12:00:00,787.67,4.62,29.41,59.72
2025-09-11 13:00:00,741.33,4.56,29.57,23.55
2025-09-11 14:00:00,624.3,4.56,29.56,15.39
2025-09-11 15:00:00,442.77,4.37,29.27,12.18
2025-09-11 16:00:00,203.4,3.87,28.56,38.5
2025-09-11 17:00:00,42.08,3.0,27.15,68.38
2025-09-11 18:00:00,0.0,2.83,25.54,99.39
2025-09-11 19:00:00,0.0,3.41,24.97,99.93
2025-09-11 20:00:00,0.0,4.01,24.47,99.81
2025-09-11 21:00:00,0.0,4.22,23.92,99.66
2025-09-11 22:00:00,0.0,4.06,23.42,99.61
2025-09-11 23:00:00,0.0,3.75,22.99,99.76
2025-09-12 00:00:00,0.0,3.71,22.7,99.31
2025-09-12 01:00:00,0.0,3.83,22.48,99.85
2025-09-12 02:00:00,0.0,3.87,22.33,94.75
2025-09-12 03:00:00,0.0,3.71,22.22,99.85
2025-09-12 04:00:00,0.0,3.41,22.13,97.38
2025-09-12 05:00:00,0.0,3.25,22.06,84.31
2025-09-12 06:00:00,73.15,3.95,22.6,58.12
2025-09-12 07:00:00,241.18,4.79,24.09,33.8
2025-09-12 08:00:00,475.6,4.84,25.8,11.31
2025-09-12 09:00:00,641.58,4.23,27.46,17.47
2025-09-12 10:00:00,690.15,3.05,28.82,37.64
2025-09-12 11:00:00,755.75,1.95,29.73,41.13
2025-09-12 12:00:00,782.03,1.56,30.25,31.47
2025-09-12 13:00:00,699.75,1.88,30.51,27.11
2025-09-12 14:00:00,609.78,2.27,30.49,19.42
2025-09-12 15:00:00,435.3,2.46,30.1,13.74
2025-09-12 16:00:00,203.7,2.47,29.41,34.24
2025-09-12 17:00:00,43.15,2.42,28.07,57.64
2025-09-12 18:00:00,0.0,2.16,26.35,81.92
2025-09-12 19:00:00,0.0,2.38,25.69,86.4
2025-09-12 20:00:00,0.0,2.53,25.16,97.45
2025-09-12 21:00:00,0.0,2.67,24.69,98.97
2025-09-12 22:00:00,0.0,2.83,24.2,99.5
2025-09-12 23:00:00,0.0,2.96,23.74,99.46
2025-09-13 00:00:00,0.0,3.03,23.27,100.0
2025-09-13 01:00:00,0.0,3.16,22.87,100.0
2025-09-13 02:00:00,0.0,3.24,22.53,55.97
2025-09-13 03:00:00,0.0,3.25,22.27,99.98
2025-09-13 04:00:00,0.0,3.24,22.01,99.97
2025-09-13 05:00:00,0.0,3.1,21.76,97.98
2025-09-13 06:00:00,76.03,3.77,22.53,70.43
2025-09-13 07:00:00,247.98,3.55,24.18,48.02
2025-09-13 08:00:00,468.0,3.65,26.6,24.61
2025-09-13 09:00:00,667.88,3.09,28.68,0.5
2025-09-13 10:00:00,792.3,1.81,30.15,4.28
2025-09-13 11:00:00,881.2,0.67,31.11,3.61
2025-09-13 12:00:00,857.42,0.58,31.59,10.95
2025-09-13 13:00:00,738.6,1.1,31.72,14.66
2025-09-13 14:00:00,637.97,1.56,31.66,9.25
2025-09-13 15:00:00,447.15,1.84,31.24,8.94
2025-09-13 16:00:00,203.8,1.75,30.84,37.17
2025-09-13 17:00:00,41.2,1.78,29.39,68.5
2025-09-13 18:00:00,0.0,1.73,27.44,99.99
2025-09-13 19:00:00,0.0,1.97,26.52,99.97
2025-09-13 20:00:00,0.0,2.12,25.84,99.99
2025-09-13 21:00:00,0.0,2.23,25.35,99.98
2025-09-13 22:00:00,0.0,2.34,24.92,99.99
2025-09-13 23:00:00,0.0,2.48,24.56,99.99
2025-09-14 00:00:00,0.0,2.66,24.25,99.97
2025-09-14 01:00:00,0.0,2.82,23.95,99.6
2025-09-14 02:00:00,0.0,2.9,23.66,99.63
2025-09-14 03:00:00,0.0,2.89,23.34,99.57
2025-09-14 04:00:00,0.0,2.86,23.04,99.15
2025-09-14 05:00:00,0.0,2.76,22.8,99.78
2025-09-14 06:00:00,83.53,3.5,23.55,69.1
2025-09-14 07:00:00,270.65,3.52,24.99,41.38
2025-09-14 08:00:00,501.45,3.51,27.4,14.87
2025-09-14 09:00:00,679.0,3.67,29.6,12.56
2025-09-14 10:00:00,817.97,3.1,30.99,3.59
2025-09-14 11:00:00,861.05,2.38,31.82,9.83
2025-09-14 12:00:00,812.08,1.91,32.24,25.87
2025-09-14 13:00:00,706.7,1.93,32.28,37.45
2025-09-14 14:00:00,541.67,1.97,31.85,35.57
2025-09-14 15:00:00,378.6,1.99,31.41,33.64
2025-09-14 16:00:00,177.32,1.94,30.71,52.78
2025-09-14 17:00:00,34.9,1.96,29.36,73.93
2025-09-14 18:00:00,0.0,1.73,27.72,95.19
2025-09-14 19:00:00,0.0,1.93,27.05,98.29
2025-09-14 20:00:00,0.0,2.15,26.39,98.34
2025-09-14 21:00:00,0.0,2.36,25.82,98.93
2025-09-14 22:00:00,0.0,2.56,25.33,100.0
2025-09-14 23:00:00,0.0,2.73,24.87,100.0
2025-09-15 00:00:00,0.0,2.81,24.43,100.0
2025-09-15 01:00:00,0.0,2.88,24.02,98.41
2025-09-15 02:00:00,0.0,3.06,23.67,99.99
2025-09-15 03:00:00,0.0,3.24,23.34,100.0
2025-09-15 04:00:00,0.0,3.43,23.05,100.0
2025-09-15 05:00:00,0.0,3.59,22.78,100.0
2025-09-15 06:00:00,82.15,4.37,23.21,73.89
2025-09-15 07:00:00,261.2,4.53,24.51,49.97
2025-09-15 08:00:00,478.6,4.54,26.66,25.46
2025-09-15 09:00:00,672.2,4.65,28.33,0.51
2025-09-15 10:00:00,802.5,4.28,29.56,0.76
2025-09-15 11:00:00,879.25,3.69,30.39,1.01
2025-09-15 12:00:00,836.08,3.25,30.97,13.33
2025-09-15 13:00:00,772.75,3.05,31.14,12.36
2025-09-15 14:00:00,638.0,3.0,30.96,10.12
2025-09-15 15:00:00,452.25,2.98,30.55,7.41
2025-09-15 16:00:00,223.12,2.71,29.84,35.96
2025-09-15 17:00:00,44.42,2.5,28.24,67.18
2025-09-15 18:00:00,0.0,2.31,26.29,99.9
2025-09-15 19:00:00,0.0,2.5,25.64,99.87
2025-09-15 20:00:00,0.0,2.6,25.18,100.0
2025-09-15 21:00:00,0.0,2.65,24.82,100.0
2025-09-15 22:00:00,0.0,2.68,24.47,100.0
2025-09-15 23:00:00,0.0,2.69,24.11,99.7
2025-09-16 00:00:00,0.0,2.71,23.72,100.0
2025-09-16 01:00:00,0.0,2.69,23.3,93.69
2025-09-16 02:00:00,0.0,2.75,22.91,99.31
2025-09-16 03:00:00,0.0,2.75,22.56,99.16
2025-09-16 04:00:00,0.0,2.68,22.25,99.07
2025-09-16 05:00:00,0.0,2.64,22.01,98.77
2025-09-16 06:00:00,79.07,3.47,22.81,91.28
2025-09-16 07:00:00,249.48,3.69,24.34,85.88
2025-09-16 08:00:00,443.7,3.49,26.87,79.38
2025-09-16 09:00:00,581.85,3.07,29.25,63.72
2025-09-16 10:00:00,665.67,1.71,30.88,78.89
2025-09-16 11:00:00,683.9,0.61,31.87,76.75
2025-09-16 12:00:00,619.78,0.25,32.05,96.84
2025-09-16 13:00:00,603.92,0.64,31.98,73.0
2025-09-16 14:00:00,441.3,0.73,31.7,95.56
2025-09-16 15:00:00,308.75,0.73,31.27,97.48
2025-09-16 16:00:00,155.45,0.79,30.65,96.41
2025-09-16 17:00:00,38.08,0.86,29.73,95.09
2025-09-16 18:00:00,0.0,0.88,28.34,92.8
2025-09-16 19:00:00,0.0,1.09,27.65,91.37
2025-09-16 20:00:00,0.0,1.33,26.91,86.89
2025-09-16 21:00:00,0.0,1.52,26.3,75.78
2025-09-16 22:00:00,0.0,1.62,25.84,72.37
2025-09-16 23:00:00,0.0,1.66,25.42,68.74
2025-09-17 00:00:00,0.0,1.7,25.09,54.09
2025-09-17 01:00:00,0.0,1.87,24.7,43.73
2025-09-17 02:00:00,0.0,2.16,24.35,41.51
2025-09-17 03:00:00,0.0,2.57,24.02,55.92
2025-09-17 04:00:00,0.0,2.97,23.69,85.65
2025-09-17 05:00:00,0.0,3.19,23.36,98.23
2025-09-17 06:00:00,68.57,3.94,23.74,71.72
2025-09-17 07:00:00,245.9,4.32,25.22,44.81
2025-09-17 08:00:00,442.12,4.74,27.2,22.93
2025-09-17 09:00:00,624.05,4.45,29.09,19.26
2025-09-17 10:00:00,752.92,3.71,30.67,13.2
2025-09-17 11:00:00,822.42,2.96,31.79,26.56
2025-09-17 12:00:00,699.55,2.34,32.41,70.6
2025-09-17 13:00:00,664.33,1.84,32.65,56.59
2025-09-17 14:00:00,562.3,1.39,32.73,28.59
2025-09-17 15:00:00,378.8,0.9,32.61,32.86
2025-09-17 16:00:00,189.15,0.41,32.39,51.59
2025-09-17 17:00:00,33.25,0.13,31.27,76.51
2025-09-17 18:00:00,0.0,0.9,29.6,99.8
2025-09-17 19:00:00,0.0,1.62,28.02,99.99
2025-09-17 20:00:00,0.0,2.0,26.88,100.0
2025-09-17 21:00:00,0.0,2.17,26.18,99.99
2025-09-17 22:00:00,0.0,2.25,25.66,99.99
2025-09-17 23:00:00,0.0,2.27,25.22,99.83
2025-09-18 00:00:00,0.0,2.26,24.81,99.59
2025-09-18 01:00:00,0.0,2.31,24.47,99.33
2025-09-18 02:00:00,0.0,2.29,24.13,91.1
2025-09-18 03:00:00,0.0,2.25,23.81,99.19
2025-09-18 04:00:00,0.0,2.27,23.53,99.3
2025-09-18 05:00:00,0.0,2.3,23.27,99.45
2025-09-18 06:00:00,62.75,3.18,24.03,66.11
2025-09-18 07:00:00,219.18,3.42,25.45,32.93
2025-09-18 08:00:00,410.42,3.5,27.75,3.52
2025-09-18 09:00:00,585.6,3.35,29.56,8.92
2025-09-18 10:00:00,721.72,2.85,30.65,10.73
2025-09-18 11:00:00,742.22,2.37,31.23,49.28
2025-09-18 12:00:00,765.65,1.99,31.52,28.44
2025-09-18 13:00:00,695.08,1.7,31.64,21.77
2025-09-18 14:00:00,575.6,1.43,31.66,23.31
2025-09-18 15:00:00,401.52,1.15,31.55,15.15
2025-09-18 16:00:00,173.55,0.89,31.38,40.59
2025-09-18 17:00:00,29.83,0.9,30.51,69.97
2025-09-18 18:00:00,0.0,1.0,29.28,99.21
2025-09-18 19:00:00,0.0,1.5,28.13,97.99
2025-09-18 20:00:00,0.0,1.92,27.1,99.01
2025-09-18 21:00:00,0.0,2.17,26.32,99.4
2025-09-18 22:00:00,0.0,2.31,25.69,99.59
2025-09-18 23:00:00,0.0,2.37,25.2,93.0
2025-09-19 00:00:00,0.0,2.37,24.78,86.9
2025-09-19 01:00:00,0.0,2.32,24.42,83.51
2025-09-19 02:00:00,0.0,2.2,24.12,88.0
2025-09-19 03:00:00,0.0,2.13,23.82,87.56
2025-09-19 04:00:00,0.0,2.15,23.57,88.76
2025-09-19 05:00:00,0.0,2.19,23.39,89.02
2025-09-19 06:00:00,59.53,2.83,24.19,65.87
2025-09-19 07:00:00,228.05,3.27,25.62,43.1
2025-09-19 08:00:00,435.95,3.26,27.92,25.72
2025-09-19 09:00:00,628.47,3.63,30.08,14.91
2025-09-19 10:00:00,770.1,3.26,31.25,7.27
2025-09-19 11:00:00,692.75,2.92,31.85,48.44
2025-09-19 12:00:00,548.53,2.76,32.08,75.64
2025-09-19 13:00:00,426.3,2.62,32.07,80.6
2025-09-19 14:00:00,340.17,2.4,31.88,79.24
2025-09-19 15:00:00,226.32,2.08,31.66,81.59
2025-09-19 16:00:00,108.03,1.71,31.21,88.1
2025-09-19 17:00:00,25.75,1.46,30.08,92.4
2025-09-19 18:00:00,0.0,1.36,28.82,99.45
2025-09-19 19:00:00,0.0,1.62,27.96,99.34
2025-09-19 20:00:00,0.0,1.95,26.92,99.46
2025-09-19 21:00:00,0.0,2.26,25.99,91.33
2025-09-19 22:00:00,0.0,2.41,25.28,91.31
2025-09-19 23:00:00,0.0,2.45,24.72,94.31
2025-09-20 00:00:00,0.0,2.45,24.23,97.15
2025-09-20 01:00:00,0.0,2.43,23.82,92.07
2025-09-20 02:00:00,0.0,2.38,23.45,97.21
2025-09-20 03:00:00,0.0,2.38,23.12,98.2
2025-09-20 04:00:00,0.0,2.46,22.88,92.56
2025-09-20 05:00:00,0.0,2.64,22.69,95.6
2025-09-20 06:00:00,61.83,3.48,23.41,76.57
2025-09-20 07:00:00,211.8,3.88,24.89,57.23
2025-09-20 08:00:00,367.08,3.95,27.23,40.88
2025-09-20 09:00:00,617.1,4.57,29.44,21.04
2025-09-20 10:00:00,725.88,4.25,30.71,21.26
2025-09-20 11:00:00,723.72,3.79,31.57,37.24
2025-09-20 12:00:00,665.05,3.44,32.0,48.93
2025-09-20 13:00:00,565.3,3.23,32.12,63.63
2025-09-20 14:00:00,453.12,3.06,31.97,47.62
2025-09-20 15:00:00,300.9,2.7,31.73,52.78
2025-09-20 16:00:00,141.55,2.49,31.26,63.98
2025-09-20 17:00:00,25.12,1.93,29.64,78.07
2025-09-20 18:00:00,0.0,1.63,28.57,90.47
2025-09-20 19:00:00,0.0,1.65,28.08,86.44
2025-09-20 20:00:00,0.0,1.84,27.24,88.01
2025-09-20 21:00:00,0.0,2.1,26.29,88.97
2025-09-20 22:00:00,0.0,2.33,25.43,85.88
2025-09-20 23:00:00,0.0,2.49,24.73,83.75
2025-09-21 00:00:00,0.0,2.56,24.19,86.08
2025-09-21 01:00:00,0.0,2.65,23.74,76.35
2025-09-21 02:00:00,0.0,2.73,23.34,99.51
2025-09-21 03:00:00,0.0,2.82,22.98,99.68
2025-09-21 04:00:00,0.0,2.94,22.71,95.46
2025-09-21 05:00:00,0.0,3.11,22.52,95.27
2025-09-21 06:00:00,66.05,3.95,23.19,61.15
2025-09-21 07:00:00,239.02,4.24,24.74,32.32
2025-09-21 08:00:00,468.88,4.03,27.25,1.01
2025-09-21 09:00:00,664.1,4.03,29.39,1.05
2025-09-21 10:00:00,799.33,3.81,30.88,1.01
2025-09-21 11:00:00,879.22,3.55,31.87,2.11
2025-09-21 12:00:00,824.2,3.38,32.49,18.68
2025-09-21 13:00:00,744.8,3.3,32.76,15.39
2025-09-21 14:00:00,586.83,3.1,32.88,22.73
2025-09-21 15:00:00,411.85,2.79,32.58,18.0
2025-09-21 16:00:00,194.65,2.47,32.17,41.09
2025-09-21 17:00:00,30.77,1.85,29.94,70.94
2025-09-21 18:00:00,0.0,1.65,28.9,99.99
2025-09-21 19:00:00,0.0,1.68,28.16,99.99
2025-09-21 20:00:00,0.0,2.02,26.86,99.99
2025-09-21 21:00:00,0.0,2.4,25.47,99.99
2025-09-21 22:00:00,0.0,2.7,24.32,99.5
2025-09-21 23:00:00,0.0,2.88,23.54,99.0
2025-09-22 00:00:00,0.0,2.95,22.98,96.99
2025-09-22 01:00:00,0.0,3.0,22.58,13.08
2025-09-22 02:00:00,0.0,3.05,22.27,95.98
2025-09-22 03:00:00,0.0,3.14,22.03,96.49
2025-09-22 04:00:00,0.0,3.19,21.78,99.0
2025-09-22 05:00:00,0.0,3.25,21.61,97.99
2025-09-22 06:00:00,73.93,4.01,22.43,60.88
2025-09-22 07:00:00,272.2,4.1,24.11,30.48
2025-09-22 08:00:00,507.85,3.77,26.71,1.04
2025-09-22 09:00:00,693.58,3.91,29.36,1.29
2025-09-22 10:00:00,821.88,3.78,30.84,1.54
2025-09-22 11:00:00,901.0,3.65,31.76,1.79
2025-09-22 12:00:00,888.33,3.63,32.3,2.04
2025-09-22 13:00:00,785.22,3.68,32.5,8.24
2025-09-22 14:00:00,643.25,3.61,32.46,8.1
2025-09-22 15:00:00,446.12,3.28,32.02,9.96
2025-09-22 16:00:00,206.8,3.0,31.31,37.37
2025-09-22 17:00:00,27.67,2.32,28.57,68.87
2025-09-22 18:00:00,0.0,2.41,26.49,99.99
2025-09-22 19:00:00,0.0,2.56,25.59,99.99
2025-09-22 20:00:00,0.0,2.8,24.76,99.99
2025-09-22 21:00:00,0.0,3.0,24.1,99.99
2025-09-22 22:00:00,0.0,3.15,23.68,98.99
2025-09-22 23:00:00,0.0,3.33,23.43,96.48
2025-09-23 00:00:00,0.0,3.55,23.3,98.49
2025-09-23 01:00:00,0.0,3.78,23.18,95.47
2025-09-23 02:00:00,0.0,3.91,22.99,1.17
2025-09-23 03:00:00,0.0,3.97,22.78,99.48
2025-09-23 04:00:00,0.0,3.78,22.48,99.98
2025-09-23 05:00:00,0.0,3.49,22.12,99.99
2025-09-23 06:00:00,65.32,3.92,22.71,79.71
2025-09-23 07:00:00,226.23,4.35,24.33,64.59
2025-09-23 08:00:00,437.73,3.97,26.57,48.89
2025-09-23 09:00:00,637.85,4.15,29.14,33.58
2025-09-23 10:00:00,793.25,4.0,30.64,17.69
2025-09-23 11:00:00,893.12,3.73,31.57,0.53
2025-09-23 12:00:00,870.05,3.58,32.01,3.59
2025-09-23 13:00:00,734.6,3.51,32.07,21.5
2025-09-23 14:00:00,566.97,3.45,31.97,30.01
2025-09-23 15:00:00,380.92,3.3,31.41,35.1
2025-09-23 16:00:00,169.05,3.08,30.44,54.29
2025-09-23 17:00:00,22.83,2.59,27.77,77.74
2025-09-23 18:00:00,0.0,2.8,25.58,99.95
2025-09-23 19:00:00,0.0,2.94,24.9,99.98
2025-09-23 20:00:00,0.0,3.05,24.39,99.99
2025-09-23 21:00:00,0.0,3.23,23.96,98.99
2025-09-23 22:00:00,0.0,3.46,23.64,99.49
2025-09-23 23:00:00,0.0,3.73,23.38,99.49
2025-09-24 00:00:00,0.0,4.1,23.14,98.48
2025-09-24 01:00:00,0.0,4.41,22.9,99.99
2025-09-24 02:00:00,0.0,4.36,22.61,5.84
2025-09-24 03:00:00,0.0,4.16,22.39,98.98
2025-09-24 04:00:00,0.0,3.91,22.2,98.97
2025-09-24 05:00:00,0.0,3.92,22.01,95.96
2025-09-24 06:00:00,57.55,4.52,22.37,78.32
2025-09-24 07:00:00,213.23,4.84,23.96,65.68
2025-09-24 08:00:00,421.62,5.01,26.06,53.01
2025-09-24 09:00:00,612.25,5.17,28.05,40.29
2025-09-24 10:00:00,760.0,4.91,29.68,27.71
2025-09-24 11:00:00,874.85,4.34,30.85,14.58
2025-09-24 12:00:00,879.4,3.77,31.57,0.51
2025-09-24 13:00:00,779.38,3.3,31.87,6.48
2025-09-24 14:00:00,631.03,2.94,31.86,8.28
2025-09-24 15:00:00,436.42,2.76,31.72,11.76
2025-09-24 16:00:00,206.0,2.56,30.78,33.73
2025-09-24 17:00:00,27.02,2.39,28.38,68.58
2025-09-24 18:00:00,0.0,2.84,26.0,99.98
2025-09-24 19:00:00,0.0,3.09,25.25,99.98
2025-09-24 20:00:00,0.0,3.27,24.66,99.98
2025-09-24 21:00:00,0.0,3.41,24.08,99.98
2025-09-24 22:00:00,0.0,3.56,23.6,99.98
2025-09-24 23:00:00,0.0,3.76,23.16,99.99
2025-09-25 00:00:00,0.0,4.03,22.77,99.99
2025-09-25 01:00:00,0.0,4.35,22.37,5.06
2025-09-25 02:00:00,0.0,4.4,21.94,99.99
2025-09-25 03:00:00,0.0,4.29,21.58,99.98
2025-09-25 04:00:00,0.0,4.14,21.33,99.98
2025-09-25 05:00:00,0.0,4.04,21.23,99.98
2025-09-25 06:00:00,68.1,4.4,21.73,81.39
2025-09-25 07:00:00,250.32,4.3,23.4,67.23
2025-09-25 08:00:00,447.02,4.63,25.97,55.35
2025-09-25 09:00:00,636.05,4.59,28.1,42.32
2025-09-25 10:00:00,780.78,3.99,29.77,29.02
2025-09-25 11:00:00,871.4,3.13,30.96,15.21
2025-09-25 12:00:00,876.7,2.29,31.75,0.52
2025-09-25 13:00:00,787.42,1.6,32.19,2.17
2025-09-25 14:00:00,644.1,1.26,32.27,2.89
2025-09-25 15:00:00,447.05,1.26,32.11,2.78
2025-09-25 16:00:00,207.52,1.31,31.79,30.12
2025-09-25 17:00:00,26.38,1.43,29.75,66.27
2025-09-25 18:00:00,0.0,2.03,27.4,99.97
2025-09-25 19:00:00,0.0,2.5,26.07,99.98
2025-09-25 20:00:00,0.0,2.78,25.11,99.99
2025-09-25 21:00:00,0.0,2.92,24.35,99.99
2025-09-25 22:00:00,0.0,3.04,23.69,99.99
2025-09-25 23:00:00,0.0,3.14,23.09,98.99
2025-09-26 00:00:00,0.0,3.23,22.5,95.98
2025-09-26 01:00:00,0.0,3.28,21.95,4.41
2025-09-26 02:00:00,0.0,3.28,21.46,93.96
2025-09-26 03:00:00,0.0,3.23,21.05,92.95
2025-09-26 04:00:00,0.0,3.17,20.7,95.45
2025-09-26 05:00:00,0.0,3.13,20.4,92.93
2025-09-26 06:00:00,66.22,3.47,21.21,73.93
2025-09-26 07:00:00,241.18,4.29,23.29,61.47
2025-09-26 08:00:00,449.58,3.48,25.52,49.6
2025-09-26 09:00:00,637.88,3.77,28.96,37.54
2025-09-26 10:00:00,778.78,4.15,31.5,25.09
2025-09-26 11:00:00,877.33,3.88,32.46,12.9
2025-09-26 12:00:00,883.4,3.58,32.99,0.29
2025-09-26 13:00:00,775.2,3.44,33.24,15.86
2025-09-26 14:00:00,606.58,3.23,33.16,30.85
2025-09-26 15:00:00,394.83,2.8,33.04,45.58
2025-09-26 16:00:00,174.07,2.81,32.22,60.37
2025-09-26 17:00:00,20.12,2.15,29.47,81.02
2025-09-26 18:00:00,0.0,1.94,28.3,99.98
2025-09-26 19:00:00,0.0,1.82,27.9,99.98
2025-09-26 20:00:00,0.0,1.84,27.12,99.98
2025-09-26 21:00:00,0.0,1.92,26.15,99.5
2025-09-26 22:00:00,0.0,2.01,25.13,99.5
2025-09-26 23:00:00,0.0,2.13,24.15,96.86
2025-09-27 00:00:00,0.0,2.27,23.28,98.89
2025-09-27 01:00:00,0.0,2.42,22.56,53.2
2025-09-27 02:00:00,0.0,2.59,21.98,99.66
2025-09-27 03:00:00,0.0,2.71,21.55,99.76
2025-09-27 04:00:00,0.0,2.79,21.24,100.0
2025-09-27 05:00:00,0.0,2.83,21.01,99.31
2025-09-27 06:00:00,68.68,2.61,21.97,73.07
2025-09-27 07:00:00,254.93,3.39,24.66,50.79
2025-09-27 08:00:00,479.8,3.04,26.69,28.72
2025-09-27 09:00:00,664.75,3.52,29.61,21.69
2025-09-27 10:00:00,778.45,3.91,31.4,24.62
2025-09-27 11:00:00,771.7,4.03,32.29,41.38
2025-09-27 12:00:00,700.05,4.0,32.84,93.87
2025-09-27 13:00:00,600.47,3.99,32.97,66.77
2025-09-27 14:00:00,445.65,3.93,32.75,80.54
2025-09-27 15:00:00,297.58,3.69,32.21,84.46
2025-09-27 16:00:00,148.9,3.64,31.06,88.53
2025-09-27 17:00:00,23.33,2.8,28.56,93.48
2025-09-27 18:00:00,0.0,3.0,27.02,98.47
2025-09-27 19:00:00,0.0,3.22,26.59,99.1
2025-09-27 20:00:00,0.0,3.26,26.29,99.57
2025-09-27 21:00:00,0.0,3.16,25.96,99.69
2025-09-27 22:00:00,0.0,2.98,25.62,99.72
2025-09-27 23:00:00,0.0,2.83,25.24,99.93
2025-09-28 00:00:00,0.0,2.65,24.83,97.9
2025-09-28 01:00:00,0.0,2.55,24.52,95.74
2025-09-28 02:00:00,0.0,2.6,24.36,89.34
2025-09-28 03:00:00,0.0,2.84,24.24,92.35
2025-09-28 04:00:00,0.0,3.22,24.13,90.84
2025-09-28 05:00:00,0.0,3.58,24.01,88.93
2025-09-28 06:00:00,61.5,4.36,24.45,70.95
2025-09-28 07:00:00,218.35,5.33,25.89,54.25
2025-09-28 08:00:00,411.65,5.99,27.47,37.56
2025-09-28 09:00:00,603.65,6.45,28.96,23.69
2025-09-28 10:00:00,684.33,6.78,30.09,29.2
2025-09-28 11:00:00,698.47,6.83,30.77,44.49
2025-09-28 12:00:00,714.08,6.72,31.11,33.05
2025-09-28 13:00:00,539.55,6.6,31.17,60.52
2025-09-28 14:00:00,516.85,6.37,30.85,29.83
2025-09-28 15:00:00,312.77,5.94,30.17,45.31
2025-09-28 16:00:00,140.27,4.78,29.04,61.14
2025-09-28 17:00:00,16.83,3.28,27.44,80.9
2025-09-28 18:00:00,0.0,3.05,26.26,99.82
2025-09-28 19:00:00,0.0,3.27,25.82,99.82
2025-09-28 20:00:00,0.0,3.25,25.43,99.93
2025-09-28 21:00:00,0.0,3.1,25.08,99.93
2025-09-28 22:00:00,0.0,2.98,24.78,99.93
2025-09-28 23:00:00,0.0,2.9,24.49,95.25
2025-09-29 00:00:00,0.0,2.87,24.26,97.65
2025-09-29 01:00:00,0.0,2.87,24.04,99.7
2025-09-29 02:00:00,0.0,3.02,23.88,97.59
2025-09-29 03:00:00,0.0,3.18,23.76,99.93
2025-09-29 04:00:00,0.0,3.24,23.66,98.93
2025-09-29 05:00:00,0.0,3.22,23.57,93.57
2025-09-29 06:00:00,48.2,3.83,24.11,74.63
2025-09-29 07:00:00,186.68,4.42,25.77,57.78
2025-09-29 08:00:00,402.05,5.22,27.8,40.24
2025-09-29 09:00:00,570.3,5.27,29.06,31.85
2025-09-29 10:00:00,728.7,5.26,29.89,18.45
2025-09-29 11:00:00,669.22,5.29,30.39,43.03
2025-09-29 12:00:00,678.95,5.25,30.64,34.96
2025-09-29 13:00:00,565.03,5.19,30.61,41.02
2025-09-29 14:00:00,492.77,4.87,30.22,24.76
2025-09-29 15:00:00,304.08,4.22,29.58,40.01
2025-09-29 16:00:00,138.68,3.28,28.68,55.75
2025-09-29 17:00:00,16.73,2.38,27.39,76.45
2025-09-29 18:00:00,0.0,2.33,26.58,95.58
2025-09-29 19:00:00,0.0,2.37,26.27,95.8
2025-09-29 20:00:00,0.0,2.44,25.99,98.46
2025-09-29 21:00:00,0.0,2.52,25.76,96.27
2025-09-29 22:00:00,0.0,2.69,25.56,98.36
2025-09-29 23:00:00,0.0,2.96,25.41,97.94
2025-09-30 00:00:00,0.0,2.99,25.28,98.22
2025-09-30 01:00:00,0.0,2.84,25.15,99.83
2025-09-30 02:00:00,0.0,2.53,25.01,99.47
2025-09-30 03:00:00,0.0,2.27,24.86,99.73
2025-09-30 04:00:00,0.0,2.12,24.75,99.63
2025-09-30 05:00:00,0.0,1.95,24.59,99.55
2025-09-30 06:00:00,30.35,1.93,24.85,99.67
2025-09-30 07:00:00,100.0,2.34,25.72,99.33
2025-09-30 08:00:00,188.43,1.8,26.74,99.24
2025-09-30 09:00:00,273.35,1.53,27.78,97.05
2025-09-30 10:00:00,278.3,2.13,28.46,99.89
2025-09-30 11:00:00,472.8,2.98,28.66,96.36
2025-09-30 12:00:00,462.83,3.43,28.49,86.04
2025-09-30 13:00:00,415.98,3.7,28.08,87.65
2025-09-30 14:00:00,409.1,3.8,27.57,80.05
2025-09-30 15:00:00,264.9,3.7,27.01,80.75
2025-09-30 16:00:00,125.68,3.33,26.36,81.72
2025-09-30 17:00:00,14.82,2.87,25.54,85.87
2025-09-30 18:00:00,0.0,3.05,25.03,88.47
2025-09-30 19:00:00,0.0,3.2,24.81,99.73
2025-09-30 20:00:00,0.0,3.11,24.65,99.38
2025-09-30 21:00:00,0.0,2.83,24.51,99.95
2025-09-30 22:00:00,0.0,2.25,24.33,99.43
2025-09-30 23:00:00,0.0,1.74,24.18,99.39
2025-10-01 00:00:00,0.0,1.42,24.02,98.63
2025-10-01 01:00:00,0.0,1.36,23.92,99.5
2025-10-01 02:00:00,0.0,1.5,23.84,99.65
2025-10-01 03:00:00,0.0,1.31,23.7,98.27
2025-10-01 04:00:00,0.0,1.05,23.52,92.93
2025-10-01 05:00:00,0.0,0.86,23.36,85.2
2025-10-01 06:00:00,41.58,0.9,23.64,84.95
2025-10-01 07:00:00,152.82,1.25,24.62,83.25
2025-10-01 08:00:00,321.02,1.13,25.65,81.03
2025-10-01 09:00:00,414.6,0.44,26.91,80.44
2025-10-01 10:00:00,457.83,0.3,28.04,83.94
2025-10-01 11:00:00,507.42,0.83,28.89,89.11
2025-10-01 12:00:00,625.08,1.18,29.43,60.94
2025-10-01 13:00:00,512.55,1.38,29.52,76.37
2025-10-01 14:00:00,394.83,1.41,29.26,70.33
2025-10-01 15:00:00,248.7,1.43,28.76,78.36
2025-10-01 16:00:00,105.68,1.29,28.05,87.08
2025-10-01 17:00:00,13.35,1.15,26.99,93.76
2025-10-01 18:00:00,0.0,1.03,25.95,99.8
2025-10-01 19:00:00,0.0,1.09,25.56,99.8
2025-10-01 20:00:00,0.0,1.18,25.25,99.98
2025-10-01 21:00:00,0.0,1.26,24.97,99.31
2025-10-01 22:00:00,0.0,1.32,24.67,97.13
2025-10-01 23:00:00,0.0,1.39,24.36,99.91
2025-10-02 00:00:00,0.0,1.43,24.07,98.16
2025-10-02 01:00:00,0.0,1.47,23.79,92.68
2025-10-02 02:00:00,0.0,1.44,23.6,99.42
2025-10-02 03:00:00,0.0,1.31,23.49,99.96
2025-10-02 04:00:00,0.0,1.1,23.43,99.66
2025-10-02 05:00:00,0.0,0.8,23.39,99.15
2025-10-02 06:00:00,50.08,0.49,23.76,79.53
2025-10-02 07:00:00,198.62,0.35,25.52,60.76
2025-10-02 08:00:00,394.4,0.96,27.54,42.36
2025-10-02 09:00:00,614.75,1.83,28.71,27.22
2025-10-02 10:00:00,673.45,2.32,29.3,56.46
2025-10-02 11:00:00,690.7,2.41,29.79,67.65
2025-10-02 12:00:00,698.95,2.24,30.21,67.05
2025-10-02 13:00:00,626.4,2.13,30.06,55.12
2025-10-02 14:00:00,454.15,2.17,29.74,61.33
2025-10-02 15:00:00,289.38,2.27,29.24,70.23
2025-10-02 16:00:00,123.95,2.47,28.33,79.15
2025-10-02 17:00:00,14.05,2.13,26.88,87.08
2025-10-02 18:00:00,0.0,2.37,25.8,96.11
2025-10-02 19:00:00,0.0,2.7,25.25,97.52
2025-10-02 20:00:00,0.0,2.98,24.8,99.71
2025-10-02 21:00:00,0.0,3.06,24.42,99.21
2025-10-02 22:00:00,0.0,2.95,24.1,99.6
2025-10-02 23:00:00,0.0,2.94,23.85,97.48
2025-10-03 00:00:00,0.0,3.05,23.69,90.69
2025-10-03 01:00:00,0.0,2.93,23.54,98.93
2025-10-03 02:00:00,0.0,2.73,23.39,90.05
2025-10-03 03:00:00,0.0,2.56,23.18,90.11
2025-10-03 04:00:00,0.0,2.56,22.98,65.2
2025-10-03 05:00:00,0.0,2.71,22.88,62.55
2025-10-03 06:00:00,42.6,3.26,23.2,68.44
2025-10-03 07:00:00,165.15,3.95,24.44,73.34
2025-10-03 08:00:00,348.33,4.28,26.0,77.56
2025-10-03 09:00:00,590.78,4.31,27.26,33.8
2025-10-03 10:00:00,744.0,4.0,27.92,17.65
2025-10-03 11:00:00,809.38,3.61,28.25,12.57
2025-10-03 12:00:00,691.65,3.37,28.4,48.79
2025-10-03 13:00:00,593.1,3.28,28.38,55.35
2025-10-03 14:00:00,509.02,3.12,28.21,45.7
2025-10-03 15:00:00,324.8,2.79,27.87,58.06
2025-10-03 16:00:00,147.98,2.39,27.29,68.73
2025-10-03 17:00:00,14.1,1.84,26.05,87.69
2025-10-03 18:00:00,0.0,1.92,25.17,98.2
2025-10-03 19:00:00,0.0,1.98,24.8,98.15
2025-10-03 20:00:00,0.0,2.0,24.47,99.34
2025-10-03 21:00:00,0.0,1.97,24.18,99.58
2025-10-03 22:00:00,0.0,1.87,23.89,99.6
2025-10-03 23:00:00,0.0,1.74,23.66,99.77
2025-10-04 00:00:00,0.0,1.56,23.5,99.78
2025-10-04 01:00:00,0.0,1.34,23.45,99.78
2025-10-04 02:00:00,0.0,1.01,23.55,98.15
2025-10-04 03:00:00,0.0,0.57,23.71,98.16
2025-10-04 04:00:00,0.0,0.31,23.69,99.73
2025-10-04 05:00:00,0.0,0.8,23.37,98.75
2025-10-04 06:00:00,54.42,1.19,23.49,81.16
2025-10-04 07:00:00,199.07,1.94,24.95,64.15
2025-10-04 08:00:00,373.25,1.89,26.94,47.43
2025-10-04 09:00:00,583.15,2.01,28.65,28.84
2025-10-04 10:00:00,735.33,2.14,29.81,12.02
2025-10-04 11:00:00,802.42,2.12,30.56,11.4
2025-10-04 12:00:00,778.85,2.12,31.15,11.47
2025-10-04 13:00:00,664.28,2.06,31.56,20.61
2025-10-04 14:00:00,538.58,1.8,31.65,15.78
2025-10-04 15:00:00,334.58,1.39,31.4,34.88
2025-10-04 16:00:00,139.52,1.41,30.95,53.97
2025-10-04 17:00:00,12.77,1.67,28.69,77.56
2025-10-04 18:00:00,0.0,2.52,26.4,98.46
2025-10-04 19:00:00,0.0,3.04,25.45,99.33
2025-10-04 20:00:00,0.0,3.42,24.95,99.8
2025-10-04 21:00:00,0.0,3.62,24.54,99.94
2025-10-04 22:00:00,0.0,3.75,24.16,99.91
2025-10-04 23:00:00,0.0,3.88,23.76,100.0
2025-10-05 00:00:00,0.0,3.92,23.28,100.0
2025-10-05 01:00:00,0.0,4.03,22.85,5.2
2025-10-05 02:00:00,0.0,4.05,22.42,100.0
2025-10-05 03:00:00,0.0,4.1,22.06,99.99
2025-10-05 04:00:00,0.0,4.08,21.82,100.0
2025-10-05 05:00:00,0.0,4.23,21.64,99.99
2025-10-05 06:00:00,54.25,4.82,22.01,64.61
2025-10-05 07:00:00,234.27,5.21,23.65,33.47
2025-10-05 08:00:00,472.25,5.2,26.03,1.52
2025-10-05 09:00:00,647.55,5.07,27.97,3.66
2025-10-05 10:00:00,740.08,4.31,29.3,18.78
2025-10-05 11:00:00,789.65,3.42,30.16,20.46
2025-10-05 12:00:00,746.5,2.79,30.55,25.9
2025-10-05 13:00:00,627.75,2.59,30.58,25.89
2025-10-05 14:00:00,506.95,2.75,30.34,21.91
2025-10-05 15:00:00,309.58,2.87,29.9,26.77
2025-10-05 16:00:00,131.45,2.66,28.95,31.76
2025-10-05 17:00:00,13.15,2.3,26.91,36.77
2025-10-05 18:00:00,0.0,2.43,25.39,41.97
2025-10-05 19:00:00,0.0,2.54,24.86,49.65
2025-10-05 20:00:00,0.0,2.57,24.41,53.55
2025-10-05 21:00:00,0.0,2.57,23.98,66.0
2025-10-05 22:00:00,0.0,2.6,23.6,79.84
2025-10-05 23:00:00,0.0,2.61,23.25,91.69
2025-10-06 00:00:00,0.0,2.64,22.91,91.58
2025-10-06 01:00:00,0.0,2.69,22.59,90.04
2025-10-06 02:00:00,0.0,2.67,22.24,97.52
2025-10-06 03:00:00,0.0,2.62,21.91,98.49
2025-10-06 04:00:00,0.0,2.49,21.62,93.7
2025-10-06 05:00:00,0.0,2.25,21.46,99.54
2025-10-06 06:00:00,24.4,2.43,21.93,99.83
2025-10-06 07:00:00,96.15,3.35,23.35,99.66
2025-10-06 08:00:00,183.25,4.08,24.94,99.09
2025-10-06 09:00:00,159.82,4.28,26.32,99.4
2025-10-06 10:00:00,211.05,4.51,27.42,99.59
2025-10-06 11:00:00,259.35,4.85,28.01,98.69
2025-10-06 12:00:00,353.35,4.99,28.27,94.35
2025-10-06 13:00:00,417.48,4.79,28.25,82.86
2025-10-06 14:00:00,458.48,4.25,27.88,49.74
2025-10-06 15:00:00,258.55,3.69,27.58,61.09
2025-10-06 16:00:00,115.82,2.85,26.91,70.74
2025-10-06 17:00:00,9.95,2.06,25.5,87.13
2025-10-06 18:00:00,0.0,1.89,24.36,98.55
2025-10-06 19:00:00,0.0,1.9,23.95,97.96
2025-10-06 20:00:00,0.0,2.03,23.56,83.26
2025-10-06 21:00:00,0.0,2.3,23.2,74.8
2025-10-06 22:00:00,0.0,2.8,22.85,59.08
2025-10-06 23:00:00,0.0,3.45,22.55,67.27
2025-10-07 00:00:00,0.0,3.8,22.25,83.23
2025-10-07 01:00:00,0.0,3.43,22.01,80.47
2025-10-07 02:00:00,0.0,2.65,21.79,78.17
2025-10-07 03:00:00,0.0,2.24,21.46,77.88
2025-10-07 04:00:00,0.0,2.18,21.09,79.4
2025-10-07 05:00:00,0.0,2.16,20.75,70.79
2025-10-07 06:00:00,40.05,2.59,21.02,55.66
2025-10-07 07:00:00,173.9,3.57,22.08,40.04
2025-10-07 08:00:00,347.67,3.82,22.98,28.13
2025-10-07 09:00:00,473.55,3.74,24.24,39.77
2025-10-07 10:00:00,600.47,3.71,25.51,35.41
2025-10-07 11:00:00,750.8,3.83,26.45,22.4
2025-10-07 12:00:00,703.0,4.05,26.99,38.28
2025-10-07 13:00:00,584.35,4.2,27.17,48.55
2025-10-07 14:00:00,419.8,4.06,26.98,52.21
2025-10-07 15:00:00,245.98,3.71,26.31,63.83
2025-10-07 16:00:00,97.43,3.03,24.86,75.22
2025-10-07 17:00:00,8.5,2.33,22.62,88.03
2025-10-07 18:00:00,0.0,2.37,21.46,99.99
2025-10-07 19:00:00,0.0,2.26,21.2,99.98
2025-10-07 20:00:00,0.0,2.17,21.0,99.94
2025-10-07 21:00:00,0.0,2.15,20.49,99.99
2025-10-07 22:00:00,0.0,2.19,19.82,99.99
2025-10-07 23:00:00,0.0,2.2,19.22,99.98
2025-10-08 00:00:00,0.0,2.21,18.66,99.98
2025-10-08 01:00:00,0.0,2.22,18.14,42.89
2025-10-08 02:00:00,0.0,2.25,17.69,99.98
2025-10-08 03:00:00,0.0,2.29,17.3,99.98
2025-10-08 04:00:00,0.0,2.33,16.95,99.98
2025-10-08 05:00:00,0.0,2.34,16.61,99.98
2025-10-08 06:00:00,42.6,2.26,16.99,97.88
2025-10-08 07:00:00,178.48,2.92,18.89,95.91
2025-10-08 08:00:00,347.75,2.52,21.01,94.46
2025-10-08 09:00:00,527.58,2.83,23.55,64.07
2025-10-08 10:00:00,681.0,3.13,24.87,33.35
2025-10-08 11:00:00,708.22,3.35,25.85,2.02
2025-10-08 12:00:00,639.55,3.51,26.48,49.02
2025-10-08 13:00:00,609.45,3.59,26.76,3.03
2025-10-08 14:00:00,465.12,3.51,26.77,0.5
2025-10-08 15:00:00,271.2,3.21,26.45,24.92
2025-10-08 16:00:00,105.12,2.59,25.32,49.11
2025-10-08 17:00:00,9.15,2.07,22.91,75.06
2025-10-08 18:00:00,0.0,2.05,21.76,99.98
2025-10-08 19:00:00,0.0,2.03,21.17,99.99
2025-10-08 20:00:00,0.0,2.02,20.53,99.99
2025-10-08 21:00:00,0.0,1.96,19.93,99.98
2025-10-08 22:00:00,0.0,1.84,19.46,99.98
2025-10-08 23:00:00,0.0,1.69,19.14,99.98
2025-10-09 00:00:00,0.0,1.48,18.92,99.99
2025-10-09 01:00:00,0.0,1.24,18.76,99.98
2025-10-09 02:00:00,0.0,1.13,18.48,11.3
2025-10-09 03:00:00,0.0,1.13,18.15,99.98
2025-10-09 04:00:00,0.0,1.19,17.8,99.97
2025-10-09 05:00:00,0.0,1.28,17.46,99.97
2025-10-09 06:00:00,41.42,1.38,17.44,83.58
2025-10-09 07:00:00,191.35,1.66,19.44,66.66
2025-10-09 08:00:00,343.8,1.73,21.1,55.69
2025-10-09 09:00:00,520.72,1.94,24.15,42.33
2025-10-09 10:00:00,655.78,2.45,26.02,28.8
2025-10-09 11:00:00,771.7,2.8,26.95,15.07
2025-10-09 12:00:00,765.67,2.96,27.57,0.5
2025-10-09 13:00:00,676.15,3.01,27.85,0.0
2025-10-09 14:00:00,482.98,2.82,27.94,17.84
2025-10-09 15:00:00,278.42,2.55,27.45,36.14
2025-10-09 16:00:00,105.35,2.33,26.32,55.15
2025-10-09 17:00:00,7.07,1.89,23.71,79.5
2025-10-09 18:00:00,0.0,1.99,22.52,99.98
2025-10-09 19:00:00,0.0,2.04,21.71,99.97
2025-10-09 20:00:00,0.0,2.04,20.95,99.97
2025-10-09 21:00:00,0.0,1.94,20.37,99.97
2025-10-09 22:00:00,0.0,1.75,20.0,99.97
2025-10-09 23:00:00,0.0,1.5,19.79,99.48
2025-10-10 00:00:00,0.0,1.2,19.54,99.97
2025-10-10 01:00:00,0.0,0.9,19.31,99.46
2025-10-10 02:00:00,0.0,0.72,19.09,0.08
2025-10-10 03:00:00,0.0,0.64,18.77,99.97
2025-10-10 04:00:00,0.0,0.55,18.52,99.97
2025-10-10 05:00:00,0.0,0.4,18.45,99.97
2025-10-10 06:00:00,40.2,0.19,18.5,79.75
2025-10-10 07:00:00,178.8,0.2,19.69,64.27
2025-10-10 08:00:00,374.88,0.59,21.14,48.75
2025-10-10 09:00:00,565.28,0.93,24.67,33.75
2025-10-10 10:00:00,719.2,1.53,26.7,18.37
2025-10-10 11:00:00,834.33,1.92,27.49,1.06
2025-10-10 12:00:00,802.53,2.2,27.9,9.21
2025-10-10 13:00:00,687.15,2.37,28.03,12.2
2025-10-10 14:00:00,552.62,2.38,27.9,10.48
2025-10-10 15:00:00,336.98,2.35,27.57,29.43
2025-10-10 16:00:00,134.32,2.09,26.49,49.05
2025-10-10 17:00:00,9.3,1.62,24.45,76.76
2025-10-10 18:00:00,0.0,1.31,23.81,99.95
2025-10-10 19:00:00,0.0,1.05,23.46,99.96
2025-10-10 20:00:00,0.0,0.89,22.87,99.97
2025-10-10 21:00:00,0.0,0.76,22.36,99.99
2025-10-10 22:00:00,0.0,0.55,21.99,98.37
2025-10-10 23:00:00,0.0,0.2,21.49,97.38
2025-10-11 00:00:00,0.0,0.25,20.9,95.88
2025-10-11 01:00:00,0.0,0.67,20.05,1.47
2025-10-11 02:00:00,0.0,0.93,19.18,97.96
2025-10-11 03:00:00,0.0,1.11,18.61,96.45
2025-10-11 04:00:00,0.0,1.28,17.92,96.95
2025-10-11 05:00:00,0.0,1.42,17.39,99.47
2025-10-11 06:00:00,46.15,1.5,17.23,81.91
2025-10-11 07:00:00,199.73,1.63,19.31,65.82
2025-10-11 08:00:00,391.62,1.58,21.03,49.69
2025-10-11 09:00:00,578.3,1.85,24.57,33.73
2025-10-11 10:00:00,732.62,2.38,27.08,17.54
2025-10-11 11:00:00,843.92,2.51,27.93,0.51
2025-10-11 12:00:00,817.25,2.65,28.39,1.08
2025-10-11 13:00:00,706.1,2.77,28.55,7.78
2025-10-11 14:00:00,549.38,2.83,28.58,4.23
2025-10-11 15:00:00,311.35,2.79,27.99,27.54
2025-10-11 16:00:00,118.78,2.63,26.77,48.17
2025-10-11 17:00:00,7.68,2.16,23.76,75.18
2025-10-11 18:00:00,0.0,2.27,22.45,98.95
2025-10-11 19:00:00,0.0,2.33,21.67,96.96
2025-10-11 20:00:00,0.0,2.43,20.79,96.46
2025-10-11 21:00:00,0.0,2.56,19.89,94.95
2025-10-11 22:00:00,0.0,2.65,19.14,96.45
2025-10-11 23:00:00,0.0,2.71,18.56,95.45
2025-10-12 00:00:00,0.0,2.73,18.1,98.44
2025-10-12 01:00:00,0.0,2.74,17.76,2.18
2025-10-12 02:00:00,0.0,2.73,17.54,98.97
2025-10-12 03:00:00,0.0,2.68,17.36,97.45
2025-10-12 04:00:00,0.0,2.6,17.18,97.45
2025-10-12 05:00:00,0.0,2.47,17.1,98.96
2025-10-12 06:00:00,43.6,2.24,17.55,77.5
2025-10-12 07:00:00,209.7,2.05,20.55,58.33
2025-10-12 08:00:00,423.85,1.86,22.58,39.97
2025-10-12 09:00:00,623.67,2.02,25.74,21.91
2025-10-12 10:00:00,777.3,2.44,27.58,2.54
2025-10-12 11:00:00,840.75,2.37,28.29,4.15
2025-10-12 12:00:00,800.8,2.35,28.77,7.03
2025-10-12 13:00:00,731.03,2.28,28.97,2.53
2025-10-12 14:00:00,577.15,2.23,28.83,1.01
2025-10-12 15:00:00,350.6,2.17,28.44,25.04
2025-10-12 16:00:00,131.88,2.05,27.4,47.24
2025-10-12 17:00:00,8.05,1.59,25.11,74.3
2025-10-12 18:00:00,0.0,1.51,24.09,98.97
2025-10-12 19:00:00,0.0,1.53,23.43,97.47
2025-10-12 20:00:00,0.0,1.6,22.5,98.47
2025-10-12 21:00:00,0.0,1.65,21.56,95.45
2025-10-12 22:00:00,0.0,1.66,20.73,96.46
2025-10-12 23:00:00,0.0,1.63,20.05,96.46
2025-10-13 00:00:00,0.0,1.56,19.51,94.45
2025-10-13 01:00:00,0.0,1.43,19.11,0.27
2025-10-13 02:00:00,0.0,1.25,18.77,98.97
2025-10-13 03:00:00,0.0,1.07,18.54,98.97
2025-10-13 04:00:00,0.0,0.93,18.19,98.96
2025-10-13 05:00:00,0.0,0.87,17.96,98.45
2025-10-13 06:00:00,41.53,0.84,17.97,81.21
2025-10-13 07:00:00,190.8,0.89,19.52,67.38
2025-10-13 08:00:00,374.88,1.03,21.26,54.11
2025-10-13 09:00:00,554.42,0.98,24.76,40.86
2025-10-13 10:00:00,701.65,0.8,27.76,27.58
2025-10-13 11:00:00,788.47,0.71,28.68,14.23
2025-10-13 12:00:00,812.92,0.67,29.19,0.31
2025-10-13 13:00:00,682.4,0.72,29.42,16.46
2025-10-13 14:00:00,498.05,0.8,29.32,31.87
2025-10-13 15:00:00,294.33,0.9,28.99,47.55
2025-10-13 16:00:00,109.35,0.93,28.12,63.18
2025-10-13 17:00:00,6.28,0.91,26.4,82.02
2025-10-13 18:00:00,0.0,1.2,24.87,98.47
2025-10-13 19:00:00,0.0,1.52,23.7,96.97
2025-10-13 20:00:00,0.0,1.74,22.53,98.48
2025-10-13 21:00:00,0.0,1.84,21.52,96.47
2025-10-13 22:00:00,0.0,1.85,20.69,92.95
2025-10-13 23:00:00,0.0,1.8,20.0,92.95
2025-10-14 00:00:00,0.0,1.71,19.41,3.87
2025-10-14 01:00:00,0.0,1.59,18.91,98.98
2025-10-14 02:00:00,0.0,1.51,18.41,2.31
2025-10-14 03:00:00,0.0,1.48,17.93,98.47
2025-10-14 04:00:00,0.0,1.47,17.47,99.48
2025-10-14 05:00:00,0.0,1.49,17.03,98.43
2025-10-14 06:00:00,42.65,1.52,16.85,83.72
2025-10-14 07:00:00,194.52,1.77,18.95,71.46
2025-10-14 08:00:00,376.1,2.03,20.85,59.6
2025-10-14 09:00:00,547.35,2.27,24.34,47.8
2025-10-14 10:00:00,685.45,2.15,26.68,36.05
2025-10-14 11:00:00,757.33,1.87,27.81,24.34
2025-10-14 12:00:00,777.7,1.65,28.44,12.35
2025-10-14 13:00:00,714.05,1.57,28.65,0.01
2025-10-14 14:00:00,541.05,1.57,28.51,19.28
2025-10-14 15:00:00,323.8,1.65,28.06,37.71
2025-10-14 16:00:00,118.2,1.73,26.91,55.92
2025-10-14 17:00:00,6.82,1.92,23.83,78.26
2025-10-14 18:00:00,0.0,2.39,21.74,97.96
2025-10-14 19:00:00,0.0,2.62,20.68,98.98
2025-10-14 20:00:00,0.0,2.71,19.91,95.47
2025-10-14 21:00:00,0.0,2.73,19.3,95.47
2025-10-14 22:00:00,0.0,2.72,18.75,93.46
2025-10-14 23:00:00,0.0,2.7,18.26,91.45
2025-10-15 00:00:00,0.0,2.66,17.81,93.96
2025-10-15 01:00:00,0.0,2.6,17.43,96.98
2025-10-15 02:00:00,0.0,2.52,17.09,0.98
2025-10-15 03:00:00,0.0,2.43,16.78,95.96
2025-10-15 04:00:00,0.0,2.36,16.54,95.96
2025-10-15 05:00:00,0.0,2.31,16.32,96.96
2025-10-15 06:00:00,38.92,2.24,16.52,81.4
2025-10-15 07:00:00,187.05,2.35,19.5,67.74
2025-10-15 08:00:00,369.38,2.51,21.49,54.37
2025-10-15 09:00:00,544.62,2.44,24.37,41.33
2025-10-15 10:00:00,689.15,2.3,26.68,28.27
2025-10-15 11:00:00,755.15,2.0,27.42,15.04
2025-10-15 12:00:00,779.53,1.67,27.87,1.01
2025-10-15 13:00:00,686.45,1.37,28.11,3.21
2025-10-15 14:00:00,487.33,1.11,28.03,21.81
2025-10-15 15:00:00,283.48,0.97,27.67,37.69
2025-10-15 16:00:00,100.82,0.95,26.92,54.51
2025-10-15 17:00:00,4.85,1.08,24.85,80.13
2025-10-15 18:00:00,0.0,1.47,23.33,99.48
2025-10-15 19:00:00,0.0,1.72,22.23,99.98
2025-10-15 20:00:00,0.0,1.91,21.26,97.48
2025-10-15 21:00:00,0.0,2.0,20.49,96.98
2025-10-15 22:00:00,0.0,2.04,19.88,91.95
2025-10-15 23:00:00,0.0,2.05,19.37,86.79
2025-10-16 00:00:00,0.0,2.04,18.92,84.33
2025-10-16 01:00:00,0.0,2.03,18.52,0.11
2025-10-16 02:00:00,0.0,1.93,18.33,87.86
2025-10-16 03:00:00,0.0,1.76,18.28,91.4
2025-10-16 04:00:00,0.0,1.61,18.21,93.92
2025-10-16 05:00:00,0.0,1.49,18.0,97.95
2025-10-16 06:00:00,44.75,1.4,18.2,82.31
2025-10-16 07:00:00,212.4,1.25,20.3,69.41
2025-10-16 08:00:00,414.27,1.33,22.14,58.13
2025-10-16 09:00:00,592.78,1.18,24.7,46.93
2025-10-16 10:00:00,722.08,0.63,27.9,35.44
2025-10-16 11:00:00,771.17,0.32,28.9,24.15
2025-10-16 12:00:00,764.47,0.27,29.41,12.33
2025-10-16 13:00:00,677.58,0.22,29.66,0.05
2025-10-16 14:00:00,505.85,0.11,29.57,19.28
2025-10-16 15:00:00,292.83,0.09,29.16,37.56
2025-10-16 16:00:00,102.78,0.22,28.07,55.7
2025-10-16 17:00:00,5.3,0.52,26.45,78.3
2025-10-16 18:00:00,0.0,0.97,24.97,97.97
2025-10-16 19:00:00,0.0,1.31,23.91,95.95
2025-10-16 20:00:00,0.0,1.56,22.8,92.92
2025-10-16 21:00:00,0.0,1.72,21.74,94.43
2025-10-16 22:00:00,0.0,1.84,20.85,91.91
2025-10-16 23:00:00,0.0,1.92,20.04,90.39
2025-10-17 00:00:00,0.0,2.0,19.27,93.45
2025-10-17 01:00:00,0.0,2.13,18.51,0.06
2025-10-17 02:00:00,0.0,2.14,18.03,98.45
2025-10-17 03:00:00,0.0,2.01,17.81,97.46
2025-10-17 04:00:00,0.0,1.82,17.78,97.96
2025-10-17 05:00:00,0.0,1.57,17.87,96.43
2025-10-17 06:00:00,37.05,1.3,18.17,75.56
2025-10-17 07:00:00,191.6,1.08,20.27,56.63
2025-10-17 08:00:00,391.9,1.02,22.21,38.29
2025-10-17 09:00:00,593.1,0.76,25.01,19.93
2025-10-17 10:00:00,763.35,0.55,28.67,0.51
2025-10-17 11:00:00,803.55,0.35,29.51,0.51
2025-10-17 12:00:00,779.5,0.37,29.89,0.3
2025-10-17 13:00:00,664.4,0.51,29.98,15.42
2025-10-17 14:00:00,494.0,0.7,29.77,30.2
2025-10-17 15:00:00,293.08,0.88,29.37,45.35
2025-10-17 16:00:00,105.78,0.93,28.48,60.4
2025-10-17 17:00:00,5.43,0.72,26.8,78.66
2025-10-17 18:00:00,0.0,0.67,25.94,94.42
2025-10-17 19:00:00,0.0,0.75,25.1,88.92
2025-10-17 20:00:00,0.0,0.83,24.3,82.38
2025-10-17 21:00:00,0.0,0.81,23.57,79.37
2025-10-17 22:00:00,0.0,0.65,22.96,78.87
2025-10-17 23:00:00,0.0,0.41,22.51,76.36
2025-10-18 00:00:00,0.0,0.16,22.0,74.85
2025-10-18 01:00:00,0.0,0.19,21.36,0.0
2025-10-18 02:00:00,0.0,0.2,20.89,81.38
2025-10-18 03:00:00,0.0,0.13,20.47,81.88
2025-10-18 04:00:00,0.0,0.35,19.99,83.38
2025-10-18 05:00:00,0.0,0.68,19.41,90.41
2025-10-18 06:00:00,43.75,0.98,18.73,58.9
2025-10-18 07:00:00,226.85,1.27,19.96,30.36
2025-10-18 08:00:00,458.52,1.6,21.62,0.5
2025-10-18 09:00:00,636.38,1.7,24.41,0.38
2025-10-18 10:00:00,757.47,1.73,27.63,0.25
2025-10-18 11:00:00,807.85,1.53,28.63,0.13
2025-10-18 12:00:00,786.72,1.26,29.03,0.0
2025-10-18 13:00:00,655.25,1.01,29.17,13.74
2025-10-18 14:00:00,480.88,0.86,29.05,28.42
2025-10-18 15:00:00,279.12,0.82,28.65,43.75
2025-10-18 16:00:00,97.93,0.84,27.84,59.0
2025-10-18 17:00:00,3.58,1.09,25.64,83.13
2025-10-18 18:00:00,0.0,1.48,24.22,99.99
2025-10-18 19:00:00,0.0,1.75,23.04,98.99
2025-10-18 20:00:00,0.0,1.88,22.15,99.98
2025-10-18 21:00:00,0.0,1.9,21.45,97.98
2025-10-18 22:00:00,0.0,1.92,20.77,93.96
2025-10-18 23:00:00,0.0,1.93,20.1,95.47
2025-10-19 00:00:00,0.0,1.93,19.48,5.11
2025-10-19 01:00:00,0.0,1.85,19.03,94.46
2025-10-19 02:00:00,0.0,1.72,18.7,9.9
2025-10-19 03:00:00,0.0,1.59,18.38,95.97
2025-10-19 04:00:00,0.0,1.5,18.1,94.96
2025-10-19 05:00:00,0.0,1.51,17.77,98.48
2025-10-19 06:00:00,32.8,1.58,17.55,77.03
2025-10-19 07:00:00,179.43,1.59,19.53,57.7
2025-10-19 08:00:00,376.88,1.99,21.52,38.79
2025-10-19 09:00:00,576.62,2.13,24.08,20.07
2025-10-19 10:00:00,746.15,2.76,27.6,0.51
2025-10-19 11:00:00,787.15,2.86,28.45,0.76
2025-10-19 12:00:00,765.12,2.81,28.81,1.01
2025-10-19 13:00:00,670.33,2.67,28.9,0.01
2025-10-19 14:00:00,498.62,2.47,28.68,19.05
2025-10-19 15:00:00,288.83,2.15,27.99,37.5
2025-10-19 16:00:00,97.4,1.87,26.75,56.04
2025-10-19 17:00:00,4.28,1.74,23.97,76.75
2025-10-19 18:00:00,0.0,1.89,22.78,95.96
2025-10-19 19:00:00,0.0,1.94,21.97,92.45
2025-10-19 20:00:00,0.0,1.98,21.23,82.4
2025-10-19 21:00:00,0.0,2.06,20.54,73.86
2025-10-19 22:00:00,0.0,2.14,19.83,74.36
2025-10-19 23:00:00,0.0,2.2,19.23,69.84
2025-10-20 00:00:00,0.0,2.2,18.79,70.34
2025-10-20 01:00:00,0.0,2.11,18.55,82.9
2025-10-20 02:00:00,0.0,2.03,18.31,0.27
2025-10-20 03:00:00,0.0,2.02,17.98,85.91
2025-10-20 04:00:00,0.0,2.07,17.57,86.4
2025-10-20 05:00:00,0.0,2.21,17.06,87.4
2025-10-20 06:00:00,31.05,2.38,16.78,73.71
2025-10-20 07:00:00,161.45,2.35,19.58,61.37
2025-10-20 08:00:00,335.12,3.15,21.74,49.86
2025-10-20 09:00:00,504.95,3.06,24.08,38.51
2025-10-20 10:00:00,643.9,3.06,27.21,27.31
2025-10-20 11:00:00,700.55,2.7,28.3,15.94
2025-10-20 12:00:00,720.1,2.37,28.67,3.54
2025-10-20 13:00:00,625.95,2.1,28.78,10.11
2025-10-20 14:00:00,472.1,1.77,28.72,3.65
2025-10-20 15:00:00,262.23,1.45,28.25,25.91
2025-10-20 16:00:00,88.15,1.25,27.34,46.14
2025-10-20 17:00:00,3.4,1.34,25.08,71.22
2025-10-20 18:00:00,0.0,1.72,23.6,93.79
2025-10-20 19:00:00,0.0,2.05,22.27,93.18
2025-10-20 20:00:00,0.0,2.36,20.97,90.15
2025-10-20 21:00:00,0.0,2.56,19.92,82.89
2025-10-20 22:00:00,0.0,2.62,19.15,66.79
2025-10-20 23:00:00,0.0,2.57,18.54,59.79
2025-10-21 00:00:00,0.0,2.41,18.32,61.64
2025-10-21 01:00:00,0.0,2.24,18.11,19.32
2025-10-21 02:00:00,0.0,2.11,18.0,74.22
2025-10-21 03:00:00,0.0,2.05,17.92,81.91
2025-10-21 04:00:00,0.0,1.98,17.92,83.17
2025-10-21 05:00:00,0.0,1.93,17.9,92.05
2025-10-21 06:00:00,31.45,1.83,18.15,66.13
2025-10-21 07:00:00,181.18,1.64,20.3,40.38
2025-10-21 08:00:00,381.4,1.61,22.07,21.78
2025-10-21 09:00:00,555.6,1.15,24.25,9.85
2025-10-21 10:00:00,680.65,0.48,27.91,3.93
2025-10-21 11:00:00,722.9,0.3,29.39,2.22
2025-10-21 12:00:00,700.0,0.82,29.51,0.5
2025-10-21 13:00:00,606.0,1.25,29.34,4.03
2025-10-21 14:00:00,445.17,1.49,29.12,8.71
2025-10-21 15:00:00,257.35,1.49,28.82,19.82
2025-10-21 16:00:00,79.72,1.38,27.75,44.34
2025-10-21 17:00:00,3.22,1.16,26.12,67.77
2025-10-21 18:00:00,0.0,1.02,25.28,88.37
2025-10-21 19:00:00,0.0,0.95,24.6,81.1
2025-10-21 20:00:00,0.0,0.99,23.79,81.37
2025-10-21 21:00:00,0.0,1.03,23.07,77.87
2025-10-21 22:00:00,0.0,0.99,22.4,77.64
2025-10-21 23:00:00,0.0,0.87,21.71,76.27
2025-10-22 00:00:00,0.0,0.74,21.23,72.8
2025-10-22 01:00:00,0.0,0.63,21.11,1.01
2025-10-22 02:00:00,0.0,0.64,20.84,76.32
2025-10-22 03:00:00,0.0,0.72,20.62,77.65
2025-10-22 04:00:00,0.0,0.76,20.33,76.31
2025-10-22 05:00:00,0.0,0.77,20.03,81.94
2025-10-22 06:00:00,29.23,0.81,19.87,61.45
2025-10-22 07:00:00,162.93,0.88,21.19,43.13
2025-10-22 08:00:00,329.52,0.94,22.78,27.99
2025-10-22 09:00:00,530.3,0.84,25.23,10.46
2025-10-22 10:00:00,647.38,1.35,29.19,4.02
2025-10-22 11:00:00,707.47,1.38,30.24,1.01
2025-10-22 12:00:00,645.2,1.5,30.57,21.28
2025-10-22 13:00:00,546.03,1.68,30.63,26.14
2025-10-22 14:00:00,412.3,1.7,30.27,16.99
2025-10-22 15:00:00,239.65,1.47,29.82,31.79
2025-10-22 16:00:00,74.35,1.19,28.6,55.35
2025-10-22 17:00:00,2.92,0.74,27.26,78.72
2025-10-22 18:00:00,0.0,0.46,26.55,99.95
2025-10-22 19:00:00,0.0,0.3,25.78,99.42
2025-10-22 20:00:00,0.0,0.43,24.94,98.98
2025-10-22 21:00:00,0.0,0.74,23.93,96.41
2025-10-22 22:00:00,0.0,1.06,22.91,93.8
2025-10-22 23:00:00,0.0,1.38,21.97,91.72
2025-10-23 00:00:00,0.0,1.65,21.08,91.89
2025-10-23 01:00:00,0.0,1.87,20.25,4.29
2025-10-23 02:00:00,0.0,2.05,19.54,91.92
2025-10-23 03:00:00,0.0,2.17,18.96,92.42
2025-10-23 04:00:00,0.0,2.24,18.53,91.93
2025-10-23 05:00:00,0.0,2.26,18.21,95.78
2025-10-23 06:00:00,27.5,2.22,18.17,80.73
2025-10-23 07:00:00,155.9,1.78,20.58,66.08
2025-10-23 08:00:00,313.02,2.01,22.88,52.89
2025-10-23 09:00:00,477.12,1.36,25.15,39.55
2025-10-23 10:00:00,612.7,0.94,28.58,26.52
2025-10-23 11:00:00,667.75,0.57,29.7,13.63
2025-10-23 12:00:00,684.25,0.88,30.19,0.0
2025-10-23 13:00:00,560.6,1.37,30.32,15.11
2025-10-23 14:00:00,394.0,1.72,30.14,29.66
2025-10-23 15:00:00,216.3,1.81,29.74,44.69
2025-10-23 16:00:00,69.45,1.75,28.2,59.77
2025-10-23 17:00:00,2.47,1.64,25.7,76.17
2025-10-23 18:00:00,0.0,1.83,24.47,91.41
2025-10-23 19:00:00,0.0,2.06,23.24,86.43
2025-10-23 20:00:00,0.0,2.28,21.94,76.88
2025-10-23 21:00:00,0.0,2.44,20.77,72.36
2025-10-23 22:00:00,0.0,2.46,19.91,78.39
2025-10-23 23:00:00,0.0,2.37,19.38,79.89
2025-10-24 00:00:00,0.0,2.18,19.11,87.93
2025-10-24 01:00:00,0.0,1.99,18.92,1.86
2025-10-24 02:00:00,0.0,1.86,18.75,95.96
2025-10-24 03:00:00,0.0,1.76,18.6,95.95
2025-10-24 04:00:00,0.0,1.69,18.43,96.43
2025-10-24 05:00:00,0.0,1.64,18.21,98.44
2025-10-24 06:00:00,25.9,1.63,18.06,83.29
2025-10-24 07:00:00,142.18,1.47,19.82,69.02
2025-10-24 08:00:00,310.4,1.7,21.86,53.86
2025-10-24 09:00:00,466.55,1.61,24.31,41.0
2025-10-24 10:00:00,603.75,1.38,28.12,27.31
2025-10-24 11:00:00,634.0,1.18,29.35,13.99
2025-10-24 12:00:00,651.22,1.19,29.88,0.0
2025-10-24 13:00:00,560.1,1.31,30.08,0.0
2025-10-24 14:00:00,401.85,1.38,29.94,18.21
2025-10-24 15:00:00,233.25,1.28,29.54,34.85
2025-10-24 16:00:00,71.53,1.1,28.42,54.34
2025-10-24 17:00:00,2.42,0.69,26.82,74.33
2025-10-24 18:00:00,0.0,0.53,26.06,92.93
2025-10-24 19:00:00,0.0,0.62,25.15,88.93
2025-10-24 20:00:00,0.0,0.78,24.12,74.36
2025-10-24 21:00:00,0.0,0.9,23.26,69.33
2025-10-24 22:00:00,0.0,0.93,22.51,52.25
2025-10-24 23:00:00,0.0,0.93,21.8,57.77
2025-10-25 00:00:00,0.0,0.94,21.15,58.28
2025-10-25 01:00:00,0.0,0.96,20.6,66.32
2025-10-25 02:00:00,0.0,0.98,20.03,3.05
2025-10-25 03:00:00,0.0,0.98,19.51,76.35
2025-10-25 04:00:00,0.0,0.98,19.08,78.87
2025-10-25 05:00:00,0.0,0.98,18.73,89.41
2025-10-25 06:00:00,24.15,0.92,18.61,77.19
2025-10-25 07:00:00,141.7,0.87,19.92,64.18
2025-10-25 08:00:00,291.62,0.99,21.7,52.58
2025-10-25 09:00:00,438.92,0.94,24.4,42.79
2025-10-25 10:00:00,564.17,0.57,27.93,32.03
2025-10-25 11:00:00,631.2,0.32,29.01,21.47
2025-10-25 12:00:00,646.15,0.59,29.49,11.15
2025-10-25 13:00:00,588.03,1.01,29.68,0.0
2025-10-25 14:00:00,414.77,1.41,29.48,20.39
2025-10-25 15:00:00,239.65,1.61,29.04,39.75
2025-10-25 16:00:00,79.8,1.57,27.48,61.69
2025-10-25 17:00:00,0.0,1.73,24.92,84.33
2025-10-25 18:00:00,0.0,2.11,23.25,76.86
2025-10-25 19:00:00,0.0,2.48,21.65,80.89
2025-10-25 20:00:00,0.0,2.82,20.18,75.36
2025-10-25 21:00:00,0.0,3.06,19.08,81.39
2025-10-25 22:00:00,0.0,3.18,18.23,84.4
2025-10-25 23:00:00,0.0,3.16,17.58,89.43
2025-10-26 00:00:00,0.0,3.07,17.06,92.96
2025-10-26 01:00:00,0.0,2.93,16.61,97.98
2025-10-26 02:00:00,0.0,2.79,16.23,0.88
2025-10-26 03:00:00,0.0,2.69,15.95,97.93
2025-10-26 04:00:00,0.0,2.65,15.73,97.31
2025-10-26 05:00:00,0.0,2.7,15.52,97.16
2025-10-26 06:00:00,23.65,2.75,15.61,73.62
2025-10-26 07:00:00,131.4,2.99,18.62,49.48
2025-10-26 08:00:00,277.67,3.57,20.78,27.24
2025-10-26 09:00:00,441.4,3.25,23.39,3.74
2025-10-26 10:00:00,554.4,3.89,26.81,11.47
2025-10-26 11:00:00,576.53,3.73,28.14,1.08
2025-10-26 12:00:00,558.58,3.35,28.71,4.26
2025-10-26 13:00:00,456.88,3.12,28.9,30.5
2025-10-26 14:00:00,323.67,2.97,28.82,41.82
2025-10-26 15:00:00,187.48,2.84,28.16,57.97
2025-10-26 16:00:00,67.55,2.45,26.59,75.8
2025-10-26 17:00:00,0.0,2.48,23.67,93.97
2025-10-26 18:00:00,0.0,2.79,22.39,98.0
2025-10-26 19:00:00,0.0,2.91,21.69,98.63
2025-10-26 20:00:00,0.0,3.0,21.08,97.94
2025-10-26 21:00:00,0.0,3.1,20.51,98.66
2025-10-26 22:00:00,0.0,3.11,20.0,99.14
2025-10-26 23:00:00,0.0,2.99,19.53,99.51
2025-10-27 00:00:00,0.0,2.85,19.13,99.61
2025-10-27 01:00:00,0.0,2.74,18.83,97.9
2025-10-27 02:00:00,0.0,2.75,18.67,98.6
2025-10-27 03:00:00,0.0,2.79,18.71,98.9
2025-10-27 04:00:00,0.0,2.79,18.73,99.22
2025-10-27 05:00:00,0.0,2.85,18.7,99.58
2025-10-27 06:00:00,13.43,3.03,18.88,100.0
2025-10-27 07:00:00,64.55,4.05,20.27,100.0
2025-10-27 08:00:00,116.95,4.3,21.33,100.0
2025-10-27 09:00:00,164.62,4.55,22.68,100.0
2025-10-27 10:00:00,180.23,5.09,23.79,100.0
2025-10-27 11:00:00,183.65,5.36,24.43,99.29
2025-10-27 12:00:00,172.77,5.49,24.86,99.39
2025-10-27 13:00:00,145.62,5.48,25.0,100.0
2025-10-27 14:00:00,115.5,5.48,24.75,99.91
2025-10-27 15:00:00,77.9,5.35,24.03,100.0
2025-10-27 16:00:00,32.15,4.62,22.84,100.0
2025-10-27 17:00:00,0.0,3.86,21.21,100.0
2025-10-27 18:00:00,0.0,3.86,20.24,100.0
2025-10-27 19:00:00,0.0,3.73,19.6,100.0
2025-10-27 20:00:00,0.0,3.58,19.14,99.85
2025-10-27 21:00:00,0.0,3.39,18.75,100.0
2025-10-27 22:00:00,0.0,3.15,18.43,100.0
2025-10-27 23:00:00,0.0,2.87,18.12,100.0
2025-10-28 00:00:00,0.0,2.72,17.88,100.0
2025-10-28 01:00:00,0.0,2.68,17.66,99.78
2025-10-28 02:00:00,0.0,2.76,17.48,99.73
2025-10-28 03:00:00,0.0,3.05,17.35,99.64
2025-10-28 04:00:00,0.0,3.24,17.26,99.62
2025-10-28 05:00:00,0.0,3.23,17.14,99.72
2025-10-28 06:00:00,14.0,3.33,17.19,100.0
2025-10-28 07:00:00,61.38,4.19,18.26,100.0
2025-10-28 08:00:00,107.72,4.91,19.73,100.0
2025-10-28 09:00:00,147.77,5.85,20.92,99.3
2025-10-28 10:00:00,155.68,6.24,21.55,99.9
2025-10-28 11:00:00,117.8,6.29,22.0,99.25
2025-10-28 12:00:00,132.57,6.36,22.41,99.99
2025-10-28 13:00:00,138.05,6.3,22.46,99.0
2025-10-28 14:00:00,105.8,6.06,22.18,99.66
2025-10-28 15:00:00,67.25,5.79,21.73,99.66
2025-10-28 16:00:00,25.83,5.19,20.96,100.0
2025-10-28 17:00:00,0.0,4.03,19.49,99.67
2025-10-28 18:00:00,0.0,3.77,18.52,99.68
2025-10-28 19:00:00,0.0,3.74,17.92,99.68
2025-10-28 20:00:00,0.0,3.51,17.49,99.43
2025-10-28 21:00:00,0.0,3.29,17.23,99.53
2025-10-28 22:00:00,0.0,3.24,17.03,99.53
2025-10-28 23:00:00,0.0,3.25,16.86,99.66
2025-10-29 00:00:00,0.0,3.27,16.72,99.88
2025-10-29 01:00:00,0.0,3.28,16.59,99.96
2025-10-29 02:00:00,0.0,3.22,16.47,99.85
2025-10-29 03:00:00,0.0,3.06,16.32,99.64
2025-10-29 04:00:00,0.0,2.9,16.14,99.51
2025-10-29 05:00:00,0.0,2.89,16.07,99.42
2025-10-29 06:00:00,20.12,3.13,16.33,98.46
2025-10-29 07:00:00,111.5,4.2,17.83,97.8
2025-10-29 08:00:00,238.05,4.55,20.09,96.99
2025-10-29 09:00:00,317.95,5.08,22.49,98.64
2025-10-29 10:00:00,408.92,5.26,24.33,98.38
2025-10-29 11:00:00,437.58,4.95,25.59,90.34
2025-10-29 12:00:00,499.3,4.46,26.34,97.57
2025-10-29 13:00:00,264.75,3.95,26.78,99.3
2025-10-29 14:00:00,183.7,3.58,26.82,99.28
2025-10-29 15:00:00,111.05,3.43,26.3,98.87
2025-10-29 16:00:00,36.97,2.64,25.0,99.88
2025-10-29 17:00:00,0.0,2.31,22.6,99.71
2025-10-29 18:00:00,0.0,2.42,21.59,99.73
2025-10-29 19:00:00,0.0,2.39,21.1,99.65
2025-10-29 20:00:00,0.0,2.36,20.66,99.67
2025-10-29 21:00:00,0.0,2.35,20.24,99.62
2025-10-29 22:00:00,0.0,2.32,19.83,99.4
2025-10-29 23:00:00,0.0,2.23,19.43,99.4
2025-10-30 00:00:00,0.0,2.07,19.18,99.95
2025-10-30 01:00:00,0.0,1.93,19.03,99.76
2025-10-30 02:00:00,0.0,2.02,18.96,99.85
2025-10-30 03:00:00,0.0,2.25,18.98,100.0
2025-10-30 04:00:00,0.0,2.54,18.99,99.74
2025-10-30 05:00:00,0.0,2.81,19.02,99.48
2025-10-30 06:00:00,13.0,3.16,19.2,100.0
2025-10-30 07:00:00,69.0,4.1,20.13,100.0
2025-10-30 08:00:00,135.93,4.21,21.14,99.79
2025-10-30 09:00:00,208.45,4.54,22.49,99.13
2025-10-30 10:00:00,210.52,5.28,23.44,98.82
2025-10-30 11:00:00,242.82,5.08,23.74,98.97
2025-10-30 12:00:00,267.23,4.86,23.88,99.51
2025-10-30 13:00:00,203.62,4.8,23.85,99.62
2025-10-30 14:00:00,168.73,4.75,23.65,99.89
2025-10-30 15:00:00,103.12,4.41,23.18,99.76
2025-10-30 16:00:00,35.47,3.59,22.46,100.0
2025-10-30 17:00:00,0.0,2.88,21.45,99.24
2025-10-30 18:00:00,0.0,2.82,20.88,99.33
2025-10-30 19:00:00,0.0,2.59,20.53,99.38
2025-10-30 20:00:00,0.0,2.17,20.19,99.38
2025-10-30 21:00:00,0.0,1.86,19.85,99.53
2025-10-30 22:00:00,0.0,1.77,19.46,99.57
2025-10-30 23:00:00,0.0,1.75,19.1,99.59
2025-10-31 00:00:00,0.0,1.77,18.84,99.54
2025-10-31 01:00:00,0.0,1.77,18.6,99.36
2025-10-31 02:00:00,0.0,1.71,18.39,99.93
2025-10-31 03:00:00,0.0,1.65,18.29,99.37
2025-10-31 04:00:00,0.0,1.56,18.29,99.1
2025-10-31 05:00:00,0.0,1.31,18.37,98.99
2025-10-31 06:00:00,21.52,1.02,18.57,94.49
2025-10-31 07:00:00,123.35,1.02,20.06,90.48
2025-10-31 08:00:00,265.15,1.06,22.14,86.88
2025-10-31 09:00:00,418.27,1.44,24.75,83.29
2025-10-31 10:00:00,489.7,1.6,26.44,86.58
2025-10-31 11:00:00,445.92,1.5,27.41,92.56
2025-10-31 12:00:00,450.62,1.33,27.97,95.45
2025-10-31 13:00:00,382.92,1.23,28.21,89.23
2025-10-31 14:00:00,393.08,1.02,28.12,43.53
2025-10-31 15:00:00,225.0,0.75,27.85,56.35
2025-10-31 16:00:00,73.38,0.6,27.07,69.37
2025-10-31 17:00:00,0.0,0.97,25.05,84.43
2025-10-31 18:00:00,0.0,1.69,23.36,76.53
2025-10-31 19:00:00,0.0,2.07,22.09,83.06
2025-10-31 20:00:00,0.0,2.28,21.15,97.67
2025-10-31 21:00:00,0.0,2.32,20.42,82.45
2025-10-31 22:00:00,0.0,2.27,19.82,83.42
2025-10-31 23:00:00,0.0,2.22,19.28,86.43
2025-11-01 00:00:00,0.0,2.16,18.84,87.94
2025-11-01 01:00:00,0.0,2.01,18.54,5.79
2025-11-01 02:00:00,0.0,1.86,18.3,83.4
2025-11-01 03:00:00,0.0,1.78,18.15,82.81
2025-11-01 04:00:00,0.0,1.75,18.05,82.81
2025-11-01 05:00:00,0.0,1.74,17.95,86.37
2025-11-01 06:00:00,20.8,1.71,18.06,64.29
2025-11-01 07:00:00,160.6,2.15,19.95,38.27
2025-11-01 08:00:00,341.1,2.06,21.7,23.32
2025-11-01 09:00:00,536.83,1.75,25.03,1.03
2025-11-01 10:00:00,660.97,1.78,27.43,0.52
2025-11-01 11:00:00,690.72,2.05,28.37,7.88
2025-11-01 12:00:00,622.4,2.32,28.76,29.51
2025-11-01 13:00:00,505.45,2.42,28.73,29.15
2025-11-01 14:00:00,409.62,2.46,28.68,25.68
2025-11-01 15:00:00,225.7,2.3,28.15,41.66
2025-11-01 16:00:00,69.75,1.88,26.74,58.3
2025-11-01 17:00:00,0.0,1.71,24.69,76.34
2025-11-01 18:00:00,0.0,1.65,24.04,68.81
2025-11-01 19:00:00,0.0,1.44,23.68,65.82
2025-11-01 20:00:00,0.0,1.26,23.19,57.05
2025-11-01 21:00:00,0.0,1.19,22.73,57.78
2025-11-01 22:00:00,0.0,1.14,22.22,65.13
2025-11-01 23:00:00,0.0,1.1,21.65,70.69
2025-11-02 00:00:00,0.0,1.08,21.06,81.71
2025-11-02 01:00:00,0.0,1.11,20.48,97.3
2025-11-02 02:00:00,0.0,1.12,19.89,99.89
2025-11-02 03:00:00,0.0,1.16,19.33,99.97
2025-11-02 04:00:00,0.0,1.22,18.79,99.45
2025-11-02 05:00:00,0.0,1.3,18.29,97.13
2025-11-02 06:00:00,25.62,1.33,17.89,73.5
2025-11-02 07:00:00,171.77,1.16,19.14,48.78
2025-11-02 08:00:00,354.62,1.2,21.19,27.35
2025-11-02 09:00:00,544.15,1.04,23.41,2.73
2025-11-02 10:00:00,666.03,1.87,27.19,2.16
2025-11-02 11:00:00,724.0,2.48,28.75,0.51
2025-11-02 12:00:00,704.58,2.78,29.31,0.53
2025-11-02 13:00:00,613.7,2.89,29.57,0.52
2025-11-02 14:00:00,459.92,2.81,29.18,0.51
2025-11-02 15:00:00,249.65,2.54,28.54,17.83
2025-11-02 16:00:00,68.3,2.03,26.07,41.89
2025-11-02 17:00:00,0.0,2.16,23.67,65.81
2025-11-02 18:00:00,0.0,2.23,22.63,48.75
2025-11-02 19:00:00,0.0,2.26,21.77,46.74
2025-11-02 20:00:00,0.0,2.33,20.92,37.85
2025-11-02 21:00:00,0.0,2.39,20.11,49.51
2025-11-02 22:00:00,0.0,2.44,19.41,47.17
2025-11-02 23:00:00,0.0,2.47,18.75,42.87
2025-11-03 00:00:00,0.0,2.53,18.11,48.49
2025-11-03 01:00:00,0.0,2.63,17.43,2.69
2025-11-03 02:00:00,0.0,2.68,16.86,87.73
2025-11-03 03:00:00,0.0,2.72,16.35,74.57
2025-11-03 04:00:00,0.0,2.77,15.86,79.05
2025-11-03 05:00:00,0.0,2.85,15.34,76.3
2025-11-03 06:00:00,26.02,2.92,14.99,56.53
2025-11-03 07:00:00,194.85,2.51,17.53,34.59
2025-11-03 08:00:00,395.17,3.41,20.98,19.92
2025-11-03 09:00:00,595.8,3.04,23.27,0.5
2025-11-03 10:00:00,717.03,3.14,26.61,0.34
2025-11-03 11:00:00,767.85,3.7,29.41,0.17
2025-11-03 12:00:00,741.97,3.75,29.91,0.0
2025-11-03 13:00:00,609.58,3.69,29.91,13.03
2025-11-03 14:00:00,433.95,3.28,29.47,26.06
2025-11-03 15:00:00,246.32,2.68,28.98,36.68
2025-11-03 16:00:00,69.25,1.75,26.79,52.12
2025-11-03 17:00:00,0.0,1.54,25.15,71.25
2025-11-03 18:00:00,0.0,1.77,23.93,83.53
2025-11-03 19:00:00,0.0,2.37,22.15,97.9
2025-11-03 20:00:00,0.0,2.95,20.53,99.45
2025-11-03 21:00:00,0.0,3.3,19.64,99.32
2025-11-03 22:00:00,0.0,3.44,19.16,98.51
2025-11-03 23:00:00,0.0,3.49,18.69,99.23
2025-11-04 00:00:00,0.0,3.44,18.16,99.79
2025-11-04 01:00:00,0.0,3.19,18.02,99.13
2025-11-04 02:00:00,0.0,2.64,18.51,99.28
2025-11-04 03:00:00,0.0,1.88,18.98,99.0
2025-11-04 04:00:00,0.0,1.48,19.28,99.35
2025-11-04 05:00:00,0.0,1.6,19.5,99.23
2025-11-04 06:00:00,12.25,1.99,19.77,100.0
2025-11-04 07:00:00,84.2,2.44,20.52,99.21
2025-11-04 08:00:00,154.43,1.81,21.09,98.95
2025-11-04 09:00:00,214.65,0.98,22.04,98.48
2025-11-04 10:00:00,357.77,1.01,23.73,92.39
2025-11-04 11:00:00,443.12,2.15,25.65,80.67
2025-11-04 12:00:00,412.85,3.7,26.8,86.64
2025-11-04 13:00:00,416.67,4.66,27.01,56.69
2025-11-04 14:00:00,356.77,4.64,26.73,47.89
2025-11-04 15:00:00,193.57,4.09,26.16,64.17
2025-11-04 16:00:00,53.22,2.9,24.89,82.15
2025-11-04 17:00:00,0.0,2.18,22.36,99.98
2025-11-04 18:00:00,0.0,2.42,20.85,97.1
2025-11-04 19:00:00,0.0,2.47,19.82,90.24
2025-11-04 20:00:00,0.0,2.24,19.06,87.43
2025-11-04 21:00:00,0.0,1.83,18.55,82.9
2025-11-04 22:00:00,0.0,1.32,18.25,80.38
2025-11-04 23:00:00,0.0,1.11,18.27,74.07
2025-11-05 00:00:00,0.0,1.57,17.68,74.98
2025-11-05 01:00:00,0.0,2.06,16.65,78.1
2025-11-05 02:00:00,0.0,2.32,15.7,6.41
2025-11-05 03:00:00,0.0,2.51,14.93,88.8
2025-11-05 04:00:00,0.0,2.73,14.36,96.81
2025-11-05 05:00:00,0.0,2.96,14.03,99.29
2025-11-05 06:00:00,28.27,3.22,14.14,86.57
2025-11-05 07:00:00,190.23,4.66,16.21,73.92
2025-11-05 08:00:00,379.35,4.17,18.28,61.87
2025-11-05 09:00:00,550.45,3.99,21.57,49.55
2025-11-05 10:00:00,676.42,4.01,24.5,37.2
2025-11-05 11:00:00,757.38,4.5,27.26,24.8
2025-11-05 12:00:00,750.72,4.69,28.57,12.43
2025-11-05 13:00:00,672.42,4.94,28.61,0.0
2025-11-05 14:00:00,494.75,4.9,27.83,15.4
2025-11-05 15:00:00,285.05,4.5,26.4,30.73
2025-11-05 16:00:00,85.82,3.25,22.99,46.26
2025-11-05 17:00:00,0.0,3.66,19.04,62.88
2025-11-05 18:00:00,0.0,3.84,17.59,53.77
2025-11-05 19:00:00,0.0,3.91,16.67,29.65
2025-11-05 20:00:00,0.0,3.95,15.85,22.1
2025-11-05 21:00:00,0.0,3.99,15.16,14.04
2025-11-05 22:00:00,0.0,4.01,14.54,5.02
2025-11-05 23:00:00,0.0,4.02,14.0,1.51
2025-11-06 00:00:00,0.0,3.98,13.46,2.01
2025-11-06 01:00:00,0.0,3.9,12.91,0.0
2025-11-06 02:00:00,0.0,3.76,12.39,1.01
2025-11-06 03:00:00,0.0,3.62,11.9,1.51
2025-11-06 04:00:00,0.0,3.47,11.51,2.01
2025-11-06 05:00:00,0.0,3.29,11.24,9.99
2025-11-06 06:00:00,27.7,3.07,11.23,7.92
2025-11-06 07:00:00,200.52,2.41,14.32,4.61
2025-11-06 08:00:00,402.67,2.77,17.69,5.56
2025-11-06 09:00:00,578.6,2.28,20.46,4.65
2025-11-06 10:00:00,700.8,3.41,23.7,3.77
2025-11-06 11:00:00,758.95,3.9,25.02,2.51
2025-11-06 12:00:00,742.6,4.09,25.78,1.26
2025-11-06 13:00:00,653.75,4.26,26.14,0.0
2025-11-06 14:00:00,481.55,4.26,25.94,8.86
2025-11-06 15:00:00,276.25,3.77,25.07,17.61
2025-11-06 16:00:00,82.95,2.78,22.18,24.38
2025-11-06 17:00:00,0.0,3.1,18.01,39.69
2025-11-06 18:00:00,0.0,3.29,16.36,36.66
2025-11-06 19:00:00,0.0,3.35,15.21,23.6
2025-11-06 20:00:00,0.0,3.37,14.22,17.57
2025-11-06 21:00:00,0.0,3.32,13.47,11.55
2025-11-06 22:00:00,0.0,3.21,12.9,5.99
2025-11-06 23:00:00,0.0,3.11,12.5,4.52
2025-11-07 00:00:00,0.0,3.04,12.2,4.02
2025-11-07 01:00:00,0.0,2.99,11.91,0.59
2025-11-07 02:00:00,0.0,2.96,11.56,3.02
2025-11-07 03:00:00,0.0,2.94,11.17,1.76
2025-11-07 04:00:00,0.0,2.94,10.76,0.5
2025-11-07 05:00:00,0.0,2.92,10.43,1.51
2025-11-07 06:00:00,33.53,2.82,10.39,1.29
2025-11-07 07:00:00,233.62,2.33,12.96,1.08
2025-11-07 08:00:00,450.75,2.5,16.93,0.86
2025-11-07 09:00:00,629.67,1.97,19.38,0.65
2025-11-07 10:00:00,749.7,2.73,22.89,0.43
2025-11-07 11:00:00,807.25,3.25,25.0,0.22
2025-11-07 12:00:00,785.65,3.23,25.95,0.0
2025-11-07 13:00:00,687.15,3.2,26.38,1.81
2025-11-07 14:00:00,526.1,3.09,26.16,3.62
2025-11-07 15:00:00,320.33,2.66,25.36,4.86
2025-11-07 16:00:00,102.5,2.09,22.5,4.19
2025-11-07 17:00:00,0.0,2.28,19.63,9.03
2025-11-07 18:00:00,0.0,2.43,18.17,3.52
2025-11-07 19:00:00,0.0,2.6,16.77,1.01
2025-11-07 20:00:00,0.0,2.8,15.37,0.89
2025-11-07 21:00:00,0.0,2.94,14.26,0.77
2025-11-07 22:00:00,0.0,2.91,13.57,0.65
2025-11-07 23:00:00,0.0,2.77,13.26,0.53
2025-11-08 00:00:00,0.0,2.54,13.27,0.41
2025-11-08 01:00:00,0.0,2.23,13.52,0.29
2025-11-08 02:00:00,0.0,1.84,13.83,0.27
2025-11-08 03:00:00,0.0,1.45,14.22,0.24
2025-11-08 04:00:00,0.0,1.19,14.15,0.21
2025-11-08 05:00:00,0.0,1.23,13.68,0.19
2025-11-08 06:00:00,30.65,1.48,12.79,0.16
2025-11-08 07:00:00,221.23,1.66,13.49,0.13
2025-11-08 08:00:00,432.27,2.14,16.58,0.11
2025-11-08 09:00:00,607.2,2.03,18.8,0.08
2025-11-08 10:00:00,724.33,2.25,22.46,0.05
2025-11-08 11:00:00,773.95,2.68,25.29,0.03
2025-11-08 12:00:00,750.4,2.82,26.35,0.0
2025-11-08 13:00:00,636.15,2.86,26.8,7.19
2025-11-08 14:00:00,469.15,2.83,26.53,14.05
2025-11-08 15:00:00,268.2,2.53,25.7,21.44
2025-11-08 16:00:00,76.65,2.01,22.93,29.99
2025-11-08 17:00:00,0.0,2.0,20.71,42.17
2025-11-08 18:00:00,0.0,1.89,19.9,33.64
2025-11-08 19:00:00,0.0,1.83,18.98,21.58
2025-11-08 20:00:00,0.0,1.9,17.99,17.57
2025-11-08 21:00:00,0.0,2.03,16.97,11.55
2025-11-08 22:00:00,0.0,2.11,16.23,6.52
2025-11-08 23:00:00,0.0,2.05,15.58,6.52
2025-11-09 00:00:00,0.0,1.86,15.19,7.02
2025-11-09 01:00:00,0.0,1.6,15.15,0.24
2025-11-09 02:00:00,0.0,1.31,15.12,6.0
2025-11-09 03:00:00,0.0,1.01,14.98,6.51
2025-11-09 04:00:00,0.0,0.76,14.63,6.0
2025-11-09 05:00:00,0.0,0.62,14.36,9.51
2025-11-09 06:00:00,25.6,0.71,14.05,7.64
2025-11-09 07:00:00,202.57,0.94,14.81,0.11
2025-11-09 08:00:00,403.55,1.43,16.96,5.09
2025-11-09 09:00:00,579.15,1.48,19.09,4.09
2025-11-09 10:00:00,701.12,1.59,23.03,2.73
2025-11-09 11:00:00,753.65,1.82,25.46,1.36
2025-11-09 12:00:00,735.38,2.08,26.18,0.0
2025-11-09 13:00:00,644.08,2.24,26.44,0.0
2025-11-09 14:00:00,465.48,2.2,26.08,11.9
2025-11-09 15:00:00,260.4,1.87,25.34,23.55
2025-11-09 16:00:00,71.53,1.43,23.2,36.36
2025-11-09 17:00:00,0.0,1.32,21.51,51.72
2025-11-09 18:00:00,0.0,1.16,20.39,43.19
2025-11-09 19:00:00,0.0,0.96,19.78,29.63
2025-11-09 20:00:00,0.0,0.85,19.15,19.09
2025-11-09 21:00:00,0.0,0.84,18.46,14.06
2025-11-09 22:00:00,0.0,0.88,17.7,11.04
2025-11-09 23:00:00,0.0,0.89,17.0,11.53
2025-11-10 00:00:00,0.0,0.91,16.26,13.54
2025-11-10 01:00:00,0.0,0.99,15.74,8.02
2025-11-10 02:00:00,0.0,1.0,15.3,0.44
2025-11-10 03:00:00,0.0,0.85,14.84,10.02
2025-11-10 04:00:00,0.0,0.61,14.42,10.01
2025-11-10 05:00:00,0.0,0.37,14.45,12.03
2025-11-10 06:00:00,25.02,0.36,14.12,10.91
2025-11-10 07:00:00,199.1,0.67,14.94,8.91
2025-11-10 08:00:00,402.8,1.22,16.91,8.92
2025-11-10 09:00:00,573.3,1.51,19.01,9.23
2025-11-10 10:00:00,692.2,2.06,23.17,8.77
2025-11-10 11:00:00,740.33,2.52,25.95,8.22
2025-11-10 12:00:00,725.35,2.68,26.78,7.56
2025-11-10 13:00:00,639.55,2.73,26.83,6.88
2025-11-10 14:00:00,488.8,2.54,26.29,0.51
2025-11-10 15:00:00,264.02,2.17,25.59,25.08
2025-11-10 16:00:00,66.8,1.74,23.12,51.78
2025-11-10 17:00:00,0.0,1.89,21.13,82.66
2025-11-10 18:00:00,0.0,1.89,20.27,81.7
2025-11-10 19:00:00,0.0,1.86,19.45,76.86
2025-11-10 20:00:00,0.0,1.98,18.41,73.34
2025-11-10 21:00:00,0.0,2.14,17.27,78.65
2025-11-10 22:00:00,0.0,2.29,16.18,84.4
2025-11-10 23:00:00,0.0,2.43,15.2,76.36
2025-11-11 00:00:00,0.0,2.58,14.19,72.84
2025-11-11 01:00:00,0.0,2.8,13.11,88.29
2025-11-11 02:00:00,0.0,2.97,12.27,4.43
2025-11-11 03:00:00,0.0,3.01,11.73,79.36
2025-11-11 04:00:00,0.0,2.94,11.4,70.31
2025-11-11 05:00:00,0.0,2.8,11.23,72.31
2025-11-11 06:00:00,18.6,2.59,11.28,61.48
2025-11-11 07:00:00,167.27,2.03,13.87,45.51
2025-11-11 08:00:00,341.2,2.31,17.0,39.65
2025-11-11 09:00:00,512.85,1.73,19.61,30.39
2025-11-11 10:00:00,646.53,1.95,23.98,20.9
2025-11-11 11:00:00,712.4,2.23,26.16,11.06
2025-11-11 12:00:00,722.38,2.28,26.93,0.5
2025-11-11 13:00:00,633.15,2.34,27.2,0.0
2025-11-11 14:00:00,438.17,2.26,26.94,17.67
2025-11-11 15:00:00,233.02,1.99,26.27,36.17
2025-11-11 16:00:00,59.25,1.6,23.93,55.77
2025-11-11 17:00:00,0.0,1.65,21.85,80.38
2025-11-11 18:00:00,0.0,1.57,20.87,81.39
2025-11-11 19:00:00,0.0,1.49,20.0,72.85
2025-11-11 20:00:00,0.0,1.5,19.0,75.86
2025-11-11 21:00:00,0.0,1.56,17.94,72.84
2025-11-11 22:00:00,0.0,1.58,16.99,67.32
2025-11-11 23:00:00,0.0,1.6,16.14,58.27
2025-11-12 00:00:00,0.0,1.6,15.44,57.77
2025-11-12 01:00:00,0.0,1.61,14.8,0.35
2025-11-12 02:00:00,0.0,1.62,14.24,67.31
2025-11-12 03:00:00,0.0,1.57,13.88,54.24
2025-11-12 04:00:00,0.0,1.44,13.7,48.21
2025-11-12 05:00:00,0.0,1.21,13.59,45.7
2025-11-12 06:00:00,21.7,0.9,13.81,39.26
2025-11-12 07:00:00,190.12,0.48,15.03,23.46
2025-11-12 08:00:00,379.0,0.26,16.91,24.98
2025-11-12 09:00:00,551.5,0.66,19.03,19.89
2025-11-12 10:00:00,674.0,1.03,22.93,14.94
2025-11-12 11:00:00,718.03,1.66,25.97,10.25
2025-11-12 12:00:00,711.03,2.1,26.87,5.35
2025-11-12 13:00:00,634.78,2.31,27.11,0.0
2025-11-12 14:00:00,452.83,2.34,26.81,15.14
2025-11-12 15:00:00,249.25,2.1,26.11,31.46
2025-11-12 16:00:00,66.65,1.7,23.69,48.26
2025-11-12 17:00:00,0.0,1.7,21.69,72.83
2025-11-12 18:00:00,0.0,1.58,20.92,64.8
2025-11-12 19:00:00,0.0,1.46,20.26,60.79
2025-11-12 20:00:00,0.0,1.43,19.44,58.77
2025-11-12 21:00:00,0.0,1.52,18.45,53.24
2025-11-12 22:00:00,0.0,1.7,17.4,49.22
2025-11-12 23:00:00,0.0,1.91,16.29,43.69
2025-11-13 00:00:00,0.0,2.11,15.28,41.16
2025-11-13 01:00:00,0.0,2.34,14.31,0.23
2025-11-13 02:00:00,0.0,2.53,13.41,58.24
2025-11-13 03:00:00,0.0,2.63,12.76,49.2
2025-11-13 04:00:00,0.0,2.67,12.33,44.69
2025-11-13 05:00:00,0.0,2.67,12.05,46.67
2025-11-13 06:00:00,20.88,2.66,11.9,39.3
2025-11-13 07:00:00,188.65,2.31,13.85,22.23
2025-11-13 08:00:00,377.55,2.37,17.87,23.24
2025-11-13 09:00:00,551.2,1.73,20.29,17.42
2025-11-13 10:00:00,675.9,2.14,23.93,11.77
2025-11-13 11:00:00,732.22,2.66,25.99,6.29
2025-11-13 12:00:00,728.3,2.82,26.6,0.0
2025-11-13 13:00:00,617.9,2.89,26.73,7.2
2025-11-13 14:00:00,454.65,2.91,26.21,13.85
2025-11-13 15:00:00,256.67,2.6,25.25,21.26
2025-11-13 16:00:00,68.78,2.08,22.21,29.06
2025-11-13 17:00:00,0.0,2.19,19.78,40.66
2025-11-13 18:00:00,0.0,2.24,18.67,34.14
2025-11-13 19:00:00,0.0,2.42,17.35,24.1
2025-11-13 20:00:00,0.0,2.61,16.03,19.57
2025-11-13 21:00:00,0.0,2.66,15.09,13.05
2025-11-13 22:00:00,0.0,2.61,14.42,8.03
2025-11-13 23:00:00,0.0,2.52,13.94,8.52
2025-11-14 00:00:00,0.0,2.39,13.65,5.01
2025-11-14 01:00:00,0.0,2.23,13.53,0.79
2025-11-14 02:00:00,0.0,2.14,13.39,7.0
2025-11-14 03:00:00,0.0,2.07,13.22,3.02
2025-11-14 04:00:00,0.0,1.96,13.14,3.02
2025-11-14 05:00:00,0.0,1.8,13.26,4.52
2025-11-14 06:00:00,21.7,1.6,13.46,3.88
2025-11-14 07:00:00,195.7,1.27,14.83,3.23
2025-11-14 08:00:00,402.0,0.97,17.54,2.58
2025-11-14 09:00:00,577.8,0.7,19.59,1.94
2025-11-14 10:00:00,698.05,0.34,22.79,1.29
2025-11-14 11:00:00,720.95,0.88,25.53,0.65
2025-11-14 12:00:00,703.0,1.27,26.36,0.0
2025-11-14 13:00:00,602.92,1.43,26.65,4.12
2025-11-14 14:00:00,445.08,1.5,26.37,7.9
2025-11-14 15:00:00,250.7,1.42,25.68,11.57
2025-11-14 16:00:00,65.6,1.13,23.75,13.75
2025-11-14 17:00:00,0.0,1.1,21.93,20.57
2025-11-14 18:00:00,0.0,1.27,20.62,22.08
2025-11-14 19:00:00,0.0,1.55,19.07,17.05
2025-11-14 20:00:00,0.0,1.84,17.83,12.54
2025-11-14 21:00:00,0.0,1.98,16.61,5.0
2025-11-14 22:00:00,0.0,2.0,15.74,3.52
2025-11-14 23:00:00,0.0,1.87,15.25,3.52
2025-11-15 00:00:00,0.0,1.65,15.07,3.84
2025-11-15 01:00:00,0.0,1.39,14.88,6.99
2025-11-15 02:00:00,0.0,1.19,14.48,1.95
2025-11-15 03:00:00,0.0,1.09,14.47,3.02
2025-11-15 04:00:00,0.0,1.0,14.32,5.45
2025-11-15 05:00:00,0.0,0.9,14.15,4.52
2025-11-15 06:00:00,18.0,0.79,14.17,3.52
2025-11-15 07:00:00,169.43,0.64,15.1,2.51
2025-11-15 08:00:00,358.75,0.42,17.32,1.51
2025-11-15 09:00:00,534.35,0.12,19.22,0.5
2025-11-15 10:00:00,655.45,0.39,22.17,0.5
2025-11-15 11:00:00,723.33,1.08,25.31,0.5
2025-11-15 12:00:00,702.3,1.02,26.18,0.51
2025-11-15 13:00:00,609.5,0.96,26.39,0.0
2025-11-15 14:00:00,447.55,0.96,26.14,4.9
2025-11-15 15:00:00,250.38,0.97,25.51,9.51
2025-11-15 16:00:00,64.22,0.91,23.6,12.73
2025-11-15 17:00:00,0.0,1.07,21.57,19.56
2025-11-15 18:00:00,0.0,1.28,20.15,16.06
2025-11-15 19:00:00,0.0,1.46,18.92,13.54
2025-11-15 20:00:00,0.0,1.55,17.71,7.01
2025-11-15 21:00:00,0.0,1.48,16.84,5.5
2025-11-15 22:00:00,0.0,1.32,16.35,6.51
2025-11-15 23:00:00,0.0,1.1,15.77,10.02
2025-11-16 00:00:00,0.0,0.98,15.29,8.51
2025-11-16 01:00:00,0.0,0.91,14.8,7.51
2025-11-16 02:00:00,0.0,0.74,14.57,0.87
2025-11-16 03:00:00,0.0,0.6,14.36,4.52
2025-11-16 04:00:00,0.0,0.76,14.0,5.03
2025-11-16 05:00:00,0.0,1.04,13.62,5.49
2025-11-16 06:00:00,17.7,1.24,13.33,4.81
2025-11-16 07:00:00,173.2,1.34,14.35,4.09
2025-11-16 08:00:00,368.52,1.45,17.34,3.37
2025-11-16 09:00:00,543.0,1.28,19.67,2.66
2025-11-16 10:00:00,664.85,1.96,23.55,1.94
2025-11-16 11:00:00,707.72,2.47,25.66,1.22
2025-11-16 12:00:00,689.78,2.59,26.48,0.5
2025-11-16 13:00:00,599.9,2.82,26.8,0.0
2025-11-16 14:00:00,445.15,2.98,26.43,1.76
2025-11-16 15:00:00,251.4,2.74,25.43,3.52
2025-11-16 16:00:00,64.57,2.12,22.13,2.97
2025-11-16 17:00:00,0.0,2.26,19.51,7.0
2025-11-16 18:00:00,0.0,2.36,17.99,2.01
2025-11-16 19:00:00,0.0,2.49,16.49,0.5
2025-11-16 20:00:00,0.0,2.58,15.16,0.5
2025-11-16 21:00:00,0.0,2.6,14.16,0.5
2025-11-16 22:00:00,0.0,2.56,13.4,0.5
2025-11-16 23:00:00,0.0,2.47,12.86,0.4
2025-11-17 00:00:00,0.0,2.34,12.46,0.3
2025-11-17 01:00:00,0.0,2.16,12.37,0.2
2025-11-17 02:00:00,0.0,1.89,12.45,0.22
2025-11-17 03:00:00,0.0,1.54,12.64,0.25
2025-11-17 04:00:00,0.0,1.16,12.84,0.28
2025-11-17 05:00:00,0.0,0.83,13.07,0.31
2025-11-17 06:00:00,18.1,0.48,13.02,0.33
2025-11-17 07:00:00,181.45,0.14,14.2,0.36
2025-11-17 08:00:00,383.6,0.1,16.44,0.39
2025-11-17 09:00:00,557.95,0.21,18.68,0.42
2025-11-17 10:00:00,676.62,1.14,22.59,0.45
2025-11-17 11:00:00,720.35,2.12,25.14,0.47
2025-11-17 12:00:00,700.67,2.04,26.11,0.5
2025-11-17 13:00:00,609.8,1.72,26.54,0.0
2025-11-17 14:00:00,454.85,1.31,26.38,1.13
2025-11-17 15:00:00,258.9,1.03,25.73,2.26
2025-11-17 16:00:00,67.95,0.88,23.78,3.39
2025-11-17 17:00:00,0.0,1.13,21.6,4.52
2025-11-17 18:00:00,0.0,1.52,19.69,3.52
2025-11-17 19:00:00,0.0,1.91,17.9,2.01
2025-11-17 20:00:00,0.0,2.13,16.41,3.52
2025-11-17 21:00:00,0.0,2.22,15.14,2.01
2025-11-17 22:00:00,0.0,2.29,14.02,1.51
2025-11-17 23:00:00,0.0,2.27,13.13,1.51
2025-11-18 00:00:00,0.0,2.15,12.57,1.01
2025-11-18 01:00:00,0.0,1.89,12.34,0.24
2025-11-18 02:00:00,0.0,1.62,12.2,1.51
2025-11-18 03:00:00,0.0,1.43,12.02,1.01
2025-11-18 04:00:00,0.0,1.32,11.8,0.5
2025-11-18 05:00:00,0.0,1.32,11.51,0.5
2025-11-18 06:00:00,16.98,1.38,11.3,0.43
2025-11-18 07:00:00,176.62,1.44,12.34,0.36
2025-11-18 08:00:00,374.05,1.89,15.47,0.29
2025-11-18 09:00:00,547.65,1.8,18.07,0.22
2025-11-18 10:00:00,666.85,1.51,22.26,0.14
2025-11-18 11:00:00,686.33,1.89,25.01,0.07
2025-11-18 12:00:00,667.12,2.15,26.02,0.0
2025-11-18 13:00:00,574.72,2.03,26.51,1.52
2025-11-18 14:00:00,424.0,1.81,26.36,3.03
2025-11-18 15:00:00,236.6,1.66,25.66,4.55
2025-11-18 16:00:00,58.97,1.27,23.56,4.19
2025-11-18 17:00:00,0.0,1.06,21.85,7.58
2025-11-18 18:00:00,0.0,1.03,20.79,8.58
2025-11-18 19:00:00,0.0,1.14,19.61,1.01
2025-11-18 20:00:00,0.0,1.26,18.55,4.04
2025-11-18 21:00:00,0.0,1.19,17.75,3.52
2025-11-18 22:00:00,0.0,0.97,17.13,1.01
2025-11-18 23:00:00,0.0,0.76,16.63,1.51
2025-11-19 00:00:00,0.0,0.67,16.24,2.51
2025-11-19 01:00:00,0.0,0.68,15.94,0.05
2025-11-19 02:00:00,0.0,0.81,15.43,1.51
2025-11-19 03:00:00,0.0,1.03,14.75,1.01
2025-11-19 04:00:00,0.0,1.27,14.12,1.51
2025-11-19 05:00:00,0.0,1.51,13.46,7.04
2025-11-19 06:00:00,15.65,1.73,13.08,6.56
2025-11-19 07:00:00,164.43,1.78,13.65,6.53
2025-11-19 08:00:00,358.67,2.01,16.63,8.7
2025-11-19 09:00:00,529.42,1.95,18.72,8.21
2025-11-19 10:00:00,647.15,2.2,22.19,8.13
2025-11-19 11:00:00,665.53,2.3,24.75,3.43
2025-11-19 12:00:00,649.72,2.11,25.54,0.71
2025-11-19 13:00:00,556.45,1.94,25.77,4.08
2025-11-19 14:00:00,403.58,1.78,25.5,11.39
2025-11-19 15:00:00,219.43,1.54,24.68,15.3
2025-11-19 16:00:00,53.17,1.57,22.12,19.66
2025-11-19 17:00:00,0.0,2.07,19.27,26.23
2025-11-19 18:00:00,0.0,2.33,17.61,12.06
2025-11-19 19:00:00,0.0,2.45,16.35,10.05
2025-11-19 20:00:00,0.0,2.44,15.45,10.55
2025-11-19 21:00:00,0.0,2.34,14.82,6.03
2025-11-19 22:00:00,0.0,2.23,14.3,5.52
2025-11-19 23:00:00,0.0,2.14,13.81,10.54
2025-11-20 00:00:00,0.0,2.08,13.3,3.53
2025-11-20 01:00:00,0.0,2.06,12.76,10.03
2025-11-20 02:00:00,0.0,2.0,12.35,5.3
2025-11-20 03:00:00,0.0,1.87,12.04,12.05
2025-11-20 04:00:00,0.0,1.79,11.75,9.03
2025-11-20 05:00:00,0.0,1.73,11.48,13.52
2025-11-20 06:00:00,14.57,1.72,11.19,11.59
2025-11-20 07:00:00,160.25,1.58,12.38,9.26
2025-11-20 08:00:00,354.95,2.17,15.17,7.88
2025-11-20 09:00:00,524.62,2.15,17.87,6.12
2025-11-20 10:00:00,645.17,2.67,21.57,3.88
2025-11-20 11:00:00,634.72,2.43,23.86,1.95
2025-11-20 12:00:00,625.15,2.27,24.97,0.01
2025-11-20 13:00:00,538.97,2.16,25.43,0.0
2025-11-20 14:00:00,387.7,2.04,25.2,6.33
2025-11-20 15:00:00,208.5,1.88,24.27,11.36
2025-11-20 16:00:00,50.42,1.93,21.25,15.77
2025-11-20 17:00:00,0.0,2.55,18.05,23.61
2025-11-20 18:00:00,0.0,2.76,16.64,13.12
2025-11-20 19:00:00,0.0,2.8,15.71,15.06
2025-11-20 20:00:00,0.0,2.76,15.05,10.55
2025-11-20 21:00:00,0.0,2.66,14.6,15.57
2025-11-20 22:00:00,0.0,2.54,14.21,16.57
2025-11-20 23:00:00,0.0,2.43,13.8,23.1
2025-11-21 00:00:00,0.0,2.39,13.29,29.13
2025-11-21 01:00:00,0.0,2.4,12.71,29.12
2025-11-21 02:00:00,0.0,2.44,12.05,0.23
2025-11-21 03:00:00,0.0,2.48,11.38,34.64
2025-11-21 04:00:00,0.0,2.5,10.79,40.66
2025-11-21 05:00:00,0.0,2.51,10.29,42.2
2025-11-21 06:00:00,12.73,2.51,9.9,33.81
2025-11-21 07:00:00,139.77,2.32,11.7,24.93
2025-11-21 08:00:00,326.17,3.11,14.45,17.31
2025-11-21 09:00:00,501.02,2.72,17.3,9.33
2025-11-21 10:00:00,624.7,3.5,21.31,0.51
2025-11-21 11:00:00,595.62,2.98,23.34,0.34
2025-11-21 12:00:00,588.12,2.29,24.63,0.17
2025-11-21 13:00:00,509.98,1.76,25.21,0.0
2025-11-21 14:00:00,360.73,1.38,25.08,9.42
2025-11-21 15:00:00,190.95,1.13,24.41,15.93
2025-11-21 16:00:00,44.78,1.26,22.14,26.52
2025-11-21 17:00:00,0.0,1.92,19.33,38.16
2025-11-21 18:00:00,0.0,2.31,17.54,31.63
2025-11-21 19:00:00,0.0,2.51,16.23,25.6
2025-11-21 20:00:00,0.0,2.58,15.3,31.13
2025-11-21 21:00:00,0.0,2.55,14.65,29.12
2025-11-21 22:00:00,0.0,2.47,14.12,36.16
2025-11-21 23:00:00,0.0,2.38,13.65,36.66
2025-11-22 00:00:00,0.0,2.31,13.2,44.7
2025-11-22 01:00:00,0.0,2.19,12.83,0.35
2025-11-22 02:00:00,0.0,1.95,12.65,59.27
2025-11-22 03:00:00,0.0,1.68,12.56,62.28
2025-11-22 04:00:00,0.0,1.47,12.42,58.28
2025-11-22 05:00:00,0.0,1.32,12.24,50.72
2025-11-22 06:00:00,10.68,1.24,12.05,44.3
2025-11-22 07:00:00,130.0,1.15,12.84,32.81
2025-11-22 08:00:00,298.05,1.54,15.26,30.35
2025-11-22 09:00:00,460.17,1.55,17.67,24.47
2025-11-22 10:00:00,582.75,1.74,21.91,18.63
2025-11-22 11:00:00,589.3,1.74,24.04,12.97
2025-11-22 12:00:00,588.45,1.83,25.01,6.76
2025-11-22 13:00:00,512.38,1.88,25.39,0.01
2025-11-22 14:00:00,359.42,1.83,25.07,22.62
2025-11-22 15:00:00,186.4,1.56,24.11,43.32
2025-11-22 16:00:00,42.42,1.56,21.34,67.39
2025-11-22 17:00:00,0.0,2.02,18.97,91.44
2025-11-22 18:00:00,0.0,2.24,17.77,92.46
2025-11-22 19:00:00,0.0,2.33,16.83,89.43
2025-11-22 20:00:00,0.0,2.32,16.05,94.95
2025-11-22 21:00:00,0.0,2.21,15.45,90.93
2025-11-22 22:00:00,0.0,2.06,14.99,90.43
2025-11-22 23:00:00,0.0,1.91,14.61,91.42
2025-11-23 00:00:00,0.0,1.77,14.27,87.9
2025-11-23 01:00:00,0.0,1.57,14.01,2.45
2025-11-23 02:00:00,0.0,1.35,13.76,92.92
2025-11-23 03:00:00,0.0,1.16,13.42,90.41
2025-11-23 04:00:00,0.0,1.08,12.97,89.4
2025-11-23 05:00:00,0.0,1.22,12.45,94.93
2025-11-23 06:00:00,8.0,1.47,11.83,81.22
2025-11-23 07:00:00,103.07,1.53,12.36,65.1
2025-11-23 08:00:00,253.55,2.14,14.68,51.69
2025-11-23 09:00:00,409.83,1.97,17.25,38.46
2025-11-23 10:00:00,539.85,1.98,20.69,25.52
2025-11-23 11:00:00,577.22,2.05,23.37,13.53
2025-11-23 12:00:00,593.4,2.23,24.5,0.0
2025-11-23 13:00:00,486.23,2.39,24.88,18.84
2025-11-23 14:00:00,335.58,2.39,24.62,37.03
2025-11-23 15:00:00,175.88,2.06,23.61,54.65
2025-11-23 16:00:00,40.92,1.82,20.82,74.98
2025-11-23 17:00:00,0.0,2.11,18.38,94.96
2025-11-23 18:00:00,0.0,2.1,17.44,89.43
2025-11-23 19:00:00,0.0,1.95,16.87,84.41
2025-11-23 20:00:00,0.0,1.74,16.51,79.88
2025-11-23 21:00:00,0.0,1.5,16.21,82.4
2025-11-23 22:00:00,0.0,1.28,15.8,85.41
2025-11-23 23:00:00,0.0,1.12,15.4,88.92
2025-11-24 00:00:00,0.0,1.06,15.17,85.9
2025-11-24 01:00:00,0.0,1.04,14.73,3.69
2025-11-24 02:00:00,0.0,1.1,14.23,93.43
2025-11-24 03:00:00,0.0,1.23,13.52,95.94
2025-11-24 04:00:00,0.0,1.4,12.88,93.39
2025-11-24 05:00:00,0.0,1.6,12.36,93.93
2025-11-24 06:00:00,7.15,1.81,11.78,70.54
2025-11-24 07:00:00,97.5,1.78,12.58,46.74
2025-11-24 08:00:00,263.77,2.34,15.27,24.22
2025-11-24 09:00:00,443.5,2.25,17.68,0.5
2025-11-24 10:00:00,570.95,2.82,21.3,0.35
2025-11-24 11:00:00,562.1,2.91,23.21,0.19
2025-11-24 12:00:00,547.47,2.83,24.25,0.04
2025-11-24 13:00:00,455.92,2.78,24.75,18.83
2025-11-24 14:00:00,308.42,2.65,24.63,36.82
2025-11-24 15:00:00,153.77,2.24,23.77,55.06
2025-11-24 16:00:00,36.47,2.0,20.73,73.76
2025-11-24 17:00:00,0.0,2.47,17.74,92.95
2025-11-24 18:00:00,0.0,2.7,16.25,88.93
2025-11-24 19:00:00,0.0,2.76,15.14,82.91
2025-11-24 20:00:00,0.0,2.7,14.29,97.94
2025-11-24 21:00:00,0.0,2.54,13.69,97.98
2025-11-24 22:00:00,0.0,2.32,13.3,96.48
2025-11-24 23:00:00,0.0,2.08,13.05,94.45
2025-11-25 00:00:00,0.0,1.88,12.78,92.45
2025-11-25 01:00:00,0.0,1.76,12.43,15.84
2025-11-25 02:00:00,0.0,1.68,12.06,96.43
2025-11-25 03:00:00,0.0,1.76,11.63,92.83
2025-11-25 04:00:00,0.0,1.93,11.12,88.41
2025-11-25 05:00:00,0.0,2.14,10.67,77.35
2025-11-25 06:00:00,6.88,2.35,10.24,66.27
2025-11-25 07:00:00,93.78,2.24,11.69,51.45
2025-11-25 08:00:00,228.12,2.72,15.49,43.31
2025-11-25 09:00:00,382.02,2.25,18.15,32.77
2025-11-25 10:00:00,502.9,2.67,22.19,22.22
2025-11-25 11:00:00,543.03,2.26,23.97,11.48
2025-11-25 12:00:00,535.12,1.83,24.76,0.0
2025-11-25 13:00:00,447.67,1.57,25.01,0.0
2025-11-25 14:00:00,320.77,1.41,24.77,17.54
2025-11-25 15:00:00,159.57,1.26,24.0,36.81
2025-11-25 16:00:00,35.42,1.11,21.78,56.75
2025-11-25 17:00:00,0.0,1.18,19.45,76.86
2025-11-25 18:00:00,0.0,1.19,18.35,79.87
2025-11-25 19:00:00,0.0,1.09,17.5,64.81
2025-11-25 20:00:00,0.0,1.01,16.99,52.74
2025-11-25 21:00:00,0.0,0.95,16.54,36.66
2025-11-25 22:00:00,0.0,0.89,15.92,31.65
2025-11-25 23:00:00,0.0,0.93,15.27,26.62
2025-11-26 00:00:00,0.0,1.04,14.43,30.12
2025-11-26 01:00:00,0.0,1.24,13.91,35.84
2025-11-26 02:00:00,0.0,1.47,12.95,2.73
2025-11-26 03:00:00,0.0,1.77,12.24,34.83
2025-11-26 04:00:00,0.0,2.03,11.42,41.68
2025-11-26 05:00:00,0.0,2.29,10.65,35.83
2025-11-26 06:00:00,6.68,2.55,9.91,27.01
2025-11-26 07:00:00,85.03,2.51,11.03,16.58
2025-11-26 08:00:00,225.12,3.2,14.99,8.57
2025-11-26 09:00:00,347.52,3.15,17.58,0.5
2025-11-26 10:00:00,458.1,3.28,21.38,0.52
2025-11-26 11:00:00,517.5,3.02,23.61,1.01
2025-11-26 12:00:00,505.65,2.83,24.6,4.02
2025-11-26 13:00:00,428.65,2.75,24.94,4.89
2025-11-26 14:00:00,291.9,2.67,24.6,18.25
2025-11-26 15:00:00,156.8,2.44,23.6,31.03
2025-11-26 16:00:00,34.17,2.27,20.21,50.62
2025-11-26 17:00:00,0.0,2.81,17.0,67.29
2025-11-26 18:00:00,0.0,3.05,15.68,53.74
2025-11-26 19:00:00,0.0,3.18,14.69,45.71
2025-11-26 20:00:00,0.0,3.22,13.89,41.69
2025-11-26 21:00:00,0.0,3.22,13.17,41.69
2025-11-26 22:00:00,0.0,3.18,12.59,46.46
2025-11-26 23:00:00,0.0,3.12,12.12,57.28
2025-11-27 00:00:00,0.0,3.06,11.74,70.34
2025-11-27 01:00:00,0.0,2.98,11.38,72.21
2025-11-27 02:00:00,0.0,2.91,11.13,10.78
2025-11-27 03:00:00,0.0,2.88,10.91,36.17
2025-11-27 04:00:00,0.0,2.87,10.7,36.67
2025-11-27 05:00:00,0.0,2.87,10.56,57.63
2025-11-27 06:00:00,5.05,2.88,10.49,48.94
2025-11-27 07:00:00,70.0,3.04,12.35,39.89
2025-11-27 08:00:00,192.4,3.84,14.69,30.91
2025-11-27 09:00:00,325.83,3.4,17.15,24.45
2025-11-27 10:00:00,435.17,3.52,20.85,14.41
2025-11-27 11:00:00,499.25,3.3,22.62,25.16
2025-11-27 12:00:00,472.42,2.96,23.52,24.64
2025-11-27 13:00:00,380.7,2.61,23.95,26.06
2025-11-27 14:00:00,249.48,2.41,23.75,38.67
2025-11-27 15:00:00,131.75,2.23,22.91,51.36
2025-11-27 16:00:00,26.9,1.95,20.37,67.86
2025-11-27 17:00:00,0.0,2.4,17.74,82.29
2025-11-27 18:00:00,0.0,2.54,16.69,79.76
2025-11-27 19:00:00,0.0,2.6,15.89,72.96
2025-11-27 20:00:00,0.0,2.6,15.22,90.02
2025-11-27 21:00:00,0.0,2.54,14.67,96.19
2025-11-27 22:00:00,0.0,2.4,14.28,85.0
2025-11-27 23:00:00,0.0,2.18,14.11,86.47
2025-11-28 00:00:00,0.0,1.95,14.05,80.58
2025-11-28 01:00:00,0.0,1.74,14.0,26.48
2025-11-28 02:00:00,0.0,1.55,13.96,91.01
2025-11-28 03:00:00,0.0,1.41,13.88,98.07
2025-11-28 04:00:00,0.0,1.37,13.72,96.58
2025-11-28 05:00:00,0.0,1.41,13.49,94.98
2025-11-28 06:00:00,4.57,1.48,13.29,84.16
2025-11-28 07:00:00,58.85,1.39,14.11,72.79
2025-11-28 08:00:00,155.82,1.58,15.14,62.72
2025-11-28 09:00:00,283.17,1.23,16.36,53.2
2025-11-28 10:00:00,421.52,1.18,19.23,30.9
2025-11-28 11:00:00,520.5,1.02,21.56,19.03
2025-11-28 12:00:00,456.83,0.99,22.2,43.48
2025-11-28 13:00:00,351.5,1.29,22.21,41.18
2025-11-28 14:00:00,221.1,1.42,21.77,52.69
2025-11-28 15:00:00,120.88,1.29,20.94,64.88
2025-11-28 16:00:00,26.48,1.0,19.54,78.87
2025-11-28 17:00:00,0.0,0.94,18.28,91.33
2025-11-28 18:00:00,0.0,0.72,17.76,86.39
2025-11-28 19:00:00,0.0,0.61,17.4,80.36
2025-11-28 20:00:00,0.0,0.7,17.14,87.34
2025-11-28 21:00:00,0.0,0.74,16.92,90.37
2025-11-28 22:00:00,0.0,0.74,16.78,91.93
2025-11-28 23:00:00,0.0,0.76,16.55,95.44
2025-11-29 00:00:00,0.0,0.93,16.36,92.78
2025-11-29 01:00:00,0.0,1.31,15.85,10.94
2025-11-29 02:00:00,0.0,1.61,15.4,90.32
2025-11-29 03:00:00,0.0,1.75,15.13,97.38
2025-11-29 04:00:00,0.0,1.81,14.81,98.36
2025-11-29 05:00:00,0.0,1.83,14.5,98.42
2025-11-29 06:00:00,5.12,1.76,14.29,74.07
2025-11-29 07:00:00,79.28,1.44,15.3,48.47
2025-11-29 08:00:00,220.52,1.58,17.47,25.99
2025-11-29 09:00:00,384.58,1.1,19.95,1.01
2025-11-29 10:00:00,511.0,0.75,23.47,2.45
2025-11-29 11:00:00,536.17,1.1,24.96,3.89
2025-11-29 12:00:00,533.33,1.57,25.66,6.02
2025-11-29 13:00:00,460.1,1.94,25.89,6.62
2025-11-29 14:00:00,322.23,2.03,25.77,22.24
2025-11-29 15:00:00,163.5,1.88,25.07,40.28
2025-11-29 16:00:00,38.17,1.36,23.06,57.6
2025-11-29 17:00:00,0.0,1.32,21.36,75.36
2025-11-29 18:00:00,0.0,1.29,20.65,77.36
2025-11-29 19:00:00,0.0,1.62,19.59,78.36
2025-11-29 20:00:00,0.0,2.14,17.98,80.88
2025-11-29 21:00:00,0.0,2.5,16.48,87.43
2025-11-29 22:00:00,0.0,2.63,15.32,91.45
2025-11-29 23:00:00,0.0,2.6,14.45,96.96
2025-11-30 00:00:00,0.0,2.51,13.76,98.47
2025-11-30 01:00:00,0.0,2.43,13.23,25.22
2025-11-30 02:00:00,0.0,2.35,12.84,99.98
2025-11-30 03:00:00,0.0,2.22,12.66,99.98
2025-11-30 04:00:00,0.0,2.03,12.73,99.28
2025-11-30 05:00:00,0.0,1.75,12.97,98.79
2025-11-30 06:00:00,6.55,1.34,13.39,92.43
2025-11-30 07:00:00,92.57,0.86,14.56,86.12
2025-11-30 08:00:00,230.7,0.58,16.28,79.47
2025-11-30 09:00:00,363.1,0.12,18.19,73.05
2025-11-30 10:00:00,473.8,1.96,22.21,56.41
2025-11-30 11:00:00,489.02,2.83,23.71,41.6
2025-11-30 12:00:00,462.12,3.09,24.49,74.97
2025-11-30 13:00:00,359.02,3.16,24.8,78.57
2025-11-30 14:00:00,244.75,3.11,24.59,81.54
2025-11-30 15:00:00,133.02,2.8,23.75,81.59
2025-11-30 16:00:00,29.7,2.02,21.13,84.22
2025-11-30 17:00:00,0.0,2.17,18.8,87.22
2025-11-30 18:00:00,0.0,2.19,17.89,78.36
2025-11-30 19:00:00,0.0,2.19,17.08,67.81
2025-11-30 20:00:00,0.0,2.1,16.45,67.3
2025-11-30 21:00:00,0.0,1.9,16.06,69.32
2025-11-30 22:00:00,0.0,1.65,15.8,66.31
2025-11-30 23:00:00,0.0,1.47,15.43,66.31
2025-12-01 00:00:00,0.0,1.36,15.05,0.55
2025-12-01 01:00:00,0.0,1.23,14.67,82.3
2025-12-01 02:00:00,0.0,1.11,14.44,1.12
2025-12-01 03:00:00,0.0,1.0,14.21,76.34
2025-12-01 04:00:00,0.0,0.97,13.87,70.31
2025-12-01 05:00:00,0.0,1.12,13.49,1.51
2025-12-01 06:00:00,6.0,1.37,12.83,1.51
2025-12-01 07:00:00,103.53,1.47,13.11,1.51
2025-12-01 08:00:00,262.52,2.09,15.39,1.51
2025-12-01 09:00:00,398.98,2.1,17.83,1.51
2025-12-01 10:00:00,516.17,2.34,21.71,1.51
2025-12-01 11:00:00,542.92,2.65,23.35,1.51
2025-12-01 12:00:00,534.35,2.89,24.2,1.51
2025-12-01 13:00:00,463.55,2.89,24.56,1.33
2025-12-01 14:00:00,329.7,2.66,24.41,1.17
2025-12-01 15:00:00,191.48,2.32,23.7,1.0
2025-12-01 16:00:00,43.35,1.71,21.23,0.83
2025-12-01 17:00:00,0.0,2.19,18.66,0.67
2025-12-01 18:00:00,0.0,2.57,17.36,0.5
2025-12-01 19:00:00,0.0,2.88,16.42,0.5
2025-12-01 20:00:00,0.0,3.0,15.74,0.5
2025-12-01 21:00:00,0.0,2.99,15.18,0.5
2025-12-01 22:00:00,0.0,2.91,14.62,1.01
2025-12-01 23:00:00,0.0,2.83,14.05,2.01
2025-12-02 00:00:00,0.0,2.78,13.48,3.52
2025-12-02 01:00:00,0.0,2.76,12.96,2.51
2025-12-02 02:00:00,0.0,2.72,12.48,12.6
2025-12-02 03:00:00,0.0,2.67,11.93,16.89
2025-12-02 04:00:00,0.0,2.6,11.47,9.29
2025-12-02 05:00:00,0.0,2.53,11.07,4.02
2025-12-02 06:00:00,6.1,2.45,10.78,5.74
2025-12-02 07:00:00,99.88,2.1,12.5,5.65
2025-12-02 08:00:00,253.0,2.54,15.38,13.28
2025-12-02 09:00:00,408.85,2.16,17.97,15.19
2025-12-02 10:00:00,531.3,2.94,22.32,13.07
2025-12-02 11:00:00,573.72,3.77,24.49,4.04
2025-12-02 12:00:00,569.38,3.88,24.97,2.48
2025-12-02 13:00:00,496.27,3.86,24.99,0.92
2025-12-02 14:00:00,360.42,3.72,24.51,0.84
2025-12-02 15:00:00,207.5,3.13,23.46,0.77
2025-12-02 16:00:00,49.17,2.34,20.17,0.69
2025-12-02 17:00:00,0.0,2.57,17.58,0.61
2025-12-02 18:00:00,0.0,2.59,16.71,0.54
2025-12-02 19:00:00,0.0,2.61,15.87,0.46
2025-12-02 20:00:00,0.0,2.66,14.94,0.39
2025-12-02 21:00:00,0.0,2.75,13.95,0.31
2025-12-02 22:00:00,0.0,2.84,13.02,0.24
2025-12-02 23:00:00,0.0,2.96,12.11,0.16
2025-12-03 00:00:00,0.0,3.13,11.27,0.09
2025-12-03 01:00:00,0.0,3.28,10.57,0.01
2025-12-03 02:00:00,0.0,3.37,10.0,0.06
2025-12-03 03:00:00,0.0,3.38,9.54,0.11
2025-12-03 04:00:00,0.0,3.33,9.18,0.16
2025-12-03 05:00:00,0.0,3.2,8.97,0.21
2025-12-03 06:00:00,6.55,3.01,8.96,0.26
2025-12-03 07:00:00,121.72,2.51,10.96,0.31
2025-12-03 08:00:00,303.83,2.7,15.0,0.36
2025-12-03 09:00:00,474.27,2.14,17.53,0.4
2025-12-03 10:00:00,594.97,1.08,21.29,0.45
2025-12-03 11:00:00,593.92,0.33,23.07,0.5
2025-12-03 12:00:00,581.72,0.56,23.61,0.5
2025-12-03 13:00:00,505.42,0.68,23.74,0.17
2025-12-03 14:00:00,369.25,0.79,23.44,1.52
2025-12-03 15:00:00,210.93,0.95,22.69,2.86
2025-12-03 16:00:00,50.8,1.1,20.63,4.21
2025-12-03 17:00:00,0.0,1.6,18.38,5.66
2025-12-03 18:00:00,0.0,2.17,16.63,33.09
2025-12-03 19:00:00,0.0,2.62,14.74,32.16
2025-12-03 20:00:00,0.0,2.99,13.01,36.93
2025-12-03 21:00:00,0.0,3.11,12.07,27.7
2025-12-03 22:00:00,0.0,3.12,10.99,12.18
2025-12-03 23:00:00,0.0,3.06,10.1,1.51
2025-12-04 00:00:00,0.0,2.99,9.46,0.79
2025-12-04 01:00:00,0.0,2.93,9.02,0.07
2025-12-04 02:00:00,0.0,2.85,8.74,0.12
2025-12-04 03:00:00,0.0,2.82,8.53,0.16
2025-12-04 04:00:00,0.0,2.7,8.53,0.21
2025-12-04 05:00:00,0.0,2.45,8.86,0.26
2025-12-04 06:00:00,6.2,2.07,9.39,0.31
2025-12-04 07:00:00,119.55,1.61,10.87,0.36
2025-12-04 08:00:00,301.23,1.21,14.02,0.41
2025-12-04 09:00:00,472.8,0.49,16.29,0.45
2025-12-04 10:00:00,593.88,0.68,20.28,0.5
2025-12-04 11:00:00,642.42,1.69,22.34,0.5
2025-12-04 12:00:00,630.4,2.17,23.04,0.0
2025-12-04 13:00:00,548.38,2.41,23.26,0.03
2025-12-04 14:00:00,407.17,2.45,22.99,0.05
2025-12-04 15:00:00,232.23,2.15,22.08,0.08
2025-12-04 16:00:00,57.33,1.67,19.14,0.11
2025-12-04 17:00:00,0.0,1.66,17.22,0.13
2025-12-04 18:00:00,0.0,1.48,16.42,0.16
2025-12-04 19:00:00,0.0,1.31,15.84,0.19
2025-12-04 20:00:00,0.0,1.32,15.13,0.21
2025-12-04 21:00:00,0.0,1.45,14.2,0.24
2025-12-04 22:00:00,0.0,1.55,13.35,0.27
2025-12-04 23:00:00,0.0,1.6,12.66,0.29
2025-12-05 00:00:00,0.0,1.65,12.07,0.32
2025-12-05 01:00:00,0.0,1.75,11.59,0.35
2025-12-05 02:00:00,0.0,1.79,11.19,1.01
2025-12-05 03:00:00,0.0,1.71,10.96,0.5
2025-12-05 04:00:00,0.0,1.51,10.8,1.01
2025-12-05 05:00:00,0.0,1.25,10.91,1.51
2025-12-05 06:00:00,6.05,0.99,10.68,1.29
2025-12-05 07:00:00,125.32,0.83,11.74,1.08
2025-12-05 08:00:00,312.85,0.9,14.03,0.86
2025-12-05 09:00:00,485.75,0.64,16.17,0.65
2025-12-05 10:00:00,608.78,0.31,20.13,0.43
2025-12-05 11:00:00,663.38,1.19,22.48,0.22
2025-12-05 12:00:00,652.53,1.62,23.49,0.0
2025-12-05 13:00:00,571.17,1.97,23.96,0.06
2025-12-05 14:00:00,429.1,2.19,23.8,0.11
2025-12-05 15:00:00,247.05,1.97,22.9,0.17
2025-12-05 16:00:00,62.03,1.64,20.1,0.22
2025-12-05 17:00:00,0.0,2.05,17.58,0.28
2025-12-05 18:00:00,0.0,2.54,15.52,0.34
2025-12-05 19:00:00,0.0,2.87,13.71,0.39
2025-12-05 20:00:00,0.0,2.9,12.57,0.45
2025-12-05 21:00:00,0.0,2.82,11.81,0.5
2025-12-05 22:00:00,0.0,2.76,11.18,1.28
2025-12-05 23:00:00,0.0,2.75,10.58,2.05
2025-12-06 00:00:00,0.0,2.83,9.97,2.83
2025-12-06 01:00:00,0.0,2.96,9.45,0.5
2025-12-06 02:00:00,0.0,3.11,9.19,18.25
2025-12-06 03:00:00,0.0,3.28,8.68,15.7
2025-12-06 04:00:00,0.0,3.36,8.12,13.17
2025-12-06 05:00:00,0.0,3.27,7.9,10.65
2025-12-06 06:00:00,5.72,2.99,8.02,8.12
2025-12-06 07:00:00,120.2,2.39,9.77,5.37
2025-12-06 08:00:00,309.58,1.92,14.1,3.04
2025-12-06 09:00:00,481.65,0.84,16.62,0.51
2025-12-06 10:00:00,574.35,1.13,20.9,24.48
2025-12-06 11:00:00,644.1,1.56,23.45,37.78
2025-12-06 12:00:00,638.92,1.95,24.53,39.67
2025-12-06 13:00:00,546.2,2.37,25.22,66.21
2025-12-06 14:00:00,401.98,2.61,24.91,72.91
2025-12-06 15:00:00,226.25,2.14,23.35,79.42
2025-12-06 16:00:00,53.08,2.08,20.09,86.62
2025-12-06 17:00:00,0.0,2.51,17.69,95.49
2025-12-06 18:00:00,0.0,2.69,16.4,99.66
2025-12-06 19:00:00,0.0,2.89,15.03,97.42
2025-12-06 20:00:00,0.0,2.76,14.48,88.16
2025-12-06 21:00:00,0.0,2.63,14.04,98.54
2025-12-06 22:00:00,0.0,2.74,13.32,99.69
2025-12-06 23:00:00,0.0,3.02,12.54,71.59
2025-12-07 00:00:00,0.0,3.31,11.15,34.52
2025-12-07 01:00:00,0.0,3.41,10.45,18.17
2025-12-07 02:00:00,0.0,3.34,9.99,19.29
2025-12-07 03:00:00,0.0,3.21,9.67,2.53
2025-12-07 04:00:00,0.0,3.09,9.45,1.51
2025-12-07 05:00:00,0.0,2.85,9.44,0.5
2025-12-07 06:00:00,5.53,2.56,9.7,0.44
2025-12-07 07:00:00,124.2,2.1,11.48,0.38
2025-12-07 08:00:00,313.25,1.55,15.01,0.31
2025-12-07 09:00:00,487.25,0.55,17.31,0.25
2025-12-07 10:00:00,609.1,0.45,21.28,0.19
2025-12-07 11:00:00,690.58,1.05,24.99,0.13
2025-12-07 12:00:00,678.85,1.61,25.9,0.06
2025-12-07 13:00:00,598.75,2.06,26.09,0.0
2025-12-07 14:00:00,457.23,2.45,25.83,0.1
2025-12-07 15:00:00,269.92,2.31,24.77,0.2
2025-12-07 16:00:00,72.12,2.05,21.09,0.3
2025-12-07 17:00:00,0.0,2.23,18.66,0.4
2025-12-07 18:00:00,0.0,2.2,17.76,0.5
2025-12-07 19:00:00,0.0,2.25,16.92,1.51
2025-12-07 20:00:00,0.0,2.4,15.99,6.36
2025-12-07 21:00:00,0.0,2.58,15.02,11.21
2025-12-07 22:00:00,0.0,2.72,14.15,16.08
2025-12-07 23:00:00,0.0,2.77,13.55,27.73
2025-12-08 00:00:00,0.0,2.79,13.23,46.16
2025-12-08 01:00:00,0.0,2.84,12.94,59.22
2025-12-08 02:00:00,0.0,2.88,12.63,87.33
2025-12-08 03:00:00,0.0,2.87,12.38,45.72
2025-12-08 04:00:00,0.0,2.79,12.23,17.02
2025-12-08 05:00:00,0.0,2.6,12.21,0.51
2025-12-08 06:00:00,5.93,2.26,12.46,0.44
2025-12-08 07:00:00,138.15,1.75,13.9,0.38
2025-12-08 08:00:00,340.48,1.48,16.9,0.32
2025-12-08 09:00:00,514.5,1.08,18.85,0.25
2025-12-08 10:00:00,635.7,1.3,22.51,0.19
2025-12-08 11:00:00,690.22,1.97,25.39,0.13
2025-12-08 12:00:00,679.85,2.19,26.33,0.06
2025-12-08 13:00:00,600.2,2.48,26.68,0.0
2025-12-08 14:00:00,459.0,2.71,26.38,0.15
2025-12-08 15:00:00,271.48,2.37,25.23,0.31
2025-12-08 16:00:00,72.43,2.05,21.61,0.46
2025-12-08 17:00:00,0.0,2.52,18.71,0.61
2025-12-08 18:00:00,0.0,2.8,16.94,0.77
2025-12-08 19:00:00,0.0,3.04,15.32,0.92
2025-12-08 20:00:00,0.0,3.35,13.86,1.08
2025-12-08 21:00:00,0.0,3.63,12.82,1.23
2025-12-08 22:00:00,0.0,3.74,12.11,1.38
2025-12-08 23:00:00,0.0,3.7,11.54,1.54
2025-12-09 00:00:00,0.0,3.68,11.06,1.69
2025-12-09 01:00:00,0.0,3.77,10.62,1.84
2025-12-09 02:00:00,0.0,3.8,10.2,1.68
2025-12-09 03:00:00,0.0,3.7,9.82,1.51
2025-12-09 04:00:00,0.0,3.53,9.6,1.34
2025-12-09 05:00:00,0.0,3.28,9.66,1.17
2025-12-09 06:00:00,5.55,2.96,9.99,1.01
2025-12-09 07:00:00,136.45,2.49,11.95,0.84
2025-12-09 08:00:00,340.92,2.29,16.44,0.67
2025-12-09 09:00:00,517.62,2.2,19.11,0.5
2025-12-09 10:00:00,640.78,2.47,22.55,0.34
2025-12-09 11:00:00,700.08,3.56,25.69,0.17
2025-12-09 12:00:00,689.65,3.78,26.49,0.0
2025-12-09 13:00:00,608.42,3.86,26.63,0.05
2025-12-09 14:00:00,465.52,3.86,26.21,0.1
2025-12-09 15:00:00,275.6,3.2,24.81,0.16
2025-12-09 16:00:00,73.82,2.71,20.36,0.21
2025-12-09 17:00:00,0.0,3.08,17.12,0.26
2025-12-09 18:00:00,0.0,3.08,16.0,0.31
2025-12-09 19:00:00,0.0,2.96,15.19,0.37
2025-12-09 20:00:00,0.0,2.72,14.76,0.42
2025-12-09 21:00:00,0.0,2.36,14.75,0.47
2025-12-09 22:00:00,0.0,2.0,14.78,0.52
2025-12-09 23:00:00,0.0,1.79,14.44,0.58
2025-12-10 00:00:00,0.0,1.81,13.84,0.63
2025-12-10 01:00:00,0.0,2.04,13.08,0.68
2025-12-10 02:00:00,0.0,2.25,12.18,0.62
2025-12-10 03:00:00,0.0,2.29,11.55,0.56
2025-12-10 04:00:00,0.0,2.25,11.11,0.5
2025-12-10 05:00:00,0.0,2.19,10.77,0.43
2025-12-10 06:00:00,5.32,2.15,10.42,0.37
2025-12-10 07:00:00,136.95,1.96,11.35,0.31
2025-12-10 08:00:00,341.6,1.97,14.96,0.25
2025-12-10 09:00:00,517.78,1.58,17.35,0.19
2025-12-10 10:00:00,640.38,1.72,21.0,0.12
2025-12-10 11:00:00,698.2,2.51,23.88,0.06
2025-12-10 12:00:00,687.67,2.94,24.83,0.0
2025-12-10 13:00:00,606.7,3.13,25.21,0.22
2025-12-10 14:00:00,464.5,3.1,24.96,0.43
2025-12-10 15:00:00,275.8,2.42,23.92,0.65
2025-12-10 16:00:00,74.85,1.99,20.43,0.87
2025-12-10 17:00:00,0.0,2.41,17.83,1.08
2025-12-10 18:00:00,0.0,2.67,16.33,1.3
2025-12-10 19:00:00,0.0,2.81,15.11,1.52
2025-12-10 20:00:00,0.0,2.75,14.41,1.73
2025-12-10 21:00:00,0.0,2.54,14.14,1.95
2025-12-10 22:00:00,0.0,2.39,13.8,2.16
2025-12-10 23:00:00,0.0,2.32,13.36,2.38
2025-12-11 00:00:00,0.0,2.12,13.26,2.6
2025-12-11 01:00:00,0.0,1.84,13.2,2.81
2025-12-11 02:00:00,0.0,1.69,13.24,2.56
2025-12-11 03:00:00,0.0,1.65,13.04,2.3
2025-12-11 04:00:00,0.0,1.58,12.83,2.05
2025-12-11 05:00:00,0.0,1.43,12.77,1.79
2025-12-11 06:00:00,4.53,1.31,12.66,1.54
2025-12-11 07:00:00,123.62,1.29,13.18,1.28
2025-12-11 08:00:00,320.1,1.46,15.93,1.02
2025-12-11 09:00:00,494.15,1.47,18.19,0.77
2025-12-11 10:00:00,617.1,1.67,21.86,0.51
2025-12-11 11:00:00,688.95,2.25,24.72,0.26
2025-12-11 12:00:00,678.88,2.67,25.75,0.0
2025-12-11 13:00:00,600.33,2.96,26.16,0.0
2025-12-11 14:00:00,459.12,3.02,25.82,0.31
2025-12-11 15:00:00,271.7,2.4,24.62,0.61
2025-12-11 16:00:00,73.47,1.99,21.09,0.92
2025-12-11 17:00:00,0.0,2.05,19.19,1.22
2025-12-11 18:00:00,0.0,2.01,18.38,1.53
2025-12-11 19:00:00,0.0,1.96,17.64,1.83
2025-12-11 20:00:00,0.0,1.95,16.88,2.14
2025-12-11 21:00:00,0.0,1.81,16.29,2.44
2025-12-11 22:00:00,0.0,1.52,16.13,2.75
2025-12-11 23:00:00,0.0,1.49,15.54,3.05
2025-12-12 00:00:00,0.0,1.96,14.32,3.36
2025-12-12 01:00:00,0.0,2.43,12.82,3.67
2025-12-12 02:00:00,0.0,2.64,11.86,3.97
2025-12-12 03:00:00,0.0,2.62,11.54,2.81
2025-12-12 04:00:00,0.0,2.38,11.79,1.66
2025-12-12 05:00:00,0.0,2.04,12.13,0.5
2025-12-12 06:00:00,4.22,1.78,12.28,2.23
2025-12-12 07:00:00,120.35,1.48,13.34,3.96
2025-12-12 08:00:00,316.52,1.38,16.31,5.92
2025-12-12 09:00:00,489.7,1.22,18.57,7.63
2025-12-12 10:00:00,611.53,1.57,22.08,9.34
2025-12-12 11:00:00,681.83,2.57,25.08,11.02
2025-12-12 12:00:00,671.92,2.62,26.16,12.73
2025-12-12 13:00:00,593.22,2.22,26.6,14.43
2025-12-12 14:00:00,450.5,2.02,26.43,12.13
2025-12-12 15:00:00,267.92,1.65,25.41,9.07
2025-12-12 16:00:00,73.1,1.2,23.08,3.91
2025-12-12 17:00:00,0.0,1.14,21.69,2.02
2025-12-12 18:00:00,0.0,1.15,20.61,0.5
2025-12-12 19:00:00,0.0,1.18,19.42,0.5
2025-12-12 20:00:00,0.0,1.3,18.07,0.5
2025-12-12 21:00:00,0.0,1.42,17.21,9.8
2025-12-12 22:00:00,0.0,1.5,16.52,19.32
2025-12-12 23:00:00,0.0,1.38,16.11,15.81
2025-12-13 00:00:00,0.0,0.81,16.01,8.55
2025-12-13 01:00:00,0.0,0.57,15.69,1.51
2025-12-13 02:00:00,0.0,0.64,14.98,3.87
2025-12-13 03:00:00,0.0,0.66,14.34,8.82
2025-12-13 04:00:00,0.0,0.77,13.94,2.01
2025-12-13 05:00:00,0.0,0.95,13.75,2.24
2025-12-13 06:00:00,4.07,1.18,13.3,2.46
2025-12-13 07:00:00,122.18,1.38,13.66,2.69
2025-12-13 08:00:00,320.45,1.7,16.53,2.91
2025-12-13 09:00:00,494.85,1.87,18.88,3.14
2025-12-13 10:00:00,618.75,1.8,22.87,3.36
2025-12-13 11:00:00,676.7,1.39,25.33,3.59
2025-12-13 12:00:00,646.17,1.25,25.52,24.88
2025-12-13 13:00:00,576.62,1.16,25.68,44.96
2025-12-13 14:00:00,434.02,0.86,25.71,54.0
2025-12-13 15:00:00,250.27,0.55,24.88,63.19
2025-12-13 16:00:00,64.88,0.71,22.81,71.93
2025-12-13 17:00:00,0.0,1.16,20.74,81.96
2025-12-13 18:00:00,0.0,1.52,19.33,94.94
2025-12-13 19:00:00,0.0,1.81,17.89,46.71
2025-12-13 20:00:00,0.0,1.94,16.78,29.15
2025-12-13 21:00:00,0.0,1.97,15.99,36.64
2025-12-13 22:00:00,0.0,1.89,15.47,96.9
2025-12-13 23:00:00,0.0,1.76,15.07,99.66
2025-12-14 00:00:00,0.0,1.68,14.6,99.44
2025-12-14 01:00:00,0.0,1.66,14.11,85.2
2025-12-14 02:00:00,0.0,1.57,13.76,79.99
2025-12-14 03:00:00,0.0,1.41,13.42,34.65
2025-12-14 04:00:00,0.0,1.21,13.39,33.96
2025-12-14 05:00:00,0.0,1.1,13.18,17.93
2025-12-14 06:00:00,0.0,1.23,12.51,2.01
2025-12-14 07:00:00,121.03,1.42,12.59,20.34
2025-12-14 08:00:00,290.58,1.93,14.93,34.47
2025-12-14 09:00:00,445.95,1.72,17.4,49.07
2025-12-14 10:00:00,531.8,1.65,20.86,66.07
2025-12-14 11:00:00,569.33,1.12,23.81,54.22
2025-12-14 12:00:00,556.5,0.97,25.13,64.36
2025-12-14 13:00:00,510.0,1.06,25.24,55.19
2025-12-14 14:00:00,382.75,1.0,24.72,57.21
2025-12-14 15:00:00,213.1,0.94,23.2,59.96
2025-12-14 16:00:00,57.7,1.3,21.45,61.35
2025-12-14 17:00:00,0.0,1.51,19.84,62.52
2025-12-14 18:00:00,0.0,1.46,19.28,66.5
2025-12-14 19:00:00,0.0,1.26,18.79,43.63
2025-12-14 20:00:00,0.0,1.17,18.2,11.66
2025-12-14 21:00:00,0.0,1.3,17.53,5.67
2025-12-14 22:00:00,0.0,1.69,16.37,70.49
2025-12-14 23:00:00,0.0,2.02,15.07,79.07
2025-12-15 00:00:00,0.0,2.03,14.74,86.18
2025-12-15 01:00:00,0.0,2.04,14.42,42.71
2025-12-15 02:00:00,0.0,2.14,13.52,1.01
2025-12-15 03:00:00,0.0,2.05,13.1,0.5
2025-12-15 04:00:00,0.0,1.96,12.82,1.01
2025-12-15 05:00:00,0.0,1.87,12.6,0.5
2025-12-15 06:00:00,0.0,1.67,12.52,0.43
2025-12-15 07:00:00,120.57,1.44,13.34,0.36
2025-12-15 08:00:00,307.45,1.53,16.13,0.29
2025-12-15 09:00:00,483.23,1.28,18.6,0.22
2025-12-15 10:00:00,609.1,1.56,22.72,0.14
2025-12-15 11:00:00,648.15,1.85,24.6,0.07
2025-12-15 12:00:00,642.85,2.02,25.63,0.0
2025-12-15 13:00:00,567.58,2.11,26.18,0.81
2025-12-15 14:00:00,430.83,2.19,26.01,1.62
2025-12-15 15:00:00,249.45,1.89,24.98,2.44
2025-12-15 16:00:00,67.0,1.53,22.1,3.25
2025-12-15 17:00:00,0.0,1.66,20.06,4.06
2025-12-15 18:00:00,0.0,1.78,18.79,3.17
2025-12-15 19:00:00,0.0,2.03,17.3,2.28
2025-12-15 20:00:00,0.0,2.32,15.81,1.39
2025-12-15 21:00:00,0.0,2.58,14.49,0.5
2025-12-15 22:00:00,0.0,2.76,13.4,0.38
2025-12-15 23:00:00,0.0,2.88,12.51,0.26
2025-12-16 00:00:00,0.0,2.98,11.74,0.14
2025-12-16 01:00:00,0.0,3.05,11.1,0.02
2025-12-16 02:00:00,0.0,3.07,10.64,0.4
2025-12-16 03:00:00,0.0,3.01,10.33,0.77
2025-12-16 04:00:00,0.0,2.9,10.16,1.14
2025-12-16 05:00:00,0.0,2.71,10.18,1.51
2025-12-16 06:00:00,0.0,2.43,10.42,1.29
2025-12-16 07:00:00,116.25,1.97,11.93,1.08
2025-12-16 08:00:00,298.45,1.73,15.64,0.86
2025-12-16 09:00:00,473.9,1.03,18.11,0.65
2025-12-16 10:00:00,600.17,1.23,22.05,0.43
2025-12-16 11:00:00,674.33,1.75,24.4,0.22
2025-12-16 12:00:00,668.42,2.01,25.37,0.0
2025-12-16 13:00:00,591.8,2.21,25.86,0.22
2025-12-16 14:00:00,453.33,2.37,25.7,0.43
2025-12-16 15:00:00,268.38,2.06,24.66,0.65
2025-12-16 16:00:00,75.6,1.89,21.24,0.87
2025-12-16 17:00:00,0.0,2.19,18.81,1.09
2025-12-16 18:00:00,0.0,2.36,17.39,1.3
2025-12-16 19:00:00,0.0,2.45,16.16,1.52
2025-12-16 20:00:00,0.0,2.47,15.18,1.74
2025-12-16 21:00:00,0.0,2.42,14.43,1.95
2025-12-16 22:00:00,0.0,2.37,13.79,2.17
2025-12-16 23:00:00,0.0,2.37,13.13,2.39
2025-12-17 00:00:00,0.0,2.44,12.42,2.6
2025-12-17 01:00:00,0.0,2.57,11.72,0.5
2025-12-17 02:00:00,0.0,2.69,10.95,1.66
2025-12-17 03:00:00,0.0,2.77,10.27,1.51
2025-12-17 04:00:00,0.0,2.8,9.78,2.51
2025-12-17 05:00:00,0.0,2.8,9.42,4.52
2025-12-17 06:00:00,0.0,2.7,9.25,3.96
2025-12-17 07:00:00,120.8,2.35,10.69,3.39
2025-12-17 08:00:00,311.95,2.38,14.78,2.83
2025-12-17 09:00:00,491.23,1.86,17.39,2.26
2025-12-17 10:00:00,620.7,1.71,21.14,1.7
2025-12-17 11:00:00,689.17,2.18,24.35,1.13
2025-12-17 12:00:00,685.33,2.63,25.84,0.57
2025-12-17 13:00:00,611.6,2.93,26.46,0.0
2025-12-17 14:00:00,472.75,3.01,26.41,0.13
2025-12-17 15:00:00,285.35,2.38,25.26,0.25
2025-12-17 16:00:00,82.97,2.09,21.57,0.38
2025-12-17 17:00:00,0.0,2.32,19.21,0.5
2025-12-17 18:00:00,0.0,2.38,18.06,0.5
2025-12-17 19:00:00,0.0,2.36,17.14,0.5
2025-12-17 20:00:00,0.0,2.32,16.2,0.5
2025-12-17 21:00:00,0.0,2.22,15.43,0.5
2025-12-17 22:00:00,0.0,2.04,14.84,0.5
2025-12-17 23:00:00,0.0,1.88,14.13,0.5
2025-12-18 00:00:00,0.0,1.78,13.51,0.75
2025-12-18 01:00:00,0.0,1.77,12.88,1.01
2025-12-18 02:00:00,0.0,1.82,12.25,0.56
2025-12-18 03:00:00,0.0,1.84,11.8,1.01
2025-12-18 04:00:00,0.0,1.73,11.58,1.51
2025-12-18 05:00:00,0.0,1.57,11.51,2.02
2025-12-18 06:00:00,0.0,1.33,11.59,33.88
2025-12-18 07:00:00,120.82,0.94,12.79,35.82
2025-12-18 08:00:00,303.12,0.45,15.54,36.52
2025-12-18 09:00:00,464.35,0.35,17.84,36.87
2025-12-18 10:00:00,598.3,0.52,21.76,37.9
2025-12-18 11:00:00,652.85,1.24,25.26,42.07
2025-12-18 12:00:00,680.08,1.78,26.47,7.87
2025-12-18 13:00:00,603.22,2.12,26.93,34.7
2025-12-18 14:00:00,461.65,2.27,26.6,35.44
2025-12-18 15:00:00,274.9,1.8,25.18,35.62
2025-12-18 16:00:00,78.35,1.82,21.96,35.29
2025-12-18 17:00:00,0.0,2.29,19.35,35.57
2025-12-18 18:00:00,0.0,2.69,17.31,80.94
2025-12-18 19:00:00,0.0,2.86,15.74,43.59
2025-12-18 20:00:00,0.0,2.84,14.65,72.26
2025-12-18 21:00:00,0.0,2.69,13.86,81.68
2025-12-18 22:00:00,0.0,2.46,13.4,73.88
2025-12-18 23:00:00,0.0,2.16,13.26,47.32
2025-12-19 00:00:00,0.0,1.9,13.2,4.52
2025-12-19 01:00:00,0.0,1.61,13.15,3.97
2025-12-19 02:00:00,0.0,1.33,12.93,2.99
2025-12-19 03:00:00,0.0,1.28,12.6,2.01
2025-12-19 04:00:00,0.0,1.42,12.04,7.72
2025-12-19 05:00:00,0.0,1.61,11.46,8.18
2025-12-19 06:00:00,0.0,1.74,11.02,8.88
2025-12-19 07:00:00,115.6,1.7,11.72,11.78
2025-12-19 08:00:00,300.52,1.98,15.11,13.27
2025-12-19 09:00:00,472.2,1.73,17.7,13.86
2025-12-19 10:00:00,608.2,2.24,21.8,13.22
2025-12-19 11:00:00,675.3,3.22,24.99,12.63
2025-12-19 12:00:00,670.22,3.29,26.04,11.08
2025-12-19 13:00:00,600.58,3.23,26.39,7.96
2025-12-19 14:00:00,464.85,3.07,26.1,6.12
2025-12-19 15:00:00,281.7,2.4,24.93,4.14
2025-12-19 16:00:00,83.1,1.95,21.41,2.32
2025-12-19 17:00:00,0.0,2.02,19.5,0.51
2025-12-19 18:00:00,0.0,1.86,18.79,0.5
2025-12-19 19:00:00,0.0,1.7,18.16,0.5
2025-12-19 20:00:00,0.0,1.64,17.35,0.5
2025-12-19 21:00:00,0.0,1.64,16.44,0.5
2025-12-19 22:00:00,0.0,1.53,15.73,0.5
2025-12-19 23:00:00,0.0,1.31,15.27,0.5
2025-12-20 00:00:00,0.0,0.99,15.08,0.56
2025-12-20 01:00:00,0.0,0.74,14.64,0.61
2025-12-20 02:00:00,0.0,0.96,14.0,0.58
2025-12-20 03:00:00,0.0,1.39,13.21,0.54
2025-12-20 04:00:00,0.0,1.84,12.25,0.5
2025-12-20 05:00:00,0.0,2.12,11.47,0.44
2025-12-20 06:00:00,0.0,2.2,11.07,0.38
2025-12-20 07:00:00,117.47,2.12,12.05,0.31
2025-12-20 08:00:00,310.05,2.07,15.88,0.25
2025-12-20 09:00:00,485.17,1.22,18.32,0.19
2025-12-20 10:00:00,610.22,1.22,22.25,0.13
2025-12-20 11:00:00,664.72,1.83,25.1,0.06
2025-12-20 12:00:00,660.55,1.51,26.02,0.0
2025-12-20 13:00:00,586.97,1.21,26.43,1.91
2025-12-20 14:00:00,451.85,1.02,26.29,3.82
2025-12-20 15:00:00,270.35,0.68,25.61,5.8
2025-12-20 16:00:00,78.45,0.22,24.06,7.08
2025-12-20 17:00:00,0.0,0.85,21.82,9.58
2025-12-20 18:00:00,0.0,1.45,20.14,11.49
2025-12-20 19:00:00,0.0,1.9,18.24,13.4
2025-12-20 20:00:00,0.0,2.19,16.58,15.31
2025-12-20 21:00:00,0.0,2.33,15.14,17.22
2025-12-20 22:00:00,0.0,2.4,13.97,19.13
2025-12-20 23:00:00,0.0,2.42,13.03,21.04
2025-12-21 00:00:00,0.0,2.41,12.27,22.95
2025-12-21 01:00:00,0.0,2.34,11.63,24.85
2025-12-21 02:00:00,0.0,2.22,11.18,83.08
2025-12-21 03:00:00,0.0,2.04,10.98,94.39
2025-12-21 04:00:00,0.0,1.81,10.95,99.94
2025-12-21 05:00:00,0.0,1.56,10.99,96.9
2025-12-21 06:00:00,0.0,1.47,10.83,93.37
2025-12-21 07:00:00,78.65,1.56,11.75,94.62
2025-12-21 08:00:00,216.02,2.2,14.07,94.86
2025-12-21 09:00:00,352.7,2.09,16.84,95.35
2025-12-21 10:00:00,468.77,2.02,20.34,94.85
2025-12-21 11:00:00,520.25,1.43,22.78,93.03
2025-12-21 12:00:00,553.08,1.03,24.59,99.73
2025-12-21 13:00:00,458.23,0.67,25.91,84.11
2025-12-21 14:00:00,321.52,0.41,26.39,85.58
2025-12-21 15:00:00,192.05,0.44,25.78,85.37
2025-12-21 16:00:00,56.97,0.82,23.53,83.03
2025-12-21 17:00:00,0.0,1.48,20.66,85.14
2025-12-21 18:00:00,0.0,1.73,18.96,79.57
2025-12-21 19:00:00,0.0,1.88,17.6,44.09
2025-12-21 20:00:00,0.0,1.93,16.57,21.51
2025-12-21 21:00:00,0.0,1.85,15.8,6.92
2025-12-21 22:00:00,0.0,1.76,15.1,20.39
2025-12-21 23:00:00,0.0,1.64,14.51,36.41
2025-12-22 00:00:00,0.0,1.57,13.97,77.99
2025-12-22 01:00:00,0.0,1.46,13.51,55.7
2025-12-22 02:00:00,0.0,1.31,13.1,62.07
2025-12-22 03:00:00,0.0,1.14,13.08,57.22
2025-12-22 04:00:00,0.0,0.89,12.99,44.73
2025-12-22 05:00:00,0.0,0.66,12.93,38.2
2025-12-22 06:00:00,0.0,0.55,12.68,45.45
2025-12-22 07:00:00,64.72,0.42,13.35,54.33
2025-12-22 08:00:00,171.95,0.18,15.3,58.37
2025-12-22 09:00:00,281.27,0.43,18.04,61.76
2025-12-22 10:00:00,405.33,0.79,22.28,62.56
2025-12-22 11:00:00,555.33,1.03,25.23,33.9
2025-12-22 12:00:00,617.03,1.18,27.28,23.62
2025-12-22 13:00:00,573.95,1.23,27.76,0.23
2025-12-22 14:00:00,440.88,1.34,27.63,0.26
2025-12-22 15:00:00,263.3,1.24,26.82,0.29
2025-12-22 16:00:00,77.65,0.93,24.63,0.31
2025-12-22 17:00:00,0.0,0.79,22.51,0.34
2025-12-22 18:00:00,0.0,0.7,21.27,0.37
2025-12-22 19:00:00,0.0,0.7,20.28,0.39
2025-12-22 20:00:00,0.0,0.75,19.24,0.42
2025-12-22 21:00:00,0.0,0.9,18.2,0.45
2025-12-22 22:00:00,0.0,1.21,17.17,0.48
2025-12-22 23:00:00,0.0,1.69,15.81,0.5
2025-12-23 00:00:00,0.0,2.22,14.46,0.5
2025-12-23 01:00:00,0.0,2.7,13.41,0.5
2025-12-23 02:00:00,0.0,3.04,12.74,26.51
2025-12-23 03:00:00,0.0,3.19,12.34,2.01
2025-12-23 04:00:00,0.0,3.23,12.04,1.51
2025-12-23 05:00:00,0.0,3.27,11.77,2.51
2025-12-23 06:00:00,0.0,3.31,11.54,1.01
2025-12-23 07:00:00,104.6,3.05,13.64,0.92
2025-12-23 08:00:00,294.45,4.18,17.24,0.84
2025-12-23 09:00:00,469.92,3.65,20.28,0.75
2025-12-23 10:00:00,597.78,4.03,23.88,0.67
2025-12-23 11:00:00,647.58,4.0,25.4,0.59
2025-12-23 12:00:00,645.2,4.08,26.08,0.5
2025-12-23 13:00:00,574.35,4.26,26.12,0.05
2025-12-23 14:00:00,441.38,4.36,25.64,0.34
2025-12-23 15:00:00,263.4,4.01,24.47,0.63
2025-12-23 16:00:00,79.25,2.82,20.76,0.92
2025-12-23 17:00:00,0.0,3.38,17.35,1.21
2025-12-23 18:00:00,0.0,3.51,16.24,1.5
2025-12-23 19:00:00,0.0,3.58,15.32,1.79
2025-12-23 20:00:00,0.0,3.67,14.51,2.08
2025-12-23 21:00:00,0.0,3.81,13.83,2.37
2025-12-23 22:00:00,0.0,3.94,13.2,2.66
2025-12-23 23:00:00,0.0,3.97,12.58,2.95
2025-12-24 00:00:00,0.0,3.92,11.95,3.24
2025-12-24 01:00:00,0.0,3.83,11.33,3.53
2025-12-24 02:00:00,0.0,3.7,10.67,0.27
2025-12-24 03:00:00,0.0,3.53,9.95,0.33
2025-12-24 04:00:00,0.0,3.39,9.25,0.39
2025-12-24 05:00:00,0.0,3.27,8.58,0.44
2025-12-24 06:00:00,0.0,3.2,8.0,0.5
2025-12-24 07:00:00,99.75,2.93,9.8,0.43
2025-12-24 08:00:00,288.77,3.65,13.14,0.36
2025-12-24 09:00:00,469.83,3.11,16.32,0.29
2025-12-24 10:00:00,603.03,4.41,19.33,0.22
2025-12-24 11:00:00,675.75,4.71,20.75,0.14
2025-12-24 12:00:00,675.95,4.76,21.68,0.07
2025-12-24 13:00:00,605.35,4.77,22.1,0.0
2025-12-24 14:00:00,470.45,4.68,21.87,0.06
2025-12-24 15:00:00,286.8,4.27,20.86,0.12
2025-12-24 16:00:00,89.78,2.72,17.23,0.17
2025-12-24 17:00:00,0.0,2.97,13.6,0.23
2025-12-24 18:00:00,0.0,2.81,12.71,0.29
2025-12-24 19:00:00,0.0,2.58,12.17,0.35
2025-12-24 20:00:00,0.0,2.51,11.49,0.41
2025-12-24 21:00:00,0.0,2.66,10.57,0.46
2025-12-24 22:00:00,0.0,2.82,9.75,0.52
2025-12-24 23:00:00,0.0,2.9,9.11,0.58
2025-12-25 00:00:00,0.0,2.89,8.67,0.64
2025-12-25 01:00:00,0.0,2.75,8.47,0.69
2025-12-25 02:00:00,0.0,2.44,8.56,0.6
2025-12-25 03:00:00,0.0,2.15,8.68,0.5
2025-12-25 04:00:00,0.0,1.96,8.69,0.5
2025-12-25 05:00:00,0.0,1.7,8.87,0.5
2025-12-25 06:00:00,0.0,1.28,9.08,0.5
2025-12-25 07:00:00,111.85,0.78,10.37,0.48
2025-12-25 08:00:00,313.17,0.44,12.82,0.46
2025-12-25 09:00:00,495.05,0.76,15.55,0.44
2025-12-25 10:00:00,626.83,1.41,18.87,0.42
2025-12-25 11:00:00,689.33,1.95,20.36,0.4
2025-12-25 12:00:00,686.75,1.94,21.38,0.38
2025-12-25 13:00:00,608.6,1.64,21.94,13.89
2025-12-25 14:00:00,467.7,1.56,21.82,27.18
2025-12-25 15:00:00,280.35,1.11,20.98,40.21
2025-12-25 16:00:00,83.35,0.86,19.21,54.36
2025-12-25 17:00:00,0.0,1.01,17.56,67.76
2025-12-25 18:00:00,0.0,1.04,16.9,49.38
2025-12-25 19:00:00,0.0,1.15,16.34,34.17
2025-12-25 20:00:00,0.0,1.32,15.55,58.23
2025-12-25 21:00:00,0.0,1.45,14.63,38.41
2025-12-25 22:00:00,0.0,1.51,13.92,43.26
2025-12-25 23:00:00,0.0,1.53,13.26,41.82
2025-12-26 00:00:00,0.0,1.32,13.05,40.84
2025-12-26 01:00:00,0.0,1.01,12.72,27.19
2025-12-26 02:00:00,0.0,0.66,12.49,64.43
2025-12-26 03:00:00,0.0,0.41,12.04,69.29
2025-12-26 04:00:00,0.0,0.55,11.41,75.18
2025-12-26 05:00:00,0.0,1.09,10.57,84.4
2025-12-26 06:00:00,0.0,1.52,9.24,84.25
2025-12-26 07:00:00,89.8,1.49,9.49,62.22
2025-12-26 08:00:00,274.4,2.09,11.82,41.65
2025-12-26 09:00:00,456.0,1.86,14.66,21.65
2025-12-26 10:00:00,598.38,1.57,18.47,0.5
2025-12-26 11:00:00,682.55,1.26,20.7,0.5
2025-12-26 12:00:00,681.1,1.0,21.7,1.16
2025-12-26 13:00:00,610.33,0.98,22.22,1.09
2025-12-26 14:00:00,476.62,1.14,22.19,1.01
2025-12-26 15:00:00,293.92,1.15,21.46,0.94
2025-12-26 16:00:00,95.72,0.85,19.59,0.87
2025-12-26 17:00:00,0.0,0.9,17.75,0.79
2025-12-26 18:00:00,0.0,1.21,16.62,0.72
2025-12-26 19:00:00,0.0,1.66,15.1,0.65
2025-12-26 20:00:00,0.0,1.95,13.89,0.58
2025-12-26 21:00:00,0.0,2.04,12.82,0.5
2025-12-26 22:00:00,0.0,2.03,11.96,0.5
2025-12-26 23:00:00,0.0,1.96,11.35,3.27
2025-12-27 00:00:00,0.0,1.77,11.11,6.04
2025-12-27 01:00:00,0.0,1.55,11.07,17.48
2025-12-27 02:00:00,0.0,1.41,11.07,32.96
2025-12-27 03:00:00,0.0,1.34,11.03,41.53
2025-12-27 04:00:00,0.0,1.25,10.98,42.58
2025-12-27 05:00:00,0.0,0.95,10.92,14.55
2025-12-27 06:00:00,0.0,0.66,11.1,22.17
2025-12-27 07:00:00,93.97,0.34,11.78,30.17
2025-12-27 08:00:00,262.52,0.2,13.42,35.68
2025-12-27 09:00:00,415.75,0.7,15.46,40.67
2025-12-27 10:00:00,536.22,0.37,19.47,46.27
2025-12-27 11:00:00,566.75,0.87,21.78,69.9
2025-12-27 12:00:00,575.17,1.17,22.62,74.22
2025-12-27 13:00:00,553.5,1.5,23.08,71.17
2025-12-27 14:00:00,435.2,1.66,23.09,61.19
2025-12-27 15:00:00,265.7,1.49,22.32,52.03
2025-12-27 16:00:00,87.45,1.16,20.03,40.08
2025-12-27 17:00:00,0.0,1.18,18.27,33.39
2025-12-27 18:00:00,0.0,1.28,17.4,40.45
2025-12-27 19:00:00,0.0,1.53,16.05,24.64
2025-12-27 20:00:00,0.0,1.78,14.6,6.04
2025-12-27 21:00:00,0.0,1.97,13.17,0.5
2025-12-27 22:00:00,0.0,2.07,12.21,1.25
2025-12-27 23:00:00,0.0,2.03,11.52,2.01
2025-12-28 00:00:00,0.0,1.91,11.08,2.76
2025-12-28 01:00:00,0.0,1.79,10.72,3.51
2025-12-28 02:00:00,0.0,1.71,10.36,4.26
2025-12-28 03:00:00,0.0,1.7,9.99,2.38
2025-12-28 04:00:00,0.0,1.6,9.79,0.5
2025-12-28 05:00:00,0.0,1.25,9.76,1.01
2025-12-28 06:00:00,0.0,1.0,9.87,0.88
2025-12-28 07:00:00,91.75,0.91,10.69,0.75
2025-12-28 08:00:00,277.65,1.25,13.07,0.63
2025-12-28 09:00:00,455.17,1.43,15.53,0.5
2025-12-28 10:00:00,586.05,1.81,19.65,0.38
2025-12-28 11:00:00,668.88,1.96,21.73,0.25
2025-12-28 12:00:00,668.05,2.07,22.65,0.13
2025-12-28 13:00:00,597.75,2.08,23.12,0.0
2025-12-28 14:00:00,462.85,1.91,22.88,1.76
2025-12-28 15:00:00,281.15,1.51,21.88,3.52
2025-12-28 16:00:00,90.82,1.28,19.09,5.24
2025-12-28 17:00:00,0.0,1.44,16.89,7.18
2025-12-28 18:00:00,0.0,1.82,15.42,32.89
2025-12-28 19:00:00,0.0,2.08,14.61,71.79
2025-12-28 20:00:00,0.0,1.81,14.17,49.64
2025-12-28 21:00:00,0.0,1.36,13.86,48.16
2025-12-28 22:00:00,0.0,1.24,13.69,71.77
2025-12-28 23:00:00,0.0,1.14,13.27,70.01
2025-12-29 00:00:00,0.0,1.31,12.27,55.5
2025-12-29 01:00:00,0.0,1.22,11.39,67.42
2025-12-29 02:00:00,0.0,1.07,10.9,65.29
2025-12-29 03:00:00,0.0,0.89,10.9,60.13
2025-12-29 04:00:00,0.0,0.83,10.47,17.57
2025-12-29 05:00:00,0.0,0.84,10.1,4.52
2025-12-29 06:00:00,0.0,1.07,9.42,28.84
2025-12-29 07:00:00,81.9,1.26,9.57,20.2
2025-12-29 08:00:00,258.2,1.67,12.18,15.61
2025-12-29 09:00:00,436.23,1.69,14.9,9.78
2025-12-29 10:00:00,577.65,1.89,18.85,1.06
2025-12-29 11:00:00,651.67,1.62,21.47,0.71
2025-12-29 12:00:00,653.8,1.62,22.96,0.35
2025-12-29 13:00:00,585.58,1.64,23.43,0.0
2025-12-29 14:00:00,451.88,1.43,23.23,8.42
2025-12-29 15:00:00,272.12,1.19,22.33,16.68
2025-12-29 16:00:00,87.65,1.3,19.58,22.95
2025-12-29 17:00:00,0.0,1.77,16.93,33.31
2025-12-29 18:00:00,0.0,2.04,15.38,48.46
2025-12-29 19:00:00,0.0,2.22,14.12,54.02
2025-12-29 20:00:00,0.0,2.22,13.24,34.77
2025-12-29 21:00:00,0.0,2.03,12.82,32.69
2025-12-29 22:00:00,0.0,1.74,12.59,16.61
2025-12-29 23:00:00,0.0,1.46,12.12,37.82
2025-12-30 00:00:00,0.0,1.34,11.83,53.45
2025-12-30 01:00:00,0.0,1.27,11.28,61.41
2025-12-30 02:00:00,0.0,1.2,10.71,51.46
2025-12-30 03:00:00,0.0,1.16,10.12,15.81
2025-12-30 04:00:00,0.0,1.19,9.53,20.57
2025-12-30 05:00:00,0.0,1.35,8.71,22.58
2025-12-30 06:00:00,0.0,1.64,7.95,22.08
2025-12-30 07:00:00,74.75,1.74,8.75,14.68
2025-12-30 08:00:00,242.8,2.31,11.61,12.35
2025-12-30 09:00:00,415.12,1.87,14.56,9.91
2025-12-30 10:00:00,551.1,2.42,18.56,6.37
2025-12-30 11:00:00,621.38,2.67,21.63,2.04
2025-12-30 12:00:00,622.3,2.65,23.21,1.02
2025-12-30 13:00:00,553.92,2.46,23.82,0.0
2025-12-30 14:00:00,425.27,2.17,23.76,0.07
2025-12-30 15:00:00,253.18,1.74,22.92,0.14
2025-12-30 16:00:00,84.3,1.37,20.32,0.22
2025-12-30 17:00:00,0.0,1.62,18.21,0.29
2025-12-30 18:00:00,0.0,1.87,16.88,0.36
2025-12-30 19:00:00,0.0,2.07,15.68,0.43
2025-12-30 20:00:00,0.0,2.16,14.75,0.5
2025-12-30 21:00:00,0.0,2.2,13.89,0.46
2025-12-30 22:00:00,0.0,2.18,13.08,0.42
2025-12-30 23:00:00,0.0,2.07,12.44,0.38
2025-12-31 00:00:00,0.0,2.01,11.76,0.34
2025-12-31 01:00:00,0.0,2.04,11.06,0.3
2025-12-31 02:00:00,0.0,2.12,10.25,1.66
2025-12-31 03:00:00,0.0,2.16,9.53,3.02
2025-12-31 04:00:00,0.0,2.07,9.11,7.79
2025-12-31 05:00:00,0.0,1.93,8.85,12.52
2025-12-31 06:00:00,0.0,1.81,8.61,11.01
2025-12-31 07:00:00,65.4,1.69,9.58,15.23
2025-12-31 08:00:00,209.95,2.25,12.19,19.48
2025-12-31 09:00:00,359.98,2.22,15.01,22.63
2025-12-31 10:00:00,488.33,2.57,19.35,25.29
2025-12-31 11:00:00,524.72,3.01,21.71,7.45
2025-12-31 12:00:00,524.8,3.42,22.41,5.83
2025-12-31 13:00:00,443.08,3.5,22.58,29.13
2025-12-31 14:00:00,315.85,3.31,22.28,42.53
2025-12-31 15:00:00,178.35,2.95,21.36,56.23
2025-12-31 16:00:00,58.8,2.06,18.34,69.74
2025-12-31 17:00:00,0.0,2.34,15.83,85.3
2025-12-31 18:00:00,0.0,2.39,15.01,80.35
2025-12-31 19:00:00,0.0,2.42,14.27,56.19
2025-12-31 20:00:00,0.0,2.47,13.53,55.69
2025-12-31 21:00:00,0.0,2.48,12.84,47.57
2025-12-31 22:00:00,0.0,2.4,12.43,27.93
2025-12-31 23:00:00,0.0,2.24,12.24,10.26
